search_id,provider,query,result_rank,title,authors,year,doi_or_stable_id,result_url,retrieval_date,candidate_id,duplicate_of,screening_state
q01_crossref,Crossref,caffeine trigonelline roasted coffee HPLC,1,"Optimization of Methodology for Simultaneous Quantification of Trigonelline, 5Caffeoylquinic Acid, and Caffeine in Green and Roasted Coffee Extracts by HPLC",,,10.1021/acsomega.5c05526.s001,https://doi.org/10.1021/acsomega.5c05526.s001,2026-08-25,candidate_0001,,ATLAS_INCLUDED_METADATA_ONLY
q01_crossref,Crossref,caffeine trigonelline roasted coffee HPLC,2,"Comparison of Extraction Methods for Caffeine, Chlorogenic Acids and Trigonelline in Green and Roasted Coffee Beans",Adriana S. Franca; Leandro S. Oliveira; Maria Lúcia A. Borges; Vany P. Ferraz,2001,10.13031/2013.7478,https://doi.org/10.13031/2013.7478,2026-08-25,candidate_0002,,ATLAS_INCLUDED_METADATA_ONLY
q01_crossref,Crossref,caffeine trigonelline roasted coffee HPLC,3,"HPLC/diode-array applied to the thermal degradation of trigonelline, nicotinic acid and caffeine in coffee",S. Casal; M. Beatriz Oliveira; Margarida A. Ferreira,2000,10.1016/s0308-8146(99)00228-9,https://doi.org/10.1016/s0308-8146(99)00228-9,2026-08-25,candidate_0003,,ATLAS_INCLUDED_METADATA_ONLY
q01_crossref,Crossref,caffeine trigonelline roasted coffee HPLC,4,Methods of test for coffee and coffee products,,,10.3403/00271775u,https://doi.org/10.3403/00271775u,2026-08-25,candidate_0004,,OUT_OF_SCOPE_NON_INVENTORY
q01_crossref,Crossref,caffeine trigonelline roasted coffee HPLC,5,Methods of test for coffee and coffee products,,,10.3403/00271775,https://doi.org/10.3403/00271775,2026-08-25,candidate_0005,,OUT_OF_SCOPE_NON_INVENTORY
q01_crossref,Crossref,caffeine trigonelline roasted coffee HPLC,6,"Discriminate Analysis of Roasted Coffee Varieties for Trigonelline, Nicotinic Acid, and Caffeine Content",S. Casal; M. B. P. P. Oliveira; M. R. Alves; M. A. Ferreira,2000,10.1021/jf990702b,https://doi.org/10.1021/jf990702b,2026-08-25,candidate_0006,,ATLAS_INCLUDED_METADATA_ONLY
q01_crossref,Crossref,caffeine trigonelline roasted coffee HPLC,7,Food authenticity. Determination of 16-O-Methylcafestol content of green and roasted coffee. HPLC-method,,,10.3403/30478362u,https://doi.org/10.3403/30478362u,2026-08-25,candidate_0007,,OUT_OF_SCOPE_NON_INVENTORY
q01_crossref,Crossref,caffeine trigonelline roasted coffee HPLC,8,Food authenticity. Determination of 16-O-Methylcafestol content of green and roasted coffee. HPLC-method,,,10.3403/30478362,https://doi.org/10.3403/30478362,2026-08-25,candidate_0008,,OUT_OF_SCOPE_NON_INVENTORY
q01_crossref,Crossref,caffeine trigonelline roasted coffee HPLC,9,AOAC Official Method 2000.09Ochratoxin A in Roasted Coffee,,2023,10.1093/9780197610145.003.4005,https://doi.org/10.1093/9780197610145.003.4005,2026-08-25,candidate_0009,,OUT_OF_SCOPE_NON_INVENTORY
q01_crossref,Crossref,caffeine trigonelline roasted coffee HPLC,10,Coffee and coffee products. Determination of the caffeine content using high performance liquid chromatography (HPLC). Reference method,,,10.3403/30154826,https://doi.org/10.3403/30154826,2026-08-25,candidate_0010,,ATLAS_INCLUDED_METADATA_ONLY
q01_crossref,Crossref,caffeine trigonelline roasted coffee HPLC,11,Coffee and coffee products. Determination of the caffeine content using high performance liquid chromatography (HPLC). Reference method,,,10.3403/30154826u,https://doi.org/10.3403/30154826u,2026-08-25,candidate_0011,,ATLAS_INCLUDED_METADATA_ONLY
q01_crossref,Crossref,caffeine trigonelline roasted coffee HPLC,12,Foodstuffs. Determination of ochratoxin A in barley and roasted coffee. HPLC method with immunoaffinity column clean-up,,,10.3403/30187771,https://doi.org/10.3403/30187771,2026-08-25,candidate_0012,,OUT_OF_SCOPE_NON_INVENTORY
q01_crossref,Crossref,caffeine trigonelline roasted coffee HPLC,13,Foodstuffs. Determination of ochratoxin A in barley and roasted coffee. HPLC method with immunoaffinity column clean-up,,,10.3403/02817174,https://doi.org/10.3403/02817174,2026-08-25,candidate_0013,,OUT_OF_SCOPE_NON_INVENTORY
q01_crossref,Crossref,caffeine trigonelline roasted coffee HPLC,14,Foodstuffs. Determination of ochratoxin A in barley and roasted coffee. HPLC method with immunoaffinity column clean-up,,,10.3403/02817174u,https://doi.org/10.3403/02817174u,2026-08-25,candidate_0014,,OUT_OF_SCOPE_NON_INVENTORY
q01_crossref,Crossref,caffeine trigonelline roasted coffee HPLC,15,"Determination of Trigonelline, Nicotinic Acid, and Caffeine in Yunnan Arabica Coffee by Microwave-Assisted Extraction and HPLC with Two Columns in Series",Hongcheng Liu; Jinliang Shao; Qiwan Li; Yangang Li; Hong Mei Yan; Lizhong He,2012,10.5740/jaoacint.11-275,https://doi.org/10.5740/jaoacint.11-275,2026-08-25,candidate_0015,,ATLAS_INCLUDED_METADATA_ONLY
q01_crossref,Crossref,caffeine trigonelline roasted coffee HPLC,16,Quantification of Caffeine and Chlorogenic Acid in Green and Roasted Coffee Samples Using HPLC-DAD and Evaluation of the Effect of Degree of Roasting on Their Levels,Shady Awwad; Reem Issa; Lilian Alnsour; Dima Albals; Idrees Al-Momani,2021,10.3390/molecules26247502,https://doi.org/10.3390/molecules26247502,2026-08-25,candidate_0016,,ATLAS_INCLUDED_METADATA_ONLY
q01_crossref,Crossref,caffeine trigonelline roasted coffee HPLC,17,"Trigonelline, a naturally occurring constituent of green coffee beans behind the mutagenic activity of roasted coffee?",X Wu; K Skog; M Jägerstad,1997,10.1016/s1383-5718(97)00065-x,https://doi.org/10.1016/s1383-5718(97)00065-x,2026-08-25,candidate_0017,,ATLAS_INCLUDED_METADATA_ONLY
q01_crossref,Crossref,caffeine trigonelline roasted coffee HPLC,18,"Development of an HPLC/Diode-Array Detector Method for Simultaneous Determination of Trigonelline, Nicotinic Acid, and Caffeine in Coffee",S. Casal; M. B. Oliveira; M. A. Ferreira,1998,10.1080/10826079808001267,https://doi.org/10.1080/10826079808001267,2026-08-25,candidate_0018,,ATLAS_INCLUDED_METADATA_ONLY
q01_crossref,Crossref,caffeine trigonelline roasted coffee HPLC,19,Caffeine Crystal Growth on Roasted Coffee Beans Misidentified as Biological Spoilage,Francisco Velazquez Escobar; Reem Alrushidan; Amer Ba Shuaib,2024,10.3390/icc2024-18171,https://doi.org/10.3390/icc2024-18171,2026-08-25,candidate_0019,,ATLAS_INCLUDED_METADATA_ONLY
q01_crossref,Crossref,caffeine trigonelline roasted coffee HPLC,20,"Simultaneous Determination of Trigonelline, Caffeine, Chlorogenic Acid and Their Related Compounds in Instant Coffee Samples by HPLC Using an Acidic Mobile Phase Containing Octanesulfonate",Kana Arai; Hiroyuki Terashima; Sen-ichi Aizawa; Atsushi Taga; Atsushi Yamamoto; Kaname Tsutsumiuchi; Shuji Kodama,2015,10.2116/analsci.31.831,https://doi.org/10.2116/analsci.31.831,2026-08-25,candidate_0020,,ATLAS_INCLUDED_METADATA_ONLY
q01_openalex,OpenAlex,caffeine trigonelline roasted coffee HPLC,1,Correlation between cup quality and chemical attributes of Brazilian coffee,Adriana Farah; Mariana Monteiro; Verônica Calado; Adriana S. Franca; Luiz C. Trugo,2005,10.1016/j.foodchem.2005.07.032,https://doi.org/10.1016/j.foodchem.2005.07.032,2026-08-25,candidate_0021,,OUT_OF_SCOPE_NON_INVENTORY
q01_openalex,OpenAlex,caffeine trigonelline roasted coffee HPLC,2,"Discriminate Analysis of Roasted Coffee Varieties for Trigonelline, Nicotinic Acid, and Caffeine Content",Susana Casal; M. Beatriz P.P. Oliveira; M. Rui Alves; Margarida A. Ferreira,2000,10.1021/jf990702b,https://doi.org/10.1021/jf990702b,2026-08-25,candidate_0006,candidate_0006,ATLAS_INCLUDED_METADATA_ONLY
q01_openalex,OpenAlex,caffeine trigonelline roasted coffee HPLC,3,"HPLC/diode-array applied to the thermal degradation of trigonelline, nicotinic acid and caffeine in coffee",Susana Casal; M. Beatriz P.P. Oliveira; Margarida A. Ferreira,2000,10.1016/s0308-8146(99)00228-9,https://doi.org/10.1016/s0308-8146(99)00228-9,2026-08-25,candidate_0003,candidate_0003,ATLAS_INCLUDED_METADATA_ONLY
q01_openalex,OpenAlex,caffeine trigonelline roasted coffee HPLC,4,Antioxidant Properties of Roasted Coffee Residues,Wen‐Jye Yen; Bor-Sen Wang; Lee‐Wen Chang; Pin‐Der Duh,2005,10.1021/jf0402429,https://doi.org/10.1021/jf0402429,2026-08-25,candidate_0022,,OUT_OF_SCOPE_NON_INVENTORY
q01_openalex,OpenAlex,caffeine trigonelline roasted coffee HPLC,5,Identification and quantification of bioactive compounds in coffee brews by HPLC–DAD–MSn,Naira Poerner Rodrigues; Neura Bragagnolo,2013,10.1016/j.jfca.2013.09.002,https://doi.org/10.1016/j.jfca.2013.09.002,2026-08-25,candidate_0023,,OUT_OF_SCOPE_NON_INVENTORY
q01_openalex,OpenAlex,caffeine trigonelline roasted coffee HPLC,6,Phenolic compounds in coffee,Adriana Farah; Carmen Marino Donangelo,2006,10.1590/s1677-04202006000100003,https://doi.org/10.1590/s1677-04202006000100003,2026-08-25,candidate_0024,,OUT_OF_SCOPE_NON_INVENTORY
q01_openalex,OpenAlex,caffeine trigonelline roasted coffee HPLC,7,Acute Effects of Decaffeinated Coffee and the Major Coffee Components Chlorogenic Acid and Trigonelline on Glucose Tolerance,Aimée E. van Dijk; Margreet R. Olthof; Joke C. Meeuse; Elin Seebus; R.J. Heine; Rob M. van Dam,2009,10.2337/dc09-0207,https://doi.org/10.2337/dc09-0207,2026-08-25,candidate_0025,,ATLAS_INCLUDED_METADATA_ONLY
q01_openalex,OpenAlex,caffeine trigonelline roasted coffee HPLC,8,Phytochemical Profile and Antioxidant Capacity of Coffee Plant Organs Compared to Green and Roasted Coffee Beans,Robert Acidri; Yumiko Sawai; Yuko Sugimoto; Takuo Handa; Daisuke Sasagawa; Tsugiyuki Masunaga; Sadahiro Yamamoto; Eiji Nishihara,2020,10.3390/antiox9020093,https://doi.org/10.3390/antiox9020093,2026-08-25,candidate_0026,,OUT_OF_SCOPE_NON_INVENTORY
q01_openalex,OpenAlex,caffeine trigonelline roasted coffee HPLC,9,Determination of Biologically Active Substances in Roasted Coffees Using a Diode-Array HPLC System,Mayumi Minamisawa; Shöichirö Yoshida; Nobuharù Takai,2004,10.2116/analsci.20.325,https://doi.org/10.2116/analsci.20.325,2026-08-25,candidate_0027,,OUT_OF_SCOPE_NON_INVENTORY
q01_openalex,OpenAlex,caffeine trigonelline roasted coffee HPLC,10,"Optimization of Methodology for Simultaneous Quantification of Trigonelline, 5-Caffeoylquinic Acid, and Caffeine in Green and Roasted Coffee Extracts by HPLC",Walace Breno da Silva; Larissa Rocha Soares; Lucca Dornelas Guimarães Moura; Márcio Santos Soares; Sabrina Alves da Silva; Daniele Birck Moreira; Pedro Ivo Vieira Good God; Geraldo Humberto Silva,2025,10.1021/acsomega.5c05526,https://doi.org/10.1021/acsomega.5c05526,2026-08-25,candidate_0028,,ATLAS_INCLUDED_METADATA_ONLY
q01_openalex,OpenAlex,caffeine trigonelline roasted coffee HPLC,11,"Non-destructive analysis of sucrose, caffeine and trigonelline on single green coffee beans by hyperspectral imaging",Nicola Caporaso; Martin B. Whitworth; Stephen Grebby; Ian D. Fisk,2017,10.1016/j.foodres.2017.12.031,https://doi.org/10.1016/j.foodres.2017.12.031,2026-08-25,candidate_0029,,ATLAS_INCLUDED_METADATA_ONLY
q01_openalex,OpenAlex,caffeine trigonelline roasted coffee HPLC,12,"Development of an HPLC/Diode-Array Detector Method for Simultaneous Determination of Trigonelline, Nicotinic Acid, and Caffeine in Coffee",Susana Casal; M. Beatriz P.P. Oliveira; Margarida A. Ferreira,1998,10.1080/10826079808001267,https://doi.org/10.1080/10826079808001267,2026-08-25,candidate_0018,candidate_0018,ATLAS_INCLUDED_METADATA_ONLY
q01_openalex,OpenAlex,caffeine trigonelline roasted coffee HPLC,13,"Chlorogenic acids, caffeine content and antioxidant properties of green coffee extracts: influence of green coffee bean preparation",Magdalena Jeszka‐Skowron; Aleksandra Sentkowska; Krystyna Pyrzyńska; María-Paz De Peña,2016,10.1007/s00217-016-2643-y,https://doi.org/10.1007/s00217-016-2643-y,2026-08-25,candidate_0030,,ATLAS_INCLUDED_METADATA_ONLY
q01_openalex,OpenAlex,caffeine trigonelline roasted coffee HPLC,14,"Multivariate Methods for Characterization and Classification of Espresso Coffees from Different Botanical Varieties and Types of Roast by Foam, Taste, and Mouthfeel",Laura Maeztu; Susana Andueza; C. Ibañez; María-Paz De Peña; José Belló; Concepción Cid,2001,10.1021/jf010314l,https://doi.org/10.1021/jf010314l,2026-08-25,candidate_0031,,OUT_OF_SCOPE_NON_INVENTORY
q01_openalex,OpenAlex,caffeine trigonelline roasted coffee HPLC,15,Characteristics of fermented coffee inoculated with yeast starter cultures using different inoculation methods,Ana Paula Pereira Bressani; Silvia Juliana Martinez; Suzana Reis Evangelista; Disney Ribeiro Dias; Rosane Freitas Schwan,2018,10.1016/j.lwt.2018.02.029,https://doi.org/10.1016/j.lwt.2018.02.029,2026-08-25,candidate_0032,,OUT_OF_SCOPE_NON_INVENTORY
q01_openalex,OpenAlex,caffeine trigonelline roasted coffee HPLC,16,"Caffeine Consumption through Coffee: Content in the Beverage, Metabolism, Health Benefits and Risks",Juliana DePaula; Adriana Farah,2019,10.3390/beverages5020037,https://doi.org/10.3390/beverages5020037,2026-08-25,candidate_0033,,ATLAS_INCLUDED_METADATA_ONLY
q01_openalex,OpenAlex,caffeine trigonelline roasted coffee HPLC,17,Risk Assessment of Trigonelline in Coffee and Coffee By-Products,Nick Konstantinidis; Heike Franke; Steffen Schwarz; Dirk W. Lachenmeier,2023,10.3390/molecules28083460,https://doi.org/10.3390/molecules28083460,2026-08-25,candidate_0034,,ATLAS_INCLUDED_METADATA_ONLY
q01_openalex,OpenAlex,caffeine trigonelline roasted coffee HPLC,18,"The Effect of Time, Roasting Temperature, and Grind Size on Caffeine and Chlorogenic Acid Concentrations in Cold Brew Coffee",Megan Fuller; Niny Z. Rao,2017,10.1038/s41598-017-18247-4,https://doi.org/10.1038/s41598-017-18247-4,2026-08-25,candidate_0035,,ATLAS_INCLUDED_METADATA_ONLY
q01_openalex,OpenAlex,caffeine trigonelline roasted coffee HPLC,19,Antioxidant Property of Coffee Components: Assessment of Methods that Define Mechanisms of Action,Ningjian Liang; David D. Kitts,2014,10.3390/molecules191119180,https://doi.org/10.3390/molecules191119180,2026-08-25,candidate_0036,,OUT_OF_SCOPE_NON_INVENTORY
q01_openalex,OpenAlex,caffeine trigonelline roasted coffee HPLC,20,Chlorogenic acids and other relevant compounds in Brazilian coffees processed by semi-dry and wet post-harvesting methods,Giselle S. Duarte; Antônio Alves Pereira; Adriana Farah,2009,10.1016/j.foodchem.2009.05.042,https://doi.org/10.1016/j.foodchem.2009.05.042,2026-08-25,candidate_0037,,OUT_OF_SCOPE_NON_INVENTORY
q01_generalpublicweb,GeneralPublicWeb,caffeine trigonelline roasted coffee HPLC,1,Caffeine - Wikipedia,,,,https://en.m.wikipedia.org/wiki/Caffeine,2026-08-25,candidate_0038,,OUT_OF_SCOPE_NON_INVENTORY
q01_generalpublicweb,GeneralPublicWeb,caffeine trigonelline roasted coffee HPLC,2,Caffeine: How much is too much? - Mayo Clinic,,,,https://www.mayoclinic.org/healthy-lifestyle/nutrition-and-healthy-eating/in-depth/caffeine/art-20045678,2026-08-25,candidate_0039,,OUT_OF_SCOPE_NON_INVENTORY
q01_generalpublicweb,GeneralPublicWeb,caffeine trigonelline roasted coffee HPLC,3,"Caffeine: What It Is, Benefits and Side Effects",,,,https://health.clevelandclinic.org/caffeine,2026-08-25,candidate_0040,,OUT_OF_SCOPE_NON_INVENTORY
q01_generalpublicweb,GeneralPublicWeb,caffeine trigonelline roasted coffee HPLC,4,"What Is Caffeine, and Is It Good or Bad for Health?",,,,https://www.healthline.com/nutrition/what-is-caffeine,2026-08-25,candidate_0041,,OUT_OF_SCOPE_NON_INVENTORY
q01_generalpublicweb,GeneralPublicWeb,caffeine trigonelline roasted coffee HPLC,5,Spilling the Beans: How Much Caffeine is Too Much? | FDA,,,,https://www.fda.gov/consumers/consumer-updates/spilling-beans-how-much-caffeine-too-much,2026-08-25,candidate_0042,,OUT_OF_SCOPE_NON_INVENTORY
q01_generalpublicweb,GeneralPublicWeb,caffeine trigonelline roasted coffee HPLC,6,"Caffeine content for coffee, tea, soda and more - Mayo Clinic",,,,https://www.mayoclinic.org/healthy-lifestyle/nutrition-and-healthy-eating/in-depth/caffeine/art-20049372,2026-08-25,candidate_0043,,ATLAS_INCLUDED_METADATA_ONLY
q01_generalpublicweb,GeneralPublicWeb,caffeine trigonelline roasted coffee HPLC,7,Caffeine | C8H10N4O2 | CID 2519 - PubChem,,,,https://pubchem.ncbi.nlm.nih.gov/compound/Caffeine,2026-08-25,candidate_0044,,OUT_OF_SCOPE_NON_INVENTORY
q01_generalpublicweb,GeneralPublicWeb,caffeine trigonelline roasted coffee HPLC,8,Caffeine • The Nutrition Source,,,,https://nutritionsource.hsph.harvard.edu/caffeine/,2026-08-25,candidate_0045,,OUT_OF_SCOPE_NON_INVENTORY
q01_generalpublicweb,GeneralPublicWeb,caffeine trigonelline roasted coffee HPLC,9,Caffeine - Alcohol and Drug Foundation,,,,https://adf.org.au/drug-facts/caffeine/,2026-08-25,candidate_0046,,OUT_OF_SCOPE_NON_INVENTORY
q01_generalpublicweb,GeneralPublicWeb,caffeine trigonelline roasted coffee HPLC,10,"Caffeine | Stimulant, Health Benefits, Addiction | Britannica",,,,https://www.britannica.com/science/caffeine,2026-08-25,candidate_0047,,OUT_OF_SCOPE_NON_INVENTORY
q02_crossref,Crossref,caffeine trigonelline roasting degree arabica robusta,1,Chemical and sensory composition of arabica and robusta coffee in response to modifications in the roasting process,; Valdeir Viana Freitas,,10.47328/ufvbbt.2023.663,https://doi.org/10.47328/ufvbbt.2023.663,2026-08-25,candidate_0048,,OUT_OF_SCOPE_NON_INVENTORY
q02_crossref,Crossref,caffeine trigonelline roasting degree arabica robusta,2,"Comparison of methylxantines, trigonelline, nicotinic acid and nicotinamide contents in brews of green and processed Arabica and Robusta coffee beans – Influence of steaming, decaffeination and roasting processes on coffee beans",Magdalena Jeszka-Skowron; Robert Frankowski; Agnieszka Zgoła-Grześkowiak,2020,10.1016/j.lwt.2020.109344,https://doi.org/10.1016/j.lwt.2020.109344,2026-08-25,candidate_0049,,ATLAS_INCLUDED_METADATA_ONLY
q02_crossref,Crossref,caffeine trigonelline roasting degree arabica robusta,3,THE EFFECT OF RICE INCLUSION ON THE MEDIUM ROASTING PROFILE ON ACIDITY LEVELS AND CAFFEINE CONTENT OF SUMOWONO ARABICA COFFEE (COFFEA ARABICA),Indah Riwayati; Muhammad Khoirul Amin; Laeli Kurniasari; Mochamad Purnomo,2025,10.31942/ce.v10i1.12731,https://doi.org/10.31942/ce.v10i1.12731,2026-08-25,candidate_0050,,ATLAS_INCLUDED_METADATA_ONLY
q02_crossref,Crossref,caffeine trigonelline roasting degree arabica robusta,4,"Review for ""Acrylamide: impact of precursors concentration, origin, post‐harvesting process and roasting level in high quality Arabica and Robusta coffee""",,2022,10.1111/ijfs.15900/v1/review2,https://doi.org/10.1111/ijfs.15900/v1/review2,2026-08-25,candidate_0051,,OUT_OF_SCOPE_NON_INVENTORY
q02_crossref,Crossref,caffeine trigonelline roasting degree arabica robusta,5,"Review for ""Acrylamide: impact of precursors concentration, origin, post‐harvesting process and roasting level in high quality Arabica and Robusta coffee""",,2022,10.1111/ijfs.15900/v1/review3,https://doi.org/10.1111/ijfs.15900/v1/review3,2026-08-25,candidate_0052,,OUT_OF_SCOPE_NON_INVENTORY
q02_crossref,Crossref,caffeine trigonelline roasting degree arabica robusta,6,"Review for ""Acrylamide: impact of precursors concentration, origin, post‐harvesting process and roasting level in high quality Arabica and Robusta coffee""",,2022,10.1111/ijfs.15900/v2/review1,https://doi.org/10.1111/ijfs.15900/v2/review1,2026-08-25,candidate_0053,,OUT_OF_SCOPE_NON_INVENTORY
q02_crossref,Crossref,caffeine trigonelline roasting degree arabica robusta,7,THE EFFECT OF ROASTING USING SPOUTED BED ROASTER ON PSYCHOHEMICAL ROBUSTA AND ARABICA TEMANGGUNG COFFEE,,2024,10.24961/j.tek.ind.pert.2024.34.1.28,https://doi.org/10.24961/j.tek.ind.pert.2024.34.1.28,2026-08-25,candidate_0054,,OUT_OF_SCOPE_NON_INVENTORY
q02_crossref,Crossref,caffeine trigonelline roasting degree arabica robusta,8,"Review for ""Acrylamide: impact of precursors concentration, origin, post‐harvesting process and roasting level in high quality Arabica and Robusta coffee""",,2022,10.1111/ijfs.15900/v1/review1,https://doi.org/10.1111/ijfs.15900/v1/review1,2026-08-25,candidate_0055,,OUT_OF_SCOPE_NON_INVENTORY
q02_crossref,Crossref,caffeine trigonelline roasting degree arabica robusta,9,"Decision letter for ""Acrylamide: impact of precursors concentration, origin, post‐harvesting process and roasting level in high quality Arabica and Robusta coffee""",,2022,10.1111/ijfs.15900/v2/decision1,https://doi.org/10.1111/ijfs.15900/v2/decision1,2026-08-25,candidate_0056,,OUT_OF_SCOPE_NON_INVENTORY
q02_crossref,Crossref,caffeine trigonelline roasting degree arabica robusta,10,"Decision letter for ""Acrylamide: impact of precursors concentration, origin, post‐harvesting process and roasting level in high quality Arabica and Robusta coffee""",,2022,10.1111/ijfs.15900/v1/decision1,https://doi.org/10.1111/ijfs.15900/v1/decision1,2026-08-25,candidate_0057,,OUT_OF_SCOPE_NON_INVENTORY
q02_crossref,Crossref,caffeine trigonelline roasting degree arabica robusta,11,"Effects of roasting degree on radical scavenging activity, phenolics and volatile compounds of Arabica coffee beans (Coffea arabica L. cv. Catimor)",Chanyarin Somporn; Amnouy Kamtuo; Piyada Theerakulpisut; Sirithon Siriamornpun,2011,10.1111/j.1365-2621.2011.02748.x,https://doi.org/10.1111/j.1365-2621.2011.02748.x,2026-08-25,candidate_0058,,OUT_OF_SCOPE_NON_INVENTORY
q02_crossref,Crossref,caffeine trigonelline roasting degree arabica robusta,12,The Analysis of Chlorogenic Acid and Caffeine Content and Its Correlation with Coffee Bean Color under Different Roasting Degree and Sources of Coffee (Coffea arabica Typica),Chia-Fang Tsai; Irvan Prawira Julius Jioe,2021,10.3390/pr9112040,https://doi.org/10.3390/pr9112040,2026-08-25,candidate_0059,,ATLAS_INCLUDED_METADATA_ONLY
q02_crossref,Crossref,caffeine trigonelline roasting degree arabica robusta,13,Simultaneous determination by NIR spectroscopy of the roasting degree and Arabica/Robusta ratio in roasted and ground coffee,E. Bertone; A. Venturello; A. Giraudo; G. Pellegrino; F. Geobaldo,2016,10.1016/j.foodcont.2015.06.055,https://doi.org/10.1016/j.foodcont.2015.06.055,2026-08-25,candidate_0060,,OUT_OF_SCOPE_NON_INVENTORY
q02_crossref,Crossref,caffeine trigonelline roasting degree arabica robusta,14,Effect of blend percentage and roasting degree on sensory quality of arabica-robusta coffee blend,Y Abubakar; T Gemasih; M Muzaifa; D Hasni; M I Sulaiman,2020,10.1088/1755-1315/425/1/012081,https://doi.org/10.1088/1755-1315/425/1/012081,2026-08-25,candidate_0061,,OUT_OF_SCOPE_NON_INVENTORY
q02_crossref,Crossref,caffeine trigonelline roasting degree arabica robusta,15,Evaluation of Acrylamide Levels in Arabica (Coffea arabica) and Robusta (Coffea canephora) Coffee Roasting Variations for Nutraceutical Capsules,Putri Siti Juwariyah; Firstca Aulia Rachma; Dante Alighiri,2026,10.22146/jfps.25012,https://doi.org/10.22146/jfps.25012,2026-08-25,candidate_0062,,OUT_OF_SCOPE_NON_INVENTORY
q02_crossref,Crossref,caffeine trigonelline roasting degree arabica robusta,16,"Author response for ""Acrylamide: impact of precursors concentration, origin, post‐harvesting process and roasting level in high quality Arabica and Robusta coffee""",Fosca Vezzulli; Sara Triachini; Annalisa Mulazzi; Milena Lambri; Terenzio Bertuzzi,2022,10.1111/ijfs.15900/v2/response1,https://doi.org/10.1111/ijfs.15900/v2/response1,2026-08-25,candidate_0063,,OUT_OF_SCOPE_NON_INVENTORY
q02_crossref,Crossref,caffeine trigonelline roasting degree arabica robusta,17,Differential regulation of caffeine metabolism in Coffea arabica (Arabica) and Coffea canephora (Robusta),Charlène Perrois; Susan R. Strickler; Guillaume Mathieu; Maud Lepelley; Lucie Bedon; Stéphane Michaux; Jwanro Husson; Lukas Mueller; Isabelle Privat,2014,10.1007/s00425-014-2170-7,https://doi.org/10.1007/s00425-014-2170-7,2026-08-25,candidate_0064,,OUT_OF_SCOPE_NON_INVENTORY
q02_crossref,Crossref,caffeine trigonelline roasting degree arabica robusta,18,Determining the Efficiency and Yield of Caffeine Extraction for Robusta and Arabica Coffee Beans,Zeyu Yu; Akshay Jakkidi Reddy; Himanshu Wagh,2021,10.53043/2320-1991.acb90013,https://doi.org/10.53043/2320-1991.acb90013,2026-08-25,candidate_0065,,ATLAS_INCLUDED_METADATA_ONLY
q02_crossref,Crossref,caffeine trigonelline roasting degree arabica robusta,19,Effect of roasting temperature and time on caffeine retention in Sri Lankan Robusta coffee (Coffea canephora) beans,P.S.I.U. Jayarathne; L.B. Dunsford; W.M.M. Fernando,2025,10.64920/iprc25010,https://doi.org/10.64920/iprc25010,2026-08-25,candidate_0066,,ATLAS_INCLUDED_METADATA_ONLY
q02_crossref,Crossref,caffeine trigonelline roasting degree arabica robusta,20,"Caffeine, trigonelline, chlorogenic acids and sucrose diversity in wild Coffea arabica L. and C. canephora P. accessions",C.-L Ky; J Louarn; S Dussert; B Guyot; S Hamon; M Noirot,2001,10.1016/s0308-8146(01)00204-7,https://doi.org/10.1016/s0308-8146(01)00204-7,2026-08-25,candidate_0067,,OUT_OF_SCOPE_NON_INVENTORY
q02_openalex,OpenAlex,caffeine trigonelline roasting degree arabica robusta,1,Roasting process affects differently the bioactive compounds and the antioxidant activity of arabica and robusta coffees,Josiane Alessandra Vignoli; Marcelo Caldeira Viegas; Denisley Gentil Bassoli; Marta de Toledo Benassi,2013,10.1016/j.foodres.2013.06.006,https://doi.org/10.1016/j.foodres.2013.06.006,2026-08-25,candidate_0068,,OUT_OF_SCOPE_NON_INVENTORY
q02_openalex,OpenAlex,caffeine trigonelline roasting degree arabica robusta,2,"HPLC/diode-array applied to the thermal degradation of trigonelline, nicotinic acid and caffeine in coffee",Susana Casal; M. Beatriz P.P. Oliveira; Margarida A. Ferreira,2000,10.1016/s0308-8146(99)00228-9,https://doi.org/10.1016/s0308-8146(99)00228-9,2026-08-25,candidate_0003,candidate_0003,ATLAS_INCLUDED_METADATA_ONLY
q02_openalex,OpenAlex,caffeine trigonelline roasting degree arabica robusta,3,Discrimination between Arabica and Robusta Coffees Using Hydrosoluble Compounds: Is the Efficiency of the Parameters Dependent on the Roast Degree?,Rafael Carlos Eloy Dias; Marta de Toledo Benassi,2015,10.3390/beverages1030127,https://doi.org/10.3390/beverages1030127,2026-08-25,candidate_0069,,OUT_OF_SCOPE_NON_INVENTORY
q02_openalex,OpenAlex,caffeine trigonelline roasting degree arabica robusta,4,Variability of single bean coffee volatile compounds of Arabica and robusta roasted coffees analysed by SPME-GC-MS,Nicola Caporaso; Martin B. Whitworth; Chenhao Cui; Ian D. Fisk,2018,10.1016/j.foodres.2018.03.077,https://doi.org/10.1016/j.foodres.2018.03.077,2026-08-25,candidate_0070,,OUT_OF_SCOPE_NON_INVENTORY
q02_openalex,OpenAlex,caffeine trigonelline roasting degree arabica robusta,5,Identification of chemical clusters discriminators of the roast degree in Arabica and Robusta coffee beans,Natalina Cavaco Bicho; António E. Leitão; José C. Ramalho; Fernando Cebola Lidón,2011,10.1007/s00217-011-1518-5,https://doi.org/10.1007/s00217-011-1518-5,2026-08-25,candidate_0071,,OUT_OF_SCOPE_NON_INVENTORY
q02_openalex,OpenAlex,caffeine trigonelline roasting degree arabica robusta,6,Differential regulation of caffeine metabolism in Coffea arabica (Arabica) and Coffea canephora (Robusta),Charlène Perrois; Susan R. Strickler; Guillaume Mathieu; Maud Lepelley; Lucie Bedon; Stéphane Michaux; Jwanro Husson; Lukas A. Mueller; Isabelle Privat,2014,10.1007/s00425-014-2170-7,https://doi.org/10.1007/s00425-014-2170-7,2026-08-25,candidate_0064,candidate_0064,OUT_OF_SCOPE_NON_INVENTORY
q02_openalex,OpenAlex,caffeine trigonelline roasting degree arabica robusta,7,Identification of nutritional descriptors of roasting intensity in beverages of Arabica and Robusta coffee beans,Natalina Cavaco Bicho; António E. Leitão; José C. Ramalho; Nuno Alvarenga; Fernando Cebola Lidón,2011,10.3109/09637486.2011.588594,https://doi.org/10.3109/09637486.2011.588594,2026-08-25,candidate_0072,,OUT_OF_SCOPE_NON_INVENTORY
q02_openalex,OpenAlex,caffeine trigonelline roasting degree arabica robusta,8,"Non-destructive analysis of sucrose, caffeine and trigonelline on single green coffee beans by hyperspectral imaging",Nicola Caporaso; Martin B. Whitworth; Stephen Grebby; Ian D. Fisk,2017,10.1016/j.foodres.2017.12.031,https://doi.org/10.1016/j.foodres.2017.12.031,2026-08-25,candidate_0029,candidate_0029,ATLAS_INCLUDED_METADATA_ONLY
q02_openalex,OpenAlex,caffeine trigonelline roasting degree arabica robusta,9,Chemometric models for the quantitative descriptive sensory analysis of Arabica coffee beverages using near infrared spectroscopy,Juliano Souza Ribeiro; Márcia M. C. Ferreira; T. J. G. Salva,2010,10.1016/j.talanta.2010.11.001,https://doi.org/10.1016/j.talanta.2010.11.001,2026-08-25,candidate_0073,,OUT_OF_SCOPE_NON_INVENTORY
q02_openalex,OpenAlex,caffeine trigonelline roasting degree arabica robusta,10,Discrimination of commercial roasted and ground coffees according to chemical composition,Romilaine Mansano Nicolau de Souza; Marta de Toledo Benassi,2012,10.1590/s0103-50532012000700020,https://doi.org/10.1590/s0103-50532012000700020,2026-08-25,candidate_0074,,OUT_OF_SCOPE_NON_INVENTORY
q02_openalex,OpenAlex,caffeine trigonelline roasting degree arabica robusta,11,Correlation between the composition of green Arabica coffee beans and the sensory quality of coffee brews,Mayara de Souza Gois Barbosa; Maria Brígida dos Santos Scholz; Cíntia Sorane Good Kitzberger; Marta de Toledo Benassi,2019,10.1016/j.foodchem.2019.04.072,https://doi.org/10.1016/j.foodchem.2019.04.072,2026-08-25,candidate_0075,,OUT_OF_SCOPE_NON_INVENTORY
q02_openalex,OpenAlex,caffeine trigonelline roasting degree arabica robusta,12,Acrylamide formation and antioxidant activity in coffee during roasting – A systematic study,Maria Alessia Schouten; Silvia Tappi; Simone Angeloni; Manuela Cortese; Giovanni Caprioli; Sauro Vittori; Santina Romani,2020,10.1016/j.foodchem.2020.128514,https://doi.org/10.1016/j.foodchem.2020.128514,2026-08-25,candidate_0076,,OUT_OF_SCOPE_NON_INVENTORY
q02_openalex,OpenAlex,caffeine trigonelline roasting degree arabica robusta,13,"Metodologia para análise simultânea de ácido nicotínico, trigonelina, ácido clorogênico e cafeína em café torrado por cromatografia líquida de alta eficiência",Sandriel Trindade Alves; Rafael Carlos Eloy Dias; Marta de Toledo Benassi; Maria Brígida dos Santos Scholz,2006,10.1590/s0100-40422006000600003,https://doi.org/10.1590/s0100-40422006000600003,2026-08-25,candidate_0077,,OUT_OF_SCOPE_NON_INVENTORY
q02_openalex,OpenAlex,caffeine trigonelline roasting degree arabica robusta,14,Quality assessment of Arabica and Robusta green and roasted coffees ? A rev,Natalina Bichobr; Fernando Lidonbr; Jos o,2013,10.9755/ejfa.v25i12.17290,https://doi.org/10.9755/ejfa.v25i12.17290,2026-08-25,candidate_0078,,OUT_OF_SCOPE_NON_INVENTORY
q02_openalex,OpenAlex,caffeine trigonelline roasting degree arabica robusta,15,"Caffeine, trigonelline, chlorogenic acids, melanoidins, and diterpenes contents of Coffea canephora coffees produced in the Amazon",Thayna Viencz; Lucas Bonfanti Acre; Rodrigo Barros Rocha; Enrique Anastácio Alves; A. R. Ramalho; Marta de Toledo Benassi,2023,10.1016/j.jfca.2023.105140,https://doi.org/10.1016/j.jfca.2023.105140,2026-08-25,candidate_0079,,ATLAS_INCLUDED_METADATA_ONLY
q02_openalex,OpenAlex,caffeine trigonelline roasting degree arabica robusta,16,Risk Assessment of Trigonelline in Coffee and Coffee By-Products,Nick Konstantinidis; Heike Franke; Steffen Schwarz; Dirk W. Lachenmeier,2023,10.3390/molecules28083460,https://doi.org/10.3390/molecules28083460,2026-08-25,candidate_0034,candidate_0034,ATLAS_INCLUDED_METADATA_ONLY
q02_openalex,OpenAlex,caffeine trigonelline roasting degree arabica robusta,17,"Coffee, caffeine, chlorogenic acid, and the purinergic system",Naiara Stefanello; Rosélia Maria Spanevello; Sabina Passamonti; Lisiane de Oliveira Porciúncula; Carla Denise Bonan; Ayodeji A. Olabiyi; João Batista Teixeira da Rocha; Charles Elias Assmann; Vera Maria Morsch; Maria Rosa Chitolina Schetinger,2018,10.1016/j.fct.2018.10.005,https://doi.org/10.1016/j.fct.2018.10.005,2026-08-25,candidate_0080,,ATLAS_INCLUDED_METADATA_ONLY
q02_openalex,OpenAlex,caffeine trigonelline roasting degree arabica robusta,18,Changes of Antioxidant Capacity of Robusta Coffee during Roasting,Lenka Votavová; M. Voldřich; Rudolf Ševčík; Helena Čížková; J. Mlejnecká; M. Stolař; T. Fleišman,2009,10.17221/1105-cjfs,https://doi.org/10.17221/1105-cjfs,2026-08-25,candidate_0081,,OUT_OF_SCOPE_NON_INVENTORY
q02_openalex,OpenAlex,caffeine trigonelline roasting degree arabica robusta,19,"Impact of different roasting conditions on the chemical composition, antioxidant activities, and color of Coffea canephora and Coffea arabica L. samples",Valdeir Viana Freitas; Larissa Lorrane Rodrigues Borges; Gabriel Abranches Dias Castro; Marcelo Henrique dos Santos; Márcia Cristina Teixeira Ribeiro Vidigal; Sérgio Antônio Fernandes; Paulo César Stringheta,2023,10.1016/j.heliyon.2023.e19580,https://doi.org/10.1016/j.heliyon.2023.e19580,2026-08-25,candidate_0082,,OUT_OF_SCOPE_NON_INVENTORY
q02_openalex,OpenAlex,caffeine trigonelline roasting degree arabica robusta,20,Phenolic compounds in coffee,Adriana Farah; Carmen Marino Donangelo,2006,10.1590/s1677-04202006000100003,https://doi.org/10.1590/s1677-04202006000100003,2026-08-25,candidate_0024,candidate_0024,OUT_OF_SCOPE_NON_INVENTORY
q02_generalpublicweb,GeneralPublicWeb,caffeine trigonelline roasting degree arabica robusta,1,Caffeine - Wikipedia,,,,https://en.m.wikipedia.org/wiki/Caffeine,2026-08-25,candidate_0038,candidate_0038,OUT_OF_SCOPE_NON_INVENTORY
q02_generalpublicweb,GeneralPublicWeb,caffeine trigonelline roasting degree arabica robusta,2,Caffeine: How much is too much? - Mayo Clinic,,,,https://www.mayoclinic.org/healthy-lifestyle/nutrition-and-healthy-eating/in-depth/caffeine/art-20045678,2026-08-25,candidate_0039,candidate_0039,OUT_OF_SCOPE_NON_INVENTORY
q02_generalpublicweb,GeneralPublicWeb,caffeine trigonelline roasting degree arabica robusta,3,"Caffeine: What It Is, Benefits and Side Effects",,,,https://health.clevelandclinic.org/caffeine,2026-08-25,candidate_0040,candidate_0040,OUT_OF_SCOPE_NON_INVENTORY
q02_generalpublicweb,GeneralPublicWeb,caffeine trigonelline roasting degree arabica robusta,4,"What Is Caffeine, and Is It Good or Bad for Health?",,,,https://www.healthline.com/nutrition/what-is-caffeine,2026-08-25,candidate_0041,candidate_0041,OUT_OF_SCOPE_NON_INVENTORY
q02_generalpublicweb,GeneralPublicWeb,caffeine trigonelline roasting degree arabica robusta,5,Spilling the Beans: How Much Caffeine is Too Much? | FDA,,,,https://www.fda.gov/consumers/consumer-updates/spilling-beans-how-much-caffeine-too-much,2026-08-25,candidate_0042,candidate_0042,OUT_OF_SCOPE_NON_INVENTORY
q02_generalpublicweb,GeneralPublicWeb,caffeine trigonelline roasting degree arabica robusta,6,"Caffeine content for coffee, tea, soda and more - Mayo Clinic",,,,https://www.mayoclinic.org/healthy-lifestyle/nutrition-and-healthy-eating/in-depth/caffeine/art-20049372,2026-08-25,candidate_0043,candidate_0043,ATLAS_INCLUDED_METADATA_ONLY
q02_generalpublicweb,GeneralPublicWeb,caffeine trigonelline roasting degree arabica robusta,7,Caffeine | C8H10N4O2 | CID 2519 - PubChem,,,,https://pubchem.ncbi.nlm.nih.gov/compound/Caffeine,2026-08-25,candidate_0044,candidate_0044,OUT_OF_SCOPE_NON_INVENTORY
q02_generalpublicweb,GeneralPublicWeb,caffeine trigonelline roasting degree arabica robusta,8,Caffeine • The Nutrition Source,,,,https://nutritionsource.hsph.harvard.edu/caffeine/,2026-08-25,candidate_0045,candidate_0045,OUT_OF_SCOPE_NON_INVENTORY
q02_generalpublicweb,GeneralPublicWeb,caffeine trigonelline roasting degree arabica robusta,9,Caffeine - Alcohol and Drug Foundation,,,,https://adf.org.au/drug-facts/caffeine/,2026-08-25,candidate_0046,candidate_0046,OUT_OF_SCOPE_NON_INVENTORY
q02_generalpublicweb,GeneralPublicWeb,caffeine trigonelline roasting degree arabica robusta,10,"Caffeine | Stimulant, Health Benefits, Addiction | Britannica",,,,https://www.britannica.com/science/caffeine,2026-08-25,candidate_0047,candidate_0047,OUT_OF_SCOPE_NON_INVENTORY
q03_crossref,Crossref,trigonelline caffeine coffee roast level content,1,"The influence of coffee bean maturity on the content of chlorogenic acids, caffeine and trigonelline",M.N. Clifford; T. Kazi,1987,10.1016/0308-8146(87)90167-1,https://doi.org/10.1016/0308-8146(87)90167-1,2026-08-25,candidate_0083,,ATLAS_INCLUDED_METADATA_ONLY
q03_crossref,Crossref,trigonelline caffeine coffee roast level content,2,"Influence of Post-harvest Treatment on the Chlorogenic Acid (3, 4, 5-Caffeoylquinic Acids), Caffeine and Trigonelline Content of Green Coffee Beans of Ethiopian Origin",Girum  Habte Beyene; Kyong Kim; Joon Hong; Ji Choi; Eun Nho,2025,10.2139/ssrn.5533441,https://doi.org/10.2139/ssrn.5533441,2026-08-25,candidate_0084,,ATLAS_INCLUDED_METADATA_ONLY
q03_crossref,Crossref,trigonelline caffeine coffee roast level content,3,Methods of test for coffee and coffee products,,,10.3403/00090300u,https://doi.org/10.3403/00090300u,2026-08-25,candidate_0085,,OUT_OF_SCOPE_NON_INVENTORY
q03_crossref,Crossref,trigonelline caffeine coffee roast level content,4,Methods of test for coffee and coffee products,,,10.3403/00090300,https://doi.org/10.3403/00090300,2026-08-25,candidate_0086,,OUT_OF_SCOPE_NON_INVENTORY
q03_crossref,Crossref,trigonelline caffeine coffee roast level content,5,"Optimization of Methodology for Simultaneous Quantification of Trigonelline, 5Caffeoylquinic Acid, and Caffeine in Green and Roasted Coffee Extracts by HPLC",,,10.1021/acsomega.5c05526.s001,https://doi.org/10.1021/acsomega.5c05526.s001,2026-08-25,candidate_0001,candidate_0001,ATLAS_INCLUDED_METADATA_ONLY
q03_crossref,Crossref,trigonelline caffeine coffee roast level content,6,Caffeine content in filter coffee brews as a function of degree of roast and extraction yield,Zachary R. Lindsey; Joshua R. Williams; James S. Burgess; Nathan T. Moore; Pierce M. Splichal,2024,10.1038/s41598-024-80385-3,https://doi.org/10.1038/s41598-024-80385-3,2026-08-25,candidate_0087,,ATLAS_INCLUDED_METADATA_ONLY
q03_crossref,Crossref,trigonelline caffeine coffee roast level content,7,Methods of test for coffee and coffee products,,,10.3403/00271775u,https://doi.org/10.3403/00271775u,2026-08-25,candidate_0004,candidate_0004,OUT_OF_SCOPE_NON_INVENTORY
q03_crossref,Crossref,trigonelline caffeine coffee roast level content,8,Methods of test for coffee and coffee products,,,10.3403/00271775,https://doi.org/10.3403/00271775,2026-08-25,candidate_0005,candidate_0005,OUT_OF_SCOPE_NON_INVENTORY
q03_crossref,Crossref,trigonelline caffeine coffee roast level content,9,Trigonelline in coffee,Angela Stennert; Hans Gerhard Maier,1996,10.1007/bf01229683,https://doi.org/10.1007/bf01229683,2026-08-25,candidate_0088,,ATLAS_INCLUDED_METADATA_ONLY
q03_crossref,Crossref,trigonelline caffeine coffee roast level content,10,Trigonelline content in coffee beans and the thermal conversion of trigonelline into nicotinic acid during the roasting of coffee beans.,Hiroshi TAGUCHI; Muneto SAKAGUCHI; Yoshihide SHIMABAYASHI,1985,10.1271/bbb1961.49.3467,https://doi.org/10.1271/bbb1961.49.3467,2026-08-25,candidate_0089,,ATLAS_INCLUDED_METADATA_ONLY
q03_crossref,Crossref,trigonelline caffeine coffee roast level content,11,Trigonelline Content in Coffee Beans and the Thermal Conversion of Trigonelline into Nicotinic Acid during the Roasting of Coffee Beans,Hiroshi Taguchi; Muneto Sakaguchi; Yoshihide Shimabayashi,1985,10.1080/00021369.1985.10867295,https://doi.org/10.1080/00021369.1985.10867295,2026-08-25,candidate_0090,,ATLAS_INCLUDED_METADATA_ONLY
q03_crossref,Crossref,trigonelline caffeine coffee roast level content,12,Coffee and coffee products. Determination of the caffeine content using high performance liquid chromatography (HPLC). Reference method,,,10.3403/30154826,https://doi.org/10.3403/30154826,2026-08-25,candidate_0010,candidate_0010,ATLAS_INCLUDED_METADATA_ONLY
q03_crossref,Crossref,trigonelline caffeine coffee roast level content,13,Coffee and coffee products. Determination of the caffeine content using high performance liquid chromatography (HPLC). Reference method,,,10.3403/30154826u,https://doi.org/10.3403/30154826u,2026-08-25,candidate_0011,candidate_0011,ATLAS_INCLUDED_METADATA_ONLY
q03_crossref,Crossref,trigonelline caffeine coffee roast level content,14,"Discriminate Analysis of Roasted Coffee Varieties for Trigonelline, Nicotinic Acid, and Caffeine Content",S. Casal; M. B. P. P. Oliveira; M. R. Alves; M. A. Ferreira,2000,10.1021/jf990702b,https://doi.org/10.1021/jf990702b,2026-08-25,candidate_0006,candidate_0006,ATLAS_INCLUDED_METADATA_ONLY
q03_crossref,Crossref,trigonelline caffeine coffee roast level content,15,Effect of the Roast Level on Lipophilic and Hydrophilic Compounds in Pot and Filter Coffee Beverages,,,10.1021/acsfoodscitech.5c00066.s001,https://doi.org/10.1021/acsfoodscitech.5c00066.s001,2026-08-25,candidate_0091,,OUT_OF_SCOPE_NON_INVENTORY
q03_crossref,Crossref,trigonelline caffeine coffee roast level content,16,"Abstract B73: The association of caffeine, trigonelline, and chlorogenic acid, active components from coffee, enhances caffeine-induced cytotoxicity in hepatocellular carcinoma cells",Guilherme Ribeiro Romualdo; Tereza Cristina Da Silva; Bruno Cogliati; Luis Fernando Barbisan,2018,10.1158/1557-3265.tcm17-b73,https://doi.org/10.1158/1557-3265.tcm17-b73,2026-08-25,candidate_0092,,ATLAS_INCLUDED_METADATA_ONLY
q03_crossref,Crossref,trigonelline caffeine coffee roast level content,17,Determination of Caffeine and Trigonelline in Coffee by Paper Chromatography,Lawrence Kogan; F. J. DiCarlo; W. E. Maynard,1953,10.1021/ac60079a036,https://doi.org/10.1021/ac60079a036,2026-08-25,candidate_0093,,ATLAS_INCLUDED_METADATA_ONLY
q03_crossref,Crossref,trigonelline caffeine coffee roast level content,18,"Fast simultaneous analysis of caffeine, trigonelline, nicotinic acid and sucrose in coffee by liquid chromatography–mass spectrometry",Daniel Perrone; Carmen Marino Donangelo; Adriana Farah,2008,10.1016/j.foodchem.2008.03.012,https://doi.org/10.1016/j.foodchem.2008.03.012,2026-08-25,candidate_0094,,ATLAS_INCLUDED_METADATA_ONLY
q03_crossref,Crossref,trigonelline caffeine coffee roast level content,19,"HPLC/diode-array applied to the thermal degradation of trigonelline, nicotinic acid and caffeine in coffee",S. Casal; M. Beatriz Oliveira; Margarida A. Ferreira,2000,10.1016/s0308-8146(99)00228-9,https://doi.org/10.1016/s0308-8146(99)00228-9,2026-08-25,candidate_0003,candidate_0003,ATLAS_INCLUDED_METADATA_ONLY
q03_crossref,Crossref,trigonelline caffeine coffee roast level content,20,Selective determination of caffeine and trigonelline in aqueous extract of green coffee beans by FT-MIR-ATR spectroscopy,Hagos Yisak; Mesfin Redi-Abshiro; Bhagwan Singh Chandravanshi,2018,10.1016/j.vibspec.2018.05.003,https://doi.org/10.1016/j.vibspec.2018.05.003,2026-08-25,candidate_0095,,ATLAS_INCLUDED_METADATA_ONLY
q03_openalex,OpenAlex,trigonelline caffeine coffee roast level content,1,Phenolic compounds in coffee,Adriana Farah; Carmen Marino Donangelo,2006,10.1590/s1677-04202006000100003,https://doi.org/10.1590/s1677-04202006000100003,2026-08-25,candidate_0024,candidate_0024,OUT_OF_SCOPE_NON_INVENTORY
q03_openalex,OpenAlex,trigonelline caffeine coffee roast level content,2,"Chlorogenic acids, caffeine content and antioxidant properties of green coffee extracts: influence of green coffee bean preparation",Magdalena Jeszka‐Skowron; Aleksandra Sentkowska; Krystyna Pyrzyńska; María-Paz De Peña,2016,10.1007/s00217-016-2643-y,https://doi.org/10.1007/s00217-016-2643-y,2026-08-25,candidate_0030,candidate_0030,ATLAS_INCLUDED_METADATA_ONLY
q03_openalex,OpenAlex,trigonelline caffeine coffee roast level content,3,"Coffee, Caffeine, and Risk of Type 2 Diabetes",Rob M. van Dam; Walter C. Willett; JoAnn E. Manson; Frank B. Hu,2006,10.2337/diacare.29.02.06.dc05-1512,https://doi.org/10.2337/diacare.29.02.06.dc05-1512,2026-08-25,candidate_0096,,ATLAS_INCLUDED_METADATA_ONLY
q03_openalex,OpenAlex,trigonelline caffeine coffee roast level content,4,"Non-destructive analysis of sucrose, caffeine and trigonelline on single green coffee beans by hyperspectral imaging",Nicola Caporaso; Martin B. Whitworth; Stephen Grebby; Ian D. Fisk,2017,10.1016/j.foodres.2017.12.031,https://doi.org/10.1016/j.foodres.2017.12.031,2026-08-25,candidate_0029,candidate_0029,ATLAS_INCLUDED_METADATA_ONLY
q03_openalex,OpenAlex,trigonelline caffeine coffee roast level content,5,Variability of single bean coffee volatile compounds of Arabica and robusta roasted coffees analysed by SPME-GC-MS,Nicola Caporaso; Martin B. Whitworth; Chenhao Cui; Ian D. Fisk,2018,10.1016/j.foodres.2018.03.077,https://doi.org/10.1016/j.foodres.2018.03.077,2026-08-25,candidate_0070,candidate_0070,OUT_OF_SCOPE_NON_INVENTORY
q03_openalex,OpenAlex,trigonelline caffeine coffee roast level content,6,"Caffeine Consumption through Coffee: Content in the Beverage, Metabolism, Health Benefits and Risks",Juliana DePaula; Adriana Farah,2019,10.3390/beverages5020037,https://doi.org/10.3390/beverages5020037,2026-08-25,candidate_0033,candidate_0033,ATLAS_INCLUDED_METADATA_ONLY
q03_openalex,OpenAlex,trigonelline caffeine coffee roast level content,7,"Comparison of methylxantines, trigonelline, nicotinic acid and nicotinamide contents in brews of green and processed Arabica and Robusta coffee beans – Influence of steaming, decaffeination and roasting processes on coffee beans",Magdalena Jeszka‐Skowron; Robert Frankowski; Agnieszka Zgoła‐Grześkowiak,2020,10.1016/j.lwt.2020.109344,https://doi.org/10.1016/j.lwt.2020.109344,2026-08-25,candidate_0049,candidate_0049,ATLAS_INCLUDED_METADATA_ONLY
q03_openalex,OpenAlex,trigonelline caffeine coffee roast level content,8,"Trigonelline Is a Novel Phytoestrogen in Coffee Beans ,",Kimberly F. Allred; Katarina M. Yackley; Jairam Vanamala; Clinton D. Allred,2009,10.3945/jn.109.108001,https://doi.org/10.3945/jn.109.108001,2026-08-25,candidate_0097,,ATLAS_INCLUDED_METADATA_ONLY
q03_openalex,OpenAlex,trigonelline caffeine coffee roast level content,9,"Antiradical Activity, Phenolics Profile, and Hydroxymethylfurfural in Espresso Coffee: Influence of Technological Factors",Rita C. Alves; Anabela S. G. Costa; María Jerez; Susana Casal; Jorge Sineiro; Marı́a José Núñez; M. Beatriz P.P. Oliveira,2010,10.1021/jf1031229,https://doi.org/10.1021/jf1031229,2026-08-25,candidate_0098,,OUT_OF_SCOPE_NON_INVENTORY
q03_openalex,OpenAlex,trigonelline caffeine coffee roast level content,10,"Coffee, caffeine, chlorogenic acid, and the purinergic system",Naiara Stefanello; Rosélia Maria Spanevello; Sabina Passamonti; Lisiane de Oliveira Porciúncula; Carla Denise Bonan; Ayodeji A. Olabiyi; João Batista Teixeira da Rocha; Charles Elias Assmann; Vera Maria Morsch; Maria Rosa Chitolina Schetinger,2018,10.1016/j.fct.2018.10.005,https://doi.org/10.1016/j.fct.2018.10.005,2026-08-25,candidate_0080,candidate_0080,ATLAS_INCLUDED_METADATA_ONLY
q03_openalex,OpenAlex,trigonelline caffeine coffee roast level content,11,Neuroprotective Effects of Coffee Bioactive Compounds: A Review,Katarzyna Socała; Aleksandra Szopa; Anna Serefko; Ewa Poleszak; Piotr Właź,2020,10.3390/ijms22010107,https://doi.org/10.3390/ijms22010107,2026-08-25,candidate_0099,,OUT_OF_SCOPE_NON_INVENTORY
q03_openalex,OpenAlex,trigonelline caffeine coffee roast level content,12,Coffee consumption and health: umbrella review of meta-analyses of multiple health outcomes,Robin Poole; Oliver Kennedy; Paul Roderick; Jonathan Fallowfield; Peter Hayes; Julie Parkes,2017,10.1136/bmj.j5024,https://doi.org/10.1136/bmj.j5024,2026-08-25,candidate_0100,,OUT_OF_SCOPE_NON_INVENTORY
q03_openalex,OpenAlex,trigonelline caffeine coffee roast level content,13,Risk Assessment of Trigonelline in Coffee and Coffee By-Products,Nick Konstantinidis; Heike Franke; Steffen Schwarz; Dirk W. Lachenmeier,2023,10.3390/molecules28083460,https://doi.org/10.3390/molecules28083460,2026-08-25,candidate_0034,candidate_0034,ATLAS_INCLUDED_METADATA_ONLY
q03_openalex,OpenAlex,trigonelline caffeine coffee roast level content,14,"Discrimination between roasted coffee, roasted corn and coffee husks by Diffuse Reflectance Infrared Fourier Transform Spectroscopy",Nádia Reis; Adriana S. Franca; Leandro S. Oliveira,2012,10.1016/j.lwt.2012.07.016,https://doi.org/10.1016/j.lwt.2012.07.016,2026-08-25,candidate_0101,,OUT_OF_SCOPE_NON_INVENTORY
q03_openalex,OpenAlex,trigonelline caffeine coffee roast level content,15,Roasting process affects differently the bioactive compounds and the antioxidant activity of arabica and robusta coffees,Josiane Alessandra Vignoli; Marcelo Caldeira Viegas; Denisley Gentil Bassoli; Marta de Toledo Benassi,2013,10.1016/j.foodres.2013.06.006,https://doi.org/10.1016/j.foodres.2013.06.006,2026-08-25,candidate_0068,candidate_0068,OUT_OF_SCOPE_NON_INVENTORY
q03_openalex,OpenAlex,trigonelline caffeine coffee roast level content,16,Phytochemical Profile and Antioxidant Capacity of Coffee Plant Organs Compared to Green and Roasted Coffee Beans,Robert Acidri; Yumiko Sawai; Yuko Sugimoto; Takuo Handa; Daisuke Sasagawa; Tsugiyuki Masunaga; Sadahiro Yamamoto; Eiji Nishihara,2020,10.3390/antiox9020093,https://doi.org/10.3390/antiox9020093,2026-08-25,candidate_0026,candidate_0026,OUT_OF_SCOPE_NON_INVENTORY
q03_openalex,OpenAlex,trigonelline caffeine coffee roast level content,17,"The Effect of Time, Roasting Temperature, and Grind Size on Caffeine and Chlorogenic Acid Concentrations in Cold Brew Coffee",Megan Fuller; Niny Z. Rao,2017,10.1038/s41598-017-18247-4,https://doi.org/10.1038/s41598-017-18247-4,2026-08-25,candidate_0035,candidate_0035,ATLAS_INCLUDED_METADATA_ONLY
q03_openalex,OpenAlex,trigonelline caffeine coffee roast level content,18,Antioxidant Property of Coffee Components: Assessment of Methods that Define Mechanisms of Action,Ningjian Liang; David D. Kitts,2014,10.3390/molecules191119180,https://doi.org/10.3390/molecules191119180,2026-08-25,candidate_0036,candidate_0036,OUT_OF_SCOPE_NON_INVENTORY
q03_openalex,OpenAlex,trigonelline caffeine coffee roast level content,19,Genetics of coffee quality,Thierry Leroy; Fabienne Ribeyre; Benoît Bertrand; Pierre Charmetant; Magali Dufour; Christophe Montagnon; Pierre Marraccini; David Pot,2006,10.1590/s1677-04202006000100016,https://doi.org/10.1590/s1677-04202006000100016,2026-08-25,candidate_0102,,OUT_OF_SCOPE_NON_INVENTORY
q03_openalex,OpenAlex,trigonelline caffeine coffee roast level content,20,Influence of genotype and environment on coffee quality,Bing Cheng; Agnelo Furtado; Heather E. Smyth; Robert J Henry,2016,10.1016/j.tifs.2016.09.003,https://doi.org/10.1016/j.tifs.2016.09.003,2026-08-25,candidate_0103,,OUT_OF_SCOPE_NON_INVENTORY
q03_generalpublicweb,GeneralPublicWeb,trigonelline caffeine coffee roast level content,1,Trigonelline - Wikipedia,,,,https://en.wikipedia.org/wiki/Trigonelline,2026-08-25,candidate_0104,,OUT_OF_SCOPE_NON_INVENTORY
q03_generalpublicweb,GeneralPublicWeb,trigonelline caffeine coffee roast level content,2,Trigonelline is an NAD+ precursor that improves muscle ... - Nature,,,,https://www.nature.com/articles/s42255-024-00997-x,2026-08-25,candidate_0105,,OUT_OF_SCOPE_NON_INVENTORY
q03_generalpublicweb,GeneralPublicWeb,trigonelline caffeine coffee roast level content,3,Trigonelline | C7H7NO2 | CID 5570 - PubChem,,,,https://pubchem.ncbi.nlm.nih.gov/compound/Trigonelline,2026-08-25,candidate_0106,,OUT_OF_SCOPE_NON_INVENTORY
q03_generalpublicweb,GeneralPublicWeb,trigonelline caffeine coffee roast level content,4,Trigonelline - an overview | ScienceDirect Topics,,,,https://www.sciencedirect.com/topics/neuroscience/trigonelline,2026-08-25,candidate_0107,,OUT_OF_SCOPE_NON_INVENTORY
q03_generalpublicweb,GeneralPublicWeb,trigonelline caffeine coffee roast level content,5,"Trigonelline: Benefits, Sources, and Health Effects",,,,https://biologyinsights.com/trigonelline-benefits-sources-and-health-effects/,2026-08-25,candidate_0108,,OUT_OF_SCOPE_NON_INVENTORY
q03_generalpublicweb,GeneralPublicWeb,trigonelline caffeine coffee roast level content,6,Trigonelline - an overview | ScienceDirect Topics,,,,https://www.sciencedirect.com/topics/medicine-and-dentistry/trigonelline,2026-08-25,candidate_0107,candidate_0107,OUT_OF_SCOPE_NON_INVENTORY
q03_generalpublicweb,GeneralPublicWeb,trigonelline caffeine coffee roast level content,7,Trigonelline Supplier - EffePharm,,,,https://effepharm.com/our-products/trigonelline-hydrochloride/,2026-08-25,candidate_0109,,OUT_OF_SCOPE_NON_INVENTORY
q03_generalpublicweb,GeneralPublicWeb,trigonelline caffeine coffee roast level content,8,"Trigonelline Supplement: Benefits, Sources, and Safety",,,,https://biologyinsights.com/trigonelline-supplement-benefits-sources-and-safety/,2026-08-25,candidate_0110,,OUT_OF_SCOPE_NON_INVENTORY
q03_generalpublicweb,GeneralPublicWeb,trigonelline caffeine coffee roast level content,9,Trigonelline | 535-83-1 - ChemicalBook,,,,https://www.chemicalbook.com/ChemicalProductProperty_EN_CB4415552.htm,2026-08-25,candidate_0111,,OUT_OF_SCOPE_NON_INVENTORY
q03_generalpublicweb,GeneralPublicWeb,trigonelline caffeine coffee roast level content,10,Trigonelline (Trigenolline) | Nrf2 Inhibitor | MedChemExpress,,,,https://www.medchemexpress.com/Trigonelline.html,2026-08-25,candidate_0112,,OUT_OF_SCOPE_NON_INVENTORY
q04_crossref,Crossref,Coffea arabica Coffea canephora caffeine trigonelline roasted beans,1,Homostachydrine (pipecolic acid betaine) as authentication marker of roasted blends of Coffea arabica and Coffea canephora (Robusta) beans,Luigi Servillo; Alfonso Giovane; Rosario Casale; Domenico Cautela; Nunzia D’Onofrio; Maria Luisa Balestrieri; Domenico Castaldo,2016,10.1016/j.foodchem.2016.02.154,https://doi.org/10.1016/j.foodchem.2016.02.154,2026-08-25,candidate_0113,,OUT_OF_SCOPE_NON_INVENTORY
q04_crossref,Crossref,Coffea arabica Coffea canephora caffeine trigonelline roasted beans,2,Changes in content and biosynthetic activity of caffeine and trigonelline during growth and ripening of Coffea arabica and Coffea canephora fruits,Yukiko Koshiro; Xin-Qiang Zheng; Ming-Li Wang; Chifumi Nagai; Hiroshi Ashihara,2006,10.1016/j.plantsci.2006.03.017,https://doi.org/10.1016/j.plantsci.2006.03.017,2026-08-25,candidate_0114,,OUT_OF_SCOPE_NON_INVENTORY
q04_crossref,Crossref,Coffea arabica Coffea canephora caffeine trigonelline roasted beans,3,Analiza EST klonov križancev Coffea arabica X Coffea canephora in Coffea canephora X Coffea congensis,Tina SVETEK; Nataša ŠIBANC,2012,10.14720/aas.2012.99.1.14533,https://doi.org/10.14720/aas.2012.99.1.14533,2026-08-25,candidate_0115,,OUT_OF_SCOPE_NON_INVENTORY
q04_crossref,Crossref,Coffea arabica Coffea canephora caffeine trigonelline roasted beans,4,"Review for ""Comparative evaluation of phenolics and antioxidant activities of hot air and superheated steam roasted coffee beans ( Coffea canephora )""",,2021,10.1111/ijfs.15393/v1/review1,https://doi.org/10.1111/ijfs.15393/v1/review1,2026-08-25,candidate_0116,,OUT_OF_SCOPE_NON_INVENTORY
q04_crossref,Crossref,Coffea arabica Coffea canephora caffeine trigonelline roasted beans,5,Discrimination between Coffea arabica and Coffea canephora variant robusta beans using infrared spectroscopy,E Kemsley,1995,10.1016/0308-8146(95)00030-m,https://doi.org/10.1016/0308-8146(95)00030-m,2026-08-25,candidate_0117,,OUT_OF_SCOPE_NON_INVENTORY
q04_crossref,Crossref,Coffea arabica Coffea canephora caffeine trigonelline roasted beans,6,Elektronik Burun Kullanılarak Arabika (Coffea Arabica) ve Robusta (Coffea Canephora) Kahvelerinin Ayrıştırılması,Ali Can İNCEGÜL; Kubilay TAŞDELEN,2021,10.30516/bilgesci.912146,https://doi.org/10.30516/bilgesci.912146,2026-08-25,candidate_0118,,OUT_OF_SCOPE_NON_INVENTORY
q04_crossref,Crossref,Coffea arabica Coffea canephora caffeine trigonelline roasted beans,7,"Review for ""Comparative evaluation of phenolics and antioxidant activities of hot air and superheated steam roasted coffee beans ( Coffea canephora )""",,2021,10.1111/ijfs.15393/v1/review2,https://doi.org/10.1111/ijfs.15393/v1/review2,2026-08-25,candidate_0119,,OUT_OF_SCOPE_NON_INVENTORY
q04_crossref,Crossref,Coffea arabica Coffea canephora caffeine trigonelline roasted beans,8,Physical Quality Characteristics of Coffea arabica and Coffea canephora  Coffee Beans,Ika Priantari; Hendi Firmanto,2022,10.23960/jbekh.v9i2.267,https://doi.org/10.23960/jbekh.v9i2.267,2026-08-25,candidate_0120,,OUT_OF_SCOPE_NON_INVENTORY
q04_crossref,Crossref,Coffea arabica Coffea canephora caffeine trigonelline roasted beans,9,Lactam ent-Kaurane Diterpene: A New Class of Diterpenoids Present in Roasted Beans of Coffea arabica,,,10.1021/acs.jafc.9b08149.s001,https://doi.org/10.1021/acs.jafc.9b08149.s001,2026-08-25,candidate_0121,,OUT_OF_SCOPE_NON_INVENTORY
q04_crossref,Crossref,Coffea arabica Coffea canephora caffeine trigonelline roasted beans,10,"Caffeine, trigonelline, chlorogenic acids and sucrose diversity in wild Coffea arabica L. and C. canephora P. accessions",C.-L Ky; J Louarn; S Dussert; B Guyot; S Hamon; M Noirot,2001,10.1016/s0308-8146(01)00204-7,https://doi.org/10.1016/s0308-8146(01)00204-7,2026-08-25,candidate_0067,candidate_0067,OUT_OF_SCOPE_NON_INVENTORY
q04_crossref,Crossref,Coffea arabica Coffea canephora caffeine trigonelline roasted beans,11,"Decision letter for ""Comparative evaluation of phenolics and antioxidant activities of hot air and superheated steam roasted coffee beans ( Coffea canephora )""",,2021,10.1111/ijfs.15393/v1/decision1,https://doi.org/10.1111/ijfs.15393/v1/decision1,2026-08-25,candidate_0122,,OUT_OF_SCOPE_NON_INVENTORY
q04_crossref,Crossref,Coffea arabica Coffea canephora caffeine trigonelline roasted beans,12,Quantification of Coffea arabica and Coffea canephora var. robusta in roasted and ground coffee blends,Laura Ruth Cagliani; Gloria Pellegrino; Graziella Giugno; Roberto Consonni,2013,10.1016/j.talanta.2012.12.003,https://doi.org/10.1016/j.talanta.2012.12.003,2026-08-25,candidate_0123,,OUT_OF_SCOPE_NON_INVENTORY
q04_crossref,Crossref,Coffea arabica Coffea canephora caffeine trigonelline roasted beans,13,Volatile compounds profiles in unroasted Coffea arabica and Coffea canephora beans from different countries,Daniel KNYSAK,2017,10.1590/1678-457x.19216,https://doi.org/10.1590/1678-457x.19216,2026-08-25,candidate_0124,,OUT_OF_SCOPE_NON_INVENTORY
q04_crossref,Crossref,Coffea arabica Coffea canephora caffeine trigonelline roasted beans,14,"Decision letter for ""Comparative evaluation of phenolics and antioxidant activities of hot air and superheated steam roasted coffee beans ( Coffea canephora )""",,2021,10.1111/ijfs.15393/v2/decision1,https://doi.org/10.1111/ijfs.15393/v2/decision1,2026-08-25,candidate_0125,,OUT_OF_SCOPE_NON_INVENTORY
q04_crossref,Crossref,Coffea arabica Coffea canephora caffeine trigonelline roasted beans,15,Otimização do processo de torração do cafe robusta (Coffea canephora Conillon) para formulação de blends com cafe arabica (Coffea arabica),Luciane Carneiro Mendes,,10.47749/t/unicamp.1999.175809,https://doi.org/10.47749/t/unicamp.1999.175809,2026-08-25,candidate_0126,,OUT_OF_SCOPE_NON_INVENTORY
q04_crossref,Crossref,Coffea arabica Coffea canephora caffeine trigonelline roasted beans,16,Differential regulation of caffeine metabolism in Coffea arabica (Arabica) and Coffea canephora (Robusta),Charlène Perrois; Susan R. Strickler; Guillaume Mathieu; Maud Lepelley; Lucie Bedon; Stéphane Michaux; Jwanro Husson; Lukas Mueller; Isabelle Privat,2014,10.1007/s00425-014-2170-7,https://doi.org/10.1007/s00425-014-2170-7,2026-08-25,candidate_0064,candidate_0064,OUT_OF_SCOPE_NON_INVENTORY
q04_crossref,Crossref,Coffea arabica Coffea canephora caffeine trigonelline roasted beans,17,"Author response for ""Comparative evaluation of phenolics and antioxidant activities of hot air and superheated steam roasted coffee beans ( Coffea canephora )""",Nathamol Chindapan; Nujaree Chaninkun; Sakamon Devahastin,2021,10.1111/ijfs.15393/v2/response1,https://doi.org/10.1111/ijfs.15393/v2/response1,2026-08-25,candidate_0127,,OUT_OF_SCOPE_NON_INVENTORY
q04_crossref,Crossref,Coffea arabica Coffea canephora caffeine trigonelline roasted beans,18,Los rizobios incrementan la germinación de las semillas de Coffea arabica y Coffea canephora. Segunda evidencia en Cuba Rhizobia increases the germination of Coffea arabica and Coffea canephora seeds. Second evidence in Cuba,Sucleidi Nápoles-Vinent; Silfredo Milanés-Riquene; Ionel Hernández-Forte; Belkis Morales-Mena; María Caridad Nápoles-Garcias,2021,10.15517/am.v33i1.45719,https://doi.org/10.15517/am.v33i1.45719,2026-08-25,candidate_0128,,OUT_OF_SCOPE_NON_INVENTORY
q04_crossref,Crossref,Coffea arabica Coffea canephora caffeine trigonelline roasted beans,19,Analisis Kadar Kafein dalam Green Bean dan Roasted Bean Kopi Robusta (Coffea canephora) Temanggung Menggunakan Spektrofotometer UV,Mega Karina Putri; Beta Ria Erika Marita Dellima,2022,10.25026/jsk.v4i6.1253,https://doi.org/10.25026/jsk.v4i6.1253,2026-08-25,candidate_0129,,OUT_OF_SCOPE_NON_INVENTORY
q04_crossref,Crossref,Coffea arabica Coffea canephora caffeine trigonelline roasted beans,20,Screening for 16- O -methylcafestol in roasted coffee by high-performance thin-layer chromatography–fluorescence detection – Determination of  Coffea canephora  admixtures to  Coffea arabica,Claudia Oellig; Jessica Radovanovic,2017,10.1016/j.chroma.2017.10.031,https://doi.org/10.1016/j.chroma.2017.10.031,2026-08-25,candidate_0130,,OUT_OF_SCOPE_NON_INVENTORY
q04_openalex,OpenAlex,Coffea arabica Coffea canephora caffeine trigonelline roasted beans,1,Climate Change and Coffee Quality: Systematic Review on the Effects of Environmental and Management Variation on Secondary Metabolites and Sensory Attributes of Coffea arabica and Coffea canephora,Selena Ahmed; Sarah Brinkley; Erin Smith; Ariella Sela; Mitchell Theisen; Cyrena Thibodeau; Teresa Warne; Evan P. Anderson; Natalie Van Dusen; Peter Giuliano; Kim Elena Ionescu; Sean B. Cash,2021,10.3389/fpls.2021.708013,https://doi.org/10.3389/fpls.2021.708013,2026-08-25,candidate_0131,,OUT_OF_SCOPE_NON_INVENTORY
q04_openalex,OpenAlex,Coffea arabica Coffea canephora caffeine trigonelline roasted beans,2,Biosynthesis of Chlorogenic Acids in Growing and Ripening Fruits of Coffea arabica and Coffea canephora Plants,Yukiko Koshiro; Mel C. Jackson; Riko Katahira; Mingli Wang; Chifumi Nagai; Hiroshi Ashihara,2007,10.1515/znc-2007-9-1017,https://doi.org/10.1515/znc-2007-9-1017,2026-08-25,candidate_0132,,OUT_OF_SCOPE_NON_INVENTORY
q04_openalex,OpenAlex,Coffea arabica Coffea canephora caffeine trigonelline roasted beans,3,An EST-based analysis identifies new genes and reveals distinctive gene expression features of Coffea arabica and Coffea canephora,Jorge MC Mondego; Ramon O Vidal; Marcelo Falsarella Carazzolle; Eric K. Tokuda; Lucas P Parizzi; Gustavo GL Costa; Luiz Filipe Protásio Pereira; Alan Carvalho Andrade; Carlos Augusto Colombo; Luiz GE Vieira; Gonçalo AG Pereira,2011,10.1186/1471-2229-11-30,https://doi.org/10.1186/1471-2229-11-30,2026-08-25,candidate_0133,,OUT_OF_SCOPE_NON_INVENTORY
q04_openalex,OpenAlex,Coffea arabica Coffea canephora caffeine trigonelline roasted beans,4,The lipid fraction of the coffee bean,Karl Speer; I. Kölling‐Speer,2006,10.1590/s1677-04202006000100014,https://doi.org/10.1590/s1677-04202006000100014,2026-08-25,candidate_0134,,OUT_OF_SCOPE_NON_INVENTORY
q04_openalex,OpenAlex,Coffea arabica Coffea canephora caffeine trigonelline roasted beans,5,Quality assessment of Arabica and Robusta green and roasted coffees ? A rev,Natalina Bichobr; Fernando Lidonbr; Jos o,2013,10.9755/ejfa.v25i12.17290,https://doi.org/10.9755/ejfa.v25i12.17290,2026-08-25,candidate_0078,candidate_0078,OUT_OF_SCOPE_NON_INVENTORY
q04_openalex,OpenAlex,Coffea arabica Coffea canephora caffeine trigonelline roasted beans,6,Quality and bioactive compounds of blends of Arabica and Robusta spray-dried coffee,Prinya Wongsa; Nuttida Khampa; Sineenat Horadee; Jeeranun Chaiwarith; Nithiya Rattanapanone,2019,10.1016/j.foodchem.2019.01.088,https://doi.org/10.1016/j.foodchem.2019.01.088,2026-08-25,candidate_0135,,OUT_OF_SCOPE_NON_INVENTORY
q04_openalex,OpenAlex,Coffea arabica Coffea canephora caffeine trigonelline roasted beans,7,"Caffeine, trigonelline, chlorogenic acids, melanoidins, and diterpenes contents of Coffea canephora coffees produced in the Amazon",Thayna Viencz; Lucas Bonfanti Acre; Rodrigo Barros Rocha; Enrique Anastácio Alves; A. R. Ramalho; Marta de Toledo Benassi,2023,10.1016/j.jfca.2023.105140,https://doi.org/10.1016/j.jfca.2023.105140,2026-08-25,candidate_0079,candidate_0079,ATLAS_INCLUDED_METADATA_ONLY
q04_openalex,OpenAlex,Coffea arabica Coffea canephora caffeine trigonelline roasted beans,8,"Sensory Description of Cultivars (Coffea Arabica L.) Resistant to Rust and Its Correlation with Caffeine, Trigonelline, and Chlorogenic Acid Compounds",Larissa de Oliveira Fassio; Marcelo Ribeiro Malta; Gladyston Rodrigues Carvalho; Gilberto Rodrigues Liska; Priscilla De Lima; Carlos José Pimenta,2016,10.3390/beverages2010001,https://doi.org/10.3390/beverages2010001,2026-08-25,candidate_0136,,OUT_OF_SCOPE_NON_INVENTORY
q04_openalex,OpenAlex,Coffea arabica Coffea canephora caffeine trigonelline roasted beans,9,"Non-destructive analysis of sucrose, caffeine and trigonelline on single green coffee beans by hyperspectral imaging",Nicola Caporaso; Martin B. Whitworth; Stephen Grebby; Ian D. Fisk,2017,10.1016/j.foodres.2017.12.031,https://doi.org/10.1016/j.foodres.2017.12.031,2026-08-25,candidate_0029,candidate_0029,ATLAS_INCLUDED_METADATA_ONLY
q04_openalex,OpenAlex,Coffea arabica Coffea canephora caffeine trigonelline roasted beans,10,"Chlorogenic acids, caffeine content and antioxidant properties of green coffee extracts: influence of green coffee bean preparation",Magdalena Jeszka‐Skowron; Aleksandra Sentkowska; Krystyna Pyrzyńska; María-Paz De Peña,2016,10.1007/s00217-016-2643-y,https://doi.org/10.1007/s00217-016-2643-y,2026-08-25,candidate_0030,candidate_0030,ATLAS_INCLUDED_METADATA_ONLY
q04_openalex,OpenAlex,Coffea arabica Coffea canephora caffeine trigonelline roasted beans,11,Phytochemical overview and medicinal importance of Coffea species from the past until now,Éva Brigitta Patay; Tímea Bencsik; Nóra Papp,2016,10.1016/j.apjtm.2016.11.008,https://doi.org/10.1016/j.apjtm.2016.11.008,2026-08-25,candidate_0137,,OUT_OF_SCOPE_NON_INVENTORY
q04_openalex,OpenAlex,Coffea arabica Coffea canephora caffeine trigonelline roasted beans,12,"Impact of different roasting conditions on the chemical composition, antioxidant activities, and color of Coffea canephora and Coffea arabica L. samples",Valdeir Viana Freitas; Larissa Lorrane Rodrigues Borges; Gabriel Abranches Dias Castro; Marcelo Henrique dos Santos; Márcia Cristina Teixeira Ribeiro Vidigal; Sérgio Antônio Fernandes; Paulo César Stringheta,2023,10.1016/j.heliyon.2023.e19580,https://doi.org/10.1016/j.heliyon.2023.e19580,2026-08-25,candidate_0082,candidate_0082,OUT_OF_SCOPE_NON_INVENTORY
q04_openalex,OpenAlex,Coffea arabica Coffea canephora caffeine trigonelline roasted beans,13,Evaluation of antioxidant and anti-tyrosinase activities as well as stability of green and roasted coffee bean extracts from Coffea arabica and Coffea canephora grown in Thailand,Kanokwan Kiattisin; Nantarat Thananya; Pimporn Leelapornpisid,2016,10.5897/jpp2016.0413,https://doi.org/10.5897/jpp2016.0413,2026-08-25,candidate_0138,,OUT_OF_SCOPE_NON_INVENTORY
q04_openalex,OpenAlex,Coffea arabica Coffea canephora caffeine trigonelline roasted beans,14,"Species, roasting degree and decaffeination influence the antibacterial activity of coffee against Streptococcus mutans",Andréa Fonseca‐Gonçalves; Renata Simões Moraes; Daniel Perrone; Lucianne Cople Maia; Kátia Regina Netto dos Santos; Natália Lopes Pontes Iorio; Adriana Farah,2009,10.1016/j.foodchem.2009.05.063,https://doi.org/10.1016/j.foodchem.2009.05.063,2026-08-25,candidate_0139,,OUT_OF_SCOPE_NON_INVENTORY
q04_openalex,OpenAlex,Coffea arabica Coffea canephora caffeine trigonelline roasted beans,15,Chemometric models for the quantitative descriptive sensory analysis of Arabica coffee beverages using near infrared spectroscopy,Juliano Souza Ribeiro; Márcia M. C. Ferreira; T. J. G. Salva,2010,10.1016/j.talanta.2010.11.001,https://doi.org/10.1016/j.talanta.2010.11.001,2026-08-25,candidate_0073,candidate_0073,OUT_OF_SCOPE_NON_INVENTORY
q04_openalex,OpenAlex,Coffea arabica Coffea canephora caffeine trigonelline roasted beans,16,Organic Compounds in Green Coffee Beans,Feifei Wei; Masaru Tanokura,2014,10.1016/b978-0-12-409517-5.00017-6,https://doi.org/10.1016/b978-0-12-409517-5.00017-6,2026-08-25,candidate_0140,,OUT_OF_SCOPE_NON_INVENTORY
q04_openalex,OpenAlex,Coffea arabica Coffea canephora caffeine trigonelline roasted beans,17,Roasting process affects differently the bioactive compounds and the antioxidant activity of arabica and robusta coffees,Josiane Alessandra Vignoli; Marcelo Caldeira Viegas; Denisley Gentil Bassoli; Marta de Toledo Benassi,2013,10.1016/j.foodres.2013.06.006,https://doi.org/10.1016/j.foodres.2013.06.006,2026-08-25,candidate_0068,candidate_0068,OUT_OF_SCOPE_NON_INVENTORY
q04_openalex,OpenAlex,Coffea arabica Coffea canephora caffeine trigonelline roasted beans,18,NMR quantification of 16-O-methylcafestol and kahweol in Coffea canephora var. robusta beans from different geographical origins,Claudia Finotello; Cristina Forzato; Alessandra Gasparini; Stefano Mammi; Luciano Navarini; Elisabetta Schievano,2016,10.1016/j.foodcont.2016.12.019,https://doi.org/10.1016/j.foodcont.2016.12.019,2026-08-25,candidate_0141,,OUT_OF_SCOPE_NON_INVENTORY
q04_openalex,OpenAlex,Coffea arabica Coffea canephora caffeine trigonelline roasted beans,19,Correlation between the composition of green Arabica coffee beans and the sensory quality of coffee brews,Mayara de Souza Gois Barbosa; Maria Brígida dos Santos Scholz; Cíntia Sorane Good Kitzberger; Marta de Toledo Benassi,2019,10.1016/j.foodchem.2019.04.072,https://doi.org/10.1016/j.foodchem.2019.04.072,2026-08-25,candidate_0075,candidate_0075,OUT_OF_SCOPE_NON_INVENTORY
q04_openalex,OpenAlex,Coffea arabica Coffea canephora caffeine trigonelline roasted beans,20,Discrimination between Arabica and Robusta Coffees Using Hydrosoluble Compounds: Is the Efficiency of the Parameters Dependent on the Roast Degree?,Rafael Carlos Eloy Dias; Marta de Toledo Benassi,2015,10.3390/beverages1030127,https://doi.org/10.3390/beverages1030127,2026-08-25,candidate_0069,candidate_0069,OUT_OF_SCOPE_NON_INVENTORY
q04_generalpublicweb,GeneralPublicWeb,Coffea arabica Coffea canephora caffeine trigonelline roasted beans,1,"Coffea Roasterie and Espresso Bar - Sioux Falls, South Dakota",,,,https://coffearoasterie.com/,2026-08-25,candidate_0142,,OUT_OF_SCOPE_NON_INVENTORY
q04_generalpublicweb,GeneralPublicWeb,Coffea arabica Coffea canephora caffeine trigonelline roasted beans,2,Coffea - Wikipedia,,,,https://en.wikipedia.org/wiki/Coffea,2026-08-25,candidate_0143,,OUT_OF_SCOPE_NON_INVENTORY
q04_generalpublicweb,GeneralPublicWeb,Coffea arabica Coffea canephora caffeine trigonelline roasted beans,3,"Coffea | Description, Genus, Coffee, Species, & Facts | Britannica",,,,https://www.britannica.com/plant/Coffea,2026-08-25,candidate_0144,,OUT_OF_SCOPE_NON_INVENTORY
q04_generalpublicweb,GeneralPublicWeb,Coffea arabica Coffea canephora caffeine trigonelline roasted beans,4,Coffea Roasterie - Facebook,,,,https://www.facebook.com/CoffeaRoasterie/,2026-08-25,candidate_0145,,OUT_OF_SCOPE_NON_INVENTORY
q04_generalpublicweb,GeneralPublicWeb,Coffea arabica Coffea canephora caffeine trigonelline roasted beans,5,Coffee - Wikipedia,,,,https://en.wikipedia.org/wiki/Coffee,2026-08-25,candidate_0146,,OUT_OF_SCOPE_NON_INVENTORY
q04_generalpublicweb,GeneralPublicWeb,Coffea arabica Coffea canephora caffeine trigonelline roasted beans,6,"Coffea - Simple English Wikipedia, the free encyclopedia",,,,https://simple.wikipedia.org/wiki/Coffea,2026-08-25,candidate_0147,,OUT_OF_SCOPE_NON_INVENTORY
q04_generalpublicweb,GeneralPublicWeb,Coffea arabica Coffea canephora caffeine trigonelline roasted beans,7,"Coffee | Origin, Types, Uses, History, & Facts | Britannica",,,,https://www.britannica.com/topic/coffee,2026-08-25,candidate_0148,,OUT_OF_SCOPE_NON_INVENTORY
q04_generalpublicweb,GeneralPublicWeb,Coffea arabica Coffea canephora caffeine trigonelline roasted beans,8,Coffea arabica - Wikipedia,,,,https://en.wikipedia.org/wiki/Coffea_arabica,2026-08-25,candidate_0149,,OUT_OF_SCOPE_NON_INVENTORY
q04_generalpublicweb,GeneralPublicWeb,Coffea arabica Coffea canephora caffeine trigonelline roasted beans,9,Coffea canephora - Wikipedia,,,,https://en.wikipedia.org/wiki/Coffea_canephora,2026-08-25,candidate_0150,,OUT_OF_SCOPE_NON_INVENTORY
q04_generalpublicweb,GeneralPublicWeb,Coffea arabica Coffea canephora caffeine trigonelline roasted beans,10,Home - Coffea Foods,,,,https://coffeafoods.com/,2026-08-25,candidate_0151,,OUT_OF_SCOPE_NON_INVENTORY
q05_crossref,Crossref,coffee roast colour caffeine trigonelline,1,"Optimization of Methodology for Simultaneous Quantification of Trigonelline, 5Caffeoylquinic Acid, and Caffeine in Green and Roasted Coffee Extracts by HPLC",,,10.1021/acsomega.5c05526.s001,https://doi.org/10.1021/acsomega.5c05526.s001,2026-08-25,candidate_0001,candidate_0001,ATLAS_INCLUDED_METADATA_ONLY
q05_crossref,Crossref,coffee roast colour caffeine trigonelline,2,Trigonelline in coffee,Angela Stennert; Hans Gerhard Maier,1996,10.1007/bf01229683,https://doi.org/10.1007/bf01229683,2026-08-25,candidate_0088,candidate_0088,ATLAS_INCLUDED_METADATA_ONLY
q05_crossref,Crossref,coffee roast colour caffeine trigonelline,3,"The influence of coffee bean maturity on the content of chlorogenic acids, caffeine and trigonelline",M.N. Clifford; T. Kazi,1987,10.1016/0308-8146(87)90167-1,https://doi.org/10.1016/0308-8146(87)90167-1,2026-08-25,candidate_0083,candidate_0083,ATLAS_INCLUDED_METADATA_ONLY
q05_crossref,Crossref,coffee roast colour caffeine trigonelline,4,"Abstract B73: The association of caffeine, trigonelline, and chlorogenic acid, active components from coffee, enhances caffeine-induced cytotoxicity in hepatocellular carcinoma cells",Guilherme Ribeiro Romualdo; Tereza Cristina Da Silva; Bruno Cogliati; Luis Fernando Barbisan,2018,10.1158/1557-3265.tcm17-b73,https://doi.org/10.1158/1557-3265.tcm17-b73,2026-08-25,candidate_0092,candidate_0092,ATLAS_INCLUDED_METADATA_ONLY
q05_crossref,Crossref,coffee roast colour caffeine trigonelline,5,Determination of Caffeine and Trigonelline in Coffee by Paper Chromatography,Lawrence Kogan; F. J. DiCarlo; W. E. Maynard,1953,10.1021/ac60079a036,https://doi.org/10.1021/ac60079a036,2026-08-25,candidate_0093,candidate_0093,ATLAS_INCLUDED_METADATA_ONLY
q05_crossref,Crossref,coffee roast colour caffeine trigonelline,6,"Fast simultaneous analysis of caffeine, trigonelline, nicotinic acid and sucrose in coffee by liquid chromatography–mass spectrometry",Daniel Perrone; Carmen Marino Donangelo; Adriana Farah,2008,10.1016/j.foodchem.2008.03.012,https://doi.org/10.1016/j.foodchem.2008.03.012,2026-08-25,candidate_0094,candidate_0094,ATLAS_INCLUDED_METADATA_ONLY
q05_crossref,Crossref,coffee roast colour caffeine trigonelline,7,"HPLC/diode-array applied to the thermal degradation of trigonelline, nicotinic acid and caffeine in coffee",S. Casal; M. Beatriz Oliveira; Margarida A. Ferreira,2000,10.1016/s0308-8146(99)00228-9,https://doi.org/10.1016/s0308-8146(99)00228-9,2026-08-25,candidate_0003,candidate_0003,ATLAS_INCLUDED_METADATA_ONLY
q05_crossref,Crossref,coffee roast colour caffeine trigonelline,8,"Influence of Post-harvest Treatment on the Chlorogenic Acid (3, 4, 5-Caffeoylquinic Acids), Caffeine and Trigonelline Content of Green Coffee Beans of Ethiopian Origin",Girum  Habte Beyene; Kyong Kim; Joon Hong; Ji Choi; Eun Nho,2025,10.2139/ssrn.5533441,https://doi.org/10.2139/ssrn.5533441,2026-08-25,candidate_0084,candidate_0084,ATLAS_INCLUDED_METADATA_ONLY
q05_crossref,Crossref,coffee roast colour caffeine trigonelline,9,Selective determination of caffeine and trigonelline in aqueous extract of green coffee beans by FT-MIR-ATR spectroscopy,Hagos Yisak; Mesfin Redi-Abshiro; Bhagwan Singh Chandravanshi,2018,10.1016/j.vibspec.2018.05.003,https://doi.org/10.1016/j.vibspec.2018.05.003,2026-08-25,candidate_0095,candidate_0095,ATLAS_INCLUDED_METADATA_ONLY
q05_crossref,Crossref,coffee roast colour caffeine trigonelline,10,"Comparison of Extraction Methods for Caffeine, Chlorogenic Acids and Trigonelline in Green and Roasted Coffee Beans",Adriana S. Franca; Leandro S. Oliveira; Maria Lúcia A. Borges; Vany P. Ferraz,2001,10.13031/2013.7478,https://doi.org/10.13031/2013.7478,2026-08-25,candidate_0002,candidate_0002,ATLAS_INCLUDED_METADATA_ONLY
q05_crossref,Crossref,coffee roast colour caffeine trigonelline,11,Packing of Roast and Instant Coffee,R. J. Clarke,1987,10.1007/978-94-009-3417-7_7,https://doi.org/10.1007/978-94-009-3417-7_7,2026-08-25,candidate_0152,,OUT_OF_SCOPE_NON_INVENTORY
q05_crossref,Crossref,coffee roast colour caffeine trigonelline,12,"Simultaneous determination of total chlorogenic acid, trigonelline and caffeine in green coffee samples by high performance gel filtration chromatography",C.A.B. De Maria; L.C. Trugo; R.F.A. Moreira; M. Petracco,1995,10.1016/0308-8146(95)93298-6,https://doi.org/10.1016/0308-8146(95)93298-6,2026-08-25,candidate_0153,,ATLAS_INCLUDED_METADATA_ONLY
q05_crossref,Crossref,coffee roast colour caffeine trigonelline,13,Speculation on DPN as a Biochemical Precursor of Caffeine and Trigonelline in Coffee*,R.E. Kremers,1954,10.1002/jps.3030430711,https://doi.org/10.1002/jps.3030430711,2026-08-25,candidate_0154,,ATLAS_INCLUDED_METADATA_ONLY
q05_crossref,Crossref,coffee roast colour caffeine trigonelline,14,High-Performance Liquid Chromatography Analysis of Caffeine and Trigonelline in Instant Coffee: A Malaysian Market Study,Yen Mae Lee; Cherlyn Chen Xia Cheng; Lai Chun Wong,2025,10.22452/mjs.vol44no4.5,https://doi.org/10.22452/mjs.vol44no4.5,2026-08-25,candidate_0155,,ATLAS_INCLUDED_METADATA_ONLY
q05_crossref,Crossref,coffee roast colour caffeine trigonelline,15,"Rapid Analysis of Caffeine, Protein and Trigonelline in Ugandan Arabica Coffee Using NIRS and Machine Learning Algorithms",Joseph Mbihayeimaana; Jimcall Pfumorodze; Ephraim Nuwamanya; Godfrey Sseremba; Vincent Kyaligonza; Paula Iragaba; Michael Kanaabi; James Madzimure,2026,10.3390/plants15142117,https://doi.org/10.3390/plants15142117,2026-08-25,candidate_0156,,ATLAS_INCLUDED_METADATA_ONLY
q05_crossref,Crossref,coffee roast colour caffeine trigonelline,16,Toward Smart Online Coffee Roasting Process Control: Feasibility of Real-Time Prediction of Coffee Roast Degree and Brew Antioxidant Capacity by Single-Photon Ionization Mass Spectrometric Monitoring of Roast Gases,,,10.1021/acs.jafc.9b06502.s001,https://doi.org/10.1021/acs.jafc.9b06502.s001,2026-08-25,candidate_0157,,OUT_OF_SCOPE_NON_INVENTORY
q05_crossref,Crossref,coffee roast colour caffeine trigonelline,17,Time-resolved extraction of caffeine and trigonelline from finely-ground espresso coffee with varying particle sizes and tamping pressures,Michael Kuhn; Sandra Lang; Franziska Bezold; Mirjana Minceva; Heiko Briesen,2017,10.1016/j.jfoodeng.2017.03.002,https://doi.org/10.1016/j.jfoodeng.2017.03.002,2026-08-25,candidate_0158,,ATLAS_INCLUDED_METADATA_ONLY
q05_crossref,Crossref,coffee roast colour caffeine trigonelline,18,Caffeine content in filter coffee brews as a function of degree of roast and extraction yield,Zachary R. Lindsey; Joshua R. Williams; James S. Burgess; Nathan T. Moore; Pierce M. Splichal,2024,10.1038/s41598-024-80385-3,https://doi.org/10.1038/s41598-024-80385-3,2026-08-25,candidate_0087,candidate_0087,ATLAS_INCLUDED_METADATA_ONLY
q05_crossref,Crossref,coffee roast colour caffeine trigonelline,19,Changes of the trigonelline and caffein contents in coffee beans during the course of roast.,Toshio NAKABAYASHI; Mitsuaki MASANO,1986,10.3136/nskkk1962.33.10_725,https://doi.org/10.3136/nskkk1962.33.10_725,2026-08-25,candidate_0159,,ATLAS_INCLUDED_METADATA_ONLY
q05_crossref,Crossref,coffee roast colour caffeine trigonelline,20,"Quantification of caffeine, trigonelline and nicotinic acid in espresso coffee: the influence of espresso machines and coffee cultivars",Giovanni Caprioli; Manuela Cortese; Filippo Maggi; Caterina Minnetti; Luigi Odello; Gianni Sagratini; Sauro Vittori,2014,10.3109/09637486.2013.873890,https://doi.org/10.3109/09637486.2013.873890,2026-08-25,candidate_0160,,ATLAS_INCLUDED_METADATA_ONLY
q05_openalex,OpenAlex,coffee roast colour caffeine trigonelline,1,Physical and chemical attributes of defective crude and roasted coffee beans,Adriana S. Franca; Leandro S. Oliveira; Juliana C.F. Mendonça; Xênia A. Silva,2004,10.1016/j.foodchem.2004.03.028,https://doi.org/10.1016/j.foodchem.2004.03.028,2026-08-25,candidate_0161,,OUT_OF_SCOPE_NON_INVENTORY
q05_openalex,OpenAlex,coffee roast colour caffeine trigonelline,2,Variability of single bean coffee volatile compounds of Arabica and robusta roasted coffees analysed by SPME-GC-MS,Nicola Caporaso; Martin B. Whitworth; Chenhao Cui; Ian D. Fisk,2018,10.1016/j.foodres.2018.03.077,https://doi.org/10.1016/j.foodres.2018.03.077,2026-08-25,candidate_0070,candidate_0070,OUT_OF_SCOPE_NON_INVENTORY
q05_openalex,OpenAlex,coffee roast colour caffeine trigonelline,3,Influence of genotype and environment on coffee quality,Bing Cheng; Agnelo Furtado; Heather E. Smyth; Robert J Henry,2016,10.1016/j.tifs.2016.09.003,https://doi.org/10.1016/j.tifs.2016.09.003,2026-08-25,candidate_0103,candidate_0103,OUT_OF_SCOPE_NON_INVENTORY
q05_openalex,OpenAlex,coffee roast colour caffeine trigonelline,4,Chlorogenic acids and other relevant compounds in Brazilian coffees processed by semi-dry and wet post-harvesting methods,Giselle S. Duarte; Antônio Alves Pereira; Adriana Farah,2009,10.1016/j.foodchem.2009.05.042,https://doi.org/10.1016/j.foodchem.2009.05.042,2026-08-25,candidate_0037,candidate_0037,OUT_OF_SCOPE_NON_INVENTORY
q05_openalex,OpenAlex,coffee roast colour caffeine trigonelline,5,Prediction of coffee aroma from single roasted coffee beans by hyperspectral imaging,Nicola Caporaso; Martin B. Whitworth; Ian D. Fisk,2021,10.1016/j.foodchem.2021.131159,https://doi.org/10.1016/j.foodchem.2021.131159,2026-08-25,candidate_0162,,OUT_OF_SCOPE_NON_INVENTORY
q05_openalex,OpenAlex,coffee roast colour caffeine trigonelline,6,Application of infrared spectral techniques on quality and compositional attributes of coffee: An overview,Douglas Fernandes Barbin; Ana Lúcia de Souza Madureira Felício; Da‐Wen Sun; Suzana Lucy Nixdorf; Elisa Yoko Hirooka,2014,10.1016/j.foodres.2014.01.005,https://doi.org/10.1016/j.foodres.2014.01.005,2026-08-25,candidate_0163,,OUT_OF_SCOPE_NON_INVENTORY
q05_openalex,OpenAlex,coffee roast colour caffeine trigonelline,7,Effects of postharvest processing on aroma formation in roasted coffee – a review,Xiaotong Cao; Hanjing Wu; Claudia Gonzalez Viejo; Frank R. Dunshea; Hafiz Ansar Rasul Suleria,2022,10.1111/ijfs.16261,https://doi.org/10.1111/ijfs.16261,2026-08-25,candidate_0164,,OUT_OF_SCOPE_NON_INVENTORY
q05_openalex,OpenAlex,coffee roast colour caffeine trigonelline,8,Quality assessment of Arabica and Robusta green and roasted coffees ? A rev,Natalina Bichobr; Fernando Lidonbr; Jos o,2013,10.9755/ejfa.v25i12.17290,https://doi.org/10.9755/ejfa.v25i12.17290,2026-08-25,candidate_0078,candidate_0078,OUT_OF_SCOPE_NON_INVENTORY
q05_openalex,OpenAlex,coffee roast colour caffeine trigonelline,9,"Self-induced anaerobiosis coffee fermentation: Impact on microbial communities, chemical composition and sensory quality of coffee",Thayanna Scopel Pereira; Nádia Nara Batista; Lúcia Pinheiro Santos Pimenta; Silvia Juliana Martinez; Luciana Silva Ribeiro; José Augusto Oliveira Naves; Rosane Freitas Schwan,2021,10.1016/j.fm.2021.103962,https://doi.org/10.1016/j.fm.2021.103962,2026-08-25,candidate_0165,,OUT_OF_SCOPE_NON_INVENTORY
q05_openalex,OpenAlex,coffee roast colour caffeine trigonelline,10,The Potential of Spent Coffee Grounds in Functional Food Development,Elza Bevilacqua; Vínicius Fernandes Cruzat; Indu Singh; Roselyn B. Rose’Meyer; Sunil K. Panchal; Lindsay Brown,2023,10.3390/nu15040994,https://doi.org/10.3390/nu15040994,2026-08-25,candidate_0166,,OUT_OF_SCOPE_NON_INVENTORY
q05_openalex,OpenAlex,coffee roast colour caffeine trigonelline,11,Can Elevated Air [CO2] Conditions Mitigate the Predicted Warming Impact on the Quality of Coffee Bean?,José C. Ramalho; Isabel P. Pais; António E. Leitão; Mauro Guerra; Fernando H. Reboredo; Cristina Máguas; Luísa Carvalho; Paula Scotti‐Campos; Ana I. Ribeiro‐Barros; Fernando José Cebola Lidon; Fábio M. DaMatta,2018,10.3389/fpls.2018.00287,https://doi.org/10.3389/fpls.2018.00287,2026-08-25,candidate_0167,,OUT_OF_SCOPE_NON_INVENTORY
q05_openalex,OpenAlex,coffee roast colour caffeine trigonelline,12,Acrylamide formation and antioxidant activity in coffee during roasting – A systematic study,Maria Alessia Schouten; Silvia Tappi; Simone Angeloni; Manuela Cortese; Giovanni Caprioli; Sauro Vittori; Santina Romani,2020,10.1016/j.foodchem.2020.128514,https://doi.org/10.1016/j.foodchem.2020.128514,2026-08-25,candidate_0076,candidate_0076,OUT_OF_SCOPE_NON_INVENTORY
q05_openalex,OpenAlex,coffee roast colour caffeine trigonelline,13,Recent Advances in the Genetic Transformation of Coffee,M. K. Mishra; A. Slater,2012,10.1155/2012/580857,https://doi.org/10.1155/2012/580857,2026-08-25,candidate_0168,,OUT_OF_SCOPE_NON_INVENTORY
q05_openalex,OpenAlex,coffee roast colour caffeine trigonelline,14,"Characterization of Fatty Acid, Amino Acid and Volatile Compound Compositions and Bioactive Components of Seven Coffee (Coffea robusta) Cultivars Grown in Hainan Province, China",Wenjiang Dong; Lehe Tan; Jianping Zhao; Rongsuo Hu; Minquan Lu,2015,10.3390/molecules200916687,https://doi.org/10.3390/molecules200916687,2026-08-25,candidate_0169,,OUT_OF_SCOPE_NON_INVENTORY
q05_openalex,OpenAlex,coffee roast colour caffeine trigonelline,15,The anti-obesity and health-promoting effects of tea and coffee,Alexander V. Sirotkin; Adriana Kolesárová,2021,10.33549/physiolres.934674,https://doi.org/10.33549/physiolres.934674,2026-08-25,candidate_0170,,OUT_OF_SCOPE_NON_INVENTORY
q05_openalex,OpenAlex,coffee roast colour caffeine trigonelline,16,Evaluation of the potential of FTIR and chemometrics for separation between defective and non-defective coffees,Ana Paula Craig; Adriana S. Franca; Leandro S. Oliveira,2011,10.1016/j.foodchem.2011.11.121,https://doi.org/10.1016/j.foodchem.2011.11.121,2026-08-25,candidate_0171,,OUT_OF_SCOPE_NON_INVENTORY
q05_openalex,OpenAlex,coffee roast colour caffeine trigonelline,17,Coffee fermentation: Expedition from traditional to controlled process and perspectives for industrialization,Hosam Elhalis; Julian Cox; Jian Zhao,2022,10.1016/j.afres.2022.100253,https://doi.org/10.1016/j.afres.2022.100253,2026-08-25,candidate_0172,,OUT_OF_SCOPE_NON_INVENTORY
q05_openalex,OpenAlex,coffee roast colour caffeine trigonelline,18,Changes of Antioxidant Capacity of Robusta Coffee during Roasting,Lenka Votavová; M. Voldřich; Rudolf Ševčík; Helena Čížková; J. Mlejnecká; M. Stolař; T. Fleišman,2009,10.17221/1105-cjfs,https://doi.org/10.17221/1105-cjfs,2026-08-25,candidate_0081,candidate_0081,OUT_OF_SCOPE_NON_INVENTORY
q05_openalex,OpenAlex,coffee roast colour caffeine trigonelline,19,Coffee berry and green bean chemistry – Opportunities for improving cup quality and crop circularity,Robert D. Hall; Fabio Trevisan; Ric C. H. de Vos,2021,10.1016/j.foodres.2021.110825,https://doi.org/10.1016/j.foodres.2021.110825,2026-08-25,candidate_0173,,OUT_OF_SCOPE_NON_INVENTORY
q05_openalex,OpenAlex,coffee roast colour caffeine trigonelline,20,"Shade and Altitude Implications on the Physical and Chemical Attributes of Green Coffee Beans from Gorongosa Mountain, Mozambique",Crimildo T. Cassamo; Adilson V. J. Mangueze; António E. Leitão; Isabel P. Pais; Rita Moreira; Claudine Campa; R. M. Chiulele; Fabrício de Oliveira Reis; Isabel Marques; Paula Scotti‐Campos; Fernando C. Lidon; Fábio Luiz Partelli; Ana I. Ribeiro‐Barros; José C. Ramalho,2022,10.3390/agronomy12102540,https://doi.org/10.3390/agronomy12102540,2026-08-25,candidate_0174,,OUT_OF_SCOPE_NON_INVENTORY
q05_generalpublicweb,GeneralPublicWeb,coffee roast colour caffeine trigonelline,1,"10 Best Coffee Shops in Lubbock, TX (2026)",,,,https://mycoffeeexplorer.com/guides/lubbock,2026-08-25,candidate_0175,,OUT_OF_SCOPE_NON_INVENTORY
q05_generalpublicweb,GeneralPublicWeb,coffee roast colour caffeine trigonelline,2,"THE BEST 10 COFFEE & TEA IN LUBBOCK, TX - UPDATED AUGUST 2026 ... - Yelp",,,,https://www.yelp.com/search?cflt=coffee&find_loc=Lubbock%2C+TX,2026-08-25,candidate_0176,,OUT_OF_SCOPE_NON_INVENTORY
q05_generalpublicweb,GeneralPublicWeb,coffee roast colour caffeine trigonelline,3,9 Must-Try Coffee Shops in Lubbock | Visit Lubbock,,,,https://visitlubbock.org/blog/9-must-try-coffee-shops-in-lubbock,2026-08-25,candidate_0177,,OUT_OF_SCOPE_NON_INVENTORY
q05_generalpublicweb,GeneralPublicWeb,coffee roast colour caffeine trigonelline,4,Monomyth Coffee | Lubbock Coffee Roaster & Café,,,,https://monomythcoffee.com/,2026-08-25,candidate_0178,,OUT_OF_SCOPE_NON_INVENTORY
q05_generalpublicweb,GeneralPublicWeb,coffee roast colour caffeine trigonelline,5,Coffee - Wikipedia,,,,https://en.wikipedia.org/wiki/Coffee,2026-08-25,candidate_0146,candidate_0146,OUT_OF_SCOPE_NON_INVENTORY
q05_generalpublicweb,GeneralPublicWeb,coffee roast colour caffeine trigonelline,6,"TOP 10 BEST Coffeeshops in Lubbock, TX - Updated 2026 - Yelp",,,,https://www.yelp.com/search?find_desc=coffeeshops&find_loc=Lubbock%2C+TX,2026-08-25,candidate_0179,,OUT_OF_SCOPE_NON_INVENTORY
q05_generalpublicweb,GeneralPublicWeb,coffee roast colour caffeine trigonelline,7,Coffee Shop in Lubbock | Dutch Bros Coffee Drive-Thru,,,,https://www.dutchbros.com/locations/tx/lubbock/5212-slide-rd,2026-08-25,candidate_0180,,OUT_OF_SCOPE_NON_INVENTORY
q05_generalpublicweb,GeneralPublicWeb,coffee roast colour caffeine trigonelline,8,8 Best Coffee Shops in Lubbock 2026: Great Cafés to Try!,,,,https://cornercoffeestore.com/best-coffee-shops-in-lubbock/,2026-08-25,candidate_0181,,OUT_OF_SCOPE_NON_INVENTORY
q05_generalpublicweb,GeneralPublicWeb,coffee roast colour caffeine trigonelline,9,7 Brew Drive-thru Coffee,,,,https://7brew.com/,2026-08-25,candidate_0182,,OUT_OF_SCOPE_NON_INVENTORY
q05_generalpublicweb,GeneralPublicWeb,coffee roast colour caffeine trigonelline,10,Menu - Starbucks Coffee Company,,,,https://www.starbucks.com/menu,2026-08-25,candidate_0183,,OUT_OF_SCOPE_NON_INVENTORY
q06_crossref,Crossref,Agtron caffeine trigonelline coffee,1,"Optimization of Methodology for Simultaneous Quantification of Trigonelline, 5Caffeoylquinic Acid, and Caffeine in Green and Roasted Coffee Extracts by HPLC",,,10.1021/acsomega.5c05526.s001,https://doi.org/10.1021/acsomega.5c05526.s001,2026-08-25,candidate_0001,candidate_0001,ATLAS_INCLUDED_METADATA_ONLY
q06_crossref,Crossref,Agtron caffeine trigonelline coffee,2,"The influence of coffee bean maturity on the content of chlorogenic acids, caffeine and trigonelline",M.N. Clifford; T. Kazi,1987,10.1016/0308-8146(87)90167-1,https://doi.org/10.1016/0308-8146(87)90167-1,2026-08-25,candidate_0083,candidate_0083,ATLAS_INCLUDED_METADATA_ONLY
q06_crossref,Crossref,Agtron caffeine trigonelline coffee,3,"Abstract B73: The association of caffeine, trigonelline, and chlorogenic acid, active components from coffee, enhances caffeine-induced cytotoxicity in hepatocellular carcinoma cells",Guilherme Ribeiro Romualdo; Tereza Cristina Da Silva; Bruno Cogliati; Luis Fernando Barbisan,2018,10.1158/1557-3265.tcm17-b73,https://doi.org/10.1158/1557-3265.tcm17-b73,2026-08-25,candidate_0092,candidate_0092,ATLAS_INCLUDED_METADATA_ONLY
q06_crossref,Crossref,Agtron caffeine trigonelline coffee,4,Determination of Caffeine and Trigonelline in Coffee by Paper Chromatography,Lawrence Kogan; F. J. DiCarlo; W. E. Maynard,1953,10.1021/ac60079a036,https://doi.org/10.1021/ac60079a036,2026-08-25,candidate_0093,candidate_0093,ATLAS_INCLUDED_METADATA_ONLY
q06_crossref,Crossref,Agtron caffeine trigonelline coffee,5,"Fast simultaneous analysis of caffeine, trigonelline, nicotinic acid and sucrose in coffee by liquid chromatography–mass spectrometry",Daniel Perrone; Carmen Marino Donangelo; Adriana Farah,2008,10.1016/j.foodchem.2008.03.012,https://doi.org/10.1016/j.foodchem.2008.03.012,2026-08-25,candidate_0094,candidate_0094,ATLAS_INCLUDED_METADATA_ONLY
q06_crossref,Crossref,Agtron caffeine trigonelline coffee,6,"HPLC/diode-array applied to the thermal degradation of trigonelline, nicotinic acid and caffeine in coffee",S. Casal; M. Beatriz Oliveira; Margarida A. Ferreira,2000,10.1016/s0308-8146(99)00228-9,https://doi.org/10.1016/s0308-8146(99)00228-9,2026-08-25,candidate_0003,candidate_0003,ATLAS_INCLUDED_METADATA_ONLY
q06_crossref,Crossref,Agtron caffeine trigonelline coffee,7,"Influence of Post-harvest Treatment on the Chlorogenic Acid (3, 4, 5-Caffeoylquinic Acids), Caffeine and Trigonelline Content of Green Coffee Beans of Ethiopian Origin",Girum  Habte Beyene; Kyong Kim; Joon Hong; Ji Choi; Eun Nho,2025,10.2139/ssrn.5533441,https://doi.org/10.2139/ssrn.5533441,2026-08-25,candidate_0084,candidate_0084,ATLAS_INCLUDED_METADATA_ONLY
q06_crossref,Crossref,Agtron caffeine trigonelline coffee,8,Selective determination of caffeine and trigonelline in aqueous extract of green coffee beans by FT-MIR-ATR spectroscopy,Hagos Yisak; Mesfin Redi-Abshiro; Bhagwan Singh Chandravanshi,2018,10.1016/j.vibspec.2018.05.003,https://doi.org/10.1016/j.vibspec.2018.05.003,2026-08-25,candidate_0095,candidate_0095,ATLAS_INCLUDED_METADATA_ONLY
q06_crossref,Crossref,Agtron caffeine trigonelline coffee,9,"Comparison of Extraction Methods for Caffeine, Chlorogenic Acids and Trigonelline in Green and Roasted Coffee Beans",Adriana S. Franca; Leandro S. Oliveira; Maria Lúcia A. Borges; Vany P. Ferraz,2001,10.13031/2013.7478,https://doi.org/10.13031/2013.7478,2026-08-25,candidate_0002,candidate_0002,ATLAS_INCLUDED_METADATA_ONLY
q06_crossref,Crossref,Agtron caffeine trigonelline coffee,10,"Simultaneous determination of total chlorogenic acid, trigonelline and caffeine in green coffee samples by high performance gel filtration chromatography",C.A.B. De Maria; L.C. Trugo; R.F.A. Moreira; M. Petracco,1995,10.1016/0308-8146(95)93298-6,https://doi.org/10.1016/0308-8146(95)93298-6,2026-08-25,candidate_0153,candidate_0153,ATLAS_INCLUDED_METADATA_ONLY
q06_crossref,Crossref,Agtron caffeine trigonelline coffee,11,Speculation on DPN as a Biochemical Precursor of Caffeine and Trigonelline in Coffee*,R.E. Kremers,1954,10.1002/jps.3030430711,https://doi.org/10.1002/jps.3030430711,2026-08-25,candidate_0154,candidate_0154,ATLAS_INCLUDED_METADATA_ONLY
q06_crossref,Crossref,Agtron caffeine trigonelline coffee,12,High-Performance Liquid Chromatography Analysis of Caffeine and Trigonelline in Instant Coffee: A Malaysian Market Study,Yen Mae Lee; Cherlyn Chen Xia Cheng; Lai Chun Wong,2025,10.22452/mjs.vol44no4.5,https://doi.org/10.22452/mjs.vol44no4.5,2026-08-25,candidate_0155,candidate_0155,ATLAS_INCLUDED_METADATA_ONLY
q06_crossref,Crossref,Agtron caffeine trigonelline coffee,13,"Rapid Analysis of Caffeine, Protein and Trigonelline in Ugandan Arabica Coffee Using NIRS and Machine Learning Algorithms",Joseph Mbihayeimaana; Jimcall Pfumorodze; Ephraim Nuwamanya; Godfrey Sseremba; Vincent Kyaligonza; Paula Iragaba; Michael Kanaabi; James Madzimure,2026,10.3390/plants15142117,https://doi.org/10.3390/plants15142117,2026-08-25,candidate_0156,candidate_0156,ATLAS_INCLUDED_METADATA_ONLY
q06_crossref,Crossref,Agtron caffeine trigonelline coffee,14,Time-resolved extraction of caffeine and trigonelline from finely-ground espresso coffee with varying particle sizes and tamping pressures,Michael Kuhn; Sandra Lang; Franziska Bezold; Mirjana Minceva; Heiko Briesen,2017,10.1016/j.jfoodeng.2017.03.002,https://doi.org/10.1016/j.jfoodeng.2017.03.002,2026-08-25,candidate_0158,candidate_0158,ATLAS_INCLUDED_METADATA_ONLY
q06_crossref,Crossref,Agtron caffeine trigonelline coffee,15,"Quantification of caffeine, trigonelline and nicotinic acid in espresso coffee: the influence of espresso machines and coffee cultivars",Giovanni Caprioli; Manuela Cortese; Filippo Maggi; Caterina Minnetti; Luigi Odello; Gianni Sagratini; Sauro Vittori,2014,10.3109/09637486.2013.873890,https://doi.org/10.3109/09637486.2013.873890,2026-08-25,candidate_0160,candidate_0160,ATLAS_INCLUDED_METADATA_ONLY
q06_crossref,Crossref,Agtron caffeine trigonelline coffee,16,"Analysis of Caffeine, Chlorogenic Acid, Trigonelline, and Volatile Compounds in Cold Brew Coffee Using High-Performance Liquid Chromatography and Solid-Phase Microextraction—Gas Chromatography-Mass Spectrometry",JeongAe Heo; Koushik Adhikari; Kap Seong Choi; Jeehyun Lee,2020,10.3390/foods9121746,https://doi.org/10.3390/foods9121746,2026-08-25,candidate_0184,,ATLAS_INCLUDED_METADATA_ONLY
q06_crossref,Crossref,Agtron caffeine trigonelline coffee,17,Trigonelline content in coffee beans and the thermal conversion of trigonelline into nicotinic acid during the roasting of coffee beans.,Hiroshi TAGUCHI; Muneto SAKAGUCHI; Yoshihide SHIMABAYASHI,1985,10.1271/bbb1961.49.3467,https://doi.org/10.1271/bbb1961.49.3467,2026-08-25,candidate_0089,candidate_0089,ATLAS_INCLUDED_METADATA_ONLY
q06_crossref,Crossref,Agtron caffeine trigonelline coffee,18,"Rapid and simultaneous determination of trigonelline, caffeine, and chlorogenic acid in green coffee bean extract",Minaleshewa Atlabachew; Atakilt Abebe; Tessera Alemneh Wubieneh; Yilak Tefera Habtemariam,2021,10.1002/fsn3.2456,https://doi.org/10.1002/fsn3.2456,2026-08-25,candidate_0185,,ATLAS_INCLUDED_METADATA_ONLY
q06_crossref,Crossref,Agtron caffeine trigonelline coffee,19,Trigonelline in coffee,Paulo Mazzafera,1991,10.1016/0031-9422(91)83637-z,https://doi.org/10.1016/0031-9422(91)83637-z,2026-08-25,candidate_0186,,ATLAS_INCLUDED_METADATA_ONLY
q06_crossref,Crossref,Agtron caffeine trigonelline coffee,20,Trigonelline Content in Coffee Beans and the Thermal Conversion of Trigonelline into Nicotinic Acid during the Roasting of Coffee Beans,Hiroshi Taguchi; Muneto Sakaguchi; Yoshihide Shimabayashi,1985,10.1080/00021369.1985.10867295,https://doi.org/10.1080/00021369.1985.10867295,2026-08-25,candidate_0090,candidate_0090,ATLAS_INCLUDED_METADATA_ONLY
q06_openalex,OpenAlex,Agtron caffeine trigonelline coffee,1,Chemometric models for the quantitative descriptive sensory analysis of Arabica coffee beverages using near infrared spectroscopy,Juliano Souza Ribeiro; Márcia M. C. Ferreira; T. J. G. Salva,2010,10.1016/j.talanta.2010.11.001,https://doi.org/10.1016/j.talanta.2010.11.001,2026-08-25,candidate_0073,candidate_0073,OUT_OF_SCOPE_NON_INVENTORY
q06_openalex,OpenAlex,Agtron caffeine trigonelline coffee,2,Roasting process affects differently the bioactive compounds and the antioxidant activity of arabica and robusta coffees,Josiane Alessandra Vignoli; Marcelo Caldeira Viegas; Denisley Gentil Bassoli; Marta de Toledo Benassi,2013,10.1016/j.foodres.2013.06.006,https://doi.org/10.1016/j.foodres.2013.06.006,2026-08-25,candidate_0068,candidate_0068,OUT_OF_SCOPE_NON_INVENTORY
q06_openalex,OpenAlex,Agtron caffeine trigonelline coffee,3,"Caffeine, trigonelline, chlorogenic acids, melanoidins, and diterpenes contents of Coffea canephora coffees produced in the Amazon",Thayna Viencz; Lucas Bonfanti Acre; Rodrigo Barros Rocha; Enrique Anastácio Alves; A. R. Ramalho; Marta de Toledo Benassi,2023,10.1016/j.jfca.2023.105140,https://doi.org/10.1016/j.jfca.2023.105140,2026-08-25,candidate_0079,candidate_0079,ATLAS_INCLUDED_METADATA_ONLY
q06_openalex,OpenAlex,Agtron caffeine trigonelline coffee,4,Effects of coffee roasting technologies on cup quality and bioactive compounds of specialty coffee beans,Muluken Bolka; Shimelis Admassu Emire,2020,10.1002/fsn3.1904,https://doi.org/10.1002/fsn3.1904,2026-08-25,candidate_0187,,OUT_OF_SCOPE_NON_INVENTORY
q06_openalex,OpenAlex,Agtron caffeine trigonelline coffee,5,Degradation of benzopyrene and acrylamide in roasted coffee beans by corona discharge plasma jet (CDPJ) and its effects on biochemical and sensory properties,Taehoon Lee; Hyesung Park; Pradeep Puligundla; gwi-hee koh; Jung-Ro Yoon; Chulkyoon Mok,2020,10.1016/j.foodchem.2020.127117,https://doi.org/10.1016/j.foodchem.2020.127117,2026-08-25,candidate_0188,,OUT_OF_SCOPE_NON_INVENTORY
q06_openalex,OpenAlex,Agtron caffeine trigonelline coffee,6,The changes in chemical properties of coffee during roasting: A review,Elsera Br Tarigan; Edi Wardiana; Y S Hilmi; Nurul Amri Komarudin,2022,10.1088/1755-1315/974/1/012115,https://doi.org/10.1088/1755-1315/974/1/012115,2026-08-25,candidate_0189,,OUT_OF_SCOPE_NON_INVENTORY
q06_openalex,OpenAlex,Agtron caffeine trigonelline coffee,7,Polycyclic aromatic hydrocarbons in coffee brew: Influence of roasting and brewing procedures in two Coffea cultivars,Sílvia Amélia Verdiani Tfouni; Camila S. Serrate; Fernanda M. Leme; Mônica Cristiane Rojo de Camargo; C. R. A. Teles; Kátia Maria Vieira Avelar Bittencourt Cipolli; Régina Prado Zanes Furlani,2012,10.1016/j.lwt.2012.08.015,https://doi.org/10.1016/j.lwt.2012.08.015,2026-08-25,candidate_0190,,OUT_OF_SCOPE_NON_INVENTORY
q06_openalex,OpenAlex,Agtron caffeine trigonelline coffee,8,Acids in brewed coffees: Chemical composition and sensory threshold,Christina J. Birke Rune; Davide Giacalone; Ida Steen; Lars Duelund; Morten Münchow; Mathias P. Clausen,2023,10.1016/j.crfs.2023.100485,https://doi.org/10.1016/j.crfs.2023.100485,2026-08-25,candidate_0191,,OUT_OF_SCOPE_NON_INVENTORY
q06_openalex,OpenAlex,Agtron caffeine trigonelline coffee,9,"Bioactive compounds, antioxidant activity and antiproliferative effects in prostate cancer cells of green and roasted coffee extracts obtained by microwave-assisted extraction (MAE)",Júlia Montenegro; Lauriza Silva dos Santos; Rodrigo Gonçalves Gusmão de Souza; Larissa Gabrielly Barbosa Lima; Daniella Santos Mattos; Bruna Prunes Pena Baroni Viana; Ana Clara Santos da Fonseca Bastos; Leda Muzzi; Carlos Adam Conte‐Júnior; Etel Rodrigues Pereira Gimba; Otniel Freitas‐Silva; Anderson Junger Teodoro,2020,10.1016/j.foodres.2020.110014,https://doi.org/10.1016/j.foodres.2020.110014,2026-08-25,candidate_0192,,OUT_OF_SCOPE_NON_INVENTORY
q06_openalex,OpenAlex,Agtron caffeine trigonelline coffee,10,Thermal Contaminants in Coffee Induced by Roasting: A Review,David Silva da Costa; T.G. Albuquerque; H.S. Costa; Adriana Pavesi Arisseto Bragotto,2023,10.3390/ijerph20085586,https://doi.org/10.3390/ijerph20085586,2026-08-25,candidate_0193,,OUT_OF_SCOPE_NON_INVENTORY
q06_openalex,OpenAlex,Agtron caffeine trigonelline coffee,11,Chemical Composition and Sensory Quality of Coffee Fruits at Different Stages of Maturity,Valentina Osorio; Luis G. Matallana; Mario Roberto Fernandez-Alduenda; Cristina Inés Alvarez Barreto; Claudia Patricia Gallego; Esther Cecilia Montoya Restrepo,2023,10.3390/agronomy13020341,https://doi.org/10.3390/agronomy13020341,2026-08-25,candidate_0194,,OUT_OF_SCOPE_NON_INVENTORY
q06_openalex,OpenAlex,Agtron caffeine trigonelline coffee,12,Co-inoculation of yeasts starters: A strategy to improve quality of low altitude Arabica coffee,Ana Paula Pereira Bressani; Silvia Juliana Martinez; Nádia Nara Batista; João Batista Pavesi Simão; Disney Ribeiro Dias; Rosane Freitas Schwan,2021,10.1016/j.foodchem.2021.130133,https://doi.org/10.1016/j.foodchem.2021.130133,2026-08-25,candidate_0195,,OUT_OF_SCOPE_NON_INVENTORY
q06_openalex,OpenAlex,Agtron caffeine trigonelline coffee,13,Discrimination of Arabica and Conilon Coffee from Physicochemical Properties Allied to Chemometrics,Bárbara Zani Agnoletti; Emanuele Catarina da Silva Oliveira; Patrícia Fontes Pinheiro; Sérgio Henriques Saraiva,2019,10.21577/1984-6835.20190057,https://doi.org/10.21577/1984-6835.20190057,2026-08-25,candidate_0196,,OUT_OF_SCOPE_NON_INVENTORY
q06_openalex,OpenAlex,Agtron caffeine trigonelline coffee,14,Origin geographical classification of green coffee beans (Coffea arabica L.) produced in different regions of the Minas Gerais state by FT-MIR and chemometric,Geissy de Azevedo Mendes; Marcone Augusto Leal de Oliveira; Mírian Pereira Rodarte; V. Anjos; Maria José Valenzuela Bell,2022,10.1016/j.crfs.2022.01.017,https://doi.org/10.1016/j.crfs.2022.01.017,2026-08-25,candidate_0197,,OUT_OF_SCOPE_NON_INVENTORY
q06_openalex,OpenAlex,Agtron caffeine trigonelline coffee,15,Determination of caffeine in Robusta coffee beans with different roasting method using UV-Vis spectrophotometry,Bachtiar Rifai Pratita Ihsan; Alvan Febrian Shalas; Yao Adjoua Elisabeth; Claudia L.M.; Anggita Rosiana Putri,2023,10.26656/fr.2017.7(6).1006,https://doi.org/10.26656/fr.2017.7(6).1006,2026-08-25,candidate_0198,,ATLAS_INCLUDED_METADATA_ONLY
q06_openalex,OpenAlex,Agtron caffeine trigonelline coffee,16,Impacts of quaker beans over sensory characteristics and volatile composition of specialty natural coffees,Mariane Helena Sances Rabelo; Flávio Meira Borém; Renato Ribeiro de Lima; Ana Paula de Carvalho Alves; Ana Carla Marques Pinheiro; Diego Egídio Ribeiro; Cláudia Mendes dos Santos; Rosemary Gualberto Fonseca Alvarenga Pereira,2020,10.1016/j.foodchem.2020.128304,https://doi.org/10.1016/j.foodchem.2020.128304,2026-08-25,candidate_0199,,OUT_OF_SCOPE_NON_INVENTORY
q06_openalex,OpenAlex,Agtron caffeine trigonelline coffee,17,Risk assessment of coffees of different qualities and degrees of roasting,Carina Quintanilha da Silva; Andréia da Silva Fernandes; Gabriela Félix Teixeira; Rodrigo José França; Mônica Regina da Costa Marques; Israel Felzenszwalb; Deborah Quintanilha Falcão; Elisa Raquel Anastácio Ferraz,2021,10.1016/j.foodres.2020.110089,https://doi.org/10.1016/j.foodres.2020.110089,2026-08-25,candidate_0200,,OUT_OF_SCOPE_NON_INVENTORY
q06_openalex,OpenAlex,Agtron caffeine trigonelline coffee,18,Alterations in pH of Coffee Bean Extract and Properties of Chlorogenic Acid Based on the Roasting Degree,Yi Kyeoung Kim; Yi Kyeoung Kim; Jae‐Min Lim; Young‐Jae Kim; Young‐Jae Kim; Wook Jin Kim,2024,10.3390/foods13111757,https://doi.org/10.3390/foods13111757,2026-08-25,candidate_0201,,OUT_OF_SCOPE_NON_INVENTORY
q06_openalex,OpenAlex,Agtron caffeine trigonelline coffee,19,Thermal Analysis of the Reactions and Kinetics of Green Coffee During Roasting,Vladimir Strezov; Tim Evans,2005,10.1081/jfp-200048060,https://doi.org/10.1081/jfp-200048060,2026-08-25,candidate_0202,,OUT_OF_SCOPE_NON_INVENTORY
q06_openalex,OpenAlex,Agtron caffeine trigonelline coffee,20,"Integrated 1H NMR fingerprint with NIR spectroscopy, sensory properties, and quality parameters in a multi-block data analysis using ComDim to evaluate coffee blends",Michel Rocha Baqueta; Aline Coqueiro; Paulo Henrique Março; Manuela Mandrone; Ferruccio Poli; Patrícia Valderrama,2021,10.1016/j.foodchem.2021.129618,https://doi.org/10.1016/j.foodchem.2021.129618,2026-08-25,candidate_0203,,OUT_OF_SCOPE_NON_INVENTORY
q06_generalpublicweb,GeneralPublicWeb,Agtron caffeine trigonelline coffee,1,Arañitas en las piernas: sus causas y cómo eliminarlas,,,,https://movidasana.com/aranitas-en-las-piernas/,2026-08-25,candidate_0204,,OUT_OF_SCOPE_NON_INVENTORY
q06_generalpublicweb,GeneralPublicWeb,Agtron caffeine trigonelline coffee,2,Arañitas en las piernas: ¿por qué salen y cómo eliminarlas? | Bioguia,,,,https://www.bioguia.com/bienestar/aranitas-las-piernas-salen-como-eliminarlas_100100454.html,2026-08-25,candidate_0205,,OUT_OF_SCOPE_NON_INVENTORY
q06_generalpublicweb,GeneralPublicWeb,Agtron caffeine trigonelline coffee,3,Cómo Quitar las Arañitas de las Piernas: 2 Recetas Efectivas,,,,https://tusaludtotal.com/como-quitar-las-aranitas-de-las-piernas/,2026-08-25,candidate_0206,,OUT_OF_SCOPE_NON_INVENTORY
q06_generalpublicweb,GeneralPublicWeb,Agtron caffeine trigonelline coffee,4,Arañitas vasculares en las piernas: por qué salen y cómo quitarlas,,,,https://doctorheredia.com/aranitas-vasculares-en-las-piernas-por-que-salen-y-como-quitarlas/,2026-08-25,candidate_0207,,OUT_OF_SCOPE_NON_INVENTORY
q06_generalpublicweb,GeneralPublicWeb,Agtron caffeine trigonelline coffee,5,"Arañitas en las piernas: causas, síntomas y tratamientos",,,,https://www.doctor-online.com.ar/aranitas-en-las-piernas/,2026-08-25,candidate_0208,,OUT_OF_SCOPE_NON_INVENTORY
q06_generalpublicweb,GeneralPublicWeb,Agtron caffeine trigonelline coffee,6,4 remedios caseros para eliminar las arañitas de las piernas y aliviar ...,,,,https://www.elespectador.com/cromos/vida-sana/4-remedios-caseros-para-eliminar-las-aranitas-de-las-piernas-y-aliviar-el-dolor/,2026-08-25,candidate_0209,,OUT_OF_SCOPE_NON_INVENTORY
q06_generalpublicweb,GeneralPublicWeb,Agtron caffeine trigonelline coffee,7,"Arañitas en las piernas: causas, prevención y tratamiento",,,,https://www.doctor-online.com.ar/aranitas-en-las-piernas-causas/,2026-08-25,candidate_0210,,OUT_OF_SCOPE_NON_INVENTORY
q06_generalpublicweb,GeneralPublicWeb,Agtron caffeine trigonelline coffee,8,'Arañitas' en las piernas: ¿Por qué salen y cómo se eliminan?,,,,https://www.teletica.com/estilo-de-vida/aranitas-en-las-piernas-por-que-salen-y-como-se-eliminan_382273,2026-08-25,candidate_0211,,OUT_OF_SCOPE_NON_INVENTORY
q06_generalpublicweb,GeneralPublicWeb,Agtron caffeine trigonelline coffee,9,Arañas vasculares en las piernas: consejos y tratamientos,,,,https://cuidateplus.marca.com/belleza-y-piel/cuidados-cuerpo/2025/01/25/aranas-vasculares-piernas-consejos-tratamientos-182744.html,2026-08-25,candidate_0212,,OUT_OF_SCOPE_NON_INVENTORY
q06_generalpublicweb,GeneralPublicWeb,Agtron caffeine trigonelline coffee,10,Cómo quitar arañas vasculares: Tratamientos efectivos para eliminarlas,,,,https://doctoramontenegro.com/como-quitar-aranas-vasculares/,2026-08-25,candidate_0213,,OUT_OF_SCOPE_NON_INVENTORY
q07_crossref,Crossref,coffee roasting caffeine trigonelline dry basis moisture,1,MECHANISM OF PYRIDINE FORMATION FROM TRIGONELLINE UNDER COFFEE ROASTING CONDITIONS,G.P. Rizzi; R.A. Sanders,1996,10.1533/9781845698232.4.206,https://doi.org/10.1533/9781845698232.4.206,2026-08-25,candidate_0214,,ATLAS_INCLUDED_METADATA_ONLY
q07_crossref,Crossref,coffee roasting caffeine trigonelline dry basis moisture,2,Trigonelline content in coffee beans and the thermal conversion of trigonelline into nicotinic acid during the roasting of coffee beans.,Hiroshi TAGUCHI; Muneto SAKAGUCHI; Yoshihide SHIMABAYASHI,1985,10.1271/bbb1961.49.3467,https://doi.org/10.1271/bbb1961.49.3467,2026-08-25,candidate_0089,candidate_0089,ATLAS_INCLUDED_METADATA_ONLY
q07_crossref,Crossref,coffee roasting caffeine trigonelline dry basis moisture,3,Trigonelline Content in Coffee Beans and the Thermal Conversion of Trigonelline into Nicotinic Acid during the Roasting of Coffee Beans,Hiroshi Taguchi; Muneto Sakaguchi; Yoshihide Shimabayashi,1985,10.1080/00021369.1985.10867295,https://doi.org/10.1080/00021369.1985.10867295,2026-08-25,candidate_0090,candidate_0090,ATLAS_INCLUDED_METADATA_ONLY
q07_crossref,Crossref,coffee roasting caffeine trigonelline dry basis moisture,4,"Optimization of Methodology for Simultaneous Quantification of Trigonelline, 5Caffeoylquinic Acid, and Caffeine in Green and Roasted Coffee Extracts by HPLC",,,10.1021/acsomega.5c05526.s001,https://doi.org/10.1021/acsomega.5c05526.s001,2026-08-25,candidate_0001,candidate_0001,ATLAS_INCLUDED_METADATA_ONLY
q07_crossref,Crossref,coffee roasting caffeine trigonelline dry basis moisture,5,"The influence of coffee bean maturity on the content of chlorogenic acids, caffeine and trigonelline",M.N. Clifford; T. Kazi,1987,10.1016/0308-8146(87)90167-1,https://doi.org/10.1016/0308-8146(87)90167-1,2026-08-25,candidate_0083,candidate_0083,ATLAS_INCLUDED_METADATA_ONLY
q07_crossref,Crossref,coffee roasting caffeine trigonelline dry basis moisture,6,Chemical Characterization of Green Coffee Beans and Determining the Effect of Roasting Temperature on the Content of Caffeine,,2019,10.7176/cmr/11-8-03,https://doi.org/10.7176/cmr/11-8-03,2026-08-25,candidate_0215,,ATLAS_INCLUDED_METADATA_ONLY
q07_crossref,Crossref,coffee roasting caffeine trigonelline dry basis moisture,7,On the Generation of Bioactive Trigonelline Degradation Products upon Coffee Roasting and their Bioappearance after Coffee Consumption,R. Lang; T. Hofmann,2009,10.17221/629-cjfs,https://doi.org/10.17221/629-cjfs,2026-08-25,candidate_0216,,ATLAS_INCLUDED_METADATA_ONLY
q07_crossref,Crossref,coffee roasting caffeine trigonelline dry basis moisture,8,THE EFFECT OF RICE INCLUSION ON THE MEDIUM ROASTING PROFILE ON ACIDITY LEVELS AND CAFFEINE CONTENT OF SUMOWONO ARABICA COFFEE (COFFEA ARABICA),Indah Riwayati; Muhammad Khoirul Amin; Laeli Kurniasari; Mochamad Purnomo,2025,10.31942/ce.v10i1.12731,https://doi.org/10.31942/ce.v10i1.12731,2026-08-25,candidate_0050,candidate_0050,ATLAS_INCLUDED_METADATA_ONLY
q07_crossref,Crossref,coffee roasting caffeine trigonelline dry basis moisture,9,Caffeine extraction from Arabic coffee,Saad Mohammed AlShareef,2021,10.4103/ijas.ijas_6_21,https://doi.org/10.4103/ijas.ijas_6_21,2026-08-25,candidate_0217,,ATLAS_INCLUDED_METADATA_ONLY
q07_crossref,Crossref,coffee roasting caffeine trigonelline dry basis moisture,10,"Abstract B73: The association of caffeine, trigonelline, and chlorogenic acid, active components from coffee, enhances caffeine-induced cytotoxicity in hepatocellular carcinoma cells",Guilherme Ribeiro Romualdo; Tereza Cristina Da Silva; Bruno Cogliati; Luis Fernando Barbisan,2018,10.1158/1557-3265.tcm17-b73,https://doi.org/10.1158/1557-3265.tcm17-b73,2026-08-25,candidate_0092,candidate_0092,ATLAS_INCLUDED_METADATA_ONLY
q07_crossref,Crossref,coffee roasting caffeine trigonelline dry basis moisture,11,Determination of Caffeine and Trigonelline in Coffee by Paper Chromatography,Lawrence Kogan; F. J. DiCarlo; W. E. Maynard,1953,10.1021/ac60079a036,https://doi.org/10.1021/ac60079a036,2026-08-25,candidate_0093,candidate_0093,ATLAS_INCLUDED_METADATA_ONLY
q07_crossref,Crossref,coffee roasting caffeine trigonelline dry basis moisture,12,"Fast simultaneous analysis of caffeine, trigonelline, nicotinic acid and sucrose in coffee by liquid chromatography–mass spectrometry",Daniel Perrone; Carmen Marino Donangelo; Adriana Farah,2008,10.1016/j.foodchem.2008.03.012,https://doi.org/10.1016/j.foodchem.2008.03.012,2026-08-25,candidate_0094,candidate_0094,ATLAS_INCLUDED_METADATA_ONLY
q07_crossref,Crossref,coffee roasting caffeine trigonelline dry basis moisture,13,"HPLC/diode-array applied to the thermal degradation of trigonelline, nicotinic acid and caffeine in coffee",S. Casal; M. Beatriz Oliveira; Margarida A. Ferreira,2000,10.1016/s0308-8146(99)00228-9,https://doi.org/10.1016/s0308-8146(99)00228-9,2026-08-25,candidate_0003,candidate_0003,ATLAS_INCLUDED_METADATA_ONLY
q07_crossref,Crossref,coffee roasting caffeine trigonelline dry basis moisture,14,"Influence of Post-harvest Treatment on the Chlorogenic Acid (3, 4, 5-Caffeoylquinic Acids), Caffeine and Trigonelline Content of Green Coffee Beans of Ethiopian Origin",Girum  Habte Beyene; Kyong Kim; Joon Hong; Ji Choi; Eun Nho,2025,10.2139/ssrn.5533441,https://doi.org/10.2139/ssrn.5533441,2026-08-25,candidate_0084,candidate_0084,ATLAS_INCLUDED_METADATA_ONLY
q07_crossref,Crossref,coffee roasting caffeine trigonelline dry basis moisture,15,Selective determination of caffeine and trigonelline in aqueous extract of green coffee beans by FT-MIR-ATR spectroscopy,Hagos Yisak; Mesfin Redi-Abshiro; Bhagwan Singh Chandravanshi,2018,10.1016/j.vibspec.2018.05.003,https://doi.org/10.1016/j.vibspec.2018.05.003,2026-08-25,candidate_0095,candidate_0095,ATLAS_INCLUDED_METADATA_ONLY
q07_crossref,Crossref,coffee roasting caffeine trigonelline dry basis moisture,16,"Comparison of methylxantines, trigonelline, nicotinic acid and nicotinamide contents in brews of green and processed Arabica and Robusta coffee beans – Influence of steaming, decaffeination and roasting processes on coffee beans",Magdalena Jeszka-Skowron; Robert Frankowski; Agnieszka Zgoła-Grześkowiak,2020,10.1016/j.lwt.2020.109344,https://doi.org/10.1016/j.lwt.2020.109344,2026-08-25,candidate_0049,candidate_0049,ATLAS_INCLUDED_METADATA_ONLY
q07_crossref,Crossref,coffee roasting caffeine trigonelline dry basis moisture,17,"Comparison of Extraction Methods for Caffeine, Chlorogenic Acids and Trigonelline in Green and Roasted Coffee Beans",Adriana S. Franca; Leandro S. Oliveira; Maria Lúcia A. Borges; Vany P. Ferraz,2001,10.13031/2013.7478,https://doi.org/10.13031/2013.7478,2026-08-25,candidate_0002,candidate_0002,ATLAS_INCLUDED_METADATA_ONLY
q07_crossref,Crossref,coffee roasting caffeine trigonelline dry basis moisture,18,"Simultaneous determination of total chlorogenic acid, trigonelline and caffeine in green coffee samples by high performance gel filtration chromatography",C.A.B. De Maria; L.C. Trugo; R.F.A. Moreira; M. Petracco,1995,10.1016/0308-8146(95)93298-6,https://doi.org/10.1016/0308-8146(95)93298-6,2026-08-25,candidate_0153,candidate_0153,ATLAS_INCLUDED_METADATA_ONLY
q07_crossref,Crossref,coffee roasting caffeine trigonelline dry basis moisture,19,Speculation on DPN as a Biochemical Precursor of Caffeine and Trigonelline in Coffee*,R.E. Kremers,1954,10.1002/jps.3030430711,https://doi.org/10.1002/jps.3030430711,2026-08-25,candidate_0154,candidate_0154,ATLAS_INCLUDED_METADATA_ONLY
q07_crossref,Crossref,coffee roasting caffeine trigonelline dry basis moisture,20,Reducing Coffee Acidity and Caffeine through the Roasting Method using Azadirachtaindica Firewood,Dwi Putera; Yamin Yamin; Thoriqi Firdaus,2024,10.33394/hjkk.v12i3.12140,https://doi.org/10.33394/hjkk.v12i3.12140,2026-08-25,candidate_0218,,ATLAS_INCLUDED_METADATA_ONLY
q07_openalex,OpenAlex,coffee roasting caffeine trigonelline dry basis moisture,1,"Non-destructive analysis of sucrose, caffeine and trigonelline on single green coffee beans by hyperspectral imaging",Nicola Caporaso; Martin B. Whitworth; Stephen Grebby; Ian D. Fisk,2017,10.1016/j.foodres.2017.12.031,https://doi.org/10.1016/j.foodres.2017.12.031,2026-08-25,candidate_0029,candidate_0029,ATLAS_INCLUDED_METADATA_ONLY
q07_openalex,OpenAlex,coffee roasting caffeine trigonelline dry basis moisture,2,The lipid fraction of the coffee bean,Karl Speer; I. Kölling‐Speer,2006,10.1590/s1677-04202006000100014,https://doi.org/10.1590/s1677-04202006000100014,2026-08-25,candidate_0134,candidate_0134,OUT_OF_SCOPE_NON_INVENTORY
q07_openalex,OpenAlex,coffee roasting caffeine trigonelline dry basis moisture,3,Genetics of coffee quality,Thierry Leroy; Fabienne Ribeyre; Benoît Bertrand; Pierre Charmetant; Magali Dufour; Christophe Montagnon; Pierre Marraccini; David Pot,2006,10.1590/s1677-04202006000100016,https://doi.org/10.1590/s1677-04202006000100016,2026-08-25,candidate_0102,candidate_0102,OUT_OF_SCOPE_NON_INVENTORY
q07_openalex,OpenAlex,coffee roasting caffeine trigonelline dry basis moisture,4,Application of infrared spectral techniques on quality and compositional attributes of coffee: An overview,Douglas Fernandes Barbin; Ana Lúcia de Souza Madureira Felício; Da‐Wen Sun; Suzana Lucy Nixdorf; Elisa Yoko Hirooka,2014,10.1016/j.foodres.2014.01.005,https://doi.org/10.1016/j.foodres.2014.01.005,2026-08-25,candidate_0163,candidate_0163,OUT_OF_SCOPE_NON_INVENTORY
q07_openalex,OpenAlex,coffee roasting caffeine trigonelline dry basis moisture,5,"Caffeine, trigonelline, chlorogenic acids, melanoidins, and diterpenes contents of Coffea canephora coffees produced in the Amazon",Thayna Viencz; Lucas Bonfanti Acre; Rodrigo Barros Rocha; Enrique Anastácio Alves; A. R. Ramalho; Marta de Toledo Benassi,2023,10.1016/j.jfca.2023.105140,https://doi.org/10.1016/j.jfca.2023.105140,2026-08-25,candidate_0079,candidate_0079,ATLAS_INCLUDED_METADATA_ONLY
q07_openalex,OpenAlex,coffee roasting caffeine trigonelline dry basis moisture,6,Thermal Contaminants in Coffee Induced by Roasting: A Review,David Silva da Costa; T.G. Albuquerque; H.S. Costa; Adriana Pavesi Arisseto Bragotto,2023,10.3390/ijerph20085586,https://doi.org/10.3390/ijerph20085586,2026-08-25,candidate_0193,candidate_0193,OUT_OF_SCOPE_NON_INVENTORY
q07_openalex,OpenAlex,coffee roasting caffeine trigonelline dry basis moisture,7,Changes of Antioxidant Capacity of Robusta Coffee during Roasting,Lenka Votavová; M. Voldřich; Rudolf Ševčík; Helena Čížková; J. Mlejnecká; M. Stolař; T. Fleišman,2009,10.17221/1105-cjfs,https://doi.org/10.17221/1105-cjfs,2026-08-25,candidate_0081,candidate_0081,OUT_OF_SCOPE_NON_INVENTORY
q07_openalex,OpenAlex,coffee roasting caffeine trigonelline dry basis moisture,8,Rapid prediction of single green coffee bean moisture and lipid content by hyperspectral imaging,Nicola Caporaso; Martin B. Whitworth; Stephen Grebby; Ian D. Fisk,2018,10.1016/j.jfoodeng.2018.01.009,https://doi.org/10.1016/j.jfoodeng.2018.01.009,2026-08-25,candidate_0219,,OUT_OF_SCOPE_NON_INVENTORY
q07_openalex,OpenAlex,coffee roasting caffeine trigonelline dry basis moisture,9,Phytochemical Profile and Antioxidant Capacity of Coffee Plant Organs Compared to Green and Roasted Coffee Beans,Robert Acidri; Yumiko Sawai; Yuko Sugimoto; Takuo Handa; Daisuke Sasagawa; Tsugiyuki Masunaga; Sadahiro Yamamoto; Eiji Nishihara,2020,10.3390/antiox9020093,https://doi.org/10.3390/antiox9020093,2026-08-25,candidate_0026,candidate_0026,OUT_OF_SCOPE_NON_INVENTORY
q07_openalex,OpenAlex,coffee roasting caffeine trigonelline dry basis moisture,10,Evaluation of the thermal stability of bioactive compounds in coffee beans and their fractions modified in the roasting process,Joanna Grzelczyk; Petr Fiurasek; Ashok Kakkar; Grażyna Budryn,2022,10.1016/j.foodchem.2022.132888,https://doi.org/10.1016/j.foodchem.2022.132888,2026-08-25,candidate_0220,,OUT_OF_SCOPE_NON_INVENTORY
q07_openalex,OpenAlex,coffee roasting caffeine trigonelline dry basis moisture,11,Prediction of coffee aroma from single roasted coffee beans by hyperspectral imaging,Nicola Caporaso; Martin B. Whitworth; Ian D. Fisk,2021,10.1016/j.foodchem.2021.131159,https://doi.org/10.1016/j.foodchem.2021.131159,2026-08-25,candidate_0162,candidate_0162,OUT_OF_SCOPE_NON_INVENTORY
q07_openalex,OpenAlex,coffee roasting caffeine trigonelline dry basis moisture,12,Coffee By-Products and Their Suitability for Developing Active Food Packaging Materials,Gonçalo Oliveira; Cláudia P. Passos; Paula Ferreira; Manuel A. Coimbra; Idalina Gonçalves,2021,10.3390/foods10030683,https://doi.org/10.3390/foods10030683,2026-08-25,candidate_0221,,OUT_OF_SCOPE_NON_INVENTORY
q07_openalex,OpenAlex,coffee roasting caffeine trigonelline dry basis moisture,13,Rapid Prediction of Moisture Content in Intact Green Coffee Beans Using Near Infrared Spectroscopy,Adnan Adnan; Dieter von Hörsten; Elke Pawelzik; Daniel Mörlein,2017,10.3390/foods6050038,https://doi.org/10.3390/foods6050038,2026-08-25,candidate_0222,,OUT_OF_SCOPE_NON_INVENTORY
q07_openalex,OpenAlex,coffee roasting caffeine trigonelline dry basis moisture,14,"Interaction of genotype, environment and processing in the chemical composition expression and sensorial quality of Arabica coffee",Egidio Ribeiro Diego; Meira Borem Flavio; Angelo Cirillo Marcelo; Vilela Bernardes Prado Mariele; Perpetua Ferraz Vany; Maria Ramos Alves Helena; Henrique da Silva Taveira Jose,2016,10.5897/ajar2016.10832,https://doi.org/10.5897/ajar2016.10832,2026-08-25,candidate_0223,,OUT_OF_SCOPE_NON_INVENTORY
q07_openalex,OpenAlex,coffee roasting caffeine trigonelline dry basis moisture,15,"Characterization of Fatty Acid, Amino Acid and Volatile Compound Compositions and Bioactive Components of Seven Coffee (Coffea robusta) Cultivars Grown in Hainan Province, China",Wenjiang Dong; Lehe Tan; Jianping Zhao; Rongsuo Hu; Minquan Lu,2015,10.3390/molecules200916687,https://doi.org/10.3390/molecules200916687,2026-08-25,candidate_0169,candidate_0169,OUT_OF_SCOPE_NON_INVENTORY
q07_openalex,OpenAlex,coffee roasting caffeine trigonelline dry basis moisture,16,Characterization of the Aroma Profile and Main Key Odorants of Espresso Coffee,Simone Angeloni; Ahmed M. Mustafa; Doaa Abouelenein; Laura Alessandroni; Laura Acquaticci; Franks Kamgang Nzekoue; Riccardo Petrelli; Gianni Sagratini; Sauro Vittori; Elisabetta Torregiani; Giovanni Caprioli,2021,10.3390/molecules26133856,https://doi.org/10.3390/molecules26133856,2026-08-25,candidate_0224,,OUT_OF_SCOPE_NON_INVENTORY
q07_openalex,OpenAlex,coffee roasting caffeine trigonelline dry basis moisture,17,Metabolomics and volatile fingerprint of yeast fermented robusta coffee: A value added coffee,Inderjit Prakash; Shankar S. R; Sneha H. P; P. K. Anil Kumar; Hari Om; K. Basavaraj; Pushpa S. Murthy,2021,10.1016/j.lwt.2021.112717,https://doi.org/10.1016/j.lwt.2021.112717,2026-08-25,candidate_0225,,OUT_OF_SCOPE_NON_INVENTORY
q07_openalex,OpenAlex,coffee roasting caffeine trigonelline dry basis moisture,18,Performance of diffuse reflectance infrared Fourier transform spectroscopy and chemometrics for detection of multiple adulterants in roasted and ground coffee,Nádia Reis; Adriana S. Franca; Leandro S. Oliveira,2013,10.1016/j.lwt.2013.04.008,https://doi.org/10.1016/j.lwt.2013.04.008,2026-08-25,candidate_0226,,OUT_OF_SCOPE_NON_INVENTORY
q07_openalex,OpenAlex,coffee roasting caffeine trigonelline dry basis moisture,19,"Influence of coffee brewing methods on the chromatographic and spectroscopic profiles, antioxidant and sensory properties",Natalia Stanek; Magdalena Zarębska; Łukasz Biłos; Krzysztof Barabosz; Ewa Nowakowska‐Bogdan; І. Семенюк; Justyna Błaszkiewicz; R. Kulesza; Rafał Matejuk; Krzysztof Szkutnik,2021,10.1038/s41598-021-01001-2,https://doi.org/10.1038/s41598-021-01001-2,2026-08-25,candidate_0227,,OUT_OF_SCOPE_NON_INVENTORY
q07_openalex,OpenAlex,coffee roasting caffeine trigonelline dry basis moisture,20,Development of an instant coffee enriched with chlorogenic acids,Marinês Paula Corso; Josiane Alessandra Vignoli; Marta de Toledo Benassi,2016,10.1007/s13197-015-2163-y,https://doi.org/10.1007/s13197-015-2163-y,2026-08-25,candidate_0228,,OUT_OF_SCOPE_NON_INVENTORY
q07_generalpublicweb,GeneralPublicWeb,coffee roasting caffeine trigonelline dry basis moisture,1,"10 Best Coffee Shops in Lubbock, TX (2026)",,,,https://mycoffeeexplorer.com/guides/lubbock,2026-08-25,candidate_0175,candidate_0175,OUT_OF_SCOPE_NON_INVENTORY
q07_generalpublicweb,GeneralPublicWeb,coffee roasting caffeine trigonelline dry basis moisture,2,"THE BEST 10 COFFEE & TEA IN LUBBOCK, TX - UPDATED AUGUST 2026 ... - Yelp",,,,https://www.yelp.com/search?cflt=coffee&find_loc=Lubbock%2C+TX,2026-08-25,candidate_0176,candidate_0176,OUT_OF_SCOPE_NON_INVENTORY
q07_generalpublicweb,GeneralPublicWeb,coffee roasting caffeine trigonelline dry basis moisture,3,9 Must-Try Coffee Shops in Lubbock | Visit Lubbock,,,,https://visitlubbock.org/blog/9-must-try-coffee-shops-in-lubbock,2026-08-25,candidate_0177,candidate_0177,OUT_OF_SCOPE_NON_INVENTORY
q07_generalpublicweb,GeneralPublicWeb,coffee roasting caffeine trigonelline dry basis moisture,4,Monomyth Coffee | Lubbock Coffee Roaster & Café,,,,https://monomythcoffee.com/,2026-08-25,candidate_0178,candidate_0178,OUT_OF_SCOPE_NON_INVENTORY
q07_generalpublicweb,GeneralPublicWeb,coffee roasting caffeine trigonelline dry basis moisture,5,Coffee - Wikipedia,,,,https://en.wikipedia.org/wiki/Coffee,2026-08-25,candidate_0146,candidate_0146,OUT_OF_SCOPE_NON_INVENTORY
q07_generalpublicweb,GeneralPublicWeb,coffee roasting caffeine trigonelline dry basis moisture,6,"TOP 10 BEST Coffeeshops in Lubbock, TX - Updated 2026 - Yelp",,,,https://www.yelp.com/search?find_desc=coffeeshops&find_loc=Lubbock%2C+TX,2026-08-25,candidate_0179,candidate_0179,OUT_OF_SCOPE_NON_INVENTORY
q07_generalpublicweb,GeneralPublicWeb,coffee roasting caffeine trigonelline dry basis moisture,7,Coffee Shop in Lubbock | Dutch Bros Coffee Drive-Thru,,,,https://www.dutchbros.com/locations/tx/lubbock/5212-slide-rd,2026-08-25,candidate_0180,candidate_0180,OUT_OF_SCOPE_NON_INVENTORY
q07_generalpublicweb,GeneralPublicWeb,coffee roasting caffeine trigonelline dry basis moisture,8,8 Best Coffee Shops in Lubbock 2026: Great Cafés to Try!,,,,https://cornercoffeestore.com/best-coffee-shops-in-lubbock/,2026-08-25,candidate_0181,candidate_0181,OUT_OF_SCOPE_NON_INVENTORY
q07_generalpublicweb,GeneralPublicWeb,coffee roasting caffeine trigonelline dry basis moisture,9,7 Brew Drive-thru Coffee,,,,https://7brew.com/,2026-08-25,candidate_0182,candidate_0182,OUT_OF_SCOPE_NON_INVENTORY
q07_generalpublicweb,GeneralPublicWeb,coffee roasting caffeine trigonelline dry basis moisture,10,Menu - Starbucks Coffee Company,,,,https://www.starbucks.com/menu,2026-08-25,candidate_0183,candidate_0183,OUT_OF_SCOPE_NON_INVENTORY
q08_crossref,Crossref,roasted coffee alkaloid composition species roast analytical method,1,"Tocopherols in coffee brews: Influence of coffee species, roast degree and brewing procedure",Rita C. Alves; Susana Casal; M. Beatriz P.P. Oliveira,2010,10.1016/j.jfca.2010.02.009,https://doi.org/10.1016/j.jfca.2010.02.009,2026-08-25,candidate_0229,,OUT_OF_SCOPE_NON_INVENTORY
q08_crossref,Crossref,roasted coffee alkaloid composition species roast analytical method,2,Methods of test for coffee and coffee products,,,10.3403/00438662u,https://doi.org/10.3403/00438662u,2026-08-25,candidate_0230,,OUT_OF_SCOPE_NON_INVENTORY
q08_crossref,Crossref,roasted coffee alkaloid composition species roast analytical method,3,Methods of test for coffee and coffee products,,,10.3403/00438662,https://doi.org/10.3403/00438662,2026-08-25,candidate_0231,,OUT_OF_SCOPE_NON_INVENTORY
q08_crossref,Crossref,roasted coffee alkaloid composition species roast analytical method,4,Freshly Roasted Coffee Re-Evaluated: A Pilot Study on the Impact of Post-Roast Maturation on Sensory Experience,Yves C. Zimmermann; Steffen Schwarz,2024,10.3390/icc2024-18164,https://doi.org/10.3390/icc2024-18164,2026-08-25,candidate_0232,,OUT_OF_SCOPE_NON_INVENTORY
q08_crossref,Crossref,roasted coffee alkaloid composition species roast analytical method,5,AOAC Official Method 925.15Sugars in Roasted Coffee,,2023,10.1093/9780197610145.003.2860,https://doi.org/10.1093/9780197610145.003.2860,2026-08-25,candidate_0233,,OUT_OF_SCOPE_NON_INVENTORY
q08_crossref,Crossref,roasted coffee alkaloid composition species roast analytical method,6,AOAC Official Method 979.11Caffeine in Roasted Coffee,,2023,10.1093/9780197610145.003.2849,https://doi.org/10.1093/9780197610145.003.2849,2026-08-25,candidate_0234,,ATLAS_INCLUDED_METADATA_ONLY
q08_crossref,Crossref,roasted coffee alkaloid composition species roast analytical method,7,AOAC Official Method 925.14Chlorides in Roasted Coffee,,2023,10.1093/9780197610145.003.2851,https://doi.org/10.1093/9780197610145.003.2851,2026-08-25,candidate_0235,,OUT_OF_SCOPE_NON_INVENTORY
q08_crossref,Crossref,roasted coffee alkaloid composition species roast analytical method,8,AOAC Official Method 920.101Starch in Roasted Coffee,,2023,10.1093/9780197610145.003.2859,https://doi.org/10.1093/9780197610145.003.2859,2026-08-25,candidate_0236,,OUT_OF_SCOPE_NON_INVENTORY
q08_crossref,Crossref,roasted coffee alkaloid composition species roast analytical method,9,AOAC Official Method 920.93Ash of Roasted Coffee,,2023,10.1093/9780197610145.003.2845,https://doi.org/10.1093/9780197610145.003.2845,2026-08-25,candidate_0237,,OUT_OF_SCOPE_NON_INVENTORY
q08_crossref,Crossref,roasted coffee alkaloid composition species roast analytical method,10,Coffee and coffee products. Determination of particle size of ground roasted coffee. Horizontal sieving motion method using circular brushes,,,10.3403/30397041,https://doi.org/10.3403/30397041,2026-08-25,candidate_0238,,OUT_OF_SCOPE_NON_INVENTORY
q08_crossref,Crossref,roasted coffee alkaloid composition species roast analytical method,11,AOAC Official Method 950.40Caffeine in Roasted Coffee,,2023,10.1093/9780197610145.003.2847,https://doi.org/10.1093/9780197610145.003.2847,2026-08-25,candidate_0239,,ATLAS_INCLUDED_METADATA_ONLY
q08_crossref,Crossref,roasted coffee alkaloid composition species roast analytical method,12,AOAC Official Method 920.95Chicory in Roasted Coffee,,2023,10.1093/9780197610145.003.2850,https://doi.org/10.1093/9780197610145.003.2850,2026-08-25,candidate_0240,,OUT_OF_SCOPE_NON_INVENTORY
q08_crossref,Crossref,roasted coffee alkaloid composition species roast analytical method,13,Coffee and coffee products. Determination of particle size of ground roasted coffee. Horizontal sieving motion method using circular brushes,,,10.3403/30397041u,https://doi.org/10.3403/30397041u,2026-08-25,candidate_0241,,OUT_OF_SCOPE_NON_INVENTORY
q08_crossref,Crossref,roasted coffee alkaloid composition species roast analytical method,14,AOAC Official Method 920.94Caffeine in Roasted Coffee,,2023,10.1093/9780197610145.003.2846,https://doi.org/10.1093/9780197610145.003.2846,2026-08-25,candidate_0242,,ATLAS_INCLUDED_METADATA_ONLY
q08_crossref,Crossref,roasted coffee alkaloid composition species roast analytical method,15,AOAC Official Method 920.92Acidity (Total) of Roasted Coffee,,2023,10.1093/9780197610145.003.2844,https://doi.org/10.1093/9780197610145.003.2844,2026-08-25,candidate_0243,,OUT_OF_SCOPE_NON_INVENTORY
q08_crossref,Crossref,roasted coffee alkaloid composition species roast analytical method,16,AOAC Official Method 960.25Caffeine in Roasted Coffee,,2023,10.1093/9780197610145.003.2848,https://doi.org/10.1093/9780197610145.003.2848,2026-08-25,candidate_0244,,ATLAS_INCLUDED_METADATA_ONLY
q08_crossref,Crossref,roasted coffee alkaloid composition species roast analytical method,17,AOAC Official Method 920.98Fiber (Crude) in Roasted Coffee,,2023,10.1093/9780197610145.003.2855,https://doi.org/10.1093/9780197610145.003.2855,2026-08-25,candidate_0245,,OUT_OF_SCOPE_NON_INVENTORY
q08_crossref,Crossref,roasted coffee alkaloid composition species roast analytical method,18,AOAC Official Method 973.21Solids (Soluble) in Roasted Coffee,,2023,10.1093/9780197610145.003.2858,https://doi.org/10.1093/9780197610145.003.2858,2026-08-25,candidate_0246,,OUT_OF_SCOPE_NON_INVENTORY
q08_crossref,Crossref,roasted coffee alkaloid composition species roast analytical method,19,AOAC Official Method 920.97Petroleum Ether Extract of Roasted Coffee,,2023,10.1093/9780197610145.003.2854,https://doi.org/10.1093/9780197610145.003.2854,2026-08-25,candidate_0247,,OUT_OF_SCOPE_NON_INVENTORY
q08_crossref,Crossref,roasted coffee alkaloid composition species roast analytical method,20,AOAC Official Method 957.05Chlorogenic Acid in Roasted and Instant Coffee,,2023,10.1093/9780197610145.003.2852,https://doi.org/10.1093/9780197610145.003.2852,2026-08-25,candidate_0248,,OUT_OF_SCOPE_NON_INVENTORY
q08_openalex,OpenAlex,roasted coffee alkaloid composition species roast analytical method,1,Phenolic compounds in coffee,Adriana Farah; Carmen Marino Donangelo,2006,10.1590/s1677-04202006000100003,https://doi.org/10.1590/s1677-04202006000100003,2026-08-25,candidate_0024,candidate_0024,OUT_OF_SCOPE_NON_INVENTORY
q08_openalex,OpenAlex,roasted coffee alkaloid composition species roast analytical method,2,Variability of single bean coffee volatile compounds of Arabica and robusta roasted coffees analysed by SPME-GC-MS,Nicola Caporaso; Martin B. Whitworth; Chenhao Cui; Ian D. Fisk,2018,10.1016/j.foodres.2018.03.077,https://doi.org/10.1016/j.foodres.2018.03.077,2026-08-25,candidate_0070,candidate_0070,OUT_OF_SCOPE_NON_INVENTORY
q08_openalex,OpenAlex,roasted coffee alkaloid composition species roast analytical method,3,Determination of volatile marker compounds of common coffee roast defects,Ni Yang; Chujiao Liu; Xingkun Liu; Tina Kreuzfeldt Degn; Morten Münchow; Ian D. Fisk,2016,10.1016/j.foodchem.2016.04.124,https://doi.org/10.1016/j.foodchem.2016.04.124,2026-08-25,candidate_0249,,OUT_OF_SCOPE_NON_INVENTORY
q08_openalex,OpenAlex,roasted coffee alkaloid composition species roast analytical method,4,Phytochemical Profile and Antioxidant Capacity of Coffee Plant Organs Compared to Green and Roasted Coffee Beans,Robert Acidri; Yumiko Sawai; Yuko Sugimoto; Takuo Handa; Daisuke Sasagawa; Tsugiyuki Masunaga; Sadahiro Yamamoto; Eiji Nishihara,2020,10.3390/antiox9020093,https://doi.org/10.3390/antiox9020093,2026-08-25,candidate_0026,candidate_0026,OUT_OF_SCOPE_NON_INVENTORY
q08_openalex,OpenAlex,roasted coffee alkaloid composition species roast analytical method,5,Analytical methods applied for the characterization and the determination of bioactive compounds in coffee,Magdalena Jeszka‐Skowron; Agnieszka Zgoła‐Grześkowiak; Tomasz Grześkowiak,2014,10.1007/s00217-014-2356-z,https://doi.org/10.1007/s00217-014-2356-z,2026-08-25,candidate_0250,,OUT_OF_SCOPE_NON_INVENTORY
q08_openalex,OpenAlex,roasted coffee alkaloid composition species roast analytical method,6,Effects of postharvest processing on aroma formation in roasted coffee – a review,Xiaotong Cao; Hanjing Wu; Claudia Gonzalez Viejo; Frank R. Dunshea; Hafiz Ansar Rasul Suleria,2022,10.1111/ijfs.16261,https://doi.org/10.1111/ijfs.16261,2026-08-25,candidate_0164,candidate_0164,OUT_OF_SCOPE_NON_INVENTORY
q08_openalex,OpenAlex,roasted coffee alkaloid composition species roast analytical method,7,Application of infrared spectral techniques on quality and compositional attributes of coffee: An overview,Douglas Fernandes Barbin; Ana Lúcia de Souza Madureira Felício; Da‐Wen Sun; Suzana Lucy Nixdorf; Elisa Yoko Hirooka,2014,10.1016/j.foodres.2014.01.005,https://doi.org/10.1016/j.foodres.2014.01.005,2026-08-25,candidate_0163,candidate_0163,OUT_OF_SCOPE_NON_INVENTORY
q08_openalex,OpenAlex,roasted coffee alkaloid composition species roast analytical method,8,"The content of polyphenols in coffee beans as roasting, origin and storage effect",Katarzyna Król; Magdalena Gantner; Aleksandra Tatarak; Ewelina Hallmann,2019,10.1007/s00217-019-03388-9,https://doi.org/10.1007/s00217-019-03388-9,2026-08-25,candidate_0251,,OUT_OF_SCOPE_NON_INVENTORY
q08_openalex,OpenAlex,roasted coffee alkaloid composition species roast analytical method,9,Neuroprotective Effects of Coffee Bioactive Compounds: A Review,Katarzyna Socała; Aleksandra Szopa; Anna Serefko; Ewa Poleszak; Piotr Właź,2020,10.3390/ijms22010107,https://doi.org/10.3390/ijms22010107,2026-08-25,candidate_0099,candidate_0099,OUT_OF_SCOPE_NON_INVENTORY
q08_openalex,OpenAlex,roasted coffee alkaloid composition species roast analytical method,10,Determination of the Elemental Composition of Coffee Using Instrumental Methods,Paweł Pohl; Ewelina Stelmach; Maja Wełna; Anna Szymczycha‐Madeja,2012,10.1007/s12161-012-9467-6,https://doi.org/10.1007/s12161-012-9467-6,2026-08-25,candidate_0252,,OUT_OF_SCOPE_NON_INVENTORY
q08_openalex,OpenAlex,roasted coffee alkaloid composition species roast analytical method,11,Concentration levels of metals in commercially available Ethiopian roasted coffee powders and their infusions,Ramato Ashu; Bhagwan Singh Chandravanshi,2011,10.4314/bcse.v25i1.63356,https://doi.org/10.4314/bcse.v25i1.63356,2026-08-25,candidate_0253,,OUT_OF_SCOPE_NON_INVENTORY
q08_openalex,OpenAlex,roasted coffee alkaloid composition species roast analytical method,12,Bioactive Micronutrients in Coffee: Recent Analytical Approaches for Characterization and Quantification,Abdulmumin A. Nuhu,2014,10.1155/2014/384230,https://doi.org/10.1155/2014/384230,2026-08-25,candidate_0254,,OUT_OF_SCOPE_NON_INVENTORY
q08_openalex,OpenAlex,roasted coffee alkaloid composition species roast analytical method,13,"A Review of Coffee By-Products Including Leaf, Flower, Cherry, Husk, Silver Skin, and Spent Grounds as Novel Foods within the European Union",Tizian Klingel; Jonathan Isaak Kremer; Vera Gottstein; Tábata Rajcic de Rezende; Steffen Schwarz; Dirk W. Lachenmeier,2020,10.3390/foods9050665,https://doi.org/10.3390/foods9050665,2026-08-25,candidate_0255,,OUT_OF_SCOPE_NON_INVENTORY
q08_openalex,OpenAlex,roasted coffee alkaloid composition species roast analytical method,14,"Caffeine Consumption through Coffee: Content in the Beverage, Metabolism, Health Benefits and Risks",Juliana DePaula; Adriana Farah,2019,10.3390/beverages5020037,https://doi.org/10.3390/beverages5020037,2026-08-25,candidate_0033,candidate_0033,ATLAS_INCLUDED_METADATA_ONLY
q08_openalex,OpenAlex,roasted coffee alkaloid composition species roast analytical method,15,"Bioactive compounds, antioxidant activity and antiproliferative effects in prostate cancer cells of green and roasted coffee extracts obtained by microwave-assisted extraction (MAE)",Júlia Montenegro; Lauriza Silva dos Santos; Rodrigo Gonçalves Gusmão de Souza; Larissa Gabrielly Barbosa Lima; Daniella Santos Mattos; Bruna Prunes Pena Baroni Viana; Ana Clara Santos da Fonseca Bastos; Leda Muzzi; Carlos Adam Conte‐Júnior; Etel Rodrigues Pereira Gimba; Otniel Freitas‐Silva; Anderson Junger Teodoro,2020,10.1016/j.foodres.2020.110014,https://doi.org/10.1016/j.foodres.2020.110014,2026-08-25,candidate_0192,candidate_0192,OUT_OF_SCOPE_NON_INVENTORY
q08_openalex,OpenAlex,roasted coffee alkaloid composition species roast analytical method,16,"Coffee, caffeine, chlorogenic acid, and the purinergic system",Naiara Stefanello; Rosélia Maria Spanevello; Sabina Passamonti; Lisiane de Oliveira Porciúncula; Carla Denise Bonan; Ayodeji A. Olabiyi; João Batista Teixeira da Rocha; Charles Elias Assmann; Vera Maria Morsch; Maria Rosa Chitolina Schetinger,2018,10.1016/j.fct.2018.10.005,https://doi.org/10.1016/j.fct.2018.10.005,2026-08-25,candidate_0080,candidate_0080,ATLAS_INCLUDED_METADATA_ONLY
q08_openalex,OpenAlex,roasted coffee alkaloid composition species roast analytical method,17,"Analysis of Volatile Compounds, Composition, and Thermal Behavior of Coffee Beans According to Variety and Roasting Intensity",Thomas Dippong; Monica Dan; Melinda Haydee Kovacs; Emoke Dalma Kovacs; Erika Andrea Levei; Oana Cadar,2022,10.3390/foods11193146,https://doi.org/10.3390/foods11193146,2026-08-25,candidate_0256,,OUT_OF_SCOPE_NON_INVENTORY
q08_openalex,OpenAlex,roasted coffee alkaloid composition species roast analytical method,18,Mineral Composition and Antioxidant Potential of Coffee Beverages Depending on the Brewing Method,Katarzyna Janda; Karolina Jakubczyk; Irena Baranowska‐Bosiacka; Patrycja Kapczuk; Joanna Kochman; Ewa Rębacz‐Maron; Izabela Gutowska,2020,10.3390/foods9020121,https://doi.org/10.3390/foods9020121,2026-08-25,candidate_0257,,OUT_OF_SCOPE_NON_INVENTORY
q08_openalex,OpenAlex,roasted coffee alkaloid composition species roast analytical method,19,Variations in caffeine and chlorogenic acid contents of coffees: what are we drinking?,Iziar A. Ludwig; Pedro Mena; Luca Calani; Concepción Cid; Daniele Del Rio; Michael E. J. Lean; Alan Crozier,2014,10.1039/c4fo00290c,https://doi.org/10.1039/c4fo00290c,2026-08-25,candidate_0258,,ATLAS_INCLUDED_METADATA_ONLY
q08_openalex,OpenAlex,roasted coffee alkaloid composition species roast analytical method,20,Metabolomics as a tool for geographic origin assessment of roasted and green coffee beans,Claudia de León‐Solís; Victoria Casasola; Tania Monterroso,2023,10.1016/j.heliyon.2023.e21402,https://doi.org/10.1016/j.heliyon.2023.e21402,2026-08-25,candidate_0259,,OUT_OF_SCOPE_NON_INVENTORY
q08_generalpublicweb,GeneralPublicWeb,roasted coffee alkaloid composition species roast analytical method,1,Roasted – Pub and Eatery,,,,https://roasteddl.com/,2026-08-25,candidate_0260,,OUT_OF_SCOPE_NON_INVENTORY
q08_generalpublicweb,GeneralPublicWeb,roasted coffee alkaloid composition species roast analytical method,2,ROASTED,,,,https://www.roastedby.ai/,2026-08-25,candidate_0261,,OUT_OF_SCOPE_NON_INVENTORY
q08_generalpublicweb,GeneralPublicWeb,roasted coffee alkaloid composition species roast analytical method,3,Roasted Vegetables Recipe,,,,https://www.allrecipes.com/recipe/9377/roasted-vegetables/,2026-08-25,candidate_0262,,OUT_OF_SCOPE_NON_INVENTORY
q08_generalpublicweb,GeneralPublicWeb,roasted coffee alkaloid composition species roast analytical method,4,"Roasted! | Coffee & Nut Roastery In Tampa, FL. – Roasted813",,,,https://www.roasted813.com/,2026-08-25,candidate_0263,,OUT_OF_SCOPE_NON_INVENTORY
q08_generalpublicweb,GeneralPublicWeb,roasted coffee alkaloid composition species roast analytical method,5,Home - Discover Artisanal Cuisine and Craft - Roasted,,,,https://roastedsportsbar.com/,2026-08-25,candidate_0264,,OUT_OF_SCOPE_NON_INVENTORY
q08_generalpublicweb,GeneralPublicWeb,roasted coffee alkaloid composition species roast analytical method,6,Perfect Roasted Potatoes Recipe - Cookie and Kate,,,,https://cookieandkate.com/roasted-potatoes-recipe/,2026-08-25,candidate_0265,,OUT_OF_SCOPE_NON_INVENTORY
q08_generalpublicweb,GeneralPublicWeb,roasted coffee alkaloid composition species roast analytical method,7,Roasting - Wikipedia,,,,https://en.m.wikipedia.org/wiki/Roasting,2026-08-25,candidate_0266,,OUT_OF_SCOPE_NON_INVENTORY
q08_generalpublicweb,GeneralPublicWeb,roasted coffee alkaloid composition species roast analytical method,8,ROASTED | English meaning - Cambridge Dictionary,,,,https://dictionary.cambridge.org/dictionary/english/roasted,2026-08-25,candidate_0267,,OUT_OF_SCOPE_NON_INVENTORY
q08_generalpublicweb,GeneralPublicWeb,roasted coffee alkaloid composition species roast analytical method,9,ROASTED - Updated August 2026 - 42 Photos & 37 Reviews - 4322 ... - Yelp,,,,https://www.yelp.com/biz/roasted-walker,2026-08-25,candidate_0268,,OUT_OF_SCOPE_NON_INVENTORY
q08_generalpublicweb,GeneralPublicWeb,roasted coffee alkaloid composition species roast analytical method,10,ROASTED Definition & Meaning - Merriam-Webster,,,,https://www.merriam-webster.com/dictionary/roasted,2026-08-25,candidate_0269,,OUT_OF_SCOPE_NON_INVENTORY
