parameter,value,std
p_ref__bar,12.391550000000002,2.9758249059787327
q_ref__g_per_s,1.8969919954879988,0.1471316135226419
