time_s,tds_percent_1,tds_percent_2,tds_percent_3
2.5,24.36,,
7.5,28.58,20.62,21.24
12.5,27.68,20.97,26.83333333
17.5,19.28,12.46,18.5
22.5,12.15,6.21,9.246666667
27.5,7.26,3.6,4.48
32.5,4.47,1.91,2.37
37.5,2.84,1.11,1.466666667
42.5,1.99,0.79,0.9
47.5,1.39,0.48,0.5766666667
52.5,0.99,0.25,0.4066666667
57.5,0.99,0.25,0.1966666667
