experiment_id,replicate_id,fraction_id,species_id,temperature_K,flow_m3_s,grind_source,fraction_mass_kg,accumulated_mass_coordinate_kg,fraction_lower_mass_kg,fraction_upper_mass_kg,source_concentration_mg_g,concentration_kg_per_kg_beverage,fraction_species_mass_kg,cumulative_measured_fraction_species_mass_kg,coordinate_semantics,contiguity_status,source_file,source_row,source_hash,evidence_status
1,1,1,caffeine,362.15,1e-06,1.7,0.0058529,0.00292645,0.0,0.0058529,8.79319,0.00879319,5.146566175099999e-05,5.146566175099999e-05,FRACTION_MASS_MIDPOINT,FIRST_MEASURED_FRACTION,puckworks/data/schmieder2023/raw_fractions.csv,2,f3511dd46648fb34962c9d774cc901fa65acd7f0caaf130f143e4f04dbb0915f,PRIMARY_DIRECT_MEASUREMENT
1,1,1,trigonelline,362.15,1e-06,1.7,0.0058529,0.00292645,0.0,0.0058529,6.02585,0.00602585,3.5268697465e-05,3.5268697465e-05,FRACTION_MASS_MIDPOINT,FIRST_MEASURED_FRACTION,puckworks/data/schmieder2023/raw_fractions.csv,2,f3511dd46648fb34962c9d774cc901fa65acd7f0caaf130f143e4f04dbb0915f,PRIMARY_DIRECT_MEASUREMENT
1,1,2,caffeine,362.15,1e-06,1.7,0.006222500000000001,0.00896415,0.0058529,0.0120754,6.91073,0.00691073,4.300201742499999e-05,9.446767917599999e-05,FRACTION_MASS_MIDPOINT,CONTIGUOUS_WITHIN_PRINTED_PRECISION,puckworks/data/schmieder2023/raw_fractions.csv,3,f3511dd46648fb34962c9d774cc901fa65acd7f0caaf130f143e4f04dbb0915f,PRIMARY_DIRECT_MEASUREMENT
1,1,2,trigonelline,362.15,1e-06,1.7,0.006222500000000001,0.00896415,0.0058529,0.0120754,4.30933,0.00430933,2.6814805925e-05,6.208350339000001e-05,FRACTION_MASS_MIDPOINT,CONTIGUOUS_WITHIN_PRINTED_PRECISION,puckworks/data/schmieder2023/raw_fractions.csv,3,f3511dd46648fb34962c9d774cc901fa65acd7f0caaf130f143e4f04dbb0915f,PRIMARY_DIRECT_MEASUREMENT
1,1,3,caffeine,362.15,1e-06,1.7,0.0058546,0.0150027,0.012075400000000002,0.01793,5.01425,0.00501425,2.9356428049999995e-05,0.00012382410722599997,FRACTION_MASS_MIDPOINT,CONTIGUOUS_WITHIN_PRINTED_PRECISION,puckworks/data/schmieder2023/raw_fractions.csv,4,f3511dd46648fb34962c9d774cc901fa65acd7f0caaf130f143e4f04dbb0915f,PRIMARY_DIRECT_MEASUREMENT
1,1,3,trigonelline,362.15,1e-06,1.7,0.0058546,0.0150027,0.012075400000000002,0.01793,2.74698,0.0027469800000000004,1.6082469108e-05,7.816597249800001e-05,FRACTION_MASS_MIDPOINT,CONTIGUOUS_WITHIN_PRINTED_PRECISION,puckworks/data/schmieder2023/raw_fractions.csv,4,f3511dd46648fb34962c9d774cc901fa65acd7f0caaf130f143e4f04dbb0915f,PRIMARY_DIRECT_MEASUREMENT
1,1,5,caffeine,362.15,1e-06,1.7,0.006039500000000001,0.026783750000000002,0.023764000000000004,0.0298035,2.48144,0.00248144,1.4986656880000001e-05,0.00013881076410599997,FRACTION_MASS_MIDPOINT,SOURCE_UNMEASURED_FRACTION_GAP,puckworks/data/schmieder2023/raw_fractions.csv,5,f3511dd46648fb34962c9d774cc901fa65acd7f0caaf130f143e4f04dbb0915f,PRIMARY_DIRECT_MEASUREMENT
1,1,5,trigonelline,362.15,1e-06,1.7,0.006039500000000001,0.026783750000000002,0.023764000000000004,0.0298035,0.971,0.000971,5.8643545e-06,8.403032699800001e-05,FRACTION_MASS_MIDPOINT,SOURCE_UNMEASURED_FRACTION_GAP,puckworks/data/schmieder2023/raw_fractions.csv,5,f3511dd46648fb34962c9d774cc901fa65acd7f0caaf130f143e4f04dbb0915f,PRIMARY_DIRECT_MEASUREMENT
1,1,7,caffeine,362.15,1e-06,1.7,0.004727800000000001,0.0373744,0.0350105,0.039738300000000004,1.50565,0.0015056499999999999,7.118412069999999e-06,0.00014592917617599997,FRACTION_MASS_MIDPOINT,SOURCE_UNMEASURED_FRACTION_GAP,puckworks/data/schmieder2023/raw_fractions.csv,6,f3511dd46648fb34962c9d774cc901fa65acd7f0caaf130f143e4f04dbb0915f,PRIMARY_DIRECT_MEASUREMENT
1,1,7,trigonelline,362.15,1e-06,1.7,0.004727800000000001,0.0373744,0.0350105,0.039738300000000004,0.49952,0.00049952,2.361630656e-06,8.639195765400001e-05,FRACTION_MASS_MIDPOINT,SOURCE_UNMEASURED_FRACTION_GAP,puckworks/data/schmieder2023/raw_fractions.csv,6,f3511dd46648fb34962c9d774cc901fa65acd7f0caaf130f143e4f04dbb0915f,PRIMARY_DIRECT_MEASUREMENT
1,1,10,caffeine,362.15,1e-06,1.7,0.0055153,0.05367455,0.05091690000000001,0.0564322,0.87868,0.0008786800000000001,4.8461838039999996e-06,0.00015077535997999996,FRACTION_MASS_MIDPOINT,SOURCE_UNMEASURED_FRACTION_GAP,puckworks/data/schmieder2023/raw_fractions.csv,7,f3511dd46648fb34962c9d774cc901fa65acd7f0caaf130f143e4f04dbb0915f,PRIMARY_DIRECT_MEASUREMENT
1,1,10,trigonelline,362.15,1e-06,1.7,0.0055153,0.05367455,0.05091690000000001,0.0564322,0.23593,0.00023593,1.301224729e-06,8.769318238300001e-05,FRACTION_MASS_MIDPOINT,SOURCE_UNMEASURED_FRACTION_GAP,puckworks/data/schmieder2023/raw_fractions.csv,7,f3511dd46648fb34962c9d774cc901fa65acd7f0caaf130f143e4f04dbb0915f,PRIMARY_DIRECT_MEASUREMENT
1,2,1,caffeine,362.15,1e-06,1.7,0.0047264,0.0023632,0.0,0.0047264,9.18206,0.00918206,4.3398088383999996e-05,4.3398088383999996e-05,FRACTION_MASS_MIDPOINT,FIRST_MEASURED_FRACTION,puckworks/data/schmieder2023/raw_fractions.csv,8,f3511dd46648fb34962c9d774cc901fa65acd7f0caaf130f143e4f04dbb0915f,PRIMARY_DIRECT_MEASUREMENT
1,2,1,trigonelline,362.15,1e-06,1.7,0.0047264,0.0023632,0.0,0.0047264,6.1382,0.006138200000000001,2.9011588479999997e-05,2.9011588479999997e-05,FRACTION_MASS_MIDPOINT,FIRST_MEASURED_FRACTION,puckworks/data/schmieder2023/raw_fractions.csv,8,f3511dd46648fb34962c9d774cc901fa65acd7f0caaf130f143e4f04dbb0915f,PRIMARY_DIRECT_MEASUREMENT
1,2,2,caffeine,362.15,1e-06,1.7,0.0067004000000000005,0.0080766,0.0047263999999999995,0.0114268,7.33461,0.00733461,4.9144820844e-05,9.2542909228e-05,FRACTION_MASS_MIDPOINT,CONTIGUOUS_WITHIN_PRINTED_PRECISION,puckworks/data/schmieder2023/raw_fractions.csv,9,f3511dd46648fb34962c9d774cc901fa65acd7f0caaf130f143e4f04dbb0915f,PRIMARY_DIRECT_MEASUREMENT
1,2,2,trigonelline,362.15,1e-06,1.7,0.0067004000000000005,0.0080766,0.0047263999999999995,0.0114268,4.43292,0.00443292,2.9702337168000003e-05,5.8713925648e-05,FRACTION_MASS_MIDPOINT,CONTIGUOUS_WITHIN_PRINTED_PRECISION,puckworks/data/schmieder2023/raw_fractions.csv,9,f3511dd46648fb34962c9d774cc901fa65acd7f0caaf130f143e4f04dbb0915f,PRIMARY_DIRECT_MEASUREMENT
1,2,3,caffeine,362.15,1e-06,1.7,0.0057439,0.01429875,0.0114268,0.0171707,5.26112,0.00526112,3.0219347168e-05,0.000122762256396,FRACTION_MASS_MIDPOINT,CONTIGUOUS_WITHIN_PRINTED_PRECISION,puckworks/data/schmieder2023/raw_fractions.csv,10,f3511dd46648fb34962c9d774cc901fa65acd7f0caaf130f143e4f04dbb0915f,PRIMARY_DIRECT_MEASUREMENT
1,2,3,trigonelline,362.15,1e-06,1.7,0.0057439,0.01429875,0.0114268,0.0171707,2.81679,0.00281679,1.6179360081000003e-05,7.4893285729e-05,FRACTION_MASS_MIDPOINT,CONTIGUOUS_WITHIN_PRINTED_PRECISION,puckworks/data/schmieder2023/raw_fractions.csv,10,f3511dd46648fb34962c9d774cc901fa65acd7f0caaf130f143e4f04dbb0915f,PRIMARY_DIRECT_MEASUREMENT
1,2,5,caffeine,362.15,1e-06,1.7,0.0052185,0.025405550000000002,0.022796300000000002,0.028014800000000003,2.85676,0.00285676,1.4908002059999998e-05,0.00013767025845599998,FRACTION_MASS_MIDPOINT,SOURCE_UNMEASURED_FRACTION_GAP,puckworks/data/schmieder2023/raw_fractions.csv,11,f3511dd46648fb34962c9d774cc901fa65acd7f0caaf130f143e4f04dbb0915f,PRIMARY_DIRECT_MEASUREMENT
1,2,5,trigonelline,362.15,1e-06,1.7,0.0052185,0.025405550000000002,0.022796300000000002,0.028014800000000003,1.13198,0.00113198,5.9072376299999995e-06,8.0800523359e-05,FRACTION_MASS_MIDPOINT,SOURCE_UNMEASURED_FRACTION_GAP,puckworks/data/schmieder2023/raw_fractions.csv,11,f3511dd46648fb34962c9d774cc901fa65acd7f0caaf130f143e4f04dbb0915f,PRIMARY_DIRECT_MEASUREMENT
1,2,7,caffeine,362.15,1e-06,1.7,0.005369,0.0362009,0.033516399999999995,0.0388854,1.76107,0.00176107,9.455184829999997e-06,0.000147125443286,FRACTION_MASS_MIDPOINT,SOURCE_UNMEASURED_FRACTION_GAP,puckworks/data/schmieder2023/raw_fractions.csv,12,f3511dd46648fb34962c9d774cc901fa65acd7f0caaf130f143e4f04dbb0915f,PRIMARY_DIRECT_MEASUREMENT
1,2,7,trigonelline,362.15,1e-06,1.7,0.005369,0.0362009,0.033516399999999995,0.0388854,0.56576,0.00056576,3.0375654400000004e-06,8.3838088799e-05,FRACTION_MASS_MIDPOINT,SOURCE_UNMEASURED_FRACTION_GAP,puckworks/data/schmieder2023/raw_fractions.csv,12,f3511dd46648fb34962c9d774cc901fa65acd7f0caaf130f143e4f04dbb0915f,PRIMARY_DIRECT_MEASUREMENT
1,2,10,caffeine,362.15,1e-06,1.7,0.0054847,0.05217485,0.0494325,0.0549172,0.97905,0.00097905,5.369795534999999e-06,0.00015249523882099997,FRACTION_MASS_MIDPOINT,SOURCE_UNMEASURED_FRACTION_GAP,puckworks/data/schmieder2023/raw_fractions.csv,13,f3511dd46648fb34962c9d774cc901fa65acd7f0caaf130f143e4f04dbb0915f,PRIMARY_DIRECT_MEASUREMENT
1,2,10,trigonelline,362.15,1e-06,1.7,0.0054847,0.05217485,0.0494325,0.0549172,0.2412,0.0002412,1.3229096399999999e-06,8.5160998439e-05,FRACTION_MASS_MIDPOINT,SOURCE_UNMEASURED_FRACTION_GAP,puckworks/data/schmieder2023/raw_fractions.csv,13,f3511dd46648fb34962c9d774cc901fa65acd7f0caaf130f143e4f04dbb0915f,PRIMARY_DIRECT_MEASUREMENT
1,3,1,caffeine,362.15,1e-06,1.7,0.004559700000000001,0.0022798500000000004,0.0,0.004559700000000001,9.3038,0.009303800000000001,4.2422536860000006e-05,4.2422536860000006e-05,FRACTION_MASS_MIDPOINT,FIRST_MEASURED_FRACTION,puckworks/data/schmieder2023/raw_fractions.csv,14,f3511dd46648fb34962c9d774cc901fa65acd7f0caaf130f143e4f04dbb0915f,PRIMARY_DIRECT_MEASUREMENT
1,3,1,trigonelline,362.15,1e-06,1.7,0.004559700000000001,0.0022798500000000004,0.0,0.004559700000000001,6.18887,0.00618887,2.8219390539e-05,2.8219390539e-05,FRACTION_MASS_MIDPOINT,FIRST_MEASURED_FRACTION,puckworks/data/schmieder2023/raw_fractions.csv,14,f3511dd46648fb34962c9d774cc901fa65acd7f0caaf130f143e4f04dbb0915f,PRIMARY_DIRECT_MEASUREMENT
1,3,2,caffeine,362.15,1e-06,1.7,0.0066216,0.0078705,0.0045597,0.0111813,7.53731,0.00753731,4.9909051896e-05,9.2331588756e-05,FRACTION_MASS_MIDPOINT,CONTIGUOUS_WITHIN_PRINTED_PRECISION,puckworks/data/schmieder2023/raw_fractions.csv,15,f3511dd46648fb34962c9d774cc901fa65acd7f0caaf130f143e4f04dbb0915f,PRIMARY_DIRECT_MEASUREMENT
1,3,2,trigonelline,362.15,1e-06,1.7,0.0066216,0.0078705,0.0045597,0.0111813,4.57233,0.00457233,3.0276140328e-05,5.8495530867e-05,FRACTION_MASS_MIDPOINT,CONTIGUOUS_WITHIN_PRINTED_PRECISION,puckworks/data/schmieder2023/raw_fractions.csv,15,f3511dd46648fb34962c9d774cc901fa65acd7f0caaf130f143e4f04dbb0915f,PRIMARY_DIRECT_MEASUREMENT
1,3,3,caffeine,362.15,1e-06,1.7,0.0054948,0.013928699999999999,0.0111813,0.0166761,5.6603,0.0056603,3.110221644e-05,0.00012343380519599999,FRACTION_MASS_MIDPOINT,CONTIGUOUS_WITHIN_PRINTED_PRECISION,puckworks/data/schmieder2023/raw_fractions.csv,16,f3511dd46648fb34962c9d774cc901fa65acd7f0caaf130f143e4f04dbb0915f,PRIMARY_DIRECT_MEASUREMENT
1,3,3,trigonelline,362.15,1e-06,1.7,0.0054948,0.013928699999999999,0.0111813,0.0166761,3.06935,0.00306935,1.6865464379999998e-05,7.5360995247e-05,FRACTION_MASS_MIDPOINT,CONTIGUOUS_WITHIN_PRINTED_PRECISION,puckworks/data/schmieder2023/raw_fractions.csv,16,f3511dd46648fb34962c9d774cc901fa65acd7f0caaf130f143e4f04dbb0915f,PRIMARY_DIRECT_MEASUREMENT
1,3,5,caffeine,362.15,1e-06,1.7,0.0053846,0.024898299999999998,0.022206,0.0275906,2.98295,0.0029829500000000003,1.606199257e-05,0.000139495797766,FRACTION_MASS_MIDPOINT,SOURCE_UNMEASURED_FRACTION_GAP,puckworks/data/schmieder2023/raw_fractions.csv,17,f3511dd46648fb34962c9d774cc901fa65acd7f0caaf130f143e4f04dbb0915f,PRIMARY_DIRECT_MEASUREMENT
1,3,5,trigonelline,362.15,1e-06,1.7,0.0053846,0.024898299999999998,0.022206,0.0275906,1.16425,0.0011642500000000001,6.269020549999999e-06,8.163001579700001e-05,FRACTION_MASS_MIDPOINT,SOURCE_UNMEASURED_FRACTION_GAP,puckworks/data/schmieder2023/raw_fractions.csv,17,f3511dd46648fb34962c9d774cc901fa65acd7f0caaf130f143e4f04dbb0915f,PRIMARY_DIRECT_MEASUREMENT
1,3,7,caffeine,362.15,1e-06,1.7,0.0051795999999999995,0.0354275,0.032837700000000004,0.0380173,1.77689,0.0017768900000000002,9.203579444e-06,0.00014869937721,FRACTION_MASS_MIDPOINT,SOURCE_UNMEASURED_FRACTION_GAP,puckworks/data/schmieder2023/raw_fractions.csv,18,f3511dd46648fb34962c9d774cc901fa65acd7f0caaf130f143e4f04dbb0915f,PRIMARY_DIRECT_MEASUREMENT
1,3,7,trigonelline,362.15,1e-06,1.7,0.0051795999999999995,0.0354275,0.032837700000000004,0.0380173,0.55253,0.00055253,2.8618843879999993e-06,8.449190018500002e-05,FRACTION_MASS_MIDPOINT,SOURCE_UNMEASURED_FRACTION_GAP,puckworks/data/schmieder2023/raw_fractions.csv,18,f3511dd46648fb34962c9d774cc901fa65acd7f0caaf130f143e4f04dbb0915f,PRIMARY_DIRECT_MEASUREMENT
1,3,10,caffeine,362.15,1e-06,1.7,0.0052948000000000005,0.050791600000000006,0.048144200000000005,0.053439,1.00452,0.00100452,5.3187324960000006e-06,0.000154018109706,FRACTION_MASS_MIDPOINT,SOURCE_UNMEASURED_FRACTION_GAP,puckworks/data/schmieder2023/raw_fractions.csv,19,f3511dd46648fb34962c9d774cc901fa65acd7f0caaf130f143e4f04dbb0915f,PRIMARY_DIRECT_MEASUREMENT
1,3,10,trigonelline,362.15,1e-06,1.7,0.0052948000000000005,0.050791600000000006,0.048144200000000005,0.053439,0.24331,0.00024331,1.288277788e-06,8.578017797300002e-05,FRACTION_MASS_MIDPOINT,SOURCE_UNMEASURED_FRACTION_GAP,puckworks/data/schmieder2023/raw_fractions.csv,19,f3511dd46648fb34962c9d774cc901fa65acd7f0caaf130f143e4f04dbb0915f,PRIMARY_DIRECT_MEASUREMENT
2,1,1,caffeine,362.15,3e-06,1.7,0.009991,0.0049955,0.0,0.009991,7.82248,0.00782248,7.815439767999998e-05,7.815439767999998e-05,FRACTION_MASS_MIDPOINT,FIRST_MEASURED_FRACTION,puckworks/data/schmieder2023/raw_fractions.csv,20,f3511dd46648fb34962c9d774cc901fa65acd7f0caaf130f143e4f04dbb0915f,PRIMARY_DIRECT_MEASUREMENT
2,1,1,trigonelline,362.15,3e-06,1.7,0.009991,0.0049955,0.0,0.009991,4.88499,0.0048849900000000005,4.880593509e-05,4.880593509e-05,FRACTION_MASS_MIDPOINT,FIRST_MEASURED_FRACTION,puckworks/data/schmieder2023/raw_fractions.csv,20,f3511dd46648fb34962c9d774cc901fa65acd7f0caaf130f143e4f04dbb0915f,PRIMARY_DIRECT_MEASUREMENT
2,1,2,caffeine,362.15,3e-06,1.7,0.0060298,0.0130059,0.009991,0.0160208,4.86255,0.00486255,2.9320203989999995e-05,0.00010747460166999998,FRACTION_MASS_MIDPOINT,CONTIGUOUS_WITHIN_PRINTED_PRECISION,puckworks/data/schmieder2023/raw_fractions.csv,21,f3511dd46648fb34962c9d774cc901fa65acd7f0caaf130f143e4f04dbb0915f,PRIMARY_DIRECT_MEASUREMENT
2,1,2,trigonelline,362.15,3e-06,1.7,0.0060298,0.0130059,0.009991,0.0160208,2.50774,0.00250774,1.5121170652e-05,6.3927105742e-05,FRACTION_MASS_MIDPOINT,CONTIGUOUS_WITHIN_PRINTED_PRECISION,puckworks/data/schmieder2023/raw_fractions.csv,21,f3511dd46648fb34962c9d774cc901fa65acd7f0caaf130f143e4f04dbb0915f,PRIMARY_DIRECT_MEASUREMENT
2,1,3,caffeine,362.15,3e-06,1.7,0.0060548,0.0190482,0.0160208,0.0220756,3.76648,0.00376648,2.2805283104e-05,0.000130279884774,FRACTION_MASS_MIDPOINT,CONTIGUOUS_WITHIN_PRINTED_PRECISION,puckworks/data/schmieder2023/raw_fractions.csv,22,f3511dd46648fb34962c9d774cc901fa65acd7f0caaf130f143e4f04dbb0915f,PRIMARY_DIRECT_MEASUREMENT
2,1,3,trigonelline,362.15,3e-06,1.7,0.0060548,0.0190482,0.0160208,0.0220756,1.8405,0.0018405000000000001,1.11438594e-05,7.5070965142e-05,FRACTION_MASS_MIDPOINT,CONTIGUOUS_WITHIN_PRINTED_PRECISION,puckworks/data/schmieder2023/raw_fractions.csv,22,f3511dd46648fb34962c9d774cc901fa65acd7f0caaf130f143e4f04dbb0915f,PRIMARY_DIRECT_MEASUREMENT
2,1,5,caffeine,362.15,3e-06,1.7,0.0063006,0.0308879,0.027737599999999998,0.0340382,2.60045,0.00260045,1.6384395269999997e-05,0.000146664280044,FRACTION_MASS_MIDPOINT,SOURCE_UNMEASURED_FRACTION_GAP,puckworks/data/schmieder2023/raw_fractions.csv,23,f3511dd46648fb34962c9d774cc901fa65acd7f0caaf130f143e4f04dbb0915f,PRIMARY_DIRECT_MEASUREMENT
2,1,5,trigonelline,362.15,3e-06,1.7,0.0063006,0.0308879,0.027737599999999998,0.0340382,1.14769,0.00114769,7.231135614000001e-06,8.230210075599999e-05,FRACTION_MASS_MIDPOINT,SOURCE_UNMEASURED_FRACTION_GAP,puckworks/data/schmieder2023/raw_fractions.csv,23,f3511dd46648fb34962c9d774cc901fa65acd7f0caaf130f143e4f04dbb0915f,PRIMARY_DIRECT_MEASUREMENT
2,1,7,caffeine,362.15,3e-06,1.7,0.0059196,0.0428812,0.0399214,0.045841,1.96436,0.00196436,1.1628225456e-05,0.0001582925055,FRACTION_MASS_MIDPOINT,SOURCE_UNMEASURED_FRACTION_GAP,puckworks/data/schmieder2023/raw_fractions.csv,24,f3511dd46648fb34962c9d774cc901fa65acd7f0caaf130f143e4f04dbb0915f,PRIMARY_DIRECT_MEASUREMENT
2,1,7,trigonelline,362.15,3e-06,1.7,0.0059196,0.0428812,0.0399214,0.045841,0.81837,0.00081837,4.844423052e-06,8.7146523808e-05,FRACTION_MASS_MIDPOINT,SOURCE_UNMEASURED_FRACTION_GAP,puckworks/data/schmieder2023/raw_fractions.csv,24,f3511dd46648fb34962c9d774cc901fa65acd7f0caaf130f143e4f04dbb0915f,PRIMARY_DIRECT_MEASUREMENT
2,1,10,caffeine,362.15,3e-06,1.7,0.0057694,0.0606217,0.057737,0.0635064,1.07608,0.0010760799999999999,6.2083359519999995e-06,0.000164500841452,FRACTION_MASS_MIDPOINT,SOURCE_UNMEASURED_FRACTION_GAP,puckworks/data/schmieder2023/raw_fractions.csv,25,f3511dd46648fb34962c9d774cc901fa65acd7f0caaf130f143e4f04dbb0915f,PRIMARY_DIRECT_MEASUREMENT
2,1,10,trigonelline,362.15,3e-06,1.7,0.0057694,0.0606217,0.057737,0.0635064,0.33097,0.00033097,1.909498318e-06,8.905602212599999e-05,FRACTION_MASS_MIDPOINT,SOURCE_UNMEASURED_FRACTION_GAP,puckworks/data/schmieder2023/raw_fractions.csv,25,f3511dd46648fb34962c9d774cc901fa65acd7f0caaf130f143e4f04dbb0915f,PRIMARY_DIRECT_MEASUREMENT
2,2,1,caffeine,362.15,3e-06,1.7,0.008364100000000001,0.0041820500000000005,0.0,0.008364100000000001,8.52136,0.00852136,7.127350717599999e-05,7.127350717599999e-05,FRACTION_MASS_MIDPOINT,FIRST_MEASURED_FRACTION,puckworks/data/schmieder2023/raw_fractions.csv,26,f3511dd46648fb34962c9d774cc901fa65acd7f0caaf130f143e4f04dbb0915f,PRIMARY_DIRECT_MEASUREMENT
2,2,1,trigonelline,362.15,3e-06,1.7,0.008364100000000001,0.0041820500000000005,0.0,0.008364100000000001,5.23084,0.00523084,4.3751268844e-05,4.3751268844e-05,FRACTION_MASS_MIDPOINT,FIRST_MEASURED_FRACTION,puckworks/data/schmieder2023/raw_fractions.csv,26,f3511dd46648fb34962c9d774cc901fa65acd7f0caaf130f143e4f04dbb0915f,PRIMARY_DIRECT_MEASUREMENT
2,2,2,caffeine,362.15,3e-06,1.7,0.0063252,0.0115267,0.008364100000000001,0.014689299999999999,5.65109,0.00565109,3.5744274468e-05,0.00010701778164399998,FRACTION_MASS_MIDPOINT,CONTIGUOUS_WITHIN_PRINTED_PRECISION,puckworks/data/schmieder2023/raw_fractions.csv,27,f3511dd46648fb34962c9d774cc901fa65acd7f0caaf130f143e4f04dbb0915f,PRIMARY_DIRECT_MEASUREMENT
2,2,2,trigonelline,362.15,3e-06,1.7,0.0063252,0.0115267,0.008364100000000001,0.014689299999999999,2.90298,0.00290298,1.8361929095999997e-05,6.211319794e-05,FRACTION_MASS_MIDPOINT,CONTIGUOUS_WITHIN_PRINTED_PRECISION,puckworks/data/schmieder2023/raw_fractions.csv,27,f3511dd46648fb34962c9d774cc901fa65acd7f0caaf130f143e4f04dbb0915f,PRIMARY_DIRECT_MEASUREMENT
2,2,3,caffeine,362.15,3e-06,1.7,0.0061155,0.01774705,0.0146893,0.020804800000000002,4.29076,0.004290759999999999,2.6240142779999998e-05,0.00013325792442399998,FRACTION_MASS_MIDPOINT,CONTIGUOUS_WITHIN_PRINTED_PRECISION,puckworks/data/schmieder2023/raw_fractions.csv,28,f3511dd46648fb34962c9d774cc901fa65acd7f0caaf130f143e4f04dbb0915f,PRIMARY_DIRECT_MEASUREMENT
2,2,3,trigonelline,362.15,3e-06,1.7,0.0061155,0.01774705,0.0146893,0.020804800000000002,2.06792,0.00206792,1.2646364759999998e-05,7.475956269999999e-05,FRACTION_MASS_MIDPOINT,CONTIGUOUS_WITHIN_PRINTED_PRECISION,puckworks/data/schmieder2023/raw_fractions.csv,28,f3511dd46648fb34962c9d774cc901fa65acd7f0caaf130f143e4f04dbb0915f,PRIMARY_DIRECT_MEASUREMENT
2,2,5,caffeine,362.15,3e-06,1.7,0.0058572,0.030039100000000003,0.027110500000000003,0.0329677,2.897,0.002897,1.6968308399999996e-05,0.00015022623282399998,FRACTION_MASS_MIDPOINT,SOURCE_UNMEASURED_FRACTION_GAP,puckworks/data/schmieder2023/raw_fractions.csv,29,f3511dd46648fb34962c9d774cc901fa65acd7f0caaf130f143e4f04dbb0915f,PRIMARY_DIRECT_MEASUREMENT
2,2,5,trigonelline,362.15,3e-06,1.7,0.0058572,0.030039100000000003,0.027110500000000003,0.0329677,1.20658,0.00120658,7.067180375999999e-06,8.1826743076e-05,FRACTION_MASS_MIDPOINT,SOURCE_UNMEASURED_FRACTION_GAP,puckworks/data/schmieder2023/raw_fractions.csv,29,f3511dd46648fb34962c9d774cc901fa65acd7f0caaf130f143e4f04dbb0915f,PRIMARY_DIRECT_MEASUREMENT
2,2,7,caffeine,362.15,3e-06,1.7,0.0056955,0.04181185,0.0389641,0.0446596,1.96201,0.00196201,1.1174627954999999e-05,0.000161400860779,FRACTION_MASS_MIDPOINT,SOURCE_UNMEASURED_FRACTION_GAP,puckworks/data/schmieder2023/raw_fractions.csv,30,f3511dd46648fb34962c9d774cc901fa65acd7f0caaf130f143e4f04dbb0915f,PRIMARY_DIRECT_MEASUREMENT
2,2,7,trigonelline,362.15,3e-06,1.7,0.0056955,0.04181185,0.0389641,0.0446596,0.70827,0.00070827,4.033951785e-06,8.586069486099999e-05,FRACTION_MASS_MIDPOINT,SOURCE_UNMEASURED_FRACTION_GAP,puckworks/data/schmieder2023/raw_fractions.csv,30,f3511dd46648fb34962c9d774cc901fa65acd7f0caaf130f143e4f04dbb0915f,PRIMARY_DIRECT_MEASUREMENT
2,2,10,caffeine,362.15,3e-06,1.7,0.0054624,0.0590694,0.056338200000000005,0.061800600000000004,1.02835,0.0010283500000000001,5.61725904e-06,0.000167018119819,FRACTION_MASS_MIDPOINT,SOURCE_UNMEASURED_FRACTION_GAP,puckworks/data/schmieder2023/raw_fractions.csv,31,f3511dd46648fb34962c9d774cc901fa65acd7f0caaf130f143e4f04dbb0915f,PRIMARY_DIRECT_MEASUREMENT
2,2,10,trigonelline,362.15,3e-06,1.7,0.0054624,0.0590694,0.056338200000000005,0.061800600000000004,0.26128,0.00026128,1.4272158719999998e-06,8.7287910733e-05,FRACTION_MASS_MIDPOINT,SOURCE_UNMEASURED_FRACTION_GAP,puckworks/data/schmieder2023/raw_fractions.csv,31,f3511dd46648fb34962c9d774cc901fa65acd7f0caaf130f143e4f04dbb0915f,PRIMARY_DIRECT_MEASUREMENT
2,3,1,caffeine,362.15,3e-06,1.7,0.0096003,0.00480015,0.0,0.0096003,7.92782,0.00792782,7.610945034599999e-05,7.610945034599999e-05,FRACTION_MASS_MIDPOINT,FIRST_MEASURED_FRACTION,puckworks/data/schmieder2023/raw_fractions.csv,32,f3511dd46648fb34962c9d774cc901fa65acd7f0caaf130f143e4f04dbb0915f,PRIMARY_DIRECT_MEASUREMENT
2,3,1,trigonelline,362.15,3e-06,1.7,0.0096003,0.00480015,0.0,0.0096003,4.95764,0.00495764,4.7594831292e-05,4.7594831292e-05,FRACTION_MASS_MIDPOINT,FIRST_MEASURED_FRACTION,puckworks/data/schmieder2023/raw_fractions.csv,32,f3511dd46648fb34962c9d774cc901fa65acd7f0caaf130f143e4f04dbb0915f,PRIMARY_DIRECT_MEASUREMENT
2,3,2,caffeine,362.15,3e-06,1.7,0.0060248,0.012612700000000001,0.0096003,0.0156251,,,,,FRACTION_MASS_MIDPOINT,CONTIGUOUS_WITHIN_PRINTED_PRECISION,puckworks/data/schmieder2023/raw_fractions.csv,33,f3511dd46648fb34962c9d774cc901fa65acd7f0caaf130f143e4f04dbb0915f,PRIMARY_DIRECT_MEASUREMENT
2,3,2,trigonelline,362.15,3e-06,1.7,0.0060248,0.012612700000000001,0.0096003,0.0156251,,,,,FRACTION_MASS_MIDPOINT,CONTIGUOUS_WITHIN_PRINTED_PRECISION,puckworks/data/schmieder2023/raw_fractions.csv,33,f3511dd46648fb34962c9d774cc901fa65acd7f0caaf130f143e4f04dbb0915f,PRIMARY_DIRECT_MEASUREMENT
2,3,3,caffeine,362.15,3e-06,1.7,0.0059867,0.018618449999999998,0.0156251,0.0216118,3.88569,0.00388569,2.3262460323e-05,9.937191066899999e-05,FRACTION_MASS_MIDPOINT,CONTIGUOUS_WITHIN_PRINTED_PRECISION,puckworks/data/schmieder2023/raw_fractions.csv,34,f3511dd46648fb34962c9d774cc901fa65acd7f0caaf130f143e4f04dbb0915f,PRIMARY_DIRECT_MEASUREMENT
2,3,3,trigonelline,362.15,3e-06,1.7,0.0059867,0.018618449999999998,0.0156251,0.0216118,1.89815,0.0018981500000000001,1.1363654605e-05,5.8958485897e-05,FRACTION_MASS_MIDPOINT,CONTIGUOUS_WITHIN_PRINTED_PRECISION,puckworks/data/schmieder2023/raw_fractions.csv,34,f3511dd46648fb34962c9d774cc901fa65acd7f0caaf130f143e4f04dbb0915f,PRIMARY_DIRECT_MEASUREMENT
2,3,5,caffeine,362.15,3e-06,1.7,0.0059668,0.0302695,0.0272861,0.0332529,2.67119,0.0026711900000000004,1.5938456492000002e-05,0.00011531036716099999,FRACTION_MASS_MIDPOINT,SOURCE_UNMEASURED_FRACTION_GAP,puckworks/data/schmieder2023/raw_fractions.csv,35,f3511dd46648fb34962c9d774cc901fa65acd7f0caaf130f143e4f04dbb0915f,PRIMARY_DIRECT_MEASUREMENT
2,3,5,trigonelline,362.15,3e-06,1.7,0.0059668,0.0302695,0.0272861,0.0332529,1.1612,0.0011612,6.928648159999999e-06,6.5887134057e-05,FRACTION_MASS_MIDPOINT,SOURCE_UNMEASURED_FRACTION_GAP,puckworks/data/schmieder2023/raw_fractions.csv,35,f3511dd46648fb34962c9d774cc901fa65acd7f0caaf130f143e4f04dbb0915f,PRIMARY_DIRECT_MEASUREMENT
2,3,7,caffeine,362.15,3e-06,1.7,0.0056848,0.0419244,0.039082,0.044766799999999995,1.95308,0.00195308,1.1102869183999998e-05,0.000126413236345,FRACTION_MASS_MIDPOINT,SOURCE_UNMEASURED_FRACTION_GAP,puckworks/data/schmieder2023/raw_fractions.csv,36,f3511dd46648fb34962c9d774cc901fa65acd7f0caaf130f143e4f04dbb0915f,PRIMARY_DIRECT_MEASUREMENT
2,3,7,trigonelline,362.15,3e-06,1.7,0.0056848,0.0419244,0.039082,0.044766799999999995,0.78239,0.00078239,4.447730672e-06,7.0334864729e-05,FRACTION_MASS_MIDPOINT,SOURCE_UNMEASURED_FRACTION_GAP,puckworks/data/schmieder2023/raw_fractions.csv,36,f3511dd46648fb34962c9d774cc901fa65acd7f0caaf130f143e4f04dbb0915f,PRIMARY_DIRECT_MEASUREMENT
2,3,10,caffeine,362.15,3e-06,1.7,0.0057492,0.0595053,0.0566307,0.0623799,1.08629,0.00108629,6.245298467999999e-06,0.000132658534813,FRACTION_MASS_MIDPOINT,SOURCE_UNMEASURED_FRACTION_GAP,puckworks/data/schmieder2023/raw_fractions.csv,37,f3511dd46648fb34962c9d774cc901fa65acd7f0caaf130f143e4f04dbb0915f,PRIMARY_DIRECT_MEASUREMENT
2,3,10,trigonelline,362.15,3e-06,1.7,0.0057492,0.0595053,0.0566307,0.0623799,0.31558,0.00031558000000000004,1.8143325360000002e-06,7.2149197265e-05,FRACTION_MASS_MIDPOINT,SOURCE_UNMEASURED_FRACTION_GAP,puckworks/data/schmieder2023/raw_fractions.csv,37,f3511dd46648fb34962c9d774cc901fa65acd7f0caaf130f143e4f04dbb0915f,PRIMARY_DIRECT_MEASUREMENT
3,1,1,caffeine,362.15,2e-06,1.4,0.0066829,0.00334145,0.0,0.0066829,8.74382,0.00874382,5.843407467799999e-05,5.843407467799999e-05,FRACTION_MASS_MIDPOINT,FIRST_MEASURED_FRACTION,puckworks/data/schmieder2023/raw_fractions.csv,38,f3511dd46648fb34962c9d774cc901fa65acd7f0caaf130f143e4f04dbb0915f,PRIMARY_DIRECT_MEASUREMENT
3,1,1,trigonelline,362.15,2e-06,1.4,0.0066829,0.00334145,0.0,0.0066829,5.61314,0.00561314,3.7512053306e-05,3.7512053306e-05,FRACTION_MASS_MIDPOINT,FIRST_MEASURED_FRACTION,puckworks/data/schmieder2023/raw_fractions.csv,38,f3511dd46648fb34962c9d774cc901fa65acd7f0caaf130f143e4f04dbb0915f,PRIMARY_DIRECT_MEASUREMENT
3,1,2,caffeine,362.15,2e-06,1.4,0.0058907,0.00962825,0.0066829,0.012573599999999999,5.84456,0.00584456,3.4428549592e-05,9.286262426999998e-05,FRACTION_MASS_MIDPOINT,CONTIGUOUS_WITHIN_PRINTED_PRECISION,puckworks/data/schmieder2023/raw_fractions.csv,39,f3511dd46648fb34962c9d774cc901fa65acd7f0caaf130f143e4f04dbb0915f,PRIMARY_DIRECT_MEASUREMENT
3,1,2,trigonelline,362.15,2e-06,1.4,0.0058907,0.00962825,0.0066829,0.012573599999999999,3.14282,0.00314282,1.8513409773999997e-05,5.602546308e-05,FRACTION_MASS_MIDPOINT,CONTIGUOUS_WITHIN_PRINTED_PRECISION,puckworks/data/schmieder2023/raw_fractions.csv,39,f3511dd46648fb34962c9d774cc901fa65acd7f0caaf130f143e4f04dbb0915f,PRIMARY_DIRECT_MEASUREMENT
3,1,3,caffeine,362.15,2e-06,1.4,0.005950400000000001,0.0155488,0.012573599999999999,0.018524000000000002,4.18368,0.0041836799999999995,2.4894569471999998e-05,0.00011775719374199999,FRACTION_MASS_MIDPOINT,CONTIGUOUS_WITHIN_PRINTED_PRECISION,puckworks/data/schmieder2023/raw_fractions.csv,40,f3511dd46648fb34962c9d774cc901fa65acd7f0caaf130f143e4f04dbb0915f,PRIMARY_DIRECT_MEASUREMENT
3,1,3,trigonelline,362.15,2e-06,1.4,0.005950400000000001,0.0155488,0.012573599999999999,0.018524000000000002,2.04155,0.00204155,1.214803912e-05,6.81735022e-05,FRACTION_MASS_MIDPOINT,CONTIGUOUS_WITHIN_PRINTED_PRECISION,puckworks/data/schmieder2023/raw_fractions.csv,40,f3511dd46648fb34962c9d774cc901fa65acd7f0caaf130f143e4f04dbb0915f,PRIMARY_DIRECT_MEASUREMENT
3,1,5,caffeine,362.15,2e-06,1.4,0.0057161,0.026878250000000003,0.024020200000000002,0.0297363,2.66842,0.00266842,1.5252955561999997e-05,0.000133010149304,FRACTION_MASS_MIDPOINT,SOURCE_UNMEASURED_FRACTION_GAP,puckworks/data/schmieder2023/raw_fractions.csv,41,f3511dd46648fb34962c9d774cc901fa65acd7f0caaf130f143e4f04dbb0915f,PRIMARY_DIRECT_MEASUREMENT
3,1,5,trigonelline,362.15,2e-06,1.4,0.0057161,0.026878250000000003,0.024020200000000002,0.0297363,1.13542,0.00113542,6.490174262000001e-06,7.4663676462e-05,FRACTION_MASS_MIDPOINT,SOURCE_UNMEASURED_FRACTION_GAP,puckworks/data/schmieder2023/raw_fractions.csv,41,f3511dd46648fb34962c9d774cc901fa65acd7f0caaf130f143e4f04dbb0915f,PRIMARY_DIRECT_MEASUREMENT
3,1,7,caffeine,362.15,2e-06,1.4,0.0052336,0.0377527,0.0351359,0.040369499999999996,1.85571,0.00185571,9.712043856e-06,0.00014272219316,FRACTION_MASS_MIDPOINT,SOURCE_UNMEASURED_FRACTION_GAP,puckworks/data/schmieder2023/raw_fractions.csv,42,f3511dd46648fb34962c9d774cc901fa65acd7f0caaf130f143e4f04dbb0915f,PRIMARY_DIRECT_MEASUREMENT
3,1,7,trigonelline,362.15,2e-06,1.4,0.0052336,0.0377527,0.0351359,0.040369499999999996,0.74793,0.00074793,3.914366448e-06,7.857804291e-05,FRACTION_MASS_MIDPOINT,SOURCE_UNMEASURED_FRACTION_GAP,puckworks/data/schmieder2023/raw_fractions.csv,42,f3511dd46648fb34962c9d774cc901fa65acd7f0caaf130f143e4f04dbb0915f,PRIMARY_DIRECT_MEASUREMENT
3,1,10,caffeine,362.15,2e-06,1.4,0.0055266000000000004,0.054189799999999996,0.0514265,0.0569531,1.19802,0.0011980200000000002,6.620977332e-06,0.00014934317049200002,FRACTION_MASS_MIDPOINT,SOURCE_UNMEASURED_FRACTION_GAP,puckworks/data/schmieder2023/raw_fractions.csv,43,f3511dd46648fb34962c9d774cc901fa65acd7f0caaf130f143e4f04dbb0915f,PRIMARY_DIRECT_MEASUREMENT
3,1,10,trigonelline,362.15,2e-06,1.4,0.0055266000000000004,0.054189799999999996,0.0514265,0.0569531,0.44319,0.00044319,2.4493338539999998e-06,8.1027376764e-05,FRACTION_MASS_MIDPOINT,SOURCE_UNMEASURED_FRACTION_GAP,puckworks/data/schmieder2023/raw_fractions.csv,43,f3511dd46648fb34962c9d774cc901fa65acd7f0caaf130f143e4f04dbb0915f,PRIMARY_DIRECT_MEASUREMENT
3,2,1,caffeine,362.15,2e-06,1.4,0.0068243999999999996,0.0034121999999999998,0.0,0.0068243999999999996,8.57154,0.00857154,5.8495617576e-05,5.8495617576e-05,FRACTION_MASS_MIDPOINT,FIRST_MEASURED_FRACTION,puckworks/data/schmieder2023/raw_fractions.csv,44,f3511dd46648fb34962c9d774cc901fa65acd7f0caaf130f143e4f04dbb0915f,PRIMARY_DIRECT_MEASUREMENT
3,2,1,trigonelline,362.15,2e-06,1.4,0.0068243999999999996,0.0034121999999999998,0.0,0.0068243999999999996,5.20654,0.005206540000000001,3.5531511575999996e-05,3.5531511575999996e-05,FRACTION_MASS_MIDPOINT,FIRST_MEASURED_FRACTION,puckworks/data/schmieder2023/raw_fractions.csv,44,f3511dd46648fb34962c9d774cc901fa65acd7f0caaf130f143e4f04dbb0915f,PRIMARY_DIRECT_MEASUREMENT
3,2,2,caffeine,362.15,2e-06,1.4,0.0056773,0.009663050000000001,0.0068244,0.0125017,5.68263,0.00568263,3.2261995299e-05,9.0757612875e-05,FRACTION_MASS_MIDPOINT,CONTIGUOUS_WITHIN_PRINTED_PRECISION,puckworks/data/schmieder2023/raw_fractions.csv,45,f3511dd46648fb34962c9d774cc901fa65acd7f0caaf130f143e4f04dbb0915f,PRIMARY_DIRECT_MEASUREMENT
3,2,2,trigonelline,362.15,2e-06,1.4,0.0056773,0.009663050000000001,0.0068244,0.0125017,2.96814,0.00296814,1.6851021222e-05,5.2382532797999995e-05,FRACTION_MASS_MIDPOINT,CONTIGUOUS_WITHIN_PRINTED_PRECISION,puckworks/data/schmieder2023/raw_fractions.csv,45,f3511dd46648fb34962c9d774cc901fa65acd7f0caaf130f143e4f04dbb0915f,PRIMARY_DIRECT_MEASUREMENT
3,2,3,caffeine,362.15,2e-06,1.4,0.0058248,0.0154141,0.0125017,0.0183265,4.40776,0.00440776,2.5674320447999995e-05,0.000116431933323,FRACTION_MASS_MIDPOINT,CONTIGUOUS_WITHIN_PRINTED_PRECISION,puckworks/data/schmieder2023/raw_fractions.csv,46,f3511dd46648fb34962c9d774cc901fa65acd7f0caaf130f143e4f04dbb0915f,PRIMARY_DIRECT_MEASUREMENT
3,2,3,trigonelline,362.15,2e-06,1.4,0.0058248,0.0154141,0.0125017,0.0183265,2.16572,0.00216572,1.2614885855999998e-05,6.499741865399999e-05,FRACTION_MASS_MIDPOINT,CONTIGUOUS_WITHIN_PRINTED_PRECISION,puckworks/data/schmieder2023/raw_fractions.csv,46,f3511dd46648fb34962c9d774cc901fa65acd7f0caaf130f143e4f04dbb0915f,PRIMARY_DIRECT_MEASUREMENT
3,2,5,caffeine,362.15,2e-06,1.4,0.0055776,0.0270472,0.024258400000000003,0.029835999999999998,2.99185,0.00299185,1.668734256e-05,0.000133119275883,FRACTION_MASS_MIDPOINT,SOURCE_UNMEASURED_FRACTION_GAP,puckworks/data/schmieder2023/raw_fractions.csv,47,f3511dd46648fb34962c9d774cc901fa65acd7f0caaf130f143e4f04dbb0915f,PRIMARY_DIRECT_MEASUREMENT
3,2,5,trigonelline,362.15,2e-06,1.4,0.0055776,0.0270472,0.024258400000000003,0.029835999999999998,1.30818,0.00130818,7.296504768e-06,7.229392342199999e-05,FRACTION_MASS_MIDPOINT,SOURCE_UNMEASURED_FRACTION_GAP,puckworks/data/schmieder2023/raw_fractions.csv,47,f3511dd46648fb34962c9d774cc901fa65acd7f0caaf130f143e4f04dbb0915f,PRIMARY_DIRECT_MEASUREMENT
3,2,7,caffeine,362.15,2e-06,1.4,0.005403,0.0379453,0.0352438,0.040646800000000004,2.0832,0.0020832000000000003,1.1255529599999998e-05,0.000144374805483,FRACTION_MASS_MIDPOINT,SOURCE_UNMEASURED_FRACTION_GAP,puckworks/data/schmieder2023/raw_fractions.csv,48,f3511dd46648fb34962c9d774cc901fa65acd7f0caaf130f143e4f04dbb0915f,PRIMARY_DIRECT_MEASUREMENT
3,2,7,trigonelline,362.15,2e-06,1.4,0.005403,0.0379453,0.0352438,0.040646800000000004,0.81741,0.00081741,4.416466229999999e-06,7.671038965199999e-05,FRACTION_MASS_MIDPOINT,SOURCE_UNMEASURED_FRACTION_GAP,puckworks/data/schmieder2023/raw_fractions.csv,48,f3511dd46648fb34962c9d774cc901fa65acd7f0caaf130f143e4f04dbb0915f,PRIMARY_DIRECT_MEASUREMENT
3,2,10,caffeine,362.15,2e-06,1.4,0.005614,0.0538518,0.051044799999999994,0.0566588,1.26795,0.00126795,7.118271299999999e-06,0.000151493076783,FRACTION_MASS_MIDPOINT,SOURCE_UNMEASURED_FRACTION_GAP,puckworks/data/schmieder2023/raw_fractions.csv,49,f3511dd46648fb34962c9d774cc901fa65acd7f0caaf130f143e4f04dbb0915f,PRIMARY_DIRECT_MEASUREMENT
3,2,10,trigonelline,362.15,2e-06,1.4,0.005614,0.0538518,0.051044799999999994,0.0566588,0.39325,0.00039325,2.2077054999999997e-06,7.891809515199999e-05,FRACTION_MASS_MIDPOINT,SOURCE_UNMEASURED_FRACTION_GAP,puckworks/data/schmieder2023/raw_fractions.csv,49,f3511dd46648fb34962c9d774cc901fa65acd7f0caaf130f143e4f04dbb0915f,PRIMARY_DIRECT_MEASUREMENT
3,3,1,caffeine,362.15,2e-06,1.4,0.007913100000000001,0.0039565500000000005,0.0,0.007913100000000001,8.46987,0.008469870000000001,6.7022928297e-05,6.7022928297e-05,FRACTION_MASS_MIDPOINT,FIRST_MEASURED_FRACTION,puckworks/data/schmieder2023/raw_fractions.csv,50,f3511dd46648fb34962c9d774cc901fa65acd7f0caaf130f143e4f04dbb0915f,PRIMARY_DIRECT_MEASUREMENT
3,3,1,trigonelline,362.15,2e-06,1.4,0.007913100000000001,0.0039565500000000005,0.0,0.007913100000000001,5.25243,0.005252430000000001,4.1563003833e-05,4.1563003833e-05,FRACTION_MASS_MIDPOINT,FIRST_MEASURED_FRACTION,puckworks/data/schmieder2023/raw_fractions.csv,50,f3511dd46648fb34962c9d774cc901fa65acd7f0caaf130f143e4f04dbb0915f,PRIMARY_DIRECT_MEASUREMENT
3,3,2,caffeine,362.15,2e-06,1.4,0.0060616,0.0109439,0.0079131,0.0139747,5.74414,0.00574414,3.4818679023999996e-05,0.000101841607321,FRACTION_MASS_MIDPOINT,CONTIGUOUS_WITHIN_PRINTED_PRECISION,puckworks/data/schmieder2023/raw_fractions.csv,51,f3511dd46648fb34962c9d774cc901fa65acd7f0caaf130f143e4f04dbb0915f,PRIMARY_DIRECT_MEASUREMENT
3,3,2,trigonelline,362.15,2e-06,1.4,0.0060616,0.0109439,0.0079131,0.0139747,2.99329,0.00299329,1.8144126664000002e-05,5.9707130497e-05,FRACTION_MASS_MIDPOINT,CONTIGUOUS_WITHIN_PRINTED_PRECISION,puckworks/data/schmieder2023/raw_fractions.csv,51,f3511dd46648fb34962c9d774cc901fa65acd7f0caaf130f143e4f04dbb0915f,PRIMARY_DIRECT_MEASUREMENT
3,3,3,caffeine,362.15,2e-06,1.4,0.0056346,0.016792,0.013974700000000003,0.019609300000000003,4.29308,0.0042930799999999995,2.4189788567999997e-05,0.000126031395889,FRACTION_MASS_MIDPOINT,CONTIGUOUS_WITHIN_PRINTED_PRECISION,puckworks/data/schmieder2023/raw_fractions.csv,52,f3511dd46648fb34962c9d774cc901fa65acd7f0caaf130f143e4f04dbb0915f,PRIMARY_DIRECT_MEASUREMENT
3,3,3,trigonelline,362.15,2e-06,1.4,0.0056346,0.016792,0.013974700000000003,0.019609300000000003,2.09978,0.00209978,1.1831420387999999e-05,7.1538550885e-05,FRACTION_MASS_MIDPOINT,CONTIGUOUS_WITHIN_PRINTED_PRECISION,puckworks/data/schmieder2023/raw_fractions.csv,52,f3511dd46648fb34962c9d774cc901fa65acd7f0caaf130f143e4f04dbb0915f,PRIMARY_DIRECT_MEASUREMENT
3,3,5,caffeine,362.15,2e-06,1.4,0.005538700000000001,0.02798115,0.0252118,0.0307505,2.80021,0.00280021,1.5509523126999998e-05,0.000141540919016,FRACTION_MASS_MIDPOINT,SOURCE_UNMEASURED_FRACTION_GAP,puckworks/data/schmieder2023/raw_fractions.csv,53,f3511dd46648fb34962c9d774cc901fa65acd7f0caaf130f143e4f04dbb0915f,PRIMARY_DIRECT_MEASUREMENT
3,3,5,trigonelline,362.15,2e-06,1.4,0.005538700000000001,0.02798115,0.0252118,0.0307505,1.18599,0.00118599,6.568842813000001e-06,7.8107393698e-05,FRACTION_MASS_MIDPOINT,SOURCE_UNMEASURED_FRACTION_GAP,puckworks/data/schmieder2023/raw_fractions.csv,53,f3511dd46648fb34962c9d774cc901fa65acd7f0caaf130f143e4f04dbb0915f,PRIMARY_DIRECT_MEASUREMENT
3,3,7,caffeine,362.15,2e-06,1.4,0.0050746,0.03900460000000001,0.0364673,0.04154190000000001,2.01422,0.0020142199999999997,1.0221360812e-05,0.000151762279828,FRACTION_MASS_MIDPOINT,SOURCE_UNMEASURED_FRACTION_GAP,puckworks/data/schmieder2023/raw_fractions.csv,54,f3511dd46648fb34962c9d774cc901fa65acd7f0caaf130f143e4f04dbb0915f,PRIMARY_DIRECT_MEASUREMENT
3,3,7,trigonelline,362.15,2e-06,1.4,0.0050746,0.03900460000000001,0.0364673,0.04154190000000001,0.78172,0.00078172,3.966916312e-06,8.207431001e-05,FRACTION_MASS_MIDPOINT,SOURCE_UNMEASURED_FRACTION_GAP,puckworks/data/schmieder2023/raw_fractions.csv,54,f3511dd46648fb34962c9d774cc901fa65acd7f0caaf130f143e4f04dbb0915f,PRIMARY_DIRECT_MEASUREMENT
3,3,10,caffeine,362.15,2e-06,1.4,0.0052870999999999994,0.055248950000000005,0.052605400000000004,0.0578925,1.19505,0.00119505,6.318348854999999e-06,0.000158080628683,FRACTION_MASS_MIDPOINT,SOURCE_UNMEASURED_FRACTION_GAP,puckworks/data/schmieder2023/raw_fractions.csv,55,f3511dd46648fb34962c9d774cc901fa65acd7f0caaf130f143e4f04dbb0915f,PRIMARY_DIRECT_MEASUREMENT
3,3,10,trigonelline,362.15,2e-06,1.4,0.0052870999999999994,0.055248950000000005,0.052605400000000004,0.0578925,0.3573,0.0003573,1.8890808299999998e-06,8.396339084e-05,FRACTION_MASS_MIDPOINT,SOURCE_UNMEASURED_FRACTION_GAP,puckworks/data/schmieder2023/raw_fractions.csv,55,f3511dd46648fb34962c9d774cc901fa65acd7f0caaf130f143e4f04dbb0915f,PRIMARY_DIRECT_MEASUREMENT
4,1,1,caffeine,362.15,2e-06,2.0,0.0065735,0.00328675,0.0,0.0065735,8.52633,0.00852633,5.6047830255e-05,5.6047830255e-05,FRACTION_MASS_MIDPOINT,FIRST_MEASURED_FRACTION,puckworks/data/schmieder2023/raw_fractions.csv,56,f3511dd46648fb34962c9d774cc901fa65acd7f0caaf130f143e4f04dbb0915f,PRIMARY_DIRECT_MEASUREMENT
4,1,1,trigonelline,362.15,2e-06,2.0,0.0065735,0.00328675,0.0,0.0065735,5.77199,0.00577199,3.7942176265e-05,3.7942176265e-05,FRACTION_MASS_MIDPOINT,FIRST_MEASURED_FRACTION,puckworks/data/schmieder2023/raw_fractions.csv,56,f3511dd46648fb34962c9d774cc901fa65acd7f0caaf130f143e4f04dbb0915f,PRIMARY_DIRECT_MEASUREMENT
4,1,2,caffeine,362.15,2e-06,2.0,0.006657199999999999,0.0099021,0.006573500000000001,0.013230700000000001,6.20307,0.006203070000000001,4.1295077604e-05,9.734290785899999e-05,FRACTION_MASS_MIDPOINT,CONTIGUOUS_WITHIN_PRINTED_PRECISION,puckworks/data/schmieder2023/raw_fractions.csv,57,f3511dd46648fb34962c9d774cc901fa65acd7f0caaf130f143e4f04dbb0915f,PRIMARY_DIRECT_MEASUREMENT
4,1,2,trigonelline,362.15,2e-06,2.0,0.006657199999999999,0.0099021,0.006573500000000001,0.013230700000000001,3.67001,0.00367001,2.4431990572e-05,6.2374166837e-05,FRACTION_MASS_MIDPOINT,CONTIGUOUS_WITHIN_PRINTED_PRECISION,puckworks/data/schmieder2023/raw_fractions.csv,57,f3511dd46648fb34962c9d774cc901fa65acd7f0caaf130f143e4f04dbb0915f,PRIMARY_DIRECT_MEASUREMENT
4,1,3,caffeine,362.15,2e-06,2.0,0.0064623,0.01646185,0.0132307,0.019693,4.46204,0.0044620400000000005,2.8835041092e-05,0.000126177948951,FRACTION_MASS_MIDPOINT,CONTIGUOUS_WITHIN_PRINTED_PRECISION,puckworks/data/schmieder2023/raw_fractions.csv,58,f3511dd46648fb34962c9d774cc901fa65acd7f0caaf130f143e4f04dbb0915f,PRIMARY_DIRECT_MEASUREMENT
4,1,3,trigonelline,362.15,2e-06,2.0,0.0064623,0.01646185,0.0132307,0.019693,2.41255,0.00241255,1.5590621864999997e-05,7.796478870199999e-05,FRACTION_MASS_MIDPOINT,CONTIGUOUS_WITHIN_PRINTED_PRECISION,puckworks/data/schmieder2023/raw_fractions.csv,58,f3511dd46648fb34962c9d774cc901fa65acd7f0caaf130f143e4f04dbb0915f,PRIMARY_DIRECT_MEASUREMENT
4,1,5,caffeine,362.15,2e-06,2.0,0.0058643,0.028419550000000002,0.0254874,0.0313517,2.72982,0.00272982,1.6008483426000002e-05,0.000142186432377,FRACTION_MASS_MIDPOINT,SOURCE_UNMEASURED_FRACTION_GAP,puckworks/data/schmieder2023/raw_fractions.csv,59,f3511dd46648fb34962c9d774cc901fa65acd7f0caaf130f143e4f04dbb0915f,PRIMARY_DIRECT_MEASUREMENT
4,1,5,trigonelline,362.15,2e-06,2.0,0.0058643,0.028419550000000002,0.0254874,0.0313517,1.21248,0.00121248,7.1103464639999995e-06,8.5075135166e-05,FRACTION_MASS_MIDPOINT,SOURCE_UNMEASURED_FRACTION_GAP,puckworks/data/schmieder2023/raw_fractions.csv,59,f3511dd46648fb34962c9d774cc901fa65acd7f0caaf130f143e4f04dbb0915f,PRIMARY_DIRECT_MEASUREMENT
4,1,7,caffeine,362.15,2e-06,2.0,0.0057076,0.039832299999999994,0.0369785,0.0426861,1.79668,0.0017966800000000002,1.0254730768e-05,0.000152441163145,FRACTION_MASS_MIDPOINT,SOURCE_UNMEASURED_FRACTION_GAP,puckworks/data/schmieder2023/raw_fractions.csv,60,f3511dd46648fb34962c9d774cc901fa65acd7f0caaf130f143e4f04dbb0915f,PRIMARY_DIRECT_MEASUREMENT
4,1,7,trigonelline,362.15,2e-06,2.0,0.0057076,0.039832299999999994,0.0369785,0.0426861,0.68288,0.0006828800000000001,3.897605888e-06,8.8972741054e-05,FRACTION_MASS_MIDPOINT,SOURCE_UNMEASURED_FRACTION_GAP,puckworks/data/schmieder2023/raw_fractions.csv,60,f3511dd46648fb34962c9d774cc901fa65acd7f0caaf130f143e4f04dbb0915f,PRIMARY_DIRECT_MEASUREMENT
4,1,10,caffeine,362.15,2e-06,2.0,0.006130040000000001,0.05693092,0.0538659,0.05999594,1.05266,0.00105266,6.4528479064e-06,0.0001588940110514,FRACTION_MASS_MIDPOINT,SOURCE_UNMEASURED_FRACTION_GAP,puckworks/data/schmieder2023/raw_fractions.csv,61,f3511dd46648fb34962c9d774cc901fa65acd7f0caaf130f143e4f04dbb0915f,PRIMARY_DIRECT_MEASUREMENT
4,1,10,trigonelline,362.15,2e-06,2.0,0.006130040000000001,0.05693092,0.0538659,0.05999594,0.31827,0.00031827,1.9510078308e-06,9.09237488848e-05,FRACTION_MASS_MIDPOINT,SOURCE_UNMEASURED_FRACTION_GAP,puckworks/data/schmieder2023/raw_fractions.csv,61,f3511dd46648fb34962c9d774cc901fa65acd7f0caaf130f143e4f04dbb0915f,PRIMARY_DIRECT_MEASUREMENT
4,2,1,caffeine,362.15,2e-06,2.0,0.0073346,0.0036673,0.0,0.0073346,8.46138,0.008461380000000001,6.2060837748e-05,6.2060837748e-05,FRACTION_MASS_MIDPOINT,FIRST_MEASURED_FRACTION,puckworks/data/schmieder2023/raw_fractions.csv,62,f3511dd46648fb34962c9d774cc901fa65acd7f0caaf130f143e4f04dbb0915f,PRIMARY_DIRECT_MEASUREMENT
4,2,1,trigonelline,362.15,2e-06,2.0,0.0073346,0.0036673,0.0,0.0073346,5.44488,0.005444880000000001,3.9936016848e-05,3.9936016848e-05,FRACTION_MASS_MIDPOINT,FIRST_MEASURED_FRACTION,puckworks/data/schmieder2023/raw_fractions.csv,62,f3511dd46648fb34962c9d774cc901fa65acd7f0caaf130f143e4f04dbb0915f,PRIMARY_DIRECT_MEASUREMENT
4,2,2,caffeine,362.15,2e-06,2.0,0.0060466,0.010357900000000001,0.007334600000000001,0.0133812,6.12544,0.00612544,3.7038085504e-05,9.909892325199999e-05,FRACTION_MASS_MIDPOINT,CONTIGUOUS_WITHIN_PRINTED_PRECISION,puckworks/data/schmieder2023/raw_fractions.csv,63,f3511dd46648fb34962c9d774cc901fa65acd7f0caaf130f143e4f04dbb0915f,PRIMARY_DIRECT_MEASUREMENT
4,2,2,trigonelline,362.15,2e-06,2.0,0.0060466,0.010357900000000001,0.007334600000000001,0.0133812,3.42899,0.0034289900000000002,2.0733730933999998e-05,6.0669747781999995e-05,FRACTION_MASS_MIDPOINT,CONTIGUOUS_WITHIN_PRINTED_PRECISION,puckworks/data/schmieder2023/raw_fractions.csv,63,f3511dd46648fb34962c9d774cc901fa65acd7f0caaf130f143e4f04dbb0915f,PRIMARY_DIRECT_MEASUREMENT
4,2,3,caffeine,362.15,2e-06,2.0,0.0064979,0.01663015,0.0133812,0.0198791,4.51763,0.00451763,2.9355107976999994e-05,0.00012845403122899998,FRACTION_MASS_MIDPOINT,CONTIGUOUS_WITHIN_PRINTED_PRECISION,puckworks/data/schmieder2023/raw_fractions.csv,64,f3511dd46648fb34962c9d774cc901fa65acd7f0caaf130f143e4f04dbb0915f,PRIMARY_DIRECT_MEASUREMENT
4,2,3,trigonelline,362.15,2e-06,2.0,0.0064979,0.01663015,0.0133812,0.0198791,2.33588,0.00233588,1.5178314651999998e-05,7.5848062434e-05,FRACTION_MASS_MIDPOINT,CONTIGUOUS_WITHIN_PRINTED_PRECISION,puckworks/data/schmieder2023/raw_fractions.csv,64,f3511dd46648fb34962c9d774cc901fa65acd7f0caaf130f143e4f04dbb0915f,PRIMARY_DIRECT_MEASUREMENT
4,2,5,caffeine,362.15,2e-06,2.0,0.0059223,0.028891749999999997,0.025930599999999998,0.031852899999999996,2.81364,0.00281364,1.6663220172e-05,0.00014511725140099998,FRACTION_MASS_MIDPOINT,SOURCE_UNMEASURED_FRACTION_GAP,puckworks/data/schmieder2023/raw_fractions.csv,65,f3511dd46648fb34962c9d774cc901fa65acd7f0caaf130f143e4f04dbb0915f,PRIMARY_DIRECT_MEASUREMENT
4,2,5,trigonelline,362.15,2e-06,2.0,0.0059223,0.028891749999999997,0.025930599999999998,0.031852899999999996,1.19023,0.00119023,7.048899128999999e-06,8.2896961563e-05,FRACTION_MASS_MIDPOINT,SOURCE_UNMEASURED_FRACTION_GAP,puckworks/data/schmieder2023/raw_fractions.csv,65,f3511dd46648fb34962c9d774cc901fa65acd7f0caaf130f143e4f04dbb0915f,PRIMARY_DIRECT_MEASUREMENT
4,2,7,caffeine,362.15,2e-06,2.0,0.0058798,0.040842100000000006,0.037902200000000004,0.043782,1.85206,0.00185206,1.0889742388e-05,0.00015600699378899997,FRACTION_MASS_MIDPOINT,SOURCE_UNMEASURED_FRACTION_GAP,puckworks/data/schmieder2023/raw_fractions.csv,66,f3511dd46648fb34962c9d774cc901fa65acd7f0caaf130f143e4f04dbb0915f,PRIMARY_DIRECT_MEASUREMENT
4,2,7,trigonelline,362.15,2e-06,2.0,0.0058798,0.040842100000000006,0.037902200000000004,0.043782,0.67472,0.00067472,3.967218656e-06,8.6864180219e-05,FRACTION_MASS_MIDPOINT,SOURCE_UNMEASURED_FRACTION_GAP,puckworks/data/schmieder2023/raw_fractions.csv,66,f3511dd46648fb34962c9d774cc901fa65acd7f0caaf130f143e4f04dbb0915f,PRIMARY_DIRECT_MEASUREMENT
4,2,10,caffeine,362.15,2e-06,2.0,0.0063917,0.058238950000000005,0.055043100000000005,0.061434800000000005,1.00778,0.00100778,6.441427425999999e-06,0.00016244842121499996,FRACTION_MASS_MIDPOINT,SOURCE_UNMEASURED_FRACTION_GAP,puckworks/data/schmieder2023/raw_fractions.csv,67,f3511dd46648fb34962c9d774cc901fa65acd7f0caaf130f143e4f04dbb0915f,PRIMARY_DIRECT_MEASUREMENT
4,2,10,trigonelline,362.15,2e-06,2.0,0.0063917,0.058238950000000005,0.055043100000000005,0.061434800000000005,0.29391,0.00029391000000000004,1.8785845469999998e-06,8.8742764766e-05,FRACTION_MASS_MIDPOINT,SOURCE_UNMEASURED_FRACTION_GAP,puckworks/data/schmieder2023/raw_fractions.csv,67,f3511dd46648fb34962c9d774cc901fa65acd7f0caaf130f143e4f04dbb0915f,PRIMARY_DIRECT_MEASUREMENT
4,3,1,caffeine,362.15,2e-06,2.0,0.006762,0.003381,0.0,0.006762,8.56101,0.008561009999999999,5.788954961999999e-05,5.788954961999999e-05,FRACTION_MASS_MIDPOINT,FIRST_MEASURED_FRACTION,puckworks/data/schmieder2023/raw_fractions.csv,68,f3511dd46648fb34962c9d774cc901fa65acd7f0caaf130f143e4f04dbb0915f,PRIMARY_DIRECT_MEASUREMENT
4,3,1,trigonelline,362.15,2e-06,2.0,0.006762,0.003381,0.0,0.006762,5.58559,0.00558559,3.7769759579999997e-05,3.7769759579999997e-05,FRACTION_MASS_MIDPOINT,FIRST_MEASURED_FRACTION,puckworks/data/schmieder2023/raw_fractions.csv,68,f3511dd46648fb34962c9d774cc901fa65acd7f0caaf130f143e4f04dbb0915f,PRIMARY_DIRECT_MEASUREMENT
4,3,2,caffeine,362.15,2e-06,2.0,0.0063069,0.00991545,0.006762000000000001,0.0130689,6.12377,0.006123770000000001,3.8622005012999995e-05,9.651155463299998e-05,FRACTION_MASS_MIDPOINT,CONTIGUOUS_WITHIN_PRINTED_PRECISION,puckworks/data/schmieder2023/raw_fractions.csv,69,f3511dd46648fb34962c9d774cc901fa65acd7f0caaf130f143e4f04dbb0915f,PRIMARY_DIRECT_MEASUREMENT
4,3,2,trigonelline,362.15,2e-06,2.0,0.0063069,0.00991545,0.006762000000000001,0.0130689,3.4596,0.0034596,2.1819351239999998e-05,5.9589110819999995e-05,FRACTION_MASS_MIDPOINT,CONTIGUOUS_WITHIN_PRINTED_PRECISION,puckworks/data/schmieder2023/raw_fractions.csv,69,f3511dd46648fb34962c9d774cc901fa65acd7f0caaf130f143e4f04dbb0915f,PRIMARY_DIRECT_MEASUREMENT
4,3,3,caffeine,362.15,2e-06,2.0,0.0067357,0.01643675,0.0130689,0.019804600000000002,4.38253,0.00438253,2.9519407320999998e-05,0.00012603096195399997,FRACTION_MASS_MIDPOINT,CONTIGUOUS_WITHIN_PRINTED_PRECISION,puckworks/data/schmieder2023/raw_fractions.csv,70,f3511dd46648fb34962c9d774cc901fa65acd7f0caaf130f143e4f04dbb0915f,PRIMARY_DIRECT_MEASUREMENT
4,3,3,trigonelline,362.15,2e-06,2.0,0.0067357,0.01643675,0.0130689,0.019804600000000002,2.29799,0.00229799,1.5478571243e-05,7.5067682063e-05,FRACTION_MASS_MIDPOINT,CONTIGUOUS_WITHIN_PRINTED_PRECISION,puckworks/data/schmieder2023/raw_fractions.csv,70,f3511dd46648fb34962c9d774cc901fa65acd7f0caaf130f143e4f04dbb0915f,PRIMARY_DIRECT_MEASUREMENT
4,3,5,caffeine,362.15,2e-06,2.0,0.0066315,0.029567150000000004,0.0262514,0.0328829,2.61253,0.00261253,1.7324992695e-05,0.00014335595464899997,FRACTION_MASS_MIDPOINT,SOURCE_UNMEASURED_FRACTION_GAP,puckworks/data/schmieder2023/raw_fractions.csv,71,f3511dd46648fb34962c9d774cc901fa65acd7f0caaf130f143e4f04dbb0915f,PRIMARY_DIRECT_MEASUREMENT
4,3,5,trigonelline,362.15,2e-06,2.0,0.0066315,0.029567150000000004,0.0262514,0.0328829,1.12282,0.0011228199999999999,7.44598083e-06,8.2513662893e-05,FRACTION_MASS_MIDPOINT,SOURCE_UNMEASURED_FRACTION_GAP,puckworks/data/schmieder2023/raw_fractions.csv,71,f3511dd46648fb34962c9d774cc901fa65acd7f0caaf130f143e4f04dbb0915f,PRIMARY_DIRECT_MEASUREMENT
4,3,7,caffeine,362.15,2e-06,2.0,0.0057644,0.042446399999999995,0.0395642,0.0453286,1.84321,0.00184321,1.0624999724e-05,0.00015398095437299997,FRACTION_MASS_MIDPOINT,SOURCE_UNMEASURED_FRACTION_GAP,puckworks/data/schmieder2023/raw_fractions.csv,72,f3511dd46648fb34962c9d774cc901fa65acd7f0caaf130f143e4f04dbb0915f,PRIMARY_DIRECT_MEASUREMENT
4,3,7,trigonelline,362.15,2e-06,2.0,0.0057644,0.042446399999999995,0.0395642,0.0453286,0.66693,0.00066693,3.844451292e-06,8.6358114185e-05,FRACTION_MASS_MIDPOINT,SOURCE_UNMEASURED_FRACTION_GAP,puckworks/data/schmieder2023/raw_fractions.csv,72,f3511dd46648fb34962c9d774cc901fa65acd7f0caaf130f143e4f04dbb0915f,PRIMARY_DIRECT_MEASUREMENT
4,3,10,caffeine,362.15,2e-06,2.0,0.0058445,0.05951146,0.05658921,0.062433709999999996,1.10291,0.0011029100000000001,6.4459574949999994e-06,0.00016042691186799997,FRACTION_MASS_MIDPOINT,SOURCE_UNMEASURED_FRACTION_GAP,puckworks/data/schmieder2023/raw_fractions.csv,73,f3511dd46648fb34962c9d774cc901fa65acd7f0caaf130f143e4f04dbb0915f,PRIMARY_DIRECT_MEASUREMENT
4,3,10,trigonelline,362.15,2e-06,2.0,0.0058445,0.05951146,0.05658921,0.062433709999999996,0.31787,0.00031787,1.8577912149999998e-06,8.82159054e-05,FRACTION_MASS_MIDPOINT,SOURCE_UNMEASURED_FRACTION_GAP,puckworks/data/schmieder2023/raw_fractions.csv,73,f3511dd46648fb34962c9d774cc901fa65acd7f0caaf130f143e4f04dbb0915f,PRIMARY_DIRECT_MEASUREMENT
5,1,1,caffeine,353.15,2e-06,1.7,0.006903800000000001,0.0034519000000000004,0.0,0.006903800000000001,9.65971,0.00965971,6.6688705898e-05,6.6688705898e-05,FRACTION_MASS_MIDPOINT,FIRST_MEASURED_FRACTION,puckworks/data/schmieder2023/raw_fractions.csv,74,f3511dd46648fb34962c9d774cc901fa65acd7f0caaf130f143e4f04dbb0915f,PRIMARY_DIRECT_MEASUREMENT
5,1,1,trigonelline,353.15,2e-06,1.7,0.006903800000000001,0.0034519000000000004,0.0,0.006903800000000001,6.02066,0.006020660000000001,4.156543250800001e-05,4.156543250800001e-05,FRACTION_MASS_MIDPOINT,FIRST_MEASURED_FRACTION,puckworks/data/schmieder2023/raw_fractions.csv,74,f3511dd46648fb34962c9d774cc901fa65acd7f0caaf130f143e4f04dbb0915f,PRIMARY_DIRECT_MEASUREMENT
5,1,2,caffeine,353.15,2e-06,1.7,0.0059261,0.00986685,0.0069038,0.012829899999999998,6.97791,0.0069779099999999995,4.135179245099999e-05,0.000108040498349,FRACTION_MASS_MIDPOINT,CONTIGUOUS_WITHIN_PRINTED_PRECISION,puckworks/data/schmieder2023/raw_fractions.csv,75,f3511dd46648fb34962c9d774cc901fa65acd7f0caaf130f143e4f04dbb0915f,PRIMARY_DIRECT_MEASUREMENT
5,1,2,trigonelline,353.15,2e-06,1.7,0.0059261,0.00986685,0.0069038,0.012829899999999998,3.99827,0.00399827,2.3694147847e-05,6.525958035500001e-05,FRACTION_MASS_MIDPOINT,CONTIGUOUS_WITHIN_PRINTED_PRECISION,puckworks/data/schmieder2023/raw_fractions.csv,75,f3511dd46648fb34962c9d774cc901fa65acd7f0caaf130f143e4f04dbb0915f,PRIMARY_DIRECT_MEASUREMENT
5,1,3,caffeine,353.15,2e-06,1.7,0.005661500000000001,0.01566065,0.0128299,0.018491399999999998,4.58568,0.00458568,2.596182732e-05,0.000134002325669,FRACTION_MASS_MIDPOINT,CONTIGUOUS_WITHIN_PRINTED_PRECISION,puckworks/data/schmieder2023/raw_fractions.csv,76,f3511dd46648fb34962c9d774cc901fa65acd7f0caaf130f143e4f04dbb0915f,PRIMARY_DIRECT_MEASUREMENT
5,1,3,trigonelline,353.15,2e-06,1.7,0.005661500000000001,0.01566065,0.0128299,0.018491399999999998,2.43725,0.00243725,1.3798490875e-05,7.905807123000001e-05,FRACTION_MASS_MIDPOINT,CONTIGUOUS_WITHIN_PRINTED_PRECISION,puckworks/data/schmieder2023/raw_fractions.csv,76,f3511dd46648fb34962c9d774cc901fa65acd7f0caaf130f143e4f04dbb0915f,PRIMARY_DIRECT_MEASUREMENT
5,1,5,caffeine,353.15,2e-06,1.7,0.005419800000000001,0.026757000000000003,0.024047100000000002,0.029466900000000004,2.93996,0.00293996,1.5933995208000002e-05,0.000149936320877,FRACTION_MASS_MIDPOINT,SOURCE_UNMEASURED_FRACTION_GAP,puckworks/data/schmieder2023/raw_fractions.csv,77,f3511dd46648fb34962c9d774cc901fa65acd7f0caaf130f143e4f04dbb0915f,PRIMARY_DIRECT_MEASUREMENT
5,1,5,trigonelline,353.15,2e-06,1.7,0.005419800000000001,0.026757000000000003,0.024047100000000002,0.029466900000000004,1.31999,0.00131999,7.154081802e-06,8.6212153032e-05,FRACTION_MASS_MIDPOINT,SOURCE_UNMEASURED_FRACTION_GAP,puckworks/data/schmieder2023/raw_fractions.csv,77,f3511dd46648fb34962c9d774cc901fa65acd7f0caaf130f143e4f04dbb0915f,PRIMARY_DIRECT_MEASUREMENT
5,1,7,caffeine,353.15,2e-06,1.7,0.00517,0.037315,0.03473,0.0399,2.01207,0.00201207,1.04024019e-05,0.000160338722777,FRACTION_MASS_MIDPOINT,SOURCE_UNMEASURED_FRACTION_GAP,puckworks/data/schmieder2023/raw_fractions.csv,78,f3511dd46648fb34962c9d774cc901fa65acd7f0caaf130f143e4f04dbb0915f,PRIMARY_DIRECT_MEASUREMENT
5,1,7,trigonelline,353.15,2e-06,1.7,0.00517,0.037315,0.03473,0.0399,0.78826,0.0007882599999999999,4.0753042e-06,9.028745723200001e-05,FRACTION_MASS_MIDPOINT,SOURCE_UNMEASURED_FRACTION_GAP,puckworks/data/schmieder2023/raw_fractions.csv,78,f3511dd46648fb34962c9d774cc901fa65acd7f0caaf130f143e4f04dbb0915f,PRIMARY_DIRECT_MEASUREMENT
5,1,10,caffeine,353.15,2e-06,1.7,0.0054116,0.0529218,0.050216,0.0556276,1.18932,0.00118932,6.4361241119999995e-06,0.000166774846889,FRACTION_MASS_MIDPOINT,SOURCE_UNMEASURED_FRACTION_GAP,puckworks/data/schmieder2023/raw_fractions.csv,79,f3511dd46648fb34962c9d774cc901fa65acd7f0caaf130f143e4f04dbb0915f,PRIMARY_DIRECT_MEASUREMENT
5,1,10,trigonelline,353.15,2e-06,1.7,0.0054116,0.0529218,0.050216,0.0556276,0.34295,0.00034294999999999996,1.8559082199999998e-06,9.2143365452e-05,FRACTION_MASS_MIDPOINT,SOURCE_UNMEASURED_FRACTION_GAP,puckworks/data/schmieder2023/raw_fractions.csv,79,f3511dd46648fb34962c9d774cc901fa65acd7f0caaf130f143e4f04dbb0915f,PRIMARY_DIRECT_MEASUREMENT
5,2,1,caffeine,353.15,2e-06,1.7,0.0066346,0.0033173,0.0,0.0066346,9.1913,0.0091913,6.0980598979999994e-05,6.0980598979999994e-05,FRACTION_MASS_MIDPOINT,FIRST_MEASURED_FRACTION,puckworks/data/schmieder2023/raw_fractions.csv,80,f3511dd46648fb34962c9d774cc901fa65acd7f0caaf130f143e4f04dbb0915f,PRIMARY_DIRECT_MEASUREMENT
5,2,1,trigonelline,353.15,2e-06,1.7,0.0066346,0.0033173,0.0,0.0066346,6.08647,0.00608647,4.0381293862e-05,4.0381293862e-05,FRACTION_MASS_MIDPOINT,FIRST_MEASURED_FRACTION,puckworks/data/schmieder2023/raw_fractions.csv,80,f3511dd46648fb34962c9d774cc901fa65acd7f0caaf130f143e4f04dbb0915f,PRIMARY_DIRECT_MEASUREMENT
5,2,2,caffeine,353.15,2e-06,1.7,0.0062847,0.00977695,0.006634599999999999,0.0129193,5.98425,0.00598425,3.7609215975e-05,9.8589814955e-05,FRACTION_MASS_MIDPOINT,CONTIGUOUS_WITHIN_PRINTED_PRECISION,puckworks/data/schmieder2023/raw_fractions.csv,81,f3511dd46648fb34962c9d774cc901fa65acd7f0caaf130f143e4f04dbb0915f,PRIMARY_DIRECT_MEASUREMENT
5,2,2,trigonelline,353.15,2e-06,1.7,0.0062847,0.00977695,0.006634599999999999,0.0129193,3.41127,0.00341127,2.1438808568999997e-05,6.182010243099999e-05,FRACTION_MASS_MIDPOINT,CONTIGUOUS_WITHIN_PRINTED_PRECISION,puckworks/data/schmieder2023/raw_fractions.csv,81,f3511dd46648fb34962c9d774cc901fa65acd7f0caaf130f143e4f04dbb0915f,PRIMARY_DIRECT_MEASUREMENT
5,2,3,caffeine,353.15,2e-06,1.7,0.0059041,0.01587135,0.0129193,0.0188234,4.57403,0.00457403,2.7005530522999995e-05,0.000125595345478,FRACTION_MASS_MIDPOINT,CONTIGUOUS_WITHIN_PRINTED_PRECISION,puckworks/data/schmieder2023/raw_fractions.csv,82,f3511dd46648fb34962c9d774cc901fa65acd7f0caaf130f143e4f04dbb0915f,PRIMARY_DIRECT_MEASUREMENT
5,2,3,trigonelline,353.15,2e-06,1.7,0.0059041,0.01587135,0.0129193,0.0188234,2.4476,0.0024476,1.4450875159999998e-05,7.627097759099999e-05,FRACTION_MASS_MIDPOINT,CONTIGUOUS_WITHIN_PRINTED_PRECISION,puckworks/data/schmieder2023/raw_fractions.csv,82,f3511dd46648fb34962c9d774cc901fa65acd7f0caaf130f143e4f04dbb0915f,PRIMARY_DIRECT_MEASUREMENT
5,2,5,caffeine,353.15,2e-06,1.7,0.005522,0.0272331,0.0244721,0.0299941,3.05514,0.0030551400000000005,1.6870483080000003e-05,0.000142465828558,FRACTION_MASS_MIDPOINT,SOURCE_UNMEASURED_FRACTION_GAP,puckworks/data/schmieder2023/raw_fractions.csv,83,f3511dd46648fb34962c9d774cc901fa65acd7f0caaf130f143e4f04dbb0915f,PRIMARY_DIRECT_MEASUREMENT
5,2,5,trigonelline,353.15,2e-06,1.7,0.005522,0.0272331,0.0244721,0.0299941,1.37912,0.00137912,7.615500639999999e-06,8.388647823099998e-05,FRACTION_MASS_MIDPOINT,SOURCE_UNMEASURED_FRACTION_GAP,puckworks/data/schmieder2023/raw_fractions.csv,83,f3511dd46648fb34962c9d774cc901fa65acd7f0caaf130f143e4f04dbb0915f,PRIMARY_DIRECT_MEASUREMENT
5,2,7,caffeine,353.15,2e-06,1.7,0.005174400000000001,0.038139200000000005,0.035552,0.0407264,2.06924,0.0020692400000000004,1.0707075456000002e-05,0.000153172904014,FRACTION_MASS_MIDPOINT,SOURCE_UNMEASURED_FRACTION_GAP,puckworks/data/schmieder2023/raw_fractions.csv,84,f3511dd46648fb34962c9d774cc901fa65acd7f0caaf130f143e4f04dbb0915f,PRIMARY_DIRECT_MEASUREMENT
5,2,7,trigonelline,353.15,2e-06,1.7,0.005174400000000001,0.038139200000000005,0.035552,0.0407264,0.80641,0.00080641,4.172687904e-06,8.805916613499998e-05,FRACTION_MASS_MIDPOINT,SOURCE_UNMEASURED_FRACTION_GAP,puckworks/data/schmieder2023/raw_fractions.csv,84,f3511dd46648fb34962c9d774cc901fa65acd7f0caaf130f143e4f04dbb0915f,PRIMARY_DIRECT_MEASUREMENT
5,2,10,caffeine,353.15,2e-06,1.7,0.0055284,0.0540857,0.0513215,0.05684990000000001,1.23689,0.00123689,6.838022676e-06,0.00016001092669,FRACTION_MASS_MIDPOINT,SOURCE_UNMEASURED_FRACTION_GAP,puckworks/data/schmieder2023/raw_fractions.csv,85,f3511dd46648fb34962c9d774cc901fa65acd7f0caaf130f143e4f04dbb0915f,PRIMARY_DIRECT_MEASUREMENT
5,2,10,trigonelline,353.15,2e-06,1.7,0.0055284,0.0540857,0.0513215,0.05684990000000001,0.34271,0.00034271000000000003,1.8946379640000001e-06,8.995380409899999e-05,FRACTION_MASS_MIDPOINT,SOURCE_UNMEASURED_FRACTION_GAP,puckworks/data/schmieder2023/raw_fractions.csv,85,f3511dd46648fb34962c9d774cc901fa65acd7f0caaf130f143e4f04dbb0915f,PRIMARY_DIRECT_MEASUREMENT
5,3,1,caffeine,353.15,2e-06,1.7,0.0067238,0.0033619,0.0,0.0067238,8.43358,0.00843358,5.6705705203999986e-05,5.6705705203999986e-05,FRACTION_MASS_MIDPOINT,FIRST_MEASURED_FRACTION,puckworks/data/schmieder2023/raw_fractions.csv,86,f3511dd46648fb34962c9d774cc901fa65acd7f0caaf130f143e4f04dbb0915f,PRIMARY_DIRECT_MEASUREMENT
5,3,1,trigonelline,353.15,2e-06,1.7,0.0067238,0.0033619,0.0,0.0067238,5.80585,0.00580585,3.903737423e-05,3.903737423e-05,FRACTION_MASS_MIDPOINT,FIRST_MEASURED_FRACTION,puckworks/data/schmieder2023/raw_fractions.csv,86,f3511dd46648fb34962c9d774cc901fa65acd7f0caaf130f143e4f04dbb0915f,PRIMARY_DIRECT_MEASUREMENT
5,3,2,caffeine,353.15,2e-06,1.7,0.0063024,0.0130262,0.009875,0.016177399999999998,,,,,FRACTION_MASS_MIDPOINT,SOURCE_CONTIGUITY_ANOMALY,puckworks/data/schmieder2023/raw_fractions.csv,87,f3511dd46648fb34962c9d774cc901fa65acd7f0caaf130f143e4f04dbb0915f,PRIMARY_DIRECT_MEASUREMENT
5,3,2,trigonelline,353.15,2e-06,1.7,0.0063024,0.0130262,0.009875,0.016177399999999998,,,,,FRACTION_MASS_MIDPOINT,SOURCE_CONTIGUITY_ANOMALY,puckworks/data/schmieder2023/raw_fractions.csv,87,f3511dd46648fb34962c9d774cc901fa65acd7f0caaf130f143e4f04dbb0915f,PRIMARY_DIRECT_MEASUREMENT
5,3,3,caffeine,353.15,2e-06,1.7,0.0059107000000000005,0.01598155,0.0130262,0.018936900000000003,4.50205,0.00450205,2.6610266934999997e-05,8.331597213899998e-05,FRACTION_MASS_MIDPOINT,SOURCE_CONTIGUITY_ANOMALY,puckworks/data/schmieder2023/raw_fractions.csv,88,f3511dd46648fb34962c9d774cc901fa65acd7f0caaf130f143e4f04dbb0915f,PRIMARY_DIRECT_MEASUREMENT
5,3,3,trigonelline,353.15,2e-06,1.7,0.0059107000000000005,0.01598155,0.0130262,0.018936900000000003,2.48216,0.00248216,1.4671303112e-05,5.3708677342e-05,FRACTION_MASS_MIDPOINT,SOURCE_CONTIGUITY_ANOMALY,puckworks/data/schmieder2023/raw_fractions.csv,88,f3511dd46648fb34962c9d774cc901fa65acd7f0caaf130f143e4f04dbb0915f,PRIMARY_DIRECT_MEASUREMENT
5,3,5,caffeine,353.15,2e-06,1.7,0.0058073,0.02738335,0.0244797,0.030286999999999998,2.90724,0.0029072399999999997,1.6883214852e-05,0.00010019918699099998,FRACTION_MASS_MIDPOINT,SOURCE_UNMEASURED_FRACTION_GAP,puckworks/data/schmieder2023/raw_fractions.csv,89,f3511dd46648fb34962c9d774cc901fa65acd7f0caaf130f143e4f04dbb0915f,PRIMARY_DIRECT_MEASUREMENT
5,3,5,trigonelline,353.15,2e-06,1.7,0.0058073,0.02738335,0.0244797,0.030286999999999998,1.35228,0.00135228,7.853095644e-06,6.1561772986e-05,FRACTION_MASS_MIDPOINT,SOURCE_UNMEASURED_FRACTION_GAP,puckworks/data/schmieder2023/raw_fractions.csv,89,f3511dd46648fb34962c9d774cc901fa65acd7f0caaf130f143e4f04dbb0915f,PRIMARY_DIRECT_MEASUREMENT
5,3,7,caffeine,353.15,2e-06,1.7,0.0052297,0.03848825,0.03587340000000001,0.0411031,1.93896,0.00193896,1.0140179112e-05,0.00011033936610299998,FRACTION_MASS_MIDPOINT,SOURCE_UNMEASURED_FRACTION_GAP,puckworks/data/schmieder2023/raw_fractions.csv,90,f3511dd46648fb34962c9d774cc901fa65acd7f0caaf130f143e4f04dbb0915f,PRIMARY_DIRECT_MEASUREMENT
5,3,7,trigonelline,353.15,2e-06,1.7,0.0052297,0.03848825,0.03587340000000001,0.0411031,0.78984,0.00078984,4.130626248e-06,6.5692399234e-05,FRACTION_MASS_MIDPOINT,SOURCE_UNMEASURED_FRACTION_GAP,puckworks/data/schmieder2023/raw_fractions.csv,90,f3511dd46648fb34962c9d774cc901fa65acd7f0caaf130f143e4f04dbb0915f,PRIMARY_DIRECT_MEASUREMENT
5,3,10,caffeine,353.15,2e-06,1.7,0.0055008,0.054444200000000005,0.051693800000000005,0.057194600000000005,1.2246,0.0012246,6.7362796799999985e-06,0.00011707564578299998,FRACTION_MASS_MIDPOINT,SOURCE_UNMEASURED_FRACTION_GAP,puckworks/data/schmieder2023/raw_fractions.csv,91,f3511dd46648fb34962c9d774cc901fa65acd7f0caaf130f143e4f04dbb0915f,PRIMARY_DIRECT_MEASUREMENT
5,3,10,trigonelline,353.15,2e-06,1.7,0.0055008,0.054444200000000005,0.051693800000000005,0.057194600000000005,0.38275,0.00038275,2.1054312e-06,6.779783043400001e-05,FRACTION_MASS_MIDPOINT,SOURCE_UNMEASURED_FRACTION_GAP,puckworks/data/schmieder2023/raw_fractions.csv,91,f3511dd46648fb34962c9d774cc901fa65acd7f0caaf130f143e4f04dbb0915f,PRIMARY_DIRECT_MEASUREMENT
6,1,1,caffeine,371.15,2e-06,1.7,0.005902999999999999,0.0029514999999999997,0.0,0.005902999999999999,8.24743,0.00824743,4.868457928999999e-05,4.868457928999999e-05,FRACTION_MASS_MIDPOINT,FIRST_MEASURED_FRACTION,puckworks/data/schmieder2023/raw_fractions.csv,92,f3511dd46648fb34962c9d774cc901fa65acd7f0caaf130f143e4f04dbb0915f,PRIMARY_DIRECT_MEASUREMENT
6,1,1,trigonelline,371.15,2e-06,1.7,0.005902999999999999,0.0029514999999999997,0.0,0.005902999999999999,5.47473,0.005474730000000001,3.2317331189999995e-05,3.2317331189999995e-05,FRACTION_MASS_MIDPOINT,FIRST_MEASURED_FRACTION,puckworks/data/schmieder2023/raw_fractions.csv,92,f3511dd46648fb34962c9d774cc901fa65acd7f0caaf130f143e4f04dbb0915f,PRIMARY_DIRECT_MEASUREMENT
6,1,2,caffeine,371.15,2e-06,1.7,0.0066017,0.00920385,0.0059029999999999985,0.0125047,6.70192,0.00670192,4.4244065264e-05,9.292864455399999e-05,FRACTION_MASS_MIDPOINT,CONTIGUOUS_WITHIN_PRINTED_PRECISION,puckworks/data/schmieder2023/raw_fractions.csv,93,f3511dd46648fb34962c9d774cc901fa65acd7f0caaf130f143e4f04dbb0915f,PRIMARY_DIRECT_MEASUREMENT
6,1,2,trigonelline,371.15,2e-06,1.7,0.0066017,0.00920385,0.0059029999999999985,0.0125047,4.00329,0.00400329,2.6428519593e-05,5.874585078299999e-05,FRACTION_MASS_MIDPOINT,CONTIGUOUS_WITHIN_PRINTED_PRECISION,puckworks/data/schmieder2023/raw_fractions.csv,93,f3511dd46648fb34962c9d774cc901fa65acd7f0caaf130f143e4f04dbb0915f,PRIMARY_DIRECT_MEASUREMENT
6,1,3,caffeine,371.15,2e-06,1.7,0.005793700000000001,0.01540155,0.0125047,0.018298400000000003,4.98572,0.00498572,2.8885765964e-05,0.00012181441051799999,FRACTION_MASS_MIDPOINT,CONTIGUOUS_WITHIN_PRINTED_PRECISION,puckworks/data/schmieder2023/raw_fractions.csv,94,f3511dd46648fb34962c9d774cc901fa65acd7f0caaf130f143e4f04dbb0915f,PRIMARY_DIRECT_MEASUREMENT
6,1,3,trigonelline,371.15,2e-06,1.7,0.005793700000000001,0.01540155,0.0125047,0.018298400000000003,2.69791,0.00269791,1.5630881167e-05,7.437673195e-05,FRACTION_MASS_MIDPOINT,CONTIGUOUS_WITHIN_PRINTED_PRECISION,puckworks/data/schmieder2023/raw_fractions.csv,94,f3511dd46648fb34962c9d774cc901fa65acd7f0caaf130f143e4f04dbb0915f,PRIMARY_DIRECT_MEASUREMENT
6,1,5,caffeine,371.15,2e-06,1.7,0.0052866,0.0263695,0.0237262,0.0290128,2.7535,0.0027535,1.4556653099999997e-05,0.000136371063618,FRACTION_MASS_MIDPOINT,SOURCE_UNMEASURED_FRACTION_GAP,puckworks/data/schmieder2023/raw_fractions.csv,95,f3511dd46648fb34962c9d774cc901fa65acd7f0caaf130f143e4f04dbb0915f,PRIMARY_DIRECT_MEASUREMENT
6,1,5,trigonelline,371.15,2e-06,1.7,0.0052866,0.0263695,0.0237262,0.0290128,1.13219,0.0011321900000000001,5.9854356539999994e-06,8.036216760399999e-05,FRACTION_MASS_MIDPOINT,SOURCE_UNMEASURED_FRACTION_GAP,puckworks/data/schmieder2023/raw_fractions.csv,95,f3511dd46648fb34962c9d774cc901fa65acd7f0caaf130f143e4f04dbb0915f,PRIMARY_DIRECT_MEASUREMENT
6,1,7,caffeine,371.15,2e-06,1.7,0.005016700000000001,0.037138750000000005,0.034630400000000006,0.039647100000000005,1.72413,0.00172413,8.649442970999999e-06,0.000145020506589,FRACTION_MASS_MIDPOINT,SOURCE_UNMEASURED_FRACTION_GAP,puckworks/data/schmieder2023/raw_fractions.csv,96,f3511dd46648fb34962c9d774cc901fa65acd7f0caaf130f143e4f04dbb0915f,PRIMARY_DIRECT_MEASUREMENT
6,1,7,trigonelline,371.15,2e-06,1.7,0.005016700000000001,0.037138750000000005,0.034630400000000006,0.039647100000000005,0.62663,0.00062663,3.1436147209999998e-06,8.350578232499998e-05,FRACTION_MASS_MIDPOINT,SOURCE_UNMEASURED_FRACTION_GAP,puckworks/data/schmieder2023/raw_fractions.csv,96,f3511dd46648fb34962c9d774cc901fa65acd7f0caaf130f143e4f04dbb0915f,PRIMARY_DIRECT_MEASUREMENT
6,1,10,caffeine,371.15,2e-06,1.7,0.0052859,0.05236345,0.0497205,0.055006400000000004,1.0692,0.0010692,5.651684279999999e-06,0.000150672190869,FRACTION_MASS_MIDPOINT,SOURCE_UNMEASURED_FRACTION_GAP,puckworks/data/schmieder2023/raw_fractions.csv,97,f3511dd46648fb34962c9d774cc901fa65acd7f0caaf130f143e4f04dbb0915f,PRIMARY_DIRECT_MEASUREMENT
6,1,10,trigonelline,371.15,2e-06,1.7,0.0052859,0.05236345,0.0497205,0.055006400000000004,0.32745,0.00032745,1.7308679550000001e-06,8.523665027999998e-05,FRACTION_MASS_MIDPOINT,SOURCE_UNMEASURED_FRACTION_GAP,puckworks/data/schmieder2023/raw_fractions.csv,97,f3511dd46648fb34962c9d774cc901fa65acd7f0caaf130f143e4f04dbb0915f,PRIMARY_DIRECT_MEASUREMENT
6,2,1,caffeine,371.15,2e-06,1.7,0.007890600000000001,0.0039453000000000005,0.0,0.007890600000000001,8.62219,0.00862219,6.803425241399999e-05,6.803425241399999e-05,FRACTION_MASS_MIDPOINT,FIRST_MEASURED_FRACTION,puckworks/data/schmieder2023/raw_fractions.csv,98,f3511dd46648fb34962c9d774cc901fa65acd7f0caaf130f143e4f04dbb0915f,PRIMARY_DIRECT_MEASUREMENT
6,2,1,trigonelline,371.15,2e-06,1.7,0.007890600000000001,0.0039453000000000005,0.0,0.007890600000000001,5.47823,0.00547823,4.3226521637999996e-05,4.3226521637999996e-05,FRACTION_MASS_MIDPOINT,FIRST_MEASURED_FRACTION,puckworks/data/schmieder2023/raw_fractions.csv,98,f3511dd46648fb34962c9d774cc901fa65acd7f0caaf130f143e4f04dbb0915f,PRIMARY_DIRECT_MEASUREMENT
6,2,2,caffeine,371.15,2e-06,1.7,0.0060371,0.010909150000000001,0.007890600000000001,0.0139277,6.42843,0.00642843,3.8809074752999994e-05,0.00010684332716699997,FRACTION_MASS_MIDPOINT,CONTIGUOUS_WITHIN_PRINTED_PRECISION,puckworks/data/schmieder2023/raw_fractions.csv,99,f3511dd46648fb34962c9d774cc901fa65acd7f0caaf130f143e4f04dbb0915f,PRIMARY_DIRECT_MEASUREMENT
6,2,2,trigonelline,371.15,2e-06,1.7,0.0060371,0.010909150000000001,0.007890600000000001,0.0139277,3.56679,0.0035667900000000002,2.1533067909e-05,6.4759589547e-05,FRACTION_MASS_MIDPOINT,CONTIGUOUS_WITHIN_PRINTED_PRECISION,puckworks/data/schmieder2023/raw_fractions.csv,99,f3511dd46648fb34962c9d774cc901fa65acd7f0caaf130f143e4f04dbb0915f,PRIMARY_DIRECT_MEASUREMENT
6,2,3,caffeine,371.15,2e-06,1.7,0.0058742,0.0168648,0.013927699999999998,0.0198019,4.82767,0.00482767,2.8358699114000003e-05,0.00013520202628099998,FRACTION_MASS_MIDPOINT,CONTIGUOUS_WITHIN_PRINTED_PRECISION,puckworks/data/schmieder2023/raw_fractions.csv,100,f3511dd46648fb34962c9d774cc901fa65acd7f0caaf130f143e4f04dbb0915f,PRIMARY_DIRECT_MEASUREMENT
6,2,3,trigonelline,371.15,2e-06,1.7,0.0058742,0.0168648,0.013927699999999998,0.0198019,2.42117,0.0024211700000000003,1.4222436813999999e-05,7.8982026361e-05,FRACTION_MASS_MIDPOINT,CONTIGUOUS_WITHIN_PRINTED_PRECISION,puckworks/data/schmieder2023/raw_fractions.csv,100,f3511dd46648fb34962c9d774cc901fa65acd7f0caaf130f143e4f04dbb0915f,PRIMARY_DIRECT_MEASUREMENT
6,2,5,caffeine,371.15,2e-06,1.7,0.0055135,0.028215050000000002,0.025458300000000003,0.0309718,2.91153,0.00291153,1.6052720654999998e-05,0.00015125474693599998,FRACTION_MASS_MIDPOINT,SOURCE_UNMEASURED_FRACTION_GAP,puckworks/data/schmieder2023/raw_fractions.csv,101,f3511dd46648fb34962c9d774cc901fa65acd7f0caaf130f143e4f04dbb0915f,PRIMARY_DIRECT_MEASUREMENT
6,2,5,trigonelline,371.15,2e-06,1.7,0.0055135,0.028215050000000002,0.025458300000000003,0.0309718,1.17705,0.00117705,6.489665174999999e-06,8.5471691536e-05,FRACTION_MASS_MIDPOINT,SOURCE_UNMEASURED_FRACTION_GAP,puckworks/data/schmieder2023/raw_fractions.csv,101,f3511dd46648fb34962c9d774cc901fa65acd7f0caaf130f143e4f04dbb0915f,PRIMARY_DIRECT_MEASUREMENT
6,2,7,caffeine,371.15,2e-06,1.7,0.0050016,0.0386774,0.0361766,0.0411782,1.8726,0.0018726,9.36599616e-06,0.00016062074309599998,FRACTION_MASS_MIDPOINT,SOURCE_UNMEASURED_FRACTION_GAP,puckworks/data/schmieder2023/raw_fractions.csv,102,f3511dd46648fb34962c9d774cc901fa65acd7f0caaf130f143e4f04dbb0915f,PRIMARY_DIRECT_MEASUREMENT
6,2,7,trigonelline,371.15,2e-06,1.7,0.0050016,0.0386774,0.0361766,0.0411782,0.64022,0.00064022,3.2021243519999996e-06,8.867381588799999e-05,FRACTION_MASS_MIDPOINT,SOURCE_UNMEASURED_FRACTION_GAP,puckworks/data/schmieder2023/raw_fractions.csv,102,f3511dd46648fb34962c9d774cc901fa65acd7f0caaf130f143e4f04dbb0915f,PRIMARY_DIRECT_MEASUREMENT
6,2,10,caffeine,371.15,2e-06,1.7,0.0052951,0.054273550000000004,0.051626,0.0569211,1.09335,0.00109335,5.789397584999999e-06,0.00016641014068099997,FRACTION_MASS_MIDPOINT,SOURCE_UNMEASURED_FRACTION_GAP,puckworks/data/schmieder2023/raw_fractions.csv,103,f3511dd46648fb34962c9d774cc901fa65acd7f0caaf130f143e4f04dbb0915f,PRIMARY_DIRECT_MEASUREMENT
6,2,10,trigonelline,371.15,2e-06,1.7,0.0052951,0.054273550000000004,0.051626,0.0569211,0.28275,0.00028275,1.497189525e-06,9.017100541299999e-05,FRACTION_MASS_MIDPOINT,SOURCE_UNMEASURED_FRACTION_GAP,puckworks/data/schmieder2023/raw_fractions.csv,103,f3511dd46648fb34962c9d774cc901fa65acd7f0caaf130f143e4f04dbb0915f,PRIMARY_DIRECT_MEASUREMENT
6,3,1,caffeine,371.15,2e-06,1.7,0.0069484,0.0034742,0.0,0.0069484,8.92085,0.00892085,6.198563414e-05,6.198563414e-05,FRACTION_MASS_MIDPOINT,FIRST_MEASURED_FRACTION,puckworks/data/schmieder2023/raw_fractions.csv,104,f3511dd46648fb34962c9d774cc901fa65acd7f0caaf130f143e4f04dbb0915f,PRIMARY_DIRECT_MEASUREMENT
6,3,1,trigonelline,371.15,2e-06,1.7,0.0069484,0.0034742,0.0,0.0069484,5.78432,0.00578432,4.0191769088e-05,4.0191769088e-05,FRACTION_MASS_MIDPOINT,FIRST_MEASURED_FRACTION,puckworks/data/schmieder2023/raw_fractions.csv,104,f3511dd46648fb34962c9d774cc901fa65acd7f0caaf130f143e4f04dbb0915f,PRIMARY_DIRECT_MEASUREMENT
6,3,2,caffeine,371.15,2e-06,1.7,0.0060385000000000005,0.009967650000000002,0.006948400000000001,0.012986900000000001,6.44803,0.00644803,3.8936429155e-05,0.000100922063295,FRACTION_MASS_MIDPOINT,CONTIGUOUS_WITHIN_PRINTED_PRECISION,puckworks/data/schmieder2023/raw_fractions.csv,105,f3511dd46648fb34962c9d774cc901fa65acd7f0caaf130f143e4f04dbb0915f,PRIMARY_DIRECT_MEASUREMENT
6,3,2,trigonelline,371.15,2e-06,1.7,0.0060385000000000005,0.009967650000000002,0.006948400000000001,0.012986900000000001,3.6202,0.0036202,2.18605777e-05,6.2052346788e-05,FRACTION_MASS_MIDPOINT,CONTIGUOUS_WITHIN_PRINTED_PRECISION,puckworks/data/schmieder2023/raw_fractions.csv,105,f3511dd46648fb34962c9d774cc901fa65acd7f0caaf130f143e4f04dbb0915f,PRIMARY_DIRECT_MEASUREMENT
6,3,3,caffeine,371.15,2e-06,1.7,0.0058539,0.01591385,0.012986900000000001,0.0188408,4.74623,0.00474623,2.7783955797e-05,0.000128706019092,FRACTION_MASS_MIDPOINT,CONTIGUOUS_WITHIN_PRINTED_PRECISION,puckworks/data/schmieder2023/raw_fractions.csv,106,f3511dd46648fb34962c9d774cc901fa65acd7f0caaf130f143e4f04dbb0915f,PRIMARY_DIRECT_MEASUREMENT
6,3,3,trigonelline,371.15,2e-06,1.7,0.0058539,0.01591385,0.012986900000000001,0.0188408,2.41999,0.00241999,1.4166379460999999e-05,7.6218726249e-05,FRACTION_MASS_MIDPOINT,CONTIGUOUS_WITHIN_PRINTED_PRECISION,puckworks/data/schmieder2023/raw_fractions.csv,106,f3511dd46648fb34962c9d774cc901fa65acd7f0caaf130f143e4f04dbb0915f,PRIMARY_DIRECT_MEASUREMENT
6,3,5,caffeine,371.15,2e-06,1.7,0.0055324,0.0270493,0.0242831,0.0298155,2.94292,0.00294292,1.6281410608000003e-05,0.00014498742970000001,FRACTION_MASS_MIDPOINT,SOURCE_UNMEASURED_FRACTION_GAP,puckworks/data/schmieder2023/raw_fractions.csv,107,f3511dd46648fb34962c9d774cc901fa65acd7f0caaf130f143e4f04dbb0915f,PRIMARY_DIRECT_MEASUREMENT
6,3,5,trigonelline,371.15,2e-06,1.7,0.0055324,0.0270493,0.0242831,0.0298155,1.21139,0.00121139,6.701894035999999e-06,8.292062028500001e-05,FRACTION_MASS_MIDPOINT,SOURCE_UNMEASURED_FRACTION_GAP,puckworks/data/schmieder2023/raw_fractions.csv,107,f3511dd46648fb34962c9d774cc901fa65acd7f0caaf130f143e4f04dbb0915f,PRIMARY_DIRECT_MEASUREMENT
6,3,7,caffeine,371.15,2e-06,1.7,0.0050071000000000004,0.03790815,0.0354046,0.040411699999999995,1.87057,0.00187057,9.366131047000001e-06,0.00015435356074700003,FRACTION_MASS_MIDPOINT,SOURCE_UNMEASURED_FRACTION_GAP,puckworks/data/schmieder2023/raw_fractions.csv,108,f3511dd46648fb34962c9d774cc901fa65acd7f0caaf130f143e4f04dbb0915f,PRIMARY_DIRECT_MEASUREMENT
6,3,7,trigonelline,371.15,2e-06,1.7,0.0050071000000000004,0.03790815,0.0354046,0.040411699999999995,0.64136,0.0006413600000000001,3.2113536560000003e-06,8.613197394100001e-05,FRACTION_MASS_MIDPOINT,SOURCE_UNMEASURED_FRACTION_GAP,puckworks/data/schmieder2023/raw_fractions.csv,108,f3511dd46648fb34962c9d774cc901fa65acd7f0caaf130f143e4f04dbb0915f,PRIMARY_DIRECT_MEASUREMENT
6,3,10,caffeine,371.15,2e-06,1.7,0.0054093,0.05345005,0.050745399999999996,0.0561547,1.05788,0.00105788,5.7223902839999995e-06,0.00016007595103100002,FRACTION_MASS_MIDPOINT,SOURCE_UNMEASURED_FRACTION_GAP,puckworks/data/schmieder2023/raw_fractions.csv,109,f3511dd46648fb34962c9d774cc901fa65acd7f0caaf130f143e4f04dbb0915f,PRIMARY_DIRECT_MEASUREMENT
6,3,10,trigonelline,371.15,2e-06,1.7,0.0054093,0.05345005,0.050745399999999996,0.0561547,0.28438,0.00028438000000000004,1.5382967340000002e-06,8.767027067500001e-05,FRACTION_MASS_MIDPOINT,SOURCE_UNMEASURED_FRACTION_GAP,puckworks/data/schmieder2023/raw_fractions.csv,109,f3511dd46648fb34962c9d774cc901fa65acd7f0caaf130f143e4f04dbb0915f,PRIMARY_DIRECT_MEASUREMENT
7,1,1,caffeine,362.15,2e-06,1.7,0.0045460000000000006,0.0022730000000000003,0.0,0.0045460000000000006,8.94292,0.008942920000000002,4.065451432e-05,4.065451432e-05,FRACTION_MASS_MIDPOINT,FIRST_MEASURED_FRACTION,puckworks/data/schmieder2023/raw_fractions.csv,110,f3511dd46648fb34962c9d774cc901fa65acd7f0caaf130f143e4f04dbb0915f,PRIMARY_DIRECT_MEASUREMENT
7,1,1,trigonelline,362.15,2e-06,1.7,0.0045460000000000006,0.0022730000000000003,0.0,0.0045460000000000006,5.94793,0.005947930000000001,2.7039289780000004e-05,2.7039289780000004e-05,FRACTION_MASS_MIDPOINT,FIRST_MEASURED_FRACTION,puckworks/data/schmieder2023/raw_fractions.csv,110,f3511dd46648fb34962c9d774cc901fa65acd7f0caaf130f143e4f04dbb0915f,PRIMARY_DIRECT_MEASUREMENT
7,1,2,caffeine,362.15,2e-06,1.7,0.006757900000000001,0.00792495,0.004546,0.0113039,6.70834,0.00670834,4.5334290885999997e-05,8.5988805206e-05,FRACTION_MASS_MIDPOINT,CONTIGUOUS_WITHIN_PRINTED_PRECISION,puckworks/data/schmieder2023/raw_fractions.csv,111,f3511dd46648fb34962c9d774cc901fa65acd7f0caaf130f143e4f04dbb0915f,PRIMARY_DIRECT_MEASUREMENT
7,1,2,trigonelline,362.15,2e-06,1.7,0.006757900000000001,0.00792495,0.004546,0.0113039,3.94487,0.00394487,2.6659036973e-05,5.3698326753e-05,FRACTION_MASS_MIDPOINT,CONTIGUOUS_WITHIN_PRINTED_PRECISION,puckworks/data/schmieder2023/raw_fractions.csv,111,f3511dd46648fb34962c9d774cc901fa65acd7f0caaf130f143e4f04dbb0915f,PRIMARY_DIRECT_MEASUREMENT
7,1,3,caffeine,362.15,2e-06,1.7,0.0057671,0.01418745,0.0113039,0.017071000000000003,4.87852,0.00487852,2.8134912692e-05,0.00011412371789799999,FRACTION_MASS_MIDPOINT,CONTIGUOUS_WITHIN_PRINTED_PRECISION,puckworks/data/schmieder2023/raw_fractions.csv,112,f3511dd46648fb34962c9d774cc901fa65acd7f0caaf130f143e4f04dbb0915f,PRIMARY_DIRECT_MEASUREMENT
7,1,3,trigonelline,362.15,2e-06,1.7,0.0057671,0.01418745,0.0113039,0.017071000000000003,2.67041,0.00267041,1.5400521511e-05,6.9098848264e-05,FRACTION_MASS_MIDPOINT,CONTIGUOUS_WITHIN_PRINTED_PRECISION,puckworks/data/schmieder2023/raw_fractions.csv,112,f3511dd46648fb34962c9d774cc901fa65acd7f0caaf130f143e4f04dbb0915f,PRIMARY_DIRECT_MEASUREMENT
7,1,5,caffeine,362.15,2e-06,1.7,0.0061602,0.0262076,0.0231275,0.0292877,2.7765,0.0027765,1.7103795299999998e-05,0.00013122751319799997,FRACTION_MASS_MIDPOINT,SOURCE_UNMEASURED_FRACTION_GAP,puckworks/data/schmieder2023/raw_fractions.csv,113,f3511dd46648fb34962c9d774cc901fa65acd7f0caaf130f143e4f04dbb0915f,PRIMARY_DIRECT_MEASUREMENT
7,1,5,trigonelline,362.15,2e-06,1.7,0.0061602,0.0262076,0.0231275,0.0292877,1.27499,0.0012749900000000002,7.854193397999998e-06,7.6953041662e-05,FRACTION_MASS_MIDPOINT,SOURCE_UNMEASURED_FRACTION_GAP,puckworks/data/schmieder2023/raw_fractions.csv,113,f3511dd46648fb34962c9d774cc901fa65acd7f0caaf130f143e4f04dbb0915f,PRIMARY_DIRECT_MEASUREMENT
7,1,7,caffeine,362.15,2e-06,1.7,0.005327,0.0388955,0.036232,0.041559,2.03727,0.00203727,1.0852537289999998e-05,0.00014208005048799998,FRACTION_MASS_MIDPOINT,SOURCE_UNMEASURED_FRACTION_GAP,puckworks/data/schmieder2023/raw_fractions.csv,114,f3511dd46648fb34962c9d774cc901fa65acd7f0caaf130f143e4f04dbb0915f,PRIMARY_DIRECT_MEASUREMENT
7,1,7,trigonelline,362.15,2e-06,1.7,0.005327,0.0388955,0.036232,0.041559,0.83221,0.00083221,4.433182669999999e-06,8.1386224332e-05,FRACTION_MASS_MIDPOINT,SOURCE_UNMEASURED_FRACTION_GAP,puckworks/data/schmieder2023/raw_fractions.csv,114,f3511dd46648fb34962c9d774cc901fa65acd7f0caaf130f143e4f04dbb0915f,PRIMARY_DIRECT_MEASUREMENT
7,1,10,caffeine,362.15,2e-06,1.7,0.005126400000000001,0.056055100000000004,0.0534919,0.058618300000000005,1.21601,0.00121601,6.233753664000001e-06,0.00014831380415199997,FRACTION_MASS_MIDPOINT,SOURCE_UNMEASURED_FRACTION_GAP,puckworks/data/schmieder2023/raw_fractions.csv,115,f3511dd46648fb34962c9d774cc901fa65acd7f0caaf130f143e4f04dbb0915f,PRIMARY_DIRECT_MEASUREMENT
7,1,10,trigonelline,362.15,2e-06,1.7,0.005126400000000001,0.056055100000000004,0.0534919,0.058618300000000005,0.3932,0.0003932,2.01570048e-06,8.3401924812e-05,FRACTION_MASS_MIDPOINT,SOURCE_UNMEASURED_FRACTION_GAP,puckworks/data/schmieder2023/raw_fractions.csv,115,f3511dd46648fb34962c9d774cc901fa65acd7f0caaf130f143e4f04dbb0915f,PRIMARY_DIRECT_MEASUREMENT
7,2,1,caffeine,362.15,2e-06,1.7,0.007607300000000001,0.0038036500000000004,0.0,0.007607300000000001,8.44418,0.008444179999999999,6.4237410514e-05,6.4237410514e-05,FRACTION_MASS_MIDPOINT,FIRST_MEASURED_FRACTION,puckworks/data/schmieder2023/raw_fractions.csv,116,f3511dd46648fb34962c9d774cc901fa65acd7f0caaf130f143e4f04dbb0915f,PRIMARY_DIRECT_MEASUREMENT
7,2,1,trigonelline,362.15,2e-06,1.7,0.007607300000000001,0.0038036500000000004,0.0,0.007607300000000001,5.38812,0.00538812,4.0989045275999994e-05,4.0989045275999994e-05,FRACTION_MASS_MIDPOINT,FIRST_MEASURED_FRACTION,puckworks/data/schmieder2023/raw_fractions.csv,116,f3511dd46648fb34962c9d774cc901fa65acd7f0caaf130f143e4f04dbb0915f,PRIMARY_DIRECT_MEASUREMENT
7,2,2,caffeine,362.15,2e-06,1.7,0.0067798,0.0109972,0.0076073,0.0143871,5.48398,0.00548398,3.7180287603999996e-05,0.00010141769811800001,FRACTION_MASS_MIDPOINT,CONTIGUOUS_WITHIN_PRINTED_PRECISION,puckworks/data/schmieder2023/raw_fractions.csv,117,f3511dd46648fb34962c9d774cc901fa65acd7f0caaf130f143e4f04dbb0915f,PRIMARY_DIRECT_MEASUREMENT
7,2,2,trigonelline,362.15,2e-06,1.7,0.0067798,0.0109972,0.0076073,0.0143871,2.98803,0.0029880300000000005,2.0258245794e-05,6.124729106999999e-05,FRACTION_MASS_MIDPOINT,CONTIGUOUS_WITHIN_PRINTED_PRECISION,puckworks/data/schmieder2023/raw_fractions.csv,117,f3511dd46648fb34962c9d774cc901fa65acd7f0caaf130f143e4f04dbb0915f,PRIMARY_DIRECT_MEASUREMENT
7,2,3,caffeine,362.15,2e-06,1.7,0.0062447,0.017509450000000003,0.0143871,0.020631800000000002,4.37572,0.0043757200000000005,2.7325058684e-05,0.00012874275680200002,FRACTION_MASS_MIDPOINT,CONTIGUOUS_WITHIN_PRINTED_PRECISION,puckworks/data/schmieder2023/raw_fractions.csv,118,f3511dd46648fb34962c9d774cc901fa65acd7f0caaf130f143e4f04dbb0915f,PRIMARY_DIRECT_MEASUREMENT
7,2,3,trigonelline,362.15,2e-06,1.7,0.0062447,0.017509450000000003,0.0143871,0.020631800000000002,2.21832,0.0022183199999999998,1.3852742904e-05,7.510003397399999e-05,FRACTION_MASS_MIDPOINT,CONTIGUOUS_WITHIN_PRINTED_PRECISION,puckworks/data/schmieder2023/raw_fractions.csv,118,f3511dd46648fb34962c9d774cc901fa65acd7f0caaf130f143e4f04dbb0915f,PRIMARY_DIRECT_MEASUREMENT
7,2,5,caffeine,362.15,2e-06,1.7,0.006902800000000001,0.029921600000000003,0.026470200000000003,0.03337300000000001,2.5289,0.0025289,1.7456490919999998e-05,0.00014619924772200002,FRACTION_MASS_MIDPOINT,SOURCE_UNMEASURED_FRACTION_GAP,puckworks/data/schmieder2023/raw_fractions.csv,119,f3511dd46648fb34962c9d774cc901fa65acd7f0caaf130f143e4f04dbb0915f,PRIMARY_DIRECT_MEASUREMENT
7,2,5,trigonelline,362.15,2e-06,1.7,0.006902800000000001,0.029921600000000003,0.026470200000000003,0.03337300000000001,1.12029,0.0011202900000000001,7.733137812e-06,8.283317178599999e-05,FRACTION_MASS_MIDPOINT,SOURCE_UNMEASURED_FRACTION_GAP,puckworks/data/schmieder2023/raw_fractions.csv,119,f3511dd46648fb34962c9d774cc901fa65acd7f0caaf130f143e4f04dbb0915f,PRIMARY_DIRECT_MEASUREMENT
7,2,7,caffeine,362.15,2e-06,1.7,0.0058003,0.042970350000000004,0.0400702,0.04587050000000001,2.03804,0.00203804,1.1821243412e-05,0.00015802049113400001,FRACTION_MASS_MIDPOINT,SOURCE_UNMEASURED_FRACTION_GAP,puckworks/data/schmieder2023/raw_fractions.csv,120,f3511dd46648fb34962c9d774cc901fa65acd7f0caaf130f143e4f04dbb0915f,PRIMARY_DIRECT_MEASUREMENT
7,2,7,trigonelline,362.15,2e-06,1.7,0.0058003,0.042970350000000004,0.0400702,0.04587050000000001,0.82569,0.00082569,4.789249707000001e-06,8.762242149299999e-05,FRACTION_MASS_MIDPOINT,SOURCE_UNMEASURED_FRACTION_GAP,puckworks/data/schmieder2023/raw_fractions.csv,120,f3511dd46648fb34962c9d774cc901fa65acd7f0caaf130f143e4f04dbb0915f,PRIMARY_DIRECT_MEASUREMENT
7,2,10,caffeine,362.15,2e-06,1.7,0.0060727,0.060508450000000005,0.057472100000000005,0.0635448,1.12571,0.00112571,6.836099117e-06,0.00016485659025100002,FRACTION_MASS_MIDPOINT,SOURCE_UNMEASURED_FRACTION_GAP,puckworks/data/schmieder2023/raw_fractions.csv,121,f3511dd46648fb34962c9d774cc901fa65acd7f0caaf130f143e4f04dbb0915f,PRIMARY_DIRECT_MEASUREMENT
7,2,10,trigonelline,362.15,2e-06,1.7,0.0060727,0.060508450000000005,0.057472100000000005,0.0635448,0.35363,0.00035363,2.147488901e-06,8.976991039399999e-05,FRACTION_MASS_MIDPOINT,SOURCE_UNMEASURED_FRACTION_GAP,puckworks/data/schmieder2023/raw_fractions.csv,121,f3511dd46648fb34962c9d774cc901fa65acd7f0caaf130f143e4f04dbb0915f,PRIMARY_DIRECT_MEASUREMENT
7,3,1,caffeine,362.15,2e-06,1.7,0.0078637,0.00393185,0.0,0.0078637,8.24879,0.00824879,6.486600992299999e-05,6.486600992299999e-05,FRACTION_MASS_MIDPOINT,FIRST_MEASURED_FRACTION,puckworks/data/schmieder2023/raw_fractions.csv,122,f3511dd46648fb34962c9d774cc901fa65acd7f0caaf130f143e4f04dbb0915f,PRIMARY_DIRECT_MEASUREMENT
7,3,1,trigonelline,362.15,2e-06,1.7,0.0078637,0.00393185,0.0,0.0078637,5.41203,0.00541203,4.255858031099999e-05,4.255858031099999e-05,FRACTION_MASS_MIDPOINT,FIRST_MEASURED_FRACTION,puckworks/data/schmieder2023/raw_fractions.csv,122,f3511dd46648fb34962c9d774cc901fa65acd7f0caaf130f143e4f04dbb0915f,PRIMARY_DIRECT_MEASUREMENT
7,3,2,caffeine,362.15,2e-06,1.7,0.0061875,0.01095745,0.0078637,0.0140512,5.74766,0.00574766,3.556364625e-05,0.00010042965617299999,FRACTION_MASS_MIDPOINT,CONTIGUOUS_WITHIN_PRINTED_PRECISION,puckworks/data/schmieder2023/raw_fractions.csv,123,f3511dd46648fb34962c9d774cc901fa65acd7f0caaf130f143e4f04dbb0915f,PRIMARY_DIRECT_MEASUREMENT
7,3,2,trigonelline,362.15,2e-06,1.7,0.0061875,0.01095745,0.0078637,0.0140512,3.23801,0.00323801,2.0035186875e-05,6.259376718599999e-05,FRACTION_MASS_MIDPOINT,CONTIGUOUS_WITHIN_PRINTED_PRECISION,puckworks/data/schmieder2023/raw_fractions.csv,123,f3511dd46648fb34962c9d774cc901fa65acd7f0caaf130f143e4f04dbb0915f,PRIMARY_DIRECT_MEASUREMENT
7,3,3,caffeine,362.15,2e-06,1.7,0.0062131999999999995,0.0171578,0.014051200000000002,0.020264400000000002,4.39257,0.00439257,2.7291915923999995e-05,0.000127721572097,FRACTION_MASS_MIDPOINT,CONTIGUOUS_WITHIN_PRINTED_PRECISION,puckworks/data/schmieder2023/raw_fractions.csv,124,f3511dd46648fb34962c9d774cc901fa65acd7f0caaf130f143e4f04dbb0915f,PRIMARY_DIRECT_MEASUREMENT
7,3,3,trigonelline,362.15,2e-06,1.7,0.0062131999999999995,0.0171578,0.014051200000000002,0.020264400000000002,2.33123,0.00233123,1.4484398236e-05,7.707816542199999e-05,FRACTION_MASS_MIDPOINT,CONTIGUOUS_WITHIN_PRINTED_PRECISION,puckworks/data/schmieder2023/raw_fractions.csv,124,f3511dd46648fb34962c9d774cc901fa65acd7f0caaf130f143e4f04dbb0915f,PRIMARY_DIRECT_MEASUREMENT
7,3,5,caffeine,362.15,2e-06,1.7,0.0058168,0.0289637,0.0260553,0.0318721,2.789,0.0027890000000000002,1.62230552e-05,0.000143944627297,FRACTION_MASS_MIDPOINT,SOURCE_UNMEASURED_FRACTION_GAP,puckworks/data/schmieder2023/raw_fractions.csv,125,f3511dd46648fb34962c9d774cc901fa65acd7f0caaf130f143e4f04dbb0915f,PRIMARY_DIRECT_MEASUREMENT
7,3,5,trigonelline,362.15,2e-06,1.7,0.0058168,0.0289637,0.0260553,0.0318721,1.25589,0.00125589,7.305260951999999e-06,8.438342637399998e-05,FRACTION_MASS_MIDPOINT,SOURCE_UNMEASURED_FRACTION_GAP,puckworks/data/schmieder2023/raw_fractions.csv,125,f3511dd46648fb34962c9d774cc901fa65acd7f0caaf130f143e4f04dbb0915f,PRIMARY_DIRECT_MEASUREMENT
7,3,7,caffeine,362.15,2e-06,1.7,0.0057181,0.04042665,0.0375676,0.0432857,1.90613,0.0019061300000000002,1.0899441953e-05,0.00015484406925,FRACTION_MASS_MIDPOINT,SOURCE_UNMEASURED_FRACTION_GAP,puckworks/data/schmieder2023/raw_fractions.csv,126,f3511dd46648fb34962c9d774cc901fa65acd7f0caaf130f143e4f04dbb0915f,PRIMARY_DIRECT_MEASUREMENT
7,3,7,trigonelline,362.15,2e-06,1.7,0.0057181,0.04042665,0.0375676,0.0432857,0.75453,0.00075453,4.314477992999999e-06,8.869790436699998e-05,FRACTION_MASS_MIDPOINT,SOURCE_UNMEASURED_FRACTION_GAP,puckworks/data/schmieder2023/raw_fractions.csv,126,f3511dd46648fb34962c9d774cc901fa65acd7f0caaf130f143e4f04dbb0915f,PRIMARY_DIRECT_MEASUREMENT
7,3,10,caffeine,362.15,2e-06,1.7,0.0054574,0.057642000000000006,0.054913300000000005,0.0603707,1.12477,0.00112477,6.138319798e-06,0.000160982389048,FRACTION_MASS_MIDPOINT,SOURCE_UNMEASURED_FRACTION_GAP,puckworks/data/schmieder2023/raw_fractions.csv,127,f3511dd46648fb34962c9d774cc901fa65acd7f0caaf130f143e4f04dbb0915f,PRIMARY_DIRECT_MEASUREMENT
7,3,10,trigonelline,362.15,2e-06,1.7,0.0054574,0.057642000000000006,0.054913300000000005,0.0603707,0.35501,0.00035501,1.937431574e-06,9.063533594099998e-05,FRACTION_MASS_MIDPOINT,SOURCE_UNMEASURED_FRACTION_GAP,puckworks/data/schmieder2023/raw_fractions.csv,127,f3511dd46648fb34962c9d774cc901fa65acd7f0caaf130f143e4f04dbb0915f,PRIMARY_DIRECT_MEASUREMENT
7,4,1,caffeine,362.15,2e-06,1.7,0.0071118,0.0035559,0.0,0.0071118,8.32872,0.008328720000000001,5.9232190895999994e-05,5.9232190895999994e-05,FRACTION_MASS_MIDPOINT,FIRST_MEASURED_FRACTION,puckworks/data/schmieder2023/raw_fractions.csv,128,f3511dd46648fb34962c9d774cc901fa65acd7f0caaf130f143e4f04dbb0915f,PRIMARY_DIRECT_MEASUREMENT
7,4,1,trigonelline,362.15,2e-06,1.7,0.0071118,0.0035559,0.0,0.0071118,5.26274,0.00526274,3.7427554332e-05,3.7427554332e-05,FRACTION_MASS_MIDPOINT,FIRST_MEASURED_FRACTION,puckworks/data/schmieder2023/raw_fractions.csv,128,f3511dd46648fb34962c9d774cc901fa65acd7f0caaf130f143e4f04dbb0915f,PRIMARY_DIRECT_MEASUREMENT
7,4,2,caffeine,362.15,2e-06,1.7,0.0057641,0.00999385,0.007111800000000001,0.0128759,6.2654,0.0062654,3.611439214e-05,9.534658303599999e-05,FRACTION_MASS_MIDPOINT,CONTIGUOUS_WITHIN_PRINTED_PRECISION,puckworks/data/schmieder2023/raw_fractions.csv,129,f3511dd46648fb34962c9d774cc901fa65acd7f0caaf130f143e4f04dbb0915f,PRIMARY_DIRECT_MEASUREMENT
7,4,2,trigonelline,362.15,2e-06,1.7,0.0057641,0.00999385,0.007111800000000001,0.0128759,3.47684,0.00347684,2.0040853443999998e-05,5.7468407776e-05,FRACTION_MASS_MIDPOINT,CONTIGUOUS_WITHIN_PRINTED_PRECISION,puckworks/data/schmieder2023/raw_fractions.csv,129,f3511dd46648fb34962c9d774cc901fa65acd7f0caaf130f143e4f04dbb0915f,PRIMARY_DIRECT_MEASUREMENT
7,4,3,caffeine,362.15,2e-06,1.7,0.0054916999999999995,0.01562175,0.012875900000000001,0.0183676,4.73923,0.0047392300000000005,2.6026429390999998e-05,0.00012137301242699999,FRACTION_MASS_MIDPOINT,CONTIGUOUS_WITHIN_PRINTED_PRECISION,puckworks/data/schmieder2023/raw_fractions.csv,130,f3511dd46648fb34962c9d774cc901fa65acd7f0caaf130f143e4f04dbb0915f,PRIMARY_DIRECT_MEASUREMENT
7,4,3,trigonelline,362.15,2e-06,1.7,0.0054916999999999995,0.01562175,0.012875900000000001,0.0183676,2.46119,0.0024611900000000003,1.3516117123e-05,7.0984524899e-05,FRACTION_MASS_MIDPOINT,CONTIGUOUS_WITHIN_PRINTED_PRECISION,puckworks/data/schmieder2023/raw_fractions.csv,130,f3511dd46648fb34962c9d774cc901fa65acd7f0caaf130f143e4f04dbb0915f,PRIMARY_DIRECT_MEASUREMENT
7,4,5,caffeine,362.15,2e-06,1.7,0.0050802,0.0262648,0.0237247,0.0288049,3.02091,0.0030209100000000003,1.5346826982e-05,0.00013671983940899998,FRACTION_MASS_MIDPOINT,SOURCE_UNMEASURED_FRACTION_GAP,puckworks/data/schmieder2023/raw_fractions.csv,131,f3511dd46648fb34962c9d774cc901fa65acd7f0caaf130f143e4f04dbb0915f,PRIMARY_DIRECT_MEASUREMENT
7,4,5,trigonelline,362.15,2e-06,1.7,0.0050802,0.0262648,0.0237247,0.0288049,1.31199,0.00131199,6.665171597999999e-06,7.7649696497e-05,FRACTION_MASS_MIDPOINT,SOURCE_UNMEASURED_FRACTION_GAP,puckworks/data/schmieder2023/raw_fractions.csv,131,f3511dd46648fb34962c9d774cc901fa65acd7f0caaf130f143e4f04dbb0915f,PRIMARY_DIRECT_MEASUREMENT
7,4,7,caffeine,362.15,2e-06,1.7,0.0051249,0.03684865,0.0342862,0.0394111,1.99183,0.00199183,1.0207929567e-05,0.000146927768976,FRACTION_MASS_MIDPOINT,SOURCE_UNMEASURED_FRACTION_GAP,puckworks/data/schmieder2023/raw_fractions.csv,132,f3511dd46648fb34962c9d774cc901fa65acd7f0caaf130f143e4f04dbb0915f,PRIMARY_DIRECT_MEASUREMENT
7,4,7,trigonelline,362.15,2e-06,1.7,0.0051249,0.03684865,0.0342862,0.0394111,0.7387,0.0007387,3.7857636300000002e-06,8.1435460127e-05,FRACTION_MASS_MIDPOINT,SOURCE_UNMEASURED_FRACTION_GAP,puckworks/data/schmieder2023/raw_fractions.csv,132,f3511dd46648fb34962c9d774cc901fa65acd7f0caaf130f143e4f04dbb0915f,PRIMARY_DIRECT_MEASUREMENT
7,4,10,caffeine,362.15,2e-06,1.7,0.0052337,0.05231695,0.0497001,0.0549338,1.21896,0.00121896,6.379670952e-06,0.000153307439928,FRACTION_MASS_MIDPOINT,SOURCE_UNMEASURED_FRACTION_GAP,puckworks/data/schmieder2023/raw_fractions.csv,133,f3511dd46648fb34962c9d774cc901fa65acd7f0caaf130f143e4f04dbb0915f,PRIMARY_DIRECT_MEASUREMENT
7,4,10,trigonelline,362.15,2e-06,1.7,0.0052337,0.05231695,0.0497001,0.0549338,0.36083,0.00036082999999999997,1.8884759709999998e-06,8.3323936098e-05,FRACTION_MASS_MIDPOINT,SOURCE_UNMEASURED_FRACTION_GAP,puckworks/data/schmieder2023/raw_fractions.csv,133,f3511dd46648fb34962c9d774cc901fa65acd7f0caaf130f143e4f04dbb0915f,PRIMARY_DIRECT_MEASUREMENT
7,5,1,caffeine,362.15,2e-06,1.7,0.0081326,0.0040663,0.0,0.0081326,8.42056,0.00842056,6.848104625599999e-05,6.848104625599999e-05,FRACTION_MASS_MIDPOINT,FIRST_MEASURED_FRACTION,puckworks/data/schmieder2023/raw_fractions.csv,134,f3511dd46648fb34962c9d774cc901fa65acd7f0caaf130f143e4f04dbb0915f,PRIMARY_DIRECT_MEASUREMENT
7,5,1,trigonelline,362.15,2e-06,1.7,0.0081326,0.0040663,0.0,0.0081326,5.35071,0.005350710000000001,4.3515184146e-05,4.3515184146e-05,FRACTION_MASS_MIDPOINT,FIRST_MEASURED_FRACTION,puckworks/data/schmieder2023/raw_fractions.csv,134,f3511dd46648fb34962c9d774cc901fa65acd7f0caaf130f143e4f04dbb0915f,PRIMARY_DIRECT_MEASUREMENT
7,5,2,caffeine,362.15,2e-06,1.7,0.0057291,0.010997149999999999,0.0081326,0.0138617,6.04126,0.0060412600000000006,3.4610982666e-05,0.00010309202892199999,FRACTION_MASS_MIDPOINT,CONTIGUOUS_WITHIN_PRINTED_PRECISION,puckworks/data/schmieder2023/raw_fractions.csv,135,f3511dd46648fb34962c9d774cc901fa65acd7f0caaf130f143e4f04dbb0915f,PRIMARY_DIRECT_MEASUREMENT
7,5,2,trigonelline,362.15,2e-06,1.7,0.0057291,0.010997149999999999,0.0081326,0.0138617,3.28216,0.00328216,1.8803822856e-05,6.2319007002e-05,FRACTION_MASS_MIDPOINT,CONTIGUOUS_WITHIN_PRINTED_PRECISION,puckworks/data/schmieder2023/raw_fractions.csv,135,f3511dd46648fb34962c9d774cc901fa65acd7f0caaf130f143e4f04dbb0915f,PRIMARY_DIRECT_MEASUREMENT
7,5,3,caffeine,362.15,2e-06,1.7,0.0054265,0.01657495,0.013861700000000001,0.019288200000000002,4.50998,0.004509979999999999,2.4473406469999997e-05,0.000127565435392,FRACTION_MASS_MIDPOINT,CONTIGUOUS_WITHIN_PRINTED_PRECISION,puckworks/data/schmieder2023/raw_fractions.csv,136,f3511dd46648fb34962c9d774cc901fa65acd7f0caaf130f143e4f04dbb0915f,PRIMARY_DIRECT_MEASUREMENT
7,5,3,trigonelline,362.15,2e-06,1.7,0.0054265,0.01657495,0.013861700000000001,0.019288200000000002,2.25701,0.0022570100000000003,1.2247664765000001e-05,7.4566671767e-05,FRACTION_MASS_MIDPOINT,CONTIGUOUS_WITHIN_PRINTED_PRECISION,puckworks/data/schmieder2023/raw_fractions.csv,136,f3511dd46648fb34962c9d774cc901fa65acd7f0caaf130f143e4f04dbb0915f,PRIMARY_DIRECT_MEASUREMENT
7,5,5,caffeine,362.15,2e-06,1.7,0.0053071,0.02738035,0.0247268,0.0300339,2.90882,0.00290882,1.5437398622e-05,0.000143002834014,FRACTION_MASS_MIDPOINT,SOURCE_UNMEASURED_FRACTION_GAP,puckworks/data/schmieder2023/raw_fractions.csv,137,f3511dd46648fb34962c9d774cc901fa65acd7f0caaf130f143e4f04dbb0915f,PRIMARY_DIRECT_MEASUREMENT
7,5,5,trigonelline,362.15,2e-06,1.7,0.0053071,0.02738035,0.0247268,0.0300339,1.24895,0.00124895,6.628302545e-06,8.1194974312e-05,FRACTION_MASS_MIDPOINT,SOURCE_UNMEASURED_FRACTION_GAP,puckworks/data/schmieder2023/raw_fractions.csv,137,f3511dd46648fb34962c9d774cc901fa65acd7f0caaf130f143e4f04dbb0915f,PRIMARY_DIRECT_MEASUREMENT
7,5,7,caffeine,362.15,2e-06,1.7,0.0051933,0.037820950000000006,0.03522430000000001,0.0404176,2.01714,0.00201714,1.0475613162e-05,0.000153478447176,FRACTION_MASS_MIDPOINT,SOURCE_UNMEASURED_FRACTION_GAP,puckworks/data/schmieder2023/raw_fractions.csv,138,f3511dd46648fb34962c9d774cc901fa65acd7f0caaf130f143e4f04dbb0915f,PRIMARY_DIRECT_MEASUREMENT
7,5,7,trigonelline,362.15,2e-06,1.7,0.0051933,0.037820950000000006,0.03522430000000001,0.0404176,0.75589,0.00075589,3.9255635369999995e-06,8.5120537849e-05,FRACTION_MASS_MIDPOINT,SOURCE_UNMEASURED_FRACTION_GAP,puckworks/data/schmieder2023/raw_fractions.csv,138,f3511dd46648fb34962c9d774cc901fa65acd7f0caaf130f143e4f04dbb0915f,PRIMARY_DIRECT_MEASUREMENT
7,5,10,caffeine,362.15,2e-06,1.7,0.0051941,0.05322095,0.0506239,0.055818000000000006,1.17934,0.00117934,6.125609894e-06,0.00015960405707,FRACTION_MASS_MIDPOINT,SOURCE_UNMEASURED_FRACTION_GAP,puckworks/data/schmieder2023/raw_fractions.csv,139,f3511dd46648fb34962c9d774cc901fa65acd7f0caaf130f143e4f04dbb0915f,PRIMARY_DIRECT_MEASUREMENT
7,5,10,trigonelline,362.15,2e-06,1.7,0.0051941,0.05322095,0.0506239,0.055818000000000006,0.33603,0.00033603,1.7453734229999999e-06,8.6865911272e-05,FRACTION_MASS_MIDPOINT,SOURCE_UNMEASURED_FRACTION_GAP,puckworks/data/schmieder2023/raw_fractions.csv,139,f3511dd46648fb34962c9d774cc901fa65acd7f0caaf130f143e4f04dbb0915f,PRIMARY_DIRECT_MEASUREMENT
7,6,1,caffeine,362.15,2e-06,1.7,0.008156,0.004078,0.0,0.008156,8.68234,0.00868234,7.081316503999999e-05,7.081316503999999e-05,FRACTION_MASS_MIDPOINT,FIRST_MEASURED_FRACTION,puckworks/data/schmieder2023/raw_fractions.csv,140,f3511dd46648fb34962c9d774cc901fa65acd7f0caaf130f143e4f04dbb0915f,PRIMARY_DIRECT_MEASUREMENT
7,6,1,trigonelline,362.15,2e-06,1.7,0.008156,0.004078,0.0,0.008156,5.43982,0.005439820000000001,4.436717192e-05,4.436717192e-05,FRACTION_MASS_MIDPOINT,FIRST_MEASURED_FRACTION,puckworks/data/schmieder2023/raw_fractions.csv,140,f3511dd46648fb34962c9d774cc901fa65acd7f0caaf130f143e4f04dbb0915f,PRIMARY_DIRECT_MEASUREMENT
7,6,2,caffeine,362.15,2e-06,1.7,0.0056312,0.010971600000000001,0.008156,0.013787200000000001,6.17759,0.00617759,3.4787244808e-05,0.00010560040984799999,FRACTION_MASS_MIDPOINT,CONTIGUOUS_WITHIN_PRINTED_PRECISION,puckworks/data/schmieder2023/raw_fractions.csv,141,f3511dd46648fb34962c9d774cc901fa65acd7f0caaf130f143e4f04dbb0915f,PRIMARY_DIRECT_MEASUREMENT
7,6,2,trigonelline,362.15,2e-06,1.7,0.0056312,0.010971600000000001,0.008156,0.013787200000000001,3.31425,0.00331425,1.86632046e-05,6.303037652e-05,FRACTION_MASS_MIDPOINT,CONTIGUOUS_WITHIN_PRINTED_PRECISION,puckworks/data/schmieder2023/raw_fractions.csv,141,f3511dd46648fb34962c9d774cc901fa65acd7f0caaf130f143e4f04dbb0915f,PRIMARY_DIRECT_MEASUREMENT
7,6,3,caffeine,362.15,2e-06,1.7,0.005625,0.0165997,0.0137872,0.019412199999999998,4.60944,0.00460944,2.59281e-05,0.00013152850984799998,FRACTION_MASS_MIDPOINT,CONTIGUOUS_WITHIN_PRINTED_PRECISION,puckworks/data/schmieder2023/raw_fractions.csv,142,f3511dd46648fb34962c9d774cc901fa65acd7f0caaf130f143e4f04dbb0915f,PRIMARY_DIRECT_MEASUREMENT
7,6,3,trigonelline,362.15,2e-06,1.7,0.005625,0.0165997,0.0137872,0.019412199999999998,2.26197,0.00226197,1.2723581249999998e-05,7.575395777e-05,FRACTION_MASS_MIDPOINT,CONTIGUOUS_WITHIN_PRINTED_PRECISION,puckworks/data/schmieder2023/raw_fractions.csv,142,f3511dd46648fb34962c9d774cc901fa65acd7f0caaf130f143e4f04dbb0915f,PRIMARY_DIRECT_MEASUREMENT
7,6,5,caffeine,362.15,2e-06,1.7,0.005281200000000001,0.0276282,0.024987600000000002,0.0302688,2.981,0.002981,1.57432572e-05,0.00014727176704799997,FRACTION_MASS_MIDPOINT,SOURCE_UNMEASURED_FRACTION_GAP,puckworks/data/schmieder2023/raw_fractions.csv,143,f3511dd46648fb34962c9d774cc901fa65acd7f0caaf130f143e4f04dbb0915f,PRIMARY_DIRECT_MEASUREMENT
7,6,5,trigonelline,362.15,2e-06,1.7,0.005281200000000001,0.0276282,0.024987600000000002,0.0302688,1.2333,0.0012333,6.513303960000001e-06,8.226726173000001e-05,FRACTION_MASS_MIDPOINT,SOURCE_UNMEASURED_FRACTION_GAP,puckworks/data/schmieder2023/raw_fractions.csv,143,f3511dd46648fb34962c9d774cc901fa65acd7f0caaf130f143e4f04dbb0915f,PRIMARY_DIRECT_MEASUREMENT
7,6,7,caffeine,362.15,2e-06,1.7,0.0050993,0.03791675,0.0353671,0.0404664,1.99812,0.00199812,1.0189013316e-05,0.00015746078036399995,FRACTION_MASS_MIDPOINT,SOURCE_UNMEASURED_FRACTION_GAP,puckworks/data/schmieder2023/raw_fractions.csv,144,f3511dd46648fb34962c9d774cc901fa65acd7f0caaf130f143e4f04dbb0915f,PRIMARY_DIRECT_MEASUREMENT
7,6,7,trigonelline,362.15,2e-06,1.7,0.0050993,0.03791675,0.0353671,0.0404664,0.70416,0.00070416,3.590723088e-06,8.5857984818e-05,FRACTION_MASS_MIDPOINT,SOURCE_UNMEASURED_FRACTION_GAP,puckworks/data/schmieder2023/raw_fractions.csv,144,f3511dd46648fb34962c9d774cc901fa65acd7f0caaf130f143e4f04dbb0915f,PRIMARY_DIRECT_MEASUREMENT
7,6,10,caffeine,362.15,2e-06,1.7,0.005037300000000001,0.05342745,0.0509088,0.055946100000000006,1.15103,0.00115103,5.798083419e-06,0.00016325886378299996,FRACTION_MASS_MIDPOINT,SOURCE_UNMEASURED_FRACTION_GAP,puckworks/data/schmieder2023/raw_fractions.csv,145,f3511dd46648fb34962c9d774cc901fa65acd7f0caaf130f143e4f04dbb0915f,PRIMARY_DIRECT_MEASUREMENT
7,6,10,trigonelline,362.15,2e-06,1.7,0.005037300000000001,0.05342745,0.0509088,0.055946100000000006,0.30333,0.00030333,1.5279642090000001e-06,8.7385949027e-05,FRACTION_MASS_MIDPOINT,SOURCE_UNMEASURED_FRACTION_GAP,puckworks/data/schmieder2023/raw_fractions.csv,145,f3511dd46648fb34962c9d774cc901fa65acd7f0caaf130f143e4f04dbb0915f,PRIMARY_DIRECT_MEASUREMENT
8,1,1,caffeine,353.15,1e-06,1.4,0.0046705,0.00233525,0.0,0.0046705,9.9235,0.0099235,4.634770675e-05,4.634770675e-05,FRACTION_MASS_MIDPOINT,FIRST_MEASURED_FRACTION,puckworks/data/schmieder2023/raw_fractions.csv,146,f3511dd46648fb34962c9d774cc901fa65acd7f0caaf130f143e4f04dbb0915f,PRIMARY_DIRECT_MEASUREMENT
8,1,1,trigonelline,353.15,1e-06,1.4,0.0046705,0.00233525,0.0,0.0046705,6.59626,0.0065962600000000005,3.080783233e-05,3.080783233e-05,FRACTION_MASS_MIDPOINT,FIRST_MEASURED_FRACTION,puckworks/data/schmieder2023/raw_fractions.csv,146,f3511dd46648fb34962c9d774cc901fa65acd7f0caaf130f143e4f04dbb0915f,PRIMARY_DIRECT_MEASUREMENT
8,1,2,caffeine,353.15,1e-06,1.4,0.0063918,0.007866399999999999,0.0046705,0.0110623,7.04393,0.0070439299999999995,4.502339177399999e-05,9.1371098524e-05,FRACTION_MASS_MIDPOINT,CONTIGUOUS_WITHIN_PRINTED_PRECISION,puckworks/data/schmieder2023/raw_fractions.csv,147,f3511dd46648fb34962c9d774cc901fa65acd7f0caaf130f143e4f04dbb0915f,PRIMARY_DIRECT_MEASUREMENT
8,1,2,trigonelline,353.15,1e-06,1.4,0.0063918,0.007866399999999999,0.0046705,0.0110623,4.05338,0.00405338,2.5908394283999997e-05,5.6716226613999996e-05,FRACTION_MASS_MIDPOINT,CONTIGUOUS_WITHIN_PRINTED_PRECISION,puckworks/data/schmieder2023/raw_fractions.csv,147,f3511dd46648fb34962c9d774cc901fa65acd7f0caaf130f143e4f04dbb0915f,PRIMARY_DIRECT_MEASUREMENT
8,1,3,caffeine,353.15,1e-06,1.4,0.0061572,0.014140900000000001,0.0110623,0.0172195,4.76913,0.00476913,2.9364487235999995e-05,0.00012073558576,FRACTION_MASS_MIDPOINT,CONTIGUOUS_WITHIN_PRINTED_PRECISION,puckworks/data/schmieder2023/raw_fractions.csv,148,f3511dd46648fb34962c9d774cc901fa65acd7f0caaf130f143e4f04dbb0915f,PRIMARY_DIRECT_MEASUREMENT
8,1,3,trigonelline,353.15,1e-06,1.4,0.0061572,0.014140900000000001,0.0110623,0.0172195,2.40739,0.00240739,1.4822781707999998e-05,7.1539008322e-05,FRACTION_MASS_MIDPOINT,CONTIGUOUS_WITHIN_PRINTED_PRECISION,puckworks/data/schmieder2023/raw_fractions.csv,148,f3511dd46648fb34962c9d774cc901fa65acd7f0caaf130f143e4f04dbb0915f,PRIMARY_DIRECT_MEASUREMENT
8,1,5,caffeine,353.15,1e-06,1.4,0.0058094,0.0257199,0.022815199999999997,0.0286246,2.68036,0.00268036,1.5571283384e-05,0.00013630686914399998,FRACTION_MASS_MIDPOINT,SOURCE_UNMEASURED_FRACTION_GAP,puckworks/data/schmieder2023/raw_fractions.csv,149,f3511dd46648fb34962c9d774cc901fa65acd7f0caaf130f143e4f04dbb0915f,PRIMARY_DIRECT_MEASUREMENT
8,1,5,trigonelline,353.15,1e-06,1.4,0.0058094,0.0257199,0.022815199999999997,0.0286246,1.07699,0.00107699,6.256665706e-06,7.7795674028e-05,FRACTION_MASS_MIDPOINT,SOURCE_UNMEASURED_FRACTION_GAP,puckworks/data/schmieder2023/raw_fractions.csv,149,f3511dd46648fb34962c9d774cc901fa65acd7f0caaf130f143e4f04dbb0915f,PRIMARY_DIRECT_MEASUREMENT
8,1,7,caffeine,353.15,1e-06,1.4,0.0053917,0.03679965,0.034103800000000004,0.0394955,1.75979,0.00175979,9.488259743e-06,0.00014579512888699997,FRACTION_MASS_MIDPOINT,SOURCE_UNMEASURED_FRACTION_GAP,puckworks/data/schmieder2023/raw_fractions.csv,150,f3511dd46648fb34962c9d774cc901fa65acd7f0caaf130f143e4f04dbb0915f,PRIMARY_DIRECT_MEASUREMENT
8,1,7,trigonelline,353.15,1e-06,1.4,0.0053917,0.03679965,0.034103800000000004,0.0394955,0.61834,0.00061834,3.333903778e-06,8.1129577806e-05,FRACTION_MASS_MIDPOINT,SOURCE_UNMEASURED_FRACTION_GAP,puckworks/data/schmieder2023/raw_fractions.csv,150,f3511dd46648fb34962c9d774cc901fa65acd7f0caaf130f143e4f04dbb0915f,PRIMARY_DIRECT_MEASUREMENT
8,1,10,caffeine,353.15,1e-06,1.4,0.005287200000000001,0.0535088,0.0508652,0.0561524,1.04623,0.00104623,5.531627256e-06,0.00015132675614299996,FRACTION_MASS_MIDPOINT,SOURCE_UNMEASURED_FRACTION_GAP,puckworks/data/schmieder2023/raw_fractions.csv,151,f3511dd46648fb34962c9d774cc901fa65acd7f0caaf130f143e4f04dbb0915f,PRIMARY_DIRECT_MEASUREMENT
8,1,10,trigonelline,353.15,1e-06,1.4,0.005287200000000001,0.0535088,0.0508652,0.0561524,0.29546,0.00029546,1.5621561119999999e-06,8.269173391800001e-05,FRACTION_MASS_MIDPOINT,SOURCE_UNMEASURED_FRACTION_GAP,puckworks/data/schmieder2023/raw_fractions.csv,151,f3511dd46648fb34962c9d774cc901fa65acd7f0caaf130f143e4f04dbb0915f,PRIMARY_DIRECT_MEASUREMENT
8,2,1,caffeine,353.15,1e-06,1.4,0.0030670000000000003,0.0015335000000000001,0.0,0.0030670000000000003,9.60225,0.00960225,2.9450100749999998e-05,2.9450100749999998e-05,FRACTION_MASS_MIDPOINT,FIRST_MEASURED_FRACTION,puckworks/data/schmieder2023/raw_fractions.csv,152,f3511dd46648fb34962c9d774cc901fa65acd7f0caaf130f143e4f04dbb0915f,PRIMARY_DIRECT_MEASUREMENT
8,2,1,trigonelline,353.15,1e-06,1.4,0.0030670000000000003,0.0015335000000000001,0.0,0.0030670000000000003,6.74895,0.00674895,2.0699029649999998e-05,2.0699029649999998e-05,FRACTION_MASS_MIDPOINT,FIRST_MEASURED_FRACTION,puckworks/data/schmieder2023/raw_fractions.csv,152,f3511dd46648fb34962c9d774cc901fa65acd7f0caaf130f143e4f04dbb0915f,PRIMARY_DIRECT_MEASUREMENT
8,2,2,caffeine,353.15,1e-06,1.4,0.0070051,0.0065695499999999995,0.003067,0.010072099999999999,7.51549,0.00751549,5.2646758999e-05,8.2096859749e-05,FRACTION_MASS_MIDPOINT,CONTIGUOUS_WITHIN_PRINTED_PRECISION,puckworks/data/schmieder2023/raw_fractions.csv,153,f3511dd46648fb34962c9d774cc901fa65acd7f0caaf130f143e4f04dbb0915f,PRIMARY_DIRECT_MEASUREMENT
8,2,2,trigonelline,353.15,1e-06,1.4,0.0070051,0.0065695499999999995,0.003067,0.010072099999999999,4.7399,0.0047399,3.320347348999999e-05,5.3902503139999987e-05,FRACTION_MASS_MIDPOINT,CONTIGUOUS_WITHIN_PRINTED_PRECISION,puckworks/data/schmieder2023/raw_fractions.csv,153,f3511dd46648fb34962c9d774cc901fa65acd7f0caaf130f143e4f04dbb0915f,PRIMARY_DIRECT_MEASUREMENT
8,2,3,caffeine,353.15,1e-06,1.4,0.005796000000000001,0.0129701,0.0100721,0.0158681,5.06667,0.0050666700000000005,2.936641932e-05,0.000111463279069,FRACTION_MASS_MIDPOINT,CONTIGUOUS_WITHIN_PRINTED_PRECISION,puckworks/data/schmieder2023/raw_fractions.csv,154,f3511dd46648fb34962c9d774cc901fa65acd7f0caaf130f143e4f04dbb0915f,PRIMARY_DIRECT_MEASUREMENT
8,2,3,trigonelline,353.15,1e-06,1.4,0.005796000000000001,0.0129701,0.0100721,0.0158681,2.79325,0.00279325,1.6189677e-05,7.009218013999998e-05,FRACTION_MASS_MIDPOINT,CONTIGUOUS_WITHIN_PRINTED_PRECISION,puckworks/data/schmieder2023/raw_fractions.csv,154,f3511dd46648fb34962c9d774cc901fa65acd7f0caaf130f143e4f04dbb0915f,PRIMARY_DIRECT_MEASUREMENT
8,2,5,caffeine,353.15,1e-06,1.4,0.005744900000000001,0.024672450000000002,0.0218,0.027544900000000004,2.7151,0.0027151000000000002,1.5597977990000002e-05,0.00012706125705900002,FRACTION_MASS_MIDPOINT,SOURCE_UNMEASURED_FRACTION_GAP,puckworks/data/schmieder2023/raw_fractions.csv,155,f3511dd46648fb34962c9d774cc901fa65acd7f0caaf130f143e4f04dbb0915f,PRIMARY_DIRECT_MEASUREMENT
8,2,5,trigonelline,353.15,1e-06,1.4,0.005744900000000001,0.024672450000000002,0.0218,0.027544900000000004,1.14808,0.00114808,6.5956047920000004e-06,7.668778493199998e-05,FRACTION_MASS_MIDPOINT,SOURCE_UNMEASURED_FRACTION_GAP,puckworks/data/schmieder2023/raw_fractions.csv,155,f3511dd46648fb34962c9d774cc901fa65acd7f0caaf130f143e4f04dbb0915f,PRIMARY_DIRECT_MEASUREMENT
8,2,7,caffeine,353.15,1e-06,1.4,0.0054546,0.0356136,0.0328863,0.0383409,1.69071,0.00169071,9.222146765999999e-06,0.000136283403825,FRACTION_MASS_MIDPOINT,SOURCE_UNMEASURED_FRACTION_GAP,puckworks/data/schmieder2023/raw_fractions.csv,156,f3511dd46648fb34962c9d774cc901fa65acd7f0caaf130f143e4f04dbb0915f,PRIMARY_DIRECT_MEASUREMENT
8,2,7,trigonelline,353.15,1e-06,1.4,0.0054546,0.0356136,0.0328863,0.0383409,0.60037,0.0006003699999999999,3.2747782019999995e-06,7.996256313399998e-05,FRACTION_MASS_MIDPOINT,SOURCE_UNMEASURED_FRACTION_GAP,puckworks/data/schmieder2023/raw_fractions.csv,156,f3511dd46648fb34962c9d774cc901fa65acd7f0caaf130f143e4f04dbb0915f,PRIMARY_DIRECT_MEASUREMENT
8,2,10,caffeine,353.15,1e-06,1.4,0.0055728999999999996,0.05224735,0.049460899999999995,0.0550338,0.94396,0.0009439600000000001,5.260594684e-06,0.000141543998509,FRACTION_MASS_MIDPOINT,SOURCE_UNMEASURED_FRACTION_GAP,puckworks/data/schmieder2023/raw_fractions.csv,157,f3511dd46648fb34962c9d774cc901fa65acd7f0caaf130f143e4f04dbb0915f,PRIMARY_DIRECT_MEASUREMENT
8,2,10,trigonelline,353.15,1e-06,1.4,0.0055728999999999996,0.05224735,0.049460899999999995,0.0550338,0.26196,0.00026196000000000005,1.459876884e-06,8.142244001799998e-05,FRACTION_MASS_MIDPOINT,SOURCE_UNMEASURED_FRACTION_GAP,puckworks/data/schmieder2023/raw_fractions.csv,157,f3511dd46648fb34962c9d774cc901fa65acd7f0caaf130f143e4f04dbb0915f,PRIMARY_DIRECT_MEASUREMENT
8,3,1,caffeine,353.15,1e-06,1.4,0.0050805,0.00254025,0.0,0.0050805,9.51707,0.00951707,4.8351474135e-05,4.8351474135e-05,FRACTION_MASS_MIDPOINT,FIRST_MEASURED_FRACTION,puckworks/data/schmieder2023/raw_fractions.csv,158,f3511dd46648fb34962c9d774cc901fa65acd7f0caaf130f143e4f04dbb0915f,PRIMARY_DIRECT_MEASUREMENT
8,3,1,trigonelline,353.15,1e-06,1.4,0.0050805,0.00254025,0.0,0.0050805,6.21011,0.0062101100000000005,3.1550463855e-05,3.1550463855e-05,FRACTION_MASS_MIDPOINT,FIRST_MEASURED_FRACTION,puckworks/data/schmieder2023/raw_fractions.csv,158,f3511dd46648fb34962c9d774cc901fa65acd7f0caaf130f143e4f04dbb0915f,PRIMARY_DIRECT_MEASUREMENT
8,3,2,caffeine,353.15,1e-06,1.4,0.0064749,0.00831795,0.0050805,0.011555399999999999,6.87358,0.00687358,4.450574314199999e-05,9.285721727699999e-05,FRACTION_MASS_MIDPOINT,CONTIGUOUS_WITHIN_PRINTED_PRECISION,puckworks/data/schmieder2023/raw_fractions.csv,159,f3511dd46648fb34962c9d774cc901fa65acd7f0caaf130f143e4f04dbb0915f,PRIMARY_DIRECT_MEASUREMENT
8,3,2,trigonelline,353.15,1e-06,1.4,0.0064749,0.00831795,0.0050805,0.011555399999999999,3.96641,0.00396641,2.5682108109e-05,5.7232571964e-05,FRACTION_MASS_MIDPOINT,CONTIGUOUS_WITHIN_PRINTED_PRECISION,puckworks/data/schmieder2023/raw_fractions.csv,159,f3511dd46648fb34962c9d774cc901fa65acd7f0caaf130f143e4f04dbb0915f,PRIMARY_DIRECT_MEASUREMENT
8,3,3,caffeine,353.15,1e-06,1.4,0.0059612,0.014536,0.011555399999999999,0.0175166,4.86354,0.00486354,2.8992534648000002e-05,0.00012184975192499998,FRACTION_MASS_MIDPOINT,CONTIGUOUS_WITHIN_PRINTED_PRECISION,puckworks/data/schmieder2023/raw_fractions.csv,160,f3511dd46648fb34962c9d774cc901fa65acd7f0caaf130f143e4f04dbb0915f,PRIMARY_DIRECT_MEASUREMENT
8,3,3,trigonelline,353.15,1e-06,1.4,0.0059612,0.014536,0.011555399999999999,0.0175166,2.52677,0.00252677,1.5062581324e-05,7.2295153288e-05,FRACTION_MASS_MIDPOINT,CONTIGUOUS_WITHIN_PRINTED_PRECISION,puckworks/data/schmieder2023/raw_fractions.csv,160,f3511dd46648fb34962c9d774cc901fa65acd7f0caaf130f143e4f04dbb0915f,PRIMARY_DIRECT_MEASUREMENT
8,3,5,caffeine,353.15,1e-06,1.4,0.0055156,0.025943200000000003,0.023185400000000002,0.028701,2.72538,0.00272538,1.5032105928e-05,0.00013688185785299997,FRACTION_MASS_MIDPOINT,SOURCE_UNMEASURED_FRACTION_GAP,puckworks/data/schmieder2023/raw_fractions.csv,161,f3511dd46648fb34962c9d774cc901fa65acd7f0caaf130f143e4f04dbb0915f,PRIMARY_DIRECT_MEASUREMENT
8,3,5,trigonelline,353.15,1e-06,1.4,0.0055156,0.025943200000000003,0.023185400000000002,0.028701,1.09213,0.00109213,6.023752228e-06,7.8318905516e-05,FRACTION_MASS_MIDPOINT,SOURCE_UNMEASURED_FRACTION_GAP,puckworks/data/schmieder2023/raw_fractions.csv,161,f3511dd46648fb34962c9d774cc901fa65acd7f0caaf130f143e4f04dbb0915f,PRIMARY_DIRECT_MEASUREMENT
8,3,7,caffeine,353.15,1e-06,1.4,0.005173199999999999,0.036837600000000005,0.034251000000000004,0.0394242,1.74371,0.00174371,9.020560572e-06,0.00014590241842499997,FRACTION_MASS_MIDPOINT,SOURCE_UNMEASURED_FRACTION_GAP,puckworks/data/schmieder2023/raw_fractions.csv,162,f3511dd46648fb34962c9d774cc901fa65acd7f0caaf130f143e4f04dbb0915f,PRIMARY_DIRECT_MEASUREMENT
8,3,7,trigonelline,353.15,1e-06,1.4,0.005173199999999999,0.036837600000000005,0.034251000000000004,0.0394242,0.58765,0.00058765,3.0400309799999994e-06,8.1358936496e-05,FRACTION_MASS_MIDPOINT,SOURCE_UNMEASURED_FRACTION_GAP,puckworks/data/schmieder2023/raw_fractions.csv,162,f3511dd46648fb34962c9d774cc901fa65acd7f0caaf130f143e4f04dbb0915f,PRIMARY_DIRECT_MEASUREMENT
8,3,10,caffeine,353.15,1e-06,1.4,0.0051667,0.04758345,0.045000099999999994,0.050166800000000004,1.07827,0.00107827,5.571097608999999e-06,0.00015147351603399996,FRACTION_MASS_MIDPOINT,SOURCE_UNMEASURED_FRACTION_GAP,puckworks/data/schmieder2023/raw_fractions.csv,163,f3511dd46648fb34962c9d774cc901fa65acd7f0caaf130f143e4f04dbb0915f,PRIMARY_DIRECT_MEASUREMENT
8,3,10,trigonelline,353.15,1e-06,1.4,0.0051667,0.04758345,0.045000099999999994,0.050166800000000004,0.2818,0.0002818,1.4559760599999997e-06,8.2814912556e-05,FRACTION_MASS_MIDPOINT,SOURCE_UNMEASURED_FRACTION_GAP,puckworks/data/schmieder2023/raw_fractions.csv,163,f3511dd46648fb34962c9d774cc901fa65acd7f0caaf130f143e4f04dbb0915f,PRIMARY_DIRECT_MEASUREMENT
9,1,1,caffeine,371.15,1e-06,1.4,0.0051145,0.00255725,0.0,0.0051145,9.1129,0.0091129,4.6607927049999994e-05,4.6607927049999994e-05,FRACTION_MASS_MIDPOINT,FIRST_MEASURED_FRACTION,puckworks/data/schmieder2023/raw_fractions.csv,164,f3511dd46648fb34962c9d774cc901fa65acd7f0caaf130f143e4f04dbb0915f,PRIMARY_DIRECT_MEASUREMENT
9,1,1,trigonelline,371.15,1e-06,1.4,0.0051145,0.00255725,0.0,0.0051145,5.7171,0.0057171,2.9240107949999997e-05,2.9240107949999997e-05,FRACTION_MASS_MIDPOINT,FIRST_MEASURED_FRACTION,puckworks/data/schmieder2023/raw_fractions.csv,164,f3511dd46648fb34962c9d774cc901fa65acd7f0caaf130f143e4f04dbb0915f,PRIMARY_DIRECT_MEASUREMENT
9,1,2,caffeine,371.15,1e-06,1.4,0.005980000000000001,0.0081045,0.0051145,0.0110945,7.1522,0.0071522,4.2770156e-05,8.937808304999999e-05,FRACTION_MASS_MIDPOINT,CONTIGUOUS_WITHIN_PRINTED_PRECISION,puckworks/data/schmieder2023/raw_fractions.csv,165,f3511dd46648fb34962c9d774cc901fa65acd7f0caaf130f143e4f04dbb0915f,PRIMARY_DIRECT_MEASUREMENT
9,1,2,trigonelline,371.15,1e-06,1.4,0.005980000000000001,0.0081045,0.0051145,0.0110945,4.04875,0.00404875,2.4211525000000002e-05,5.345163295e-05,FRACTION_MASS_MIDPOINT,CONTIGUOUS_WITHIN_PRINTED_PRECISION,puckworks/data/schmieder2023/raw_fractions.csv,165,f3511dd46648fb34962c9d774cc901fa65acd7f0caaf130f143e4f04dbb0915f,PRIMARY_DIRECT_MEASUREMENT
9,1,3,caffeine,371.15,1e-06,1.4,0.0057717,0.01398035,0.0110945,0.016866199999999998,5.24559,0.0052455900000000005,3.0275971803e-05,0.000119654054853,FRACTION_MASS_MIDPOINT,CONTIGUOUS_WITHIN_PRINTED_PRECISION,puckworks/data/schmieder2023/raw_fractions.csv,166,f3511dd46648fb34962c9d774cc901fa65acd7f0caaf130f143e4f04dbb0915f,PRIMARY_DIRECT_MEASUREMENT
9,1,3,trigonelline,371.15,1e-06,1.4,0.0057717,0.01398035,0.0110945,0.016866199999999998,2.7187,0.0027187,1.5691520789999998e-05,6.914315374e-05,FRACTION_MASS_MIDPOINT,CONTIGUOUS_WITHIN_PRINTED_PRECISION,puckworks/data/schmieder2023/raw_fractions.csv,166,f3511dd46648fb34962c9d774cc901fa65acd7f0caaf130f143e4f04dbb0915f,PRIMARY_DIRECT_MEASUREMENT
9,1,5,caffeine,371.15,1e-06,1.4,0.0055781,0.02526435,0.0224753,0.0280534,2.96822,0.00296822,1.6557027982000002e-05,0.000136211082835,FRACTION_MASS_MIDPOINT,SOURCE_UNMEASURED_FRACTION_GAP,puckworks/data/schmieder2023/raw_fractions.csv,167,f3511dd46648fb34962c9d774cc901fa65acd7f0caaf130f143e4f04dbb0915f,PRIMARY_DIRECT_MEASUREMENT
9,1,5,trigonelline,371.15,1e-06,1.4,0.0055781,0.02526435,0.0224753,0.0280534,1.19949,0.0011994899999999999,6.690875169e-06,7.583402890900001e-05,FRACTION_MASS_MIDPOINT,SOURCE_UNMEASURED_FRACTION_GAP,puckworks/data/schmieder2023/raw_fractions.csv,167,f3511dd46648fb34962c9d774cc901fa65acd7f0caaf130f143e4f04dbb0915f,PRIMARY_DIRECT_MEASUREMENT
9,1,7,caffeine,371.15,1e-06,1.4,0.005062700000000001,0.03601595,0.033484599999999996,0.0385473,1.77833,0.00177833,9.003151291e-06,0.000145214234126,FRACTION_MASS_MIDPOINT,SOURCE_UNMEASURED_FRACTION_GAP,puckworks/data/schmieder2023/raw_fractions.csv,168,f3511dd46648fb34962c9d774cc901fa65acd7f0caaf130f143e4f04dbb0915f,PRIMARY_DIRECT_MEASUREMENT
9,1,7,trigonelline,371.15,1e-06,1.4,0.005062700000000001,0.03601595,0.033484599999999996,0.0385473,0.59732,0.0005973199999999999,3.024051964e-06,7.885808087300001e-05,FRACTION_MASS_MIDPOINT,SOURCE_UNMEASURED_FRACTION_GAP,puckworks/data/schmieder2023/raw_fractions.csv,168,f3511dd46648fb34962c9d774cc901fa65acd7f0caaf130f143e4f04dbb0915f,PRIMARY_DIRECT_MEASUREMENT
9,1,10,caffeine,371.15,1e-06,1.4,0.0056456,0.0517644,0.0489416,0.0545872,1.02276,0.00102276,5.774093855999999e-06,0.000150988327982,FRACTION_MASS_MIDPOINT,SOURCE_UNMEASURED_FRACTION_GAP,puckworks/data/schmieder2023/raw_fractions.csv,169,f3511dd46648fb34962c9d774cc901fa65acd7f0caaf130f143e4f04dbb0915f,PRIMARY_DIRECT_MEASUREMENT
9,1,10,trigonelline,371.15,1e-06,1.4,0.0056456,0.0517644,0.0489416,0.0545872,0.28667,0.00028667,1.6184241519999998e-06,8.047650502500002e-05,FRACTION_MASS_MIDPOINT,SOURCE_UNMEASURED_FRACTION_GAP,puckworks/data/schmieder2023/raw_fractions.csv,169,f3511dd46648fb34962c9d774cc901fa65acd7f0caaf130f143e4f04dbb0915f,PRIMARY_DIRECT_MEASUREMENT
9,2,1,caffeine,371.15,1e-06,1.4,0.0050317999999999995,0.0025158999999999997,0.0,0.0050317999999999995,9.3779,0.0093779,4.718771721999999e-05,4.718771721999999e-05,FRACTION_MASS_MIDPOINT,FIRST_MEASURED_FRACTION,puckworks/data/schmieder2023/raw_fractions.csv,170,f3511dd46648fb34962c9d774cc901fa65acd7f0caaf130f143e4f04dbb0915f,PRIMARY_DIRECT_MEASUREMENT
9,2,1,trigonelline,371.15,1e-06,1.4,0.0050317999999999995,0.0025158999999999997,0.0,0.0050317999999999995,5.92792,0.005927920000000001,2.9828107855999996e-05,2.9828107855999996e-05,FRACTION_MASS_MIDPOINT,FIRST_MEASURED_FRACTION,puckworks/data/schmieder2023/raw_fractions.csv,170,f3511dd46648fb34962c9d774cc901fa65acd7f0caaf130f143e4f04dbb0915f,PRIMARY_DIRECT_MEASUREMENT
9,2,2,caffeine,371.15,1e-06,1.4,0.0063182,0.0081909,0.005031799999999999,0.01135,7.69204,0.007692040000000001,4.8599847128e-05,9.578756434799998e-05,FRACTION_MASS_MIDPOINT,CONTIGUOUS_WITHIN_PRINTED_PRECISION,puckworks/data/schmieder2023/raw_fractions.csv,171,f3511dd46648fb34962c9d774cc901fa65acd7f0caaf130f143e4f04dbb0915f,PRIMARY_DIRECT_MEASUREMENT
9,2,2,trigonelline,371.15,1e-06,1.4,0.0063182,0.0081909,0.005031799999999999,0.01135,4.44439,0.00444439,2.8080544898e-05,5.7908652754e-05,FRACTION_MASS_MIDPOINT,CONTIGUOUS_WITHIN_PRINTED_PRECISION,puckworks/data/schmieder2023/raw_fractions.csv,171,f3511dd46648fb34962c9d774cc901fa65acd7f0caaf130f143e4f04dbb0915f,PRIMARY_DIRECT_MEASUREMENT
9,2,3,caffeine,371.15,1e-06,1.4,0.006178200000000001,0.0144391,0.01135,0.017528199999999997,5.78048,0.00578048,3.5712961536e-05,0.00013150052588399997,FRACTION_MASS_MIDPOINT,CONTIGUOUS_WITHIN_PRINTED_PRECISION,puckworks/data/schmieder2023/raw_fractions.csv,172,f3511dd46648fb34962c9d774cc901fa65acd7f0caaf130f143e4f04dbb0915f,PRIMARY_DIRECT_MEASUREMENT
9,2,3,trigonelline,371.15,1e-06,1.4,0.006178200000000001,0.0144391,0.01135,0.017528199999999997,2.99492,0.00299492,1.8503214744e-05,7.6411867498e-05,FRACTION_MASS_MIDPOINT,CONTIGUOUS_WITHIN_PRINTED_PRECISION,puckworks/data/schmieder2023/raw_fractions.csv,172,f3511dd46648fb34962c9d774cc901fa65acd7f0caaf130f143e4f04dbb0915f,PRIMARY_DIRECT_MEASUREMENT
9,2,5,caffeine,371.15,1e-06,1.4,0.005587900000000001,0.02683235,0.024038400000000005,0.0296263,3.35101,0.00335101,1.8725108779000003e-05,0.00015022563466299998,FRACTION_MASS_MIDPOINT,SOURCE_UNMEASURED_FRACTION_GAP,puckworks/data/schmieder2023/raw_fractions.csv,173,f3511dd46648fb34962c9d774cc901fa65acd7f0caaf130f143e4f04dbb0915f,PRIMARY_DIRECT_MEASUREMENT
9,2,5,trigonelline,371.15,1e-06,1.4,0.005587900000000001,0.02683235,0.024038400000000005,0.0296263,1.30855,0.0013085500000000001,7.312046545000001e-06,8.3723914043e-05,FRACTION_MASS_MIDPOINT,SOURCE_UNMEASURED_FRACTION_GAP,puckworks/data/schmieder2023/raw_fractions.csv,173,f3511dd46648fb34962c9d774cc901fa65acd7f0caaf130f143e4f04dbb0915f,PRIMARY_DIRECT_MEASUREMENT
9,2,7,caffeine,371.15,1e-06,1.4,0.004532700000000001,0.03743575,0.035169399999999996,0.039702100000000004,1.90005,0.0019000500000000001,8.612356635000001e-06,0.00015883799129799998,FRACTION_MASS_MIDPOINT,SOURCE_UNMEASURED_FRACTION_GAP,puckworks/data/schmieder2023/raw_fractions.csv,174,f3511dd46648fb34962c9d774cc901fa65acd7f0caaf130f143e4f04dbb0915f,PRIMARY_DIRECT_MEASUREMENT
9,2,7,trigonelline,371.15,1e-06,1.4,0.004532700000000001,0.03743575,0.035169399999999996,0.039702100000000004,0.57358,0.00057358,2.5998660660000002e-06,8.6323780109e-05,FRACTION_MASS_MIDPOINT,SOURCE_UNMEASURED_FRACTION_GAP,puckworks/data/schmieder2023/raw_fractions.csv,174,f3511dd46648fb34962c9d774cc901fa65acd7f0caaf130f143e4f04dbb0915f,PRIMARY_DIRECT_MEASUREMENT
9,2,10,caffeine,371.15,1e-06,1.4,0.0040625,0.05384705000000001,0.0518158,0.055878300000000006,0.97022,0.00097022,3.94151875e-06,0.00016277951004799998,FRACTION_MASS_MIDPOINT,SOURCE_UNMEASURED_FRACTION_GAP,puckworks/data/schmieder2023/raw_fractions.csv,175,f3511dd46648fb34962c9d774cc901fa65acd7f0caaf130f143e4f04dbb0915f,PRIMARY_DIRECT_MEASUREMENT
9,2,10,trigonelline,371.15,1e-06,1.4,0.0040625,0.05384705000000001,0.0518158,0.055878300000000006,0.22082,0.00022082,8.970812499999999e-07,8.7220861359e-05,FRACTION_MASS_MIDPOINT,SOURCE_UNMEASURED_FRACTION_GAP,puckworks/data/schmieder2023/raw_fractions.csv,175,f3511dd46648fb34962c9d774cc901fa65acd7f0caaf130f143e4f04dbb0915f,PRIMARY_DIRECT_MEASUREMENT
9,3,1,caffeine,371.15,1e-06,1.4,0.0064771,0.00323855,0.0,0.0064771,9.29467,0.00929467,6.0202507056999995e-05,6.0202507056999995e-05,FRACTION_MASS_MIDPOINT,FIRST_MEASURED_FRACTION,puckworks/data/schmieder2023/raw_fractions.csv,176,f3511dd46648fb34962c9d774cc901fa65acd7f0caaf130f143e4f04dbb0915f,PRIMARY_DIRECT_MEASUREMENT
9,3,1,trigonelline,371.15,1e-06,1.4,0.0064771,0.00323855,0.0,0.0064771,5.91439,0.00591439,3.8308095469e-05,3.8308095469e-05,FRACTION_MASS_MIDPOINT,FIRST_MEASURED_FRACTION,puckworks/data/schmieder2023/raw_fractions.csv,176,f3511dd46648fb34962c9d774cc901fa65acd7f0caaf130f143e4f04dbb0915f,PRIMARY_DIRECT_MEASUREMENT
9,3,2,caffeine,371.15,1e-06,1.4,0.0052587,0.00910645,0.0064771,0.011735800000000001,7.46027,0.007460270000000001,3.9231321849000004e-05,9.9433828906e-05,FRACTION_MASS_MIDPOINT,CONTIGUOUS_WITHIN_PRINTED_PRECISION,puckworks/data/schmieder2023/raw_fractions.csv,177,f3511dd46648fb34962c9d774cc901fa65acd7f0caaf130f143e4f04dbb0915f,PRIMARY_DIRECT_MEASUREMENT
9,3,2,trigonelline,371.15,1e-06,1.4,0.0052587,0.00910645,0.0064771,0.011735800000000001,4.25037,0.004250370000000001,2.2351420719e-05,6.0659516188e-05,FRACTION_MASS_MIDPOINT,CONTIGUOUS_WITHIN_PRINTED_PRECISION,puckworks/data/schmieder2023/raw_fractions.csv,177,f3511dd46648fb34962c9d774cc901fa65acd7f0caaf130f143e4f04dbb0915f,PRIMARY_DIRECT_MEASUREMENT
9,3,3,caffeine,371.15,1e-06,1.4,0.0059838,0.014727700000000002,0.011735800000000001,0.0177196,5.91022,0.00591022,3.536557443599999e-05,0.000134799403342,FRACTION_MASS_MIDPOINT,CONTIGUOUS_WITHIN_PRINTED_PRECISION,puckworks/data/schmieder2023/raw_fractions.csv,178,f3511dd46648fb34962c9d774cc901fa65acd7f0caaf130f143e4f04dbb0915f,PRIMARY_DIRECT_MEASUREMENT
9,3,3,trigonelline,371.15,1e-06,1.4,0.0059838,0.014727700000000002,0.011735800000000001,0.0177196,3.06009,0.00306009,1.8310966542e-05,7.897048273e-05,FRACTION_MASS_MIDPOINT,CONTIGUOUS_WITHIN_PRINTED_PRECISION,puckworks/data/schmieder2023/raw_fractions.csv,178,f3511dd46648fb34962c9d774cc901fa65acd7f0caaf130f143e4f04dbb0915f,PRIMARY_DIRECT_MEASUREMENT
9,3,5,caffeine,371.15,1e-06,1.4,0.005311300000000001,0.02567645,0.023020799999999998,0.028332100000000002,3.0149,0.0030149,1.6013038369999998e-05,0.000150812441712,FRACTION_MASS_MIDPOINT,SOURCE_UNMEASURED_FRACTION_GAP,puckworks/data/schmieder2023/raw_fractions.csv,179,f3511dd46648fb34962c9d774cc901fa65acd7f0caaf130f143e4f04dbb0915f,PRIMARY_DIRECT_MEASUREMENT
9,3,5,trigonelline,371.15,1e-06,1.4,0.005311300000000001,0.02567645,0.023020799999999998,0.028332100000000002,1.14326,0.00114326,6.072196838e-06,8.504267956800001e-05,FRACTION_MASS_MIDPOINT,SOURCE_UNMEASURED_FRACTION_GAP,puckworks/data/schmieder2023/raw_fractions.csv,179,f3511dd46648fb34962c9d774cc901fa65acd7f0caaf130f143e4f04dbb0915f,PRIMARY_DIRECT_MEASUREMENT
9,3,7,caffeine,371.15,1e-06,1.4,0.0054412,0.036167000000000005,0.03344640000000001,0.0388876,1.74302,0.00174302,9.484120424e-06,0.00016029656213599998,FRACTION_MASS_MIDPOINT,SOURCE_UNMEASURED_FRACTION_GAP,puckworks/data/schmieder2023/raw_fractions.csv,180,f3511dd46648fb34962c9d774cc901fa65acd7f0caaf130f143e4f04dbb0915f,PRIMARY_DIRECT_MEASUREMENT
9,3,7,trigonelline,371.15,1e-06,1.4,0.0054412,0.036167000000000005,0.03344640000000001,0.0388876,0.53992,0.0005399199999999999,2.9378127039999996e-06,8.7980492272e-05,FRACTION_MASS_MIDPOINT,SOURCE_UNMEASURED_FRACTION_GAP,puckworks/data/schmieder2023/raw_fractions.csv,180,f3511dd46648fb34962c9d774cc901fa65acd7f0caaf130f143e4f04dbb0915f,PRIMARY_DIRECT_MEASUREMENT
9,3,10,caffeine,371.15,1e-06,1.4,0.005283100000000001,0.05178685,0.0491453,0.0544284,1.04631,0.0010463100000000002,5.527760361e-06,0.000165824322497,FRACTION_MASS_MIDPOINT,SOURCE_UNMEASURED_FRACTION_GAP,puckworks/data/schmieder2023/raw_fractions.csv,181,f3511dd46648fb34962c9d774cc901fa65acd7f0caaf130f143e4f04dbb0915f,PRIMARY_DIRECT_MEASUREMENT
9,3,10,trigonelline,371.15,1e-06,1.4,0.005283100000000001,0.05178685,0.0491453,0.0544284,0.2722,0.0002722,1.43805982e-06,8.9418552092e-05,FRACTION_MASS_MIDPOINT,SOURCE_UNMEASURED_FRACTION_GAP,puckworks/data/schmieder2023/raw_fractions.csv,181,f3511dd46648fb34962c9d774cc901fa65acd7f0caaf130f143e4f04dbb0915f,PRIMARY_DIRECT_MEASUREMENT
10,1,1,caffeine,353.15,1e-06,2.0,0.006772800000000001,0.0033864000000000003,0.0,0.006772800000000001,8.6295,0.0086295,5.84458776e-05,5.84458776e-05,FRACTION_MASS_MIDPOINT,FIRST_MEASURED_FRACTION,puckworks/data/schmieder2023/raw_fractions.csv,182,f3511dd46648fb34962c9d774cc901fa65acd7f0caaf130f143e4f04dbb0915f,PRIMARY_DIRECT_MEASUREMENT
10,1,1,trigonelline,353.15,1e-06,2.0,0.006772800000000001,0.0033864000000000003,0.0,0.006772800000000001,5.79473,0.0057947300000000005,3.9246547344e-05,3.9246547344e-05,FRACTION_MASS_MIDPOINT,FIRST_MEASURED_FRACTION,puckworks/data/schmieder2023/raw_fractions.csv,182,f3511dd46648fb34962c9d774cc901fa65acd7f0caaf130f143e4f04dbb0915f,PRIMARY_DIRECT_MEASUREMENT
10,1,2,caffeine,353.15,1e-06,2.0,,,,,6.56637,0.00656637,,,FRACTION_MASS_MIDPOINT,UNVERIFIABLE_SOURCE_MISSING_MASS_COORDINATE,puckworks/data/schmieder2023/raw_fractions.csv,183,f3511dd46648fb34962c9d774cc901fa65acd7f0caaf130f143e4f04dbb0915f,PRIMARY_DIRECT_MEASUREMENT
10,1,2,trigonelline,353.15,1e-06,2.0,,,,,4.06834,0.00406834,,,FRACTION_MASS_MIDPOINT,UNVERIFIABLE_SOURCE_MISSING_MASS_COORDINATE,puckworks/data/schmieder2023/raw_fractions.csv,183,f3511dd46648fb34962c9d774cc901fa65acd7f0caaf130f143e4f04dbb0915f,PRIMARY_DIRECT_MEASUREMENT
10,1,3,caffeine,353.15,1e-06,2.0,0.0062863,0.01311895,0.0099758,0.0162621,4.49152,0.004491520000000001,2.8235042176e-05,8.6680919776e-05,FRACTION_MASS_MIDPOINT,UNVERIFIABLE_SOURCE_MISSING_MASS_COORDINATE,puckworks/data/schmieder2023/raw_fractions.csv,184,f3511dd46648fb34962c9d774cc901fa65acd7f0caaf130f143e4f04dbb0915f,PRIMARY_DIRECT_MEASUREMENT
10,1,3,trigonelline,353.15,1e-06,2.0,0.0062863,0.01311895,0.0099758,0.0162621,2.42319,0.00242319,1.5232899296999999e-05,5.4479446641e-05,FRACTION_MASS_MIDPOINT,UNVERIFIABLE_SOURCE_MISSING_MASS_COORDINATE,puckworks/data/schmieder2023/raw_fractions.csv,184,f3511dd46648fb34962c9d774cc901fa65acd7f0caaf130f143e4f04dbb0915f,PRIMARY_DIRECT_MEASUREMENT
10,1,5,caffeine,353.15,1e-06,2.0,0.0057222,0.0250186,0.0221575,0.0278797,2.37157,0.0023715700000000004,1.3570597854e-05,0.00010025151762999999,FRACTION_MASS_MIDPOINT,SOURCE_UNMEASURED_FRACTION_GAP,puckworks/data/schmieder2023/raw_fractions.csv,185,f3511dd46648fb34962c9d774cc901fa65acd7f0caaf130f143e4f04dbb0915f,PRIMARY_DIRECT_MEASUREMENT
10,1,5,trigonelline,353.15,1e-06,2.0,0.0057222,0.0250186,0.0221575,0.0278797,0.97924,0.00097924,5.603407127999999e-06,6.0082853769e-05,FRACTION_MASS_MIDPOINT,SOURCE_UNMEASURED_FRACTION_GAP,puckworks/data/schmieder2023/raw_fractions.csv,185,f3511dd46648fb34962c9d774cc901fa65acd7f0caaf130f143e4f04dbb0915f,PRIMARY_DIRECT_MEASUREMENT
10,1,7,caffeine,353.15,1e-06,2.0,0.0059185999999999996,0.0360662,0.0331069,0.039025500000000005,1.54162,0.00154162,9.124232131999999e-06,0.00010937574976199999,FRACTION_MASS_MIDPOINT,SOURCE_UNMEASURED_FRACTION_GAP,puckworks/data/schmieder2023/raw_fractions.csv,186,f3511dd46648fb34962c9d774cc901fa65acd7f0caaf130f143e4f04dbb0915f,PRIMARY_DIRECT_MEASUREMENT
10,1,7,trigonelline,353.15,1e-06,2.0,0.0059185999999999996,0.0360662,0.0331069,0.039025500000000005,0.54813,0.00054813,3.2441622179999997e-06,6.3327015987e-05,FRACTION_MASS_MIDPOINT,SOURCE_UNMEASURED_FRACTION_GAP,puckworks/data/schmieder2023/raw_fractions.csv,186,f3511dd46648fb34962c9d774cc901fa65acd7f0caaf130f143e4f04dbb0915f,PRIMARY_DIRECT_MEASUREMENT
10,1,10,caffeine,353.15,1e-06,2.0,0.0057416,0.052360500000000004,0.0494897,0.055231300000000004,0.99565,0.00099565,5.7166240399999996e-06,0.00011509237380199999,FRACTION_MASS_MIDPOINT,SOURCE_UNMEASURED_FRACTION_GAP,puckworks/data/schmieder2023/raw_fractions.csv,187,f3511dd46648fb34962c9d774cc901fa65acd7f0caaf130f143e4f04dbb0915f,PRIMARY_DIRECT_MEASUREMENT
10,1,10,trigonelline,353.15,1e-06,2.0,0.0057416,0.052360500000000004,0.0494897,0.055231300000000004,0.27283,0.00027283,1.5664807280000001e-06,6.4893496715e-05,FRACTION_MASS_MIDPOINT,SOURCE_UNMEASURED_FRACTION_GAP,puckworks/data/schmieder2023/raw_fractions.csv,187,f3511dd46648fb34962c9d774cc901fa65acd7f0caaf130f143e4f04dbb0915f,PRIMARY_DIRECT_MEASUREMENT
10,2,1,caffeine,353.15,1e-06,2.0,0.0070911,0.00354555,0.0,0.0070911,8.29944,0.00829944,5.8852158984e-05,5.8852158984e-05,FRACTION_MASS_MIDPOINT,FIRST_MEASURED_FRACTION,puckworks/data/schmieder2023/raw_fractions.csv,188,f3511dd46648fb34962c9d774cc901fa65acd7f0caaf130f143e4f04dbb0915f,PRIMARY_DIRECT_MEASUREMENT
10,2,1,trigonelline,353.15,1e-06,2.0,0.0070911,0.00354555,0.0,0.0070911,5.61866,0.00561866,3.9842479926e-05,3.9842479926e-05,FRACTION_MASS_MIDPOINT,FIRST_MEASURED_FRACTION,puckworks/data/schmieder2023/raw_fractions.csv,188,f3511dd46648fb34962c9d774cc901fa65acd7f0caaf130f143e4f04dbb0915f,PRIMARY_DIRECT_MEASUREMENT
10,2,2,caffeine,353.15,1e-06,2.0,0.0065794,0.0103808,0.007091100000000001,0.0136705,6.26658,0.006266580000000001,4.1230336452e-05,0.000100082495436,FRACTION_MASS_MIDPOINT,CONTIGUOUS_WITHIN_PRINTED_PRECISION,puckworks/data/schmieder2023/raw_fractions.csv,189,f3511dd46648fb34962c9d774cc901fa65acd7f0caaf130f143e4f04dbb0915f,PRIMARY_DIRECT_MEASUREMENT
10,2,2,trigonelline,353.15,1e-06,2.0,0.0065794,0.0103808,0.007091100000000001,0.0136705,3.80703,0.0038070300000000003,2.5047973182e-05,6.4890453108e-05,FRACTION_MASS_MIDPOINT,CONTIGUOUS_WITHIN_PRINTED_PRECISION,puckworks/data/schmieder2023/raw_fractions.csv,189,f3511dd46648fb34962c9d774cc901fa65acd7f0caaf130f143e4f04dbb0915f,PRIMARY_DIRECT_MEASUREMENT
10,2,3,caffeine,353.15,1e-06,2.0,0.0057472,0.0165441,0.0136705,0.0194177,4.34006,0.004340060000000001,2.4943192832e-05,0.000125025688268,FRACTION_MASS_MIDPOINT,CONTIGUOUS_WITHIN_PRINTED_PRECISION,puckworks/data/schmieder2023/raw_fractions.csv,190,f3511dd46648fb34962c9d774cc901fa65acd7f0caaf130f143e4f04dbb0915f,PRIMARY_DIRECT_MEASUREMENT
10,2,3,trigonelline,353.15,1e-06,2.0,0.0057472,0.0165441,0.0136705,0.0194177,2.33496,0.00233496,1.3419482112e-05,7.830993521999999e-05,FRACTION_MASS_MIDPOINT,CONTIGUOUS_WITHIN_PRINTED_PRECISION,puckworks/data/schmieder2023/raw_fractions.csv,190,f3511dd46648fb34962c9d774cc901fa65acd7f0caaf130f143e4f04dbb0915f,PRIMARY_DIRECT_MEASUREMENT
10,2,5,caffeine,353.15,1e-06,2.0,0.0055789,0.02831325,0.025523800000000003,0.0311027,2.24239,0.00224239,1.2510069570999998e-05,0.000137535757839,FRACTION_MASS_MIDPOINT,SOURCE_UNMEASURED_FRACTION_GAP,puckworks/data/schmieder2023/raw_fractions.csv,191,f3511dd46648fb34962c9d774cc901fa65acd7f0caaf130f143e4f04dbb0915f,PRIMARY_DIRECT_MEASUREMENT
10,2,5,trigonelline,353.15,1e-06,2.0,0.0055789,0.02831325,0.025523800000000003,0.0311027,0.9051,0.0009051,5.04946239e-06,8.335939760999999e-05,FRACTION_MASS_MIDPOINT,SOURCE_UNMEASURED_FRACTION_GAP,puckworks/data/schmieder2023/raw_fractions.csv,191,f3511dd46648fb34962c9d774cc901fa65acd7f0caaf130f143e4f04dbb0915f,PRIMARY_DIRECT_MEASUREMENT
10,2,7,caffeine,353.15,1e-06,2.0,0.005354,0.038652099999999995,0.035975099999999996,0.0413291,1.49206,0.00149206,7.988489239999999e-06,0.000145524247079,FRACTION_MASS_MIDPOINT,SOURCE_UNMEASURED_FRACTION_GAP,puckworks/data/schmieder2023/raw_fractions.csv,192,f3511dd46648fb34962c9d774cc901fa65acd7f0caaf130f143e4f04dbb0915f,PRIMARY_DIRECT_MEASUREMENT
10,2,7,trigonelline,353.15,1e-06,2.0,0.005354,0.038652099999999995,0.035975099999999996,0.0413291,0.5229,0.0005229000000000001,2.7996066e-06,8.615900421e-05,FRACTION_MASS_MIDPOINT,SOURCE_UNMEASURED_FRACTION_GAP,puckworks/data/schmieder2023/raw_fractions.csv,192,f3511dd46648fb34962c9d774cc901fa65acd7f0caaf130f143e4f04dbb0915f,PRIMARY_DIRECT_MEASUREMENT
10,2,10,caffeine,353.15,1e-06,2.0,0.0055314,0.0564119,0.0536462,0.059177600000000004,1.01574,0.00101574,5.618464236e-06,0.000151142711315,FRACTION_MASS_MIDPOINT,SOURCE_UNMEASURED_FRACTION_GAP,puckworks/data/schmieder2023/raw_fractions.csv,193,f3511dd46648fb34962c9d774cc901fa65acd7f0caaf130f143e4f04dbb0915f,PRIMARY_DIRECT_MEASUREMENT
10,2,10,trigonelline,353.15,1e-06,2.0,0.0055314,0.0564119,0.0536462,0.059177600000000004,0.30809,0.00030808999999999996,1.7041690259999996e-06,8.786317323599999e-05,FRACTION_MASS_MIDPOINT,SOURCE_UNMEASURED_FRACTION_GAP,puckworks/data/schmieder2023/raw_fractions.csv,193,f3511dd46648fb34962c9d774cc901fa65acd7f0caaf130f143e4f04dbb0915f,PRIMARY_DIRECT_MEASUREMENT
10,3,1,caffeine,353.15,1e-06,2.0,0.0066528,0.0033264,0.0,0.0066528,8.61724,0.008617240000000002,5.7328774272e-05,5.7328774272e-05,FRACTION_MASS_MIDPOINT,FIRST_MEASURED_FRACTION,puckworks/data/schmieder2023/raw_fractions.csv,194,f3511dd46648fb34962c9d774cc901fa65acd7f0caaf130f143e4f04dbb0915f,PRIMARY_DIRECT_MEASUREMENT
10,3,1,trigonelline,353.15,1e-06,2.0,0.0066528,0.0033264,0.0,0.0066528,5.73972,0.00573972,3.8185209216e-05,3.8185209216e-05,FRACTION_MASS_MIDPOINT,FIRST_MEASURED_FRACTION,puckworks/data/schmieder2023/raw_fractions.csv,194,f3511dd46648fb34962c9d774cc901fa65acd7f0caaf130f143e4f04dbb0915f,PRIMARY_DIRECT_MEASUREMENT
10,3,2,caffeine,353.15,1e-06,2.0,0.0066182,0.009961900000000001,0.0066528,0.013271000000000002,6.58767,0.00658767,4.3598517594e-05,0.000100927291866,FRACTION_MASS_MIDPOINT,CONTIGUOUS_WITHIN_PRINTED_PRECISION,puckworks/data/schmieder2023/raw_fractions.csv,195,f3511dd46648fb34962c9d774cc901fa65acd7f0caaf130f143e4f04dbb0915f,PRIMARY_DIRECT_MEASUREMENT
10,3,2,trigonelline,353.15,1e-06,2.0,0.0066182,0.009961900000000001,0.0066528,0.013271000000000002,3.92449,0.00392449,2.5973059718e-05,6.415826893399999e-05,FRACTION_MASS_MIDPOINT,CONTIGUOUS_WITHIN_PRINTED_PRECISION,puckworks/data/schmieder2023/raw_fractions.csv,195,f3511dd46648fb34962c9d774cc901fa65acd7f0caaf130f143e4f04dbb0915f,PRIMARY_DIRECT_MEASUREMENT
10,3,3,caffeine,353.15,1e-06,2.0,0.0058906,0.0162163,0.013271000000000002,0.0191616,4.65187,0.00465187,2.7402305421999997e-05,0.000128329597288,FRACTION_MASS_MIDPOINT,CONTIGUOUS_WITHIN_PRINTED_PRECISION,puckworks/data/schmieder2023/raw_fractions.csv,196,f3511dd46648fb34962c9d774cc901fa65acd7f0caaf130f143e4f04dbb0915f,PRIMARY_DIRECT_MEASUREMENT
10,3,3,trigonelline,353.15,1e-06,2.0,0.0058906,0.0162163,0.013271000000000002,0.0191616,2.42521,0.00242521,1.4285942025999998e-05,7.844421096e-05,FRACTION_MASS_MIDPOINT,CONTIGUOUS_WITHIN_PRINTED_PRECISION,puckworks/data/schmieder2023/raw_fractions.csv,196,f3511dd46648fb34962c9d774cc901fa65acd7f0caaf130f143e4f04dbb0915f,PRIMARY_DIRECT_MEASUREMENT
10,3,5,caffeine,353.15,1e-06,2.0,0.0055651,0.02760765,0.0248251,0.0303902,2.48876,0.00248876,1.3850198276e-05,0.00014217979556400002,FRACTION_MASS_MIDPOINT,SOURCE_UNMEASURED_FRACTION_GAP,puckworks/data/schmieder2023/raw_fractions.csv,197,f3511dd46648fb34962c9d774cc901fa65acd7f0caaf130f143e4f04dbb0915f,PRIMARY_DIRECT_MEASUREMENT
10,3,5,trigonelline,353.15,1e-06,2.0,0.0055651,0.02760765,0.0248251,0.0303902,0.96979,0.0009697900000000001,5.396978329e-06,8.3841189289e-05,FRACTION_MASS_MIDPOINT,SOURCE_UNMEASURED_FRACTION_GAP,puckworks/data/schmieder2023/raw_fractions.csv,197,f3511dd46648fb34962c9d774cc901fa65acd7f0caaf130f143e4f04dbb0915f,PRIMARY_DIRECT_MEASUREMENT
10,3,7,caffeine,353.15,1e-06,2.0,0.0053284000000000005,0.0386095,0.0359453,0.041273699999999997,1.56958,0.00156958,8.363350072000001e-06,0.00015054314563600003,FRACTION_MASS_MIDPOINT,SOURCE_UNMEASURED_FRACTION_GAP,puckworks/data/schmieder2023/raw_fractions.csv,198,f3511dd46648fb34962c9d774cc901fa65acd7f0caaf130f143e4f04dbb0915f,PRIMARY_DIRECT_MEASUREMENT
10,3,7,trigonelline,353.15,1e-06,2.0,0.0053284000000000005,0.0386095,0.0359453,0.041273699999999997,0.51772,0.0005177199999999999,2.758619248e-06,8.6599808537e-05,FRACTION_MASS_MIDPOINT,SOURCE_UNMEASURED_FRACTION_GAP,puckworks/data/schmieder2023/raw_fractions.csv,198,f3511dd46648fb34962c9d774cc901fa65acd7f0caaf130f143e4f04dbb0915f,PRIMARY_DIRECT_MEASUREMENT
10,3,10,caffeine,353.15,1e-06,2.0,0.0058791,0.05540515,0.0524656,0.0583447,1.0023,0.0010023,5.89262193e-06,0.00015643576756600003,FRACTION_MASS_MIDPOINT,SOURCE_UNMEASURED_FRACTION_GAP,puckworks/data/schmieder2023/raw_fractions.csv,199,f3511dd46648fb34962c9d774cc901fa65acd7f0caaf130f143e4f04dbb0915f,PRIMARY_DIRECT_MEASUREMENT
10,3,10,trigonelline,353.15,1e-06,2.0,0.0058791,0.05540515,0.0524656,0.0583447,0.27395,0.00027395,1.6105794450000002e-06,8.8210387982e-05,FRACTION_MASS_MIDPOINT,SOURCE_UNMEASURED_FRACTION_GAP,puckworks/data/schmieder2023/raw_fractions.csv,199,f3511dd46648fb34962c9d774cc901fa65acd7f0caaf130f143e4f04dbb0915f,PRIMARY_DIRECT_MEASUREMENT
11,1,1,caffeine,371.15,1e-06,2.0,0.006011300000000001,0.0030056500000000003,0.0,0.006011300000000001,8.90571,0.008905709999999999,5.3534894523e-05,5.3534894523e-05,FRACTION_MASS_MIDPOINT,FIRST_MEASURED_FRACTION,puckworks/data/schmieder2023/raw_fractions.csv,200,f3511dd46648fb34962c9d774cc901fa65acd7f0caaf130f143e4f04dbb0915f,PRIMARY_DIRECT_MEASUREMENT
11,1,1,trigonelline,371.15,1e-06,2.0,0.006011300000000001,0.0030056500000000003,0.0,0.006011300000000001,6.08968,0.006089680000000001,3.6606893384e-05,3.6606893384e-05,FRACTION_MASS_MIDPOINT,FIRST_MEASURED_FRACTION,puckworks/data/schmieder2023/raw_fractions.csv,200,f3511dd46648fb34962c9d774cc901fa65acd7f0caaf130f143e4f04dbb0915f,PRIMARY_DIRECT_MEASUREMENT
11,1,2,caffeine,371.15,1e-06,2.0,0.006326900000000001,0.009174749999999999,0.0060113,0.0123382,7.09329,0.0070932899999999995,4.4878536501e-05,9.841343102399999e-05,FRACTION_MASS_MIDPOINT,CONTIGUOUS_WITHIN_PRINTED_PRECISION,puckworks/data/schmieder2023/raw_fractions.csv,201,f3511dd46648fb34962c9d774cc901fa65acd7f0caaf130f143e4f04dbb0915f,PRIMARY_DIRECT_MEASUREMENT
11,1,2,trigonelline,371.15,1e-06,2.0,0.006326900000000001,0.009174749999999999,0.0060113,0.0123382,4.41393,0.00441393,2.7926493717e-05,6.453338710099999e-05,FRACTION_MASS_MIDPOINT,CONTIGUOUS_WITHIN_PRINTED_PRECISION,puckworks/data/schmieder2023/raw_fractions.csv,201,f3511dd46648fb34962c9d774cc901fa65acd7f0caaf130f143e4f04dbb0915f,PRIMARY_DIRECT_MEASUREMENT
11,1,3,caffeine,371.15,1e-06,2.0,0.0057399,0.01520815,0.0123382,0.0180781,5.20984,0.00520984,2.9903960615999996e-05,0.00012831739163999997,FRACTION_MASS_MIDPOINT,CONTIGUOUS_WITHIN_PRINTED_PRECISION,puckworks/data/schmieder2023/raw_fractions.csv,202,f3511dd46648fb34962c9d774cc901fa65acd7f0caaf130f143e4f04dbb0915f,PRIMARY_DIRECT_MEASUREMENT
11,1,3,trigonelline,371.15,1e-06,2.0,0.0057399,0.01520815,0.0123382,0.0180781,2.86394,0.00286394,1.6438729205999997e-05,8.097211630699998e-05,FRACTION_MASS_MIDPOINT,CONTIGUOUS_WITHIN_PRINTED_PRECISION,puckworks/data/schmieder2023/raw_fractions.csv,202,f3511dd46648fb34962c9d774cc901fa65acd7f0caaf130f143e4f04dbb0915f,PRIMARY_DIRECT_MEASUREMENT
11,1,5,caffeine,371.15,1e-06,2.0,0.0053748,0.026098600000000003,0.0234112,0.028786000000000003,2.92901,0.00292901,1.5742842948e-05,0.00014406023458799996,FRACTION_MASS_MIDPOINT,SOURCE_UNMEASURED_FRACTION_GAP,puckworks/data/schmieder2023/raw_fractions.csv,203,f3511dd46648fb34962c9d774cc901fa65acd7f0caaf130f143e4f04dbb0915f,PRIMARY_DIRECT_MEASUREMENT
11,1,5,trigonelline,371.15,1e-06,2.0,0.0053748,0.026098600000000003,0.0234112,0.028786000000000003,1.1764,0.0011764,6.322914719999998e-06,8.729503102699998e-05,FRACTION_MASS_MIDPOINT,SOURCE_UNMEASURED_FRACTION_GAP,puckworks/data/schmieder2023/raw_fractions.csv,203,f3511dd46648fb34962c9d774cc901fa65acd7f0caaf130f143e4f04dbb0915f,PRIMARY_DIRECT_MEASUREMENT
11,1,7,caffeine,371.15,1e-06,2.0,0.005176999999999999,0.0369082,0.0343197,0.0394967,1.78758,0.00178758,9.254301659999998e-06,0.00015331453624799996,FRACTION_MASS_MIDPOINT,SOURCE_UNMEASURED_FRACTION_GAP,puckworks/data/schmieder2023/raw_fractions.csv,204,f3511dd46648fb34962c9d774cc901fa65acd7f0caaf130f143e4f04dbb0915f,PRIMARY_DIRECT_MEASUREMENT
11,1,7,trigonelline,371.15,1e-06,2.0,0.005176999999999999,0.0369082,0.0343197,0.0394967,0.59471,0.0005947099999999999,3.0788136699999995e-06,9.037384469699998e-05,FRACTION_MASS_MIDPOINT,SOURCE_UNMEASURED_FRACTION_GAP,puckworks/data/schmieder2023/raw_fractions.csv,204,f3511dd46648fb34962c9d774cc901fa65acd7f0caaf130f143e4f04dbb0915f,PRIMARY_DIRECT_MEASUREMENT
11,1,10,caffeine,371.15,1e-06,2.0,0.005369,0.052943500000000004,0.050259,0.055628000000000004,1.01054,0.00101054,5.42558926e-06,0.00015874012550799995,FRACTION_MASS_MIDPOINT,SOURCE_UNMEASURED_FRACTION_GAP,puckworks/data/schmieder2023/raw_fractions.csv,205,f3511dd46648fb34962c9d774cc901fa65acd7f0caaf130f143e4f04dbb0915f,PRIMARY_DIRECT_MEASUREMENT
11,1,10,trigonelline,371.15,1e-06,2.0,0.005369,0.052943500000000004,0.050259,0.055628000000000004,0.26676,0.00026676,1.43223444e-06,9.180607913699998e-05,FRACTION_MASS_MIDPOINT,SOURCE_UNMEASURED_FRACTION_GAP,puckworks/data/schmieder2023/raw_fractions.csv,205,f3511dd46648fb34962c9d774cc901fa65acd7f0caaf130f143e4f04dbb0915f,PRIMARY_DIRECT_MEASUREMENT
11,2,1,caffeine,371.15,1e-06,2.0,0.0055,0.00275,0.0,0.0055,8.98455,0.008984550000000001,4.9415024999999995e-05,4.9415024999999995e-05,FRACTION_MASS_MIDPOINT,FIRST_MEASURED_FRACTION,puckworks/data/schmieder2023/raw_fractions.csv,206,f3511dd46648fb34962c9d774cc901fa65acd7f0caaf130f143e4f04dbb0915f,PRIMARY_DIRECT_MEASUREMENT
11,2,1,trigonelline,371.15,1e-06,2.0,0.0055,0.00275,0.0,0.0055,6.16898,0.00616898,3.392939000000001e-05,3.392939000000001e-05,FRACTION_MASS_MIDPOINT,FIRST_MEASURED_FRACTION,puckworks/data/schmieder2023/raw_fractions.csv,206,f3511dd46648fb34962c9d774cc901fa65acd7f0caaf130f143e4f04dbb0915f,PRIMARY_DIRECT_MEASUREMENT
11,2,2,caffeine,371.15,1e-06,2.0,0.0053446,0.0081723,0.0055,0.0108446,7.30542,0.00730542,3.9044547731999995e-05,8.8459572732e-05,FRACTION_MASS_MIDPOINT,CONTIGUOUS_WITHIN_PRINTED_PRECISION,puckworks/data/schmieder2023/raw_fractions.csv,207,f3511dd46648fb34962c9d774cc901fa65acd7f0caaf130f143e4f04dbb0915f,PRIMARY_DIRECT_MEASUREMENT
11,2,2,trigonelline,371.15,1e-06,2.0,0.0053446,0.0081723,0.0055,0.0108446,4.57184,0.00457184,2.4434656063999998e-05,5.8364046064000005e-05,FRACTION_MASS_MIDPOINT,CONTIGUOUS_WITHIN_PRINTED_PRECISION,puckworks/data/schmieder2023/raw_fractions.csv,207,f3511dd46648fb34962c9d774cc901fa65acd7f0caaf130f143e4f04dbb0915f,PRIMARY_DIRECT_MEASUREMENT
11,2,3,caffeine,371.15,1e-06,2.0,0.0055528,0.013621000000000001,0.0108446,0.016397400000000003,5.56051,0.00556051,3.0876399928e-05,0.00011933597266,FRACTION_MASS_MIDPOINT,CONTIGUOUS_WITHIN_PRINTED_PRECISION,puckworks/data/schmieder2023/raw_fractions.csv,208,f3511dd46648fb34962c9d774cc901fa65acd7f0caaf130f143e4f04dbb0915f,PRIMARY_DIRECT_MEASUREMENT
11,2,3,trigonelline,371.15,1e-06,2.0,0.0055528,0.013621000000000001,0.0108446,0.016397400000000003,3.14148,0.0031414800000000003,1.7444010144e-05,7.580805620800001e-05,FRACTION_MASS_MIDPOINT,CONTIGUOUS_WITHIN_PRINTED_PRECISION,puckworks/data/schmieder2023/raw_fractions.csv,208,f3511dd46648fb34962c9d774cc901fa65acd7f0caaf130f143e4f04dbb0915f,PRIMARY_DIRECT_MEASUREMENT
11,2,5,caffeine,371.15,1e-06,2.0,0.0054845,0.02384955,0.021107300000000002,0.0265918,3.16437,0.00316437,1.7354987264999997e-05,0.000136690959925,FRACTION_MASS_MIDPOINT,SOURCE_UNMEASURED_FRACTION_GAP,puckworks/data/schmieder2023/raw_fractions.csv,209,f3511dd46648fb34962c9d774cc901fa65acd7f0caaf130f143e4f04dbb0915f,PRIMARY_DIRECT_MEASUREMENT
11,2,5,trigonelline,371.15,1e-06,2.0,0.0054845,0.02384955,0.021107300000000002,0.0265918,1.31058,0.0013105800000000002,7.187876009999999e-06,8.2995932218e-05,FRACTION_MASS_MIDPOINT,SOURCE_UNMEASURED_FRACTION_GAP,puckworks/data/schmieder2023/raw_fractions.csv,209,f3511dd46648fb34962c9d774cc901fa65acd7f0caaf130f143e4f04dbb0915f,PRIMARY_DIRECT_MEASUREMENT
11,2,7,caffeine,371.15,1e-06,2.0,0.0047137,0.03299855,0.0306417,0.0353554,2.01769,0.00201769,9.510785353000001e-06,0.000146201745278,FRACTION_MASS_MIDPOINT,SOURCE_UNMEASURED_FRACTION_GAP,puckworks/data/schmieder2023/raw_fractions.csv,210,f3511dd46648fb34962c9d774cc901fa65acd7f0caaf130f143e4f04dbb0915f,PRIMARY_DIRECT_MEASUREMENT
11,2,7,trigonelline,371.15,1e-06,2.0,0.0047137,0.03299855,0.0306417,0.0353554,0.71397,0.00071397,3.365440389e-06,8.6361372607e-05,FRACTION_MASS_MIDPOINT,SOURCE_UNMEASURED_FRACTION_GAP,puckworks/data/schmieder2023/raw_fractions.csv,210,f3511dd46648fb34962c9d774cc901fa65acd7f0caaf130f143e4f04dbb0915f,PRIMARY_DIRECT_MEASUREMENT
11,2,10,caffeine,371.15,1e-06,2.0,0.0055428,0.0480867,0.0453153,0.0508581,1.12257,0.00112257,6.222180996e-06,0.000152423926274,FRACTION_MASS_MIDPOINT,SOURCE_UNMEASURED_FRACTION_GAP,puckworks/data/schmieder2023/raw_fractions.csv,211,f3511dd46648fb34962c9d774cc901fa65acd7f0caaf130f143e4f04dbb0915f,PRIMARY_DIRECT_MEASUREMENT
11,2,10,trigonelline,371.15,1e-06,2.0,0.0055428,0.0480867,0.0453153,0.0508581,0.31653,0.00031653,1.7544624839999997e-06,8.8115835091e-05,FRACTION_MASS_MIDPOINT,SOURCE_UNMEASURED_FRACTION_GAP,puckworks/data/schmieder2023/raw_fractions.csv,211,f3511dd46648fb34962c9d774cc901fa65acd7f0caaf130f143e4f04dbb0915f,PRIMARY_DIRECT_MEASUREMENT
11,3,1,caffeine,371.15,1e-06,2.0,0.0066654999999999996,0.0033327499999999998,0.0,0.0066654999999999996,8.7708,0.0087708,5.846176739999999e-05,5.846176739999999e-05,FRACTION_MASS_MIDPOINT,FIRST_MEASURED_FRACTION,puckworks/data/schmieder2023/raw_fractions.csv,212,f3511dd46648fb34962c9d774cc901fa65acd7f0caaf130f143e4f04dbb0915f,PRIMARY_DIRECT_MEASUREMENT
11,3,1,trigonelline,371.15,1e-06,2.0,0.0066654999999999996,0.0033327499999999998,0.0,0.0066654999999999996,5.93112,0.00593112,3.953388036e-05,3.953388036e-05,FRACTION_MASS_MIDPOINT,FIRST_MEASURED_FRACTION,puckworks/data/schmieder2023/raw_fractions.csv,212,f3511dd46648fb34962c9d774cc901fa65acd7f0caaf130f143e4f04dbb0915f,PRIMARY_DIRECT_MEASUREMENT
11,3,2,caffeine,371.15,1e-06,2.0,0.0060648,0.0096979,0.0066655,0.0127303,6.95281,0.00695281,4.2167402088e-05,0.000100629169488,FRACTION_MASS_MIDPOINT,CONTIGUOUS_WITHIN_PRINTED_PRECISION,puckworks/data/schmieder2023/raw_fractions.csv,213,f3511dd46648fb34962c9d774cc901fa65acd7f0caaf130f143e4f04dbb0915f,PRIMARY_DIRECT_MEASUREMENT
11,3,2,trigonelline,371.15,1e-06,2.0,0.0060648,0.0096979,0.0066655,0.0127303,4.23491,0.004234910000000001,2.5683882168e-05,6.5217762528e-05,FRACTION_MASS_MIDPOINT,CONTIGUOUS_WITHIN_PRINTED_PRECISION,puckworks/data/schmieder2023/raw_fractions.csv,213,f3511dd46648fb34962c9d774cc901fa65acd7f0caaf130f143e4f04dbb0915f,PRIMARY_DIRECT_MEASUREMENT
11,3,3,caffeine,371.15,1e-06,2.0,0.0052078,0.0153342,0.0127303,0.0179381,5.11588,0.00511588,2.6642479863999997e-05,0.000127271649352,FRACTION_MASS_MIDPOINT,CONTIGUOUS_WITHIN_PRINTED_PRECISION,puckworks/data/schmieder2023/raw_fractions.csv,214,f3511dd46648fb34962c9d774cc901fa65acd7f0caaf130f143e4f04dbb0915f,PRIMARY_DIRECT_MEASUREMENT
11,3,3,trigonelline,371.15,1e-06,2.0,0.0052078,0.0153342,0.0127303,0.0179381,2.76135,0.00276135,1.438055853e-05,7.959832105799999e-05,FRACTION_MASS_MIDPOINT,CONTIGUOUS_WITHIN_PRINTED_PRECISION,puckworks/data/schmieder2023/raw_fractions.csv,214,f3511dd46648fb34962c9d774cc901fa65acd7f0caaf130f143e4f04dbb0915f,PRIMARY_DIRECT_MEASUREMENT
11,3,5,caffeine,371.15,1e-06,2.0,0.0058422000000000005,0.0262457,0.0233246,0.0291668,2.74552,0.00274552,1.6039876943999998e-05,0.000143311526296,FRACTION_MASS_MIDPOINT,SOURCE_UNMEASURED_FRACTION_GAP,puckworks/data/schmieder2023/raw_fractions.csv,215,f3511dd46648fb34962c9d774cc901fa65acd7f0caaf130f143e4f04dbb0915f,PRIMARY_DIRECT_MEASUREMENT
11,3,5,trigonelline,371.15,1e-06,2.0,0.0058422000000000005,0.0262457,0.0233246,0.0291668,1.08946,0.0010894600000000002,6.364843212e-06,8.596316426999999e-05,FRACTION_MASS_MIDPOINT,SOURCE_UNMEASURED_FRACTION_GAP,puckworks/data/schmieder2023/raw_fractions.csv,215,f3511dd46648fb34962c9d774cc901fa65acd7f0caaf130f143e4f04dbb0915f,PRIMARY_DIRECT_MEASUREMENT
11,3,7,caffeine,371.15,1e-06,2.0,0.005358900000000001,0.03745405,0.0347746,0.0401335,1.63822,0.0016382200000000001,8.779057158e-06,0.000152090583454,FRACTION_MASS_MIDPOINT,SOURCE_UNMEASURED_FRACTION_GAP,puckworks/data/schmieder2023/raw_fractions.csv,216,f3511dd46648fb34962c9d774cc901fa65acd7f0caaf130f143e4f04dbb0915f,PRIMARY_DIRECT_MEASUREMENT
11,3,7,trigonelline,371.15,1e-06,2.0,0.005358900000000001,0.03745405,0.0347746,0.0401335,0.55251,0.00055251,2.9608458389999996e-06,8.892401010899999e-05,FRACTION_MASS_MIDPOINT,SOURCE_UNMEASURED_FRACTION_GAP,puckworks/data/schmieder2023/raw_fractions.csv,216,f3511dd46648fb34962c9d774cc901fa65acd7f0caaf130f143e4f04dbb0915f,PRIMARY_DIRECT_MEASUREMENT
11,3,10,caffeine,371.15,1e-06,2.0,0.0054031,0.05329735,0.0505958,0.0559989,0.99256,0.00099256,5.362900936e-06,0.00015745348439,FRACTION_MASS_MIDPOINT,SOURCE_UNMEASURED_FRACTION_GAP,puckworks/data/schmieder2023/raw_fractions.csv,217,f3511dd46648fb34962c9d774cc901fa65acd7f0caaf130f143e4f04dbb0915f,PRIMARY_DIRECT_MEASUREMENT
11,3,10,trigonelline,371.15,1e-06,2.0,0.0054031,0.05329735,0.0505958,0.0559989,0.2832,0.0002832,1.53015792e-06,9.045416802899999e-05,FRACTION_MASS_MIDPOINT,SOURCE_UNMEASURED_FRACTION_GAP,puckworks/data/schmieder2023/raw_fractions.csv,217,f3511dd46648fb34962c9d774cc901fa65acd7f0caaf130f143e4f04dbb0915f,PRIMARY_DIRECT_MEASUREMENT
12,1,1,caffeine,353.15,3e-06,1.4,0.0058579999999999995,0.0029289999999999997,0.0,0.0058579999999999995,8.97944,0.00897944,5.260155952e-05,5.260155952e-05,FRACTION_MASS_MIDPOINT,FIRST_MEASURED_FRACTION,puckworks/data/schmieder2023/raw_fractions.csv,218,f3511dd46648fb34962c9d774cc901fa65acd7f0caaf130f143e4f04dbb0915f,PRIMARY_DIRECT_MEASUREMENT
12,1,1,trigonelline,353.15,3e-06,1.4,0.0058579999999999995,0.0029289999999999997,0.0,0.0058579999999999995,5.66703,0.00566703,3.3197461739999996e-05,3.3197461739999996e-05,FRACTION_MASS_MIDPOINT,FIRST_MEASURED_FRACTION,puckworks/data/schmieder2023/raw_fractions.csv,218,f3511dd46648fb34962c9d774cc901fa65acd7f0caaf130f143e4f04dbb0915f,PRIMARY_DIRECT_MEASUREMENT
12,1,2,caffeine,353.15,3e-06,1.4,0.0055591,0.008637549999999999,0.005857999999999999,0.0114171,6.23128,0.00623128,3.4640308648e-05,8.7241868168e-05,FRACTION_MASS_MIDPOINT,CONTIGUOUS_WITHIN_PRINTED_PRECISION,puckworks/data/schmieder2023/raw_fractions.csv,219,f3511dd46648fb34962c9d774cc901fa65acd7f0caaf130f143e4f04dbb0915f,PRIMARY_DIRECT_MEASUREMENT
12,1,2,trigonelline,353.15,3e-06,1.4,0.0055591,0.008637549999999999,0.005857999999999999,0.0114171,3.3826,0.0033826,1.880421166e-05,5.200167339999999e-05,FRACTION_MASS_MIDPOINT,CONTIGUOUS_WITHIN_PRINTED_PRECISION,puckworks/data/schmieder2023/raw_fractions.csv,219,f3511dd46648fb34962c9d774cc901fa65acd7f0caaf130f143e4f04dbb0915f,PRIMARY_DIRECT_MEASUREMENT
12,1,3,caffeine,353.15,3e-06,1.4,0.0057621,0.01429815,0.0114171,0.017179200000000002,4.54504,0.00454504,2.6188974984e-05,0.000113430843152,FRACTION_MASS_MIDPOINT,CONTIGUOUS_WITHIN_PRINTED_PRECISION,puckworks/data/schmieder2023/raw_fractions.csv,220,f3511dd46648fb34962c9d774cc901fa65acd7f0caaf130f143e4f04dbb0915f,PRIMARY_DIRECT_MEASUREMENT
12,1,3,trigonelline,353.15,3e-06,1.4,0.0057621,0.01429815,0.0114171,0.017179200000000002,2.21181,0.00221181,1.2744670400999998e-05,6.474634380099999e-05,FRACTION_MASS_MIDPOINT,CONTIGUOUS_WITHIN_PRINTED_PRECISION,puckworks/data/schmieder2023/raw_fractions.csv,220,f3511dd46648fb34962c9d774cc901fa65acd7f0caaf130f143e4f04dbb0915f,PRIMARY_DIRECT_MEASUREMENT
12,1,5,caffeine,353.15,3e-06,1.4,0.0056167,0.02581385,0.023005499999999998,0.0286222,2.97578,0.00297578,1.6714063525999998e-05,0.000130144906678,FRACTION_MASS_MIDPOINT,SOURCE_UNMEASURED_FRACTION_GAP,puckworks/data/schmieder2023/raw_fractions.csv,221,f3511dd46648fb34962c9d774cc901fa65acd7f0caaf130f143e4f04dbb0915f,PRIMARY_DIRECT_MEASUREMENT
12,1,5,trigonelline,353.15,3e-06,1.4,0.0056167,0.02581385,0.023005499999999998,0.0286222,1.33239,0.00133239,7.483634912999999e-06,7.2229978714e-05,FRACTION_MASS_MIDPOINT,SOURCE_UNMEASURED_FRACTION_GAP,puckworks/data/schmieder2023/raw_fractions.csv,221,f3511dd46648fb34962c9d774cc901fa65acd7f0caaf130f143e4f04dbb0915f,PRIMARY_DIRECT_MEASUREMENT
12,1,7,caffeine,353.15,3e-06,1.4,0.0061449,0.03799835,0.0349259,0.041070800000000005,2.28556,0.00228556,1.4044537643999997e-05,0.00014418944432199998,FRACTION_MASS_MIDPOINT,SOURCE_UNMEASURED_FRACTION_GAP,puckworks/data/schmieder2023/raw_fractions.csv,222,f3511dd46648fb34962c9d774cc901fa65acd7f0caaf130f143e4f04dbb0915f,PRIMARY_DIRECT_MEASUREMENT
12,1,7,trigonelline,353.15,3e-06,1.4,0.0061449,0.03799835,0.0349259,0.041070800000000005,0.99276,0.00099276,6.100410923999999e-06,7.8330389638e-05,FRACTION_MASS_MIDPOINT,SOURCE_UNMEASURED_FRACTION_GAP,puckworks/data/schmieder2023/raw_fractions.csv,222,f3511dd46648fb34962c9d774cc901fa65acd7f0caaf130f143e4f04dbb0915f,PRIMARY_DIRECT_MEASUREMENT
12,1,10,caffeine,353.15,3e-06,1.4,0.006368,0.0568204,0.0536364,0.0600044,1.29073,0.00129073,8.219368640000001e-06,0.00015240881296199997,FRACTION_MASS_MIDPOINT,SOURCE_UNMEASURED_FRACTION_GAP,puckworks/data/schmieder2023/raw_fractions.csv,223,f3511dd46648fb34962c9d774cc901fa65acd7f0caaf130f143e4f04dbb0915f,PRIMARY_DIRECT_MEASUREMENT
12,1,10,trigonelline,353.15,3e-06,1.4,0.006368,0.0568204,0.0536364,0.0600044,0.38597,0.00038596999999999997,2.45785696e-06,8.0788246598e-05,FRACTION_MASS_MIDPOINT,SOURCE_UNMEASURED_FRACTION_GAP,puckworks/data/schmieder2023/raw_fractions.csv,223,f3511dd46648fb34962c9d774cc901fa65acd7f0caaf130f143e4f04dbb0915f,PRIMARY_DIRECT_MEASUREMENT
12,2,1,caffeine,353.15,3e-06,1.4,0.0070479,0.00352395,0.0,0.0070479,7.90849,0.007908489999999999,5.5738246671e-05,5.5738246671e-05,FRACTION_MASS_MIDPOINT,FIRST_MEASURED_FRACTION,puckworks/data/schmieder2023/raw_fractions.csv,224,f3511dd46648fb34962c9d774cc901fa65acd7f0caaf130f143e4f04dbb0915f,PRIMARY_DIRECT_MEASUREMENT
12,2,1,trigonelline,353.15,3e-06,1.4,0.0070479,0.00352395,0.0,0.0070479,5.03051,0.005030509999999999,3.5454531429e-05,3.5454531429e-05,FRACTION_MASS_MIDPOINT,FIRST_MEASURED_FRACTION,puckworks/data/schmieder2023/raw_fractions.csv,224,f3511dd46648fb34962c9d774cc901fa65acd7f0caaf130f143e4f04dbb0915f,PRIMARY_DIRECT_MEASUREMENT
12,2,2,caffeine,353.15,3e-06,1.4,0.006046999999999999,0.010071400000000001,0.0070479,0.013094900000000001,4.95484,0.00495484,2.9961917479999997e-05,8.5700164151e-05,FRACTION_MASS_MIDPOINT,CONTIGUOUS_WITHIN_PRINTED_PRECISION,puckworks/data/schmieder2023/raw_fractions.csv,225,f3511dd46648fb34962c9d774cc901fa65acd7f0caaf130f143e4f04dbb0915f,PRIMARY_DIRECT_MEASUREMENT
12,2,2,trigonelline,353.15,3e-06,1.4,0.006046999999999999,0.010071400000000001,0.0070479,0.013094900000000001,2.62189,0.00262189,1.585456883e-05,5.1309100259e-05,FRACTION_MASS_MIDPOINT,CONTIGUOUS_WITHIN_PRINTED_PRECISION,puckworks/data/schmieder2023/raw_fractions.csv,225,f3511dd46648fb34962c9d774cc901fa65acd7f0caaf130f143e4f04dbb0915f,PRIMARY_DIRECT_MEASUREMENT
12,2,3,caffeine,353.15,3e-06,1.4,0.006615,0.0164024,0.0130949,0.019709900000000002,3.74669,0.00374669,2.478435435e-05,0.000110484518501,FRACTION_MASS_MIDPOINT,CONTIGUOUS_WITHIN_PRINTED_PRECISION,puckworks/data/schmieder2023/raw_fractions.csv,226,f3511dd46648fb34962c9d774cc901fa65acd7f0caaf130f143e4f04dbb0915f,PRIMARY_DIRECT_MEASUREMENT
12,2,3,trigonelline,353.15,3e-06,1.4,0.006615,0.0164024,0.0130949,0.019709900000000002,1.90226,0.00190226,1.25834499e-05,6.3892550159e-05,FRACTION_MASS_MIDPOINT,CONTIGUOUS_WITHIN_PRINTED_PRECISION,puckworks/data/schmieder2023/raw_fractions.csv,226,f3511dd46648fb34962c9d774cc901fa65acd7f0caaf130f143e4f04dbb0915f,PRIMARY_DIRECT_MEASUREMENT
12,2,5,caffeine,353.15,3e-06,1.4,0.006614200000000001,0.030258700000000003,0.0269516,0.03356580000000001,2.53413,0.0025341300000000003,1.6761242646000004e-05,0.000127245761147,FRACTION_MASS_MIDPOINT,SOURCE_UNMEASURED_FRACTION_GAP,puckworks/data/schmieder2023/raw_fractions.csv,227,f3511dd46648fb34962c9d774cc901fa65acd7f0caaf130f143e4f04dbb0915f,PRIMARY_DIRECT_MEASUREMENT
12,2,5,trigonelline,353.15,3e-06,1.4,0.006614200000000001,0.030258700000000003,0.0269516,0.03356580000000001,1.18591,0.00118591,7.843845922e-06,7.1736396081e-05,FRACTION_MASS_MIDPOINT,SOURCE_UNMEASURED_FRACTION_GAP,puckworks/data/schmieder2023/raw_fractions.csv,227,f3511dd46648fb34962c9d774cc901fa65acd7f0caaf130f143e4f04dbb0915f,PRIMARY_DIRECT_MEASUREMENT
12,2,7,caffeine,353.15,3e-06,1.4,0.00622,0.0429482,0.039838200000000004,0.0460582,2.0683,0.0020683,1.2864825999999999e-05,0.000140110587147,FRACTION_MASS_MIDPOINT,SOURCE_UNMEASURED_FRACTION_GAP,puckworks/data/schmieder2023/raw_fractions.csv,228,f3511dd46648fb34962c9d774cc901fa65acd7f0caaf130f143e4f04dbb0915f,PRIMARY_DIRECT_MEASUREMENT
12,2,7,trigonelline,353.15,3e-06,1.4,0.00622,0.0429482,0.039838200000000004,0.0460582,0.925,0.000925,5.753499999999999e-06,7.7489896081e-05,FRACTION_MASS_MIDPOINT,SOURCE_UNMEASURED_FRACTION_GAP,puckworks/data/schmieder2023/raw_fractions.csv,228,f3511dd46648fb34962c9d774cc901fa65acd7f0caaf130f143e4f04dbb0915f,PRIMARY_DIRECT_MEASUREMENT
12,2,10,caffeine,353.15,3e-06,1.4,0.0068330000000000005,0.0626868,0.0592703,0.0661033,1.11779,0.00111779,7.63785907e-06,0.000147748446217,FRACTION_MASS_MIDPOINT,SOURCE_UNMEASURED_FRACTION_GAP,puckworks/data/schmieder2023/raw_fractions.csv,229,f3511dd46648fb34962c9d774cc901fa65acd7f0caaf130f143e4f04dbb0915f,PRIMARY_DIRECT_MEASUREMENT
12,2,10,trigonelline,353.15,3e-06,1.4,0.0068330000000000005,0.0626868,0.0592703,0.0661033,0.38193,0.00038193,2.60972769e-06,8.0099623771e-05,FRACTION_MASS_MIDPOINT,SOURCE_UNMEASURED_FRACTION_GAP,puckworks/data/schmieder2023/raw_fractions.csv,229,f3511dd46648fb34962c9d774cc901fa65acd7f0caaf130f143e4f04dbb0915f,PRIMARY_DIRECT_MEASUREMENT
12,3,1,caffeine,353.15,3e-06,1.4,0.0095175,0.00475875,0.0,0.0095175,7.61632,0.00761632,7.248832559999999e-05,7.248832559999999e-05,FRACTION_MASS_MIDPOINT,FIRST_MEASURED_FRACTION,puckworks/data/schmieder2023/raw_fractions.csv,230,f3511dd46648fb34962c9d774cc901fa65acd7f0caaf130f143e4f04dbb0915f,PRIMARY_DIRECT_MEASUREMENT
12,3,1,trigonelline,353.15,3e-06,1.4,0.0095175,0.00475875,0.0,0.0095175,4.63117,0.00463117,4.4077160475e-05,4.4077160475e-05,FRACTION_MASS_MIDPOINT,FIRST_MEASURED_FRACTION,puckworks/data/schmieder2023/raw_fractions.csv,230,f3511dd46648fb34962c9d774cc901fa65acd7f0caaf130f143e4f04dbb0915f,PRIMARY_DIRECT_MEASUREMENT
12,3,2,caffeine,353.15,3e-06,1.4,0.005731900000000001,0.01238345,0.0095175,0.0152494,4.64484,0.004644840000000001,2.6623758396e-05,9.9112083996e-05,FRACTION_MASS_MIDPOINT,CONTIGUOUS_WITHIN_PRINTED_PRECISION,puckworks/data/schmieder2023/raw_fractions.csv,231,f3511dd46648fb34962c9d774cc901fa65acd7f0caaf130f143e4f04dbb0915f,PRIMARY_DIRECT_MEASUREMENT
12,3,2,trigonelline,353.15,3e-06,1.4,0.005731900000000001,0.01238345,0.0095175,0.0152494,2.28833,0.0022883300000000003,1.3116478727000002e-05,5.7193639202e-05,FRACTION_MASS_MIDPOINT,CONTIGUOUS_WITHIN_PRINTED_PRECISION,puckworks/data/schmieder2023/raw_fractions.csv,231,f3511dd46648fb34962c9d774cc901fa65acd7f0caaf130f143e4f04dbb0915f,PRIMARY_DIRECT_MEASUREMENT
12,3,3,caffeine,353.15,3e-06,1.4,0.0060559,0.018277349999999998,0.015249399999999998,0.0213053,3.74873,0.00374873,2.2701934007000002e-05,0.000121814018003,FRACTION_MASS_MIDPOINT,CONTIGUOUS_WITHIN_PRINTED_PRECISION,puckworks/data/schmieder2023/raw_fractions.csv,232,f3511dd46648fb34962c9d774cc901fa65acd7f0caaf130f143e4f04dbb0915f,PRIMARY_DIRECT_MEASUREMENT
12,3,3,trigonelline,353.15,3e-06,1.4,0.0060559,0.018277349999999998,0.015249399999999998,0.0213053,1.75516,0.0017551600000000002,1.0629073444000001e-05,6.7822712646e-05,FRACTION_MASS_MIDPOINT,CONTIGUOUS_WITHIN_PRINTED_PRECISION,puckworks/data/schmieder2023/raw_fractions.csv,232,f3511dd46648fb34962c9d774cc901fa65acd7f0caaf130f143e4f04dbb0915f,PRIMARY_DIRECT_MEASUREMENT
12,3,5,caffeine,353.15,3e-06,1.4,0.006356,0.030126200000000002,0.026948200000000002,0.0333042,2.44378,0.00244378,1.5532665679999997e-05,0.000137346683683,FRACTION_MASS_MIDPOINT,SOURCE_UNMEASURED_FRACTION_GAP,puckworks/data/schmieder2023/raw_fractions.csv,233,f3511dd46648fb34962c9d774cc901fa65acd7f0caaf130f143e4f04dbb0915f,PRIMARY_DIRECT_MEASUREMENT
12,3,5,trigonelline,353.15,3e-06,1.4,0.006356,0.030126200000000002,0.026948200000000002,0.0333042,1.05928,0.0010592800000000001,6.732783679999999e-06,7.455549632599999e-05,FRACTION_MASS_MIDPOINT,SOURCE_UNMEASURED_FRACTION_GAP,puckworks/data/schmieder2023/raw_fractions.csv,233,f3511dd46648fb34962c9d774cc901fa65acd7f0caaf130f143e4f04dbb0915f,PRIMARY_DIRECT_MEASUREMENT
12,3,7,caffeine,353.15,3e-06,1.4,0.009447800000000001,0.0416834,0.0369595,0.0464073,1.93076,0.0019307600000000001,1.8241434328e-05,0.000155588118011,FRACTION_MASS_MIDPOINT,SOURCE_UNMEASURED_FRACTION_GAP,puckworks/data/schmieder2023/raw_fractions.csv,234,f3511dd46648fb34962c9d774cc901fa65acd7f0caaf130f143e4f04dbb0915f,PRIMARY_DIRECT_MEASUREMENT
12,3,7,trigonelline,353.15,3e-06,1.4,0.009447800000000001,0.0416834,0.0369595,0.0464073,0.85599,0.00085599,8.087222322e-06,8.264271864799998e-05,FRACTION_MASS_MIDPOINT,SOURCE_UNMEASURED_FRACTION_GAP,puckworks/data/schmieder2023/raw_fractions.csv,234,f3511dd46648fb34962c9d774cc901fa65acd7f0caaf130f143e4f04dbb0915f,PRIMARY_DIRECT_MEASUREMENT
12,3,10,caffeine,353.15,3e-06,1.4,0.0063796999999999994,0.06217785,0.058988,0.0653677,1.31369,0.00131369,8.380948093e-06,0.000163969066104,FRACTION_MASS_MIDPOINT,SOURCE_UNMEASURED_FRACTION_GAP,puckworks/data/schmieder2023/raw_fractions.csv,235,f3511dd46648fb34962c9d774cc901fa65acd7f0caaf130f143e4f04dbb0915f,PRIMARY_DIRECT_MEASUREMENT
12,3,10,trigonelline,353.15,3e-06,1.4,0.0063796999999999994,0.06217785,0.058988,0.0653677,0.44859,0.00044859,2.8618696229999993e-06,8.550458827099997e-05,FRACTION_MASS_MIDPOINT,SOURCE_UNMEASURED_FRACTION_GAP,puckworks/data/schmieder2023/raw_fractions.csv,235,f3511dd46648fb34962c9d774cc901fa65acd7f0caaf130f143e4f04dbb0915f,PRIMARY_DIRECT_MEASUREMENT
13,1,1,caffeine,371.15,3e-06,1.4,0.005642299999999999,0.0028211499999999997,0.0,0.005642299999999999,9.1772,0.0091772,5.178051555999999e-05,5.178051555999999e-05,FRACTION_MASS_MIDPOINT,FIRST_MEASURED_FRACTION,puckworks/data/schmieder2023/raw_fractions.csv,236,f3511dd46648fb34962c9d774cc901fa65acd7f0caaf130f143e4f04dbb0915f,PRIMARY_DIRECT_MEASUREMENT
13,1,1,trigonelline,371.15,3e-06,1.4,0.005642299999999999,0.0028211499999999997,0.0,0.005642299999999999,5.82339,0.00582339,3.2857313396999996e-05,3.2857313396999996e-05,FRACTION_MASS_MIDPOINT,FIRST_MEASURED_FRACTION,puckworks/data/schmieder2023/raw_fractions.csv,236,f3511dd46648fb34962c9d774cc901fa65acd7f0caaf130f143e4f04dbb0915f,PRIMARY_DIRECT_MEASUREMENT
13,1,2,caffeine,371.15,3e-06,1.4,0.0069892,0.009136900000000002,0.0056423,0.0126315,6.274,0.006274,4.38502408e-05,9.563075635999999e-05,FRACTION_MASS_MIDPOINT,CONTIGUOUS_WITHIN_PRINTED_PRECISION,puckworks/data/schmieder2023/raw_fractions.csv,237,f3511dd46648fb34962c9d774cc901fa65acd7f0caaf130f143e4f04dbb0915f,PRIMARY_DIRECT_MEASUREMENT
13,1,2,trigonelline,371.15,3e-06,1.4,0.0069892,0.009136900000000002,0.0056423,0.0126315,3.36509,0.00336509,2.3519287028e-05,5.637660042499999e-05,FRACTION_MASS_MIDPOINT,CONTIGUOUS_WITHIN_PRINTED_PRECISION,puckworks/data/schmieder2023/raw_fractions.csv,237,f3511dd46648fb34962c9d774cc901fa65acd7f0caaf130f143e4f04dbb0915f,PRIMARY_DIRECT_MEASUREMENT
13,1,3,caffeine,371.15,3e-06,1.4,0.0072565,0.01625975,0.0126315,0.019888000000000003,4.29026,0.00429026,3.113227169e-05,0.00012676302805,FRACTION_MASS_MIDPOINT,CONTIGUOUS_WITHIN_PRINTED_PRECISION,puckworks/data/schmieder2023/raw_fractions.csv,238,f3511dd46648fb34962c9d774cc901fa65acd7f0caaf130f143e4f04dbb0915f,PRIMARY_DIRECT_MEASUREMENT
13,1,3,trigonelline,371.15,3e-06,1.4,0.0072565,0.01625975,0.0126315,0.019888000000000003,2.06202,0.00206202,1.4963048129999998e-05,7.133964855499999e-05,FRACTION_MASS_MIDPOINT,CONTIGUOUS_WITHIN_PRINTED_PRECISION,puckworks/data/schmieder2023/raw_fractions.csv,238,f3511dd46648fb34962c9d774cc901fa65acd7f0caaf130f143e4f04dbb0915f,PRIMARY_DIRECT_MEASUREMENT
13,1,5,caffeine,371.15,3e-06,1.4,0.0067855,0.03003635,0.0266436,0.033429099999999996,2.68592,0.00268592,1.8225310159999998e-05,0.00014498833821,FRACTION_MASS_MIDPOINT,SOURCE_UNMEASURED_FRACTION_GAP,puckworks/data/schmieder2023/raw_fractions.csv,239,f3511dd46648fb34962c9d774cc901fa65acd7f0caaf130f143e4f04dbb0915f,PRIMARY_DIRECT_MEASUREMENT
13,1,5,trigonelline,371.15,3e-06,1.4,0.0067855,0.03003635,0.0266436,0.033429099999999996,1.16067,0.0011606700000000001,7.875726285000001e-06,7.921537483999999e-05,FRACTION_MASS_MIDPOINT,SOURCE_UNMEASURED_FRACTION_GAP,puckworks/data/schmieder2023/raw_fractions.csv,239,f3511dd46648fb34962c9d774cc901fa65acd7f0caaf130f143e4f04dbb0915f,PRIMARY_DIRECT_MEASUREMENT
13,1,7,caffeine,371.15,3e-06,1.4,0.0060331000000000004,0.04372605,0.0407095,0.0467426,2.03557,0.00203557,1.2280797366999999e-05,0.00015726913557699999,FRACTION_MASS_MIDPOINT,SOURCE_UNMEASURED_FRACTION_GAP,puckworks/data/schmieder2023/raw_fractions.csv,240,f3511dd46648fb34962c9d774cc901fa65acd7f0caaf130f143e4f04dbb0915f,PRIMARY_DIRECT_MEASUREMENT
13,1,7,trigonelline,371.15,3e-06,1.4,0.0060331000000000004,0.04372605,0.0407095,0.0467426,0.83884,0.0008388400000000001,5.060805604e-06,8.427618044399998e-05,FRACTION_MASS_MIDPOINT,SOURCE_UNMEASURED_FRACTION_GAP,puckworks/data/schmieder2023/raw_fractions.csv,240,f3511dd46648fb34962c9d774cc901fa65acd7f0caaf130f143e4f04dbb0915f,PRIMARY_DIRECT_MEASUREMENT
13,1,10,caffeine,371.15,3e-06,1.4,0.006729199999999999,0.0622862,0.0589216,0.06565080000000001,1.04532,0.00104532,7.034167344e-06,0.000164303302921,FRACTION_MASS_MIDPOINT,SOURCE_UNMEASURED_FRACTION_GAP,puckworks/data/schmieder2023/raw_fractions.csv,241,f3511dd46648fb34962c9d774cc901fa65acd7f0caaf130f143e4f04dbb0915f,PRIMARY_DIRECT_MEASUREMENT
13,1,10,trigonelline,371.15,3e-06,1.4,0.006729199999999999,0.0622862,0.0589216,0.06565080000000001,0.32071,0.00032071,2.1581217319999998e-06,8.643430217599998e-05,FRACTION_MASS_MIDPOINT,SOURCE_UNMEASURED_FRACTION_GAP,puckworks/data/schmieder2023/raw_fractions.csv,241,f3511dd46648fb34962c9d774cc901fa65acd7f0caaf130f143e4f04dbb0915f,PRIMARY_DIRECT_MEASUREMENT
13,2,1,caffeine,371.15,3e-06,1.4,0.0099282,0.0049641,0.0,0.0099282,7.932,0.007932,7.875048240000001e-05,7.875048240000001e-05,FRACTION_MASS_MIDPOINT,FIRST_MEASURED_FRACTION,puckworks/data/schmieder2023/raw_fractions.csv,242,f3511dd46648fb34962c9d774cc901fa65acd7f0caaf130f143e4f04dbb0915f,PRIMARY_DIRECT_MEASUREMENT
13,2,1,trigonelline,371.15,3e-06,1.4,0.0099282,0.0049641,0.0,0.0099282,4.73783,0.00473783,4.7038123806e-05,4.7038123806e-05,FRACTION_MASS_MIDPOINT,FIRST_MEASURED_FRACTION,puckworks/data/schmieder2023/raw_fractions.csv,242,f3511dd46648fb34962c9d774cc901fa65acd7f0caaf130f143e4f04dbb0915f,PRIMARY_DIRECT_MEASUREMENT
13,2,2,caffeine,371.15,3e-06,1.4,0.0065747,0.013215550000000001,0.0099282,0.0165029,5.08438,0.00508438,3.3428273186000005e-05,0.00011217875558600001,FRACTION_MASS_MIDPOINT,CONTIGUOUS_WITHIN_PRINTED_PRECISION,puckworks/data/schmieder2023/raw_fractions.csv,243,f3511dd46648fb34962c9d774cc901fa65acd7f0caaf130f143e4f04dbb0915f,PRIMARY_DIRECT_MEASUREMENT
13,2,2,trigonelline,371.15,3e-06,1.4,0.0065747,0.013215550000000001,0.0099282,0.0165029,2.49239,0.00249239,1.6386716532999996e-05,6.342484033899999e-05,FRACTION_MASS_MIDPOINT,CONTIGUOUS_WITHIN_PRINTED_PRECISION,puckworks/data/schmieder2023/raw_fractions.csv,243,f3511dd46648fb34962c9d774cc901fa65acd7f0caaf130f143e4f04dbb0915f,PRIMARY_DIRECT_MEASUREMENT
13,2,3,caffeine,371.15,3e-06,1.4,0.0069453,0.019975549999999998,0.016502899999999997,0.0234482,3.76862,0.00376862,2.6174196485999993e-05,0.00013835295207200002,FRACTION_MASS_MIDPOINT,CONTIGUOUS_WITHIN_PRINTED_PRECISION,puckworks/data/schmieder2023/raw_fractions.csv,244,f3511dd46648fb34962c9d774cc901fa65acd7f0caaf130f143e4f04dbb0915f,PRIMARY_DIRECT_MEASUREMENT
13,2,3,trigonelline,371.15,3e-06,1.4,0.0069453,0.019975549999999998,0.016502899999999997,0.0234482,1.77274,0.00177274,1.2312211121999999e-05,7.573705146099998e-05,FRACTION_MASS_MIDPOINT,CONTIGUOUS_WITHIN_PRINTED_PRECISION,puckworks/data/schmieder2023/raw_fractions.csv,244,f3511dd46648fb34962c9d774cc901fa65acd7f0caaf130f143e4f04dbb0915f,PRIMARY_DIRECT_MEASUREMENT
13,2,5,caffeine,371.15,3e-06,1.4,0.0074513999999999995,0.0340126,0.0302869,0.037738299999999995,2.33832,0.00233832,1.7423757647999998e-05,0.00015577670972000002,FRACTION_MASS_MIDPOINT,SOURCE_UNMEASURED_FRACTION_GAP,puckworks/data/schmieder2023/raw_fractions.csv,245,f3511dd46648fb34962c9d774cc901fa65acd7f0caaf130f143e4f04dbb0915f,PRIMARY_DIRECT_MEASUREMENT
13,2,5,trigonelline,371.15,3e-06,1.4,0.0074513999999999995,0.0340126,0.0302869,0.037738299999999995,0.98345,0.00098345,7.3280793299999995e-06,8.306513079099998e-05,FRACTION_MASS_MIDPOINT,SOURCE_UNMEASURED_FRACTION_GAP,puckworks/data/schmieder2023/raw_fractions.csv,245,f3511dd46648fb34962c9d774cc901fa65acd7f0caaf130f143e4f04dbb0915f,PRIMARY_DIRECT_MEASUREMENT
13,2,7,caffeine,371.15,3e-06,1.4,0.0056609,0.04672345,0.043893,0.0495539,1.92425,0.00192425,1.0892986825e-05,0.00016666969654500002,FRACTION_MASS_MIDPOINT,SOURCE_UNMEASURED_FRACTION_GAP,puckworks/data/schmieder2023/raw_fractions.csv,246,f3511dd46648fb34962c9d774cc901fa65acd7f0caaf130f143e4f04dbb0915f,PRIMARY_DIRECT_MEASUREMENT
13,2,7,trigonelline,371.15,3e-06,1.4,0.0056609,0.04672345,0.043893,0.0495539,0.75476,0.00075476,4.272620884e-06,8.733775167499999e-05,FRACTION_MASS_MIDPOINT,SOURCE_UNMEASURED_FRACTION_GAP,puckworks/data/schmieder2023/raw_fractions.csv,246,f3511dd46648fb34962c9d774cc901fa65acd7f0caaf130f143e4f04dbb0915f,PRIMARY_DIRECT_MEASUREMENT
13,2,10,caffeine,371.15,3e-06,1.4,0.0075188,0.065956,0.062196600000000005,0.06971540000000001,0.91574,0.0009157400000000001,6.885265911999999e-06,0.00017355496245700003,FRACTION_MASS_MIDPOINT,SOURCE_UNMEASURED_FRACTION_GAP,puckworks/data/schmieder2023/raw_fractions.csv,247,f3511dd46648fb34962c9d774cc901fa65acd7f0caaf130f143e4f04dbb0915f,PRIMARY_DIRECT_MEASUREMENT
13,2,10,trigonelline,371.15,3e-06,1.4,0.0075188,0.065956,0.062196600000000005,0.06971540000000001,0.27598,0.00027598,2.075038424e-06,8.941279009899998e-05,FRACTION_MASS_MIDPOINT,SOURCE_UNMEASURED_FRACTION_GAP,puckworks/data/schmieder2023/raw_fractions.csv,247,f3511dd46648fb34962c9d774cc901fa65acd7f0caaf130f143e4f04dbb0915f,PRIMARY_DIRECT_MEASUREMENT
13,3,1,caffeine,371.15,3e-06,1.4,0.0060712000000000006,0.0030356000000000003,0.0,0.0060712000000000006,8.92196,0.008921960000000001,5.4167003552e-05,5.4167003552e-05,FRACTION_MASS_MIDPOINT,FIRST_MEASURED_FRACTION,puckworks/data/schmieder2023/raw_fractions.csv,248,f3511dd46648fb34962c9d774cc901fa65acd7f0caaf130f143e4f04dbb0915f,PRIMARY_DIRECT_MEASUREMENT
13,3,1,trigonelline,371.15,3e-06,1.4,0.0060712000000000006,0.0030356000000000003,0.0,0.0060712000000000006,5.54876,0.00554876,3.3687631711999996e-05,3.3687631711999996e-05,FRACTION_MASS_MIDPOINT,FIRST_MEASURED_FRACTION,puckworks/data/schmieder2023/raw_fractions.csv,248,f3511dd46648fb34962c9d774cc901fa65acd7f0caaf130f143e4f04dbb0915f,PRIMARY_DIRECT_MEASUREMENT
13,3,2,caffeine,371.15,3e-06,1.4,0.0066505,0.00939645,0.0060712,0.0127217,6.11403,0.0061140299999999995,4.0661356515e-05,9.4828360067e-05,FRACTION_MASS_MIDPOINT,CONTIGUOUS_WITHIN_PRINTED_PRECISION,puckworks/data/schmieder2023/raw_fractions.csv,249,f3511dd46648fb34962c9d774cc901fa65acd7f0caaf130f143e4f04dbb0915f,PRIMARY_DIRECT_MEASUREMENT
13,3,2,trigonelline,371.15,3e-06,1.4,0.0066505,0.00939645,0.0060712,0.0127217,3.20218,0.00320218,2.1296098089999997e-05,5.498372980199999e-05,FRACTION_MASS_MIDPOINT,CONTIGUOUS_WITHIN_PRINTED_PRECISION,puckworks/data/schmieder2023/raw_fractions.csv,249,f3511dd46648fb34962c9d774cc901fa65acd7f0caaf130f143e4f04dbb0915f,PRIMARY_DIRECT_MEASUREMENT
13,3,3,caffeine,371.15,3e-06,1.4,0.006657199999999999,0.0160503,0.0127217,0.0193789,4.08608,0.00408608,2.7201851775999996e-05,0.00012203021184299999,FRACTION_MASS_MIDPOINT,CONTIGUOUS_WITHIN_PRINTED_PRECISION,puckworks/data/schmieder2023/raw_fractions.csv,250,f3511dd46648fb34962c9d774cc901fa65acd7f0caaf130f143e4f04dbb0915f,PRIMARY_DIRECT_MEASUREMENT
13,3,3,trigonelline,371.15,3e-06,1.4,0.006657199999999999,0.0160503,0.0127217,0.0193789,1.94034,0.00194034,1.2917231447999999e-05,6.790096124999999e-05,FRACTION_MASS_MIDPOINT,CONTIGUOUS_WITHIN_PRINTED_PRECISION,puckworks/data/schmieder2023/raw_fractions.csv,250,f3511dd46648fb34962c9d774cc901fa65acd7f0caaf130f143e4f04dbb0915f,PRIMARY_DIRECT_MEASUREMENT
13,3,5,caffeine,371.15,3e-06,1.4,0.0062568,0.0287873,0.0256589,0.0319157,2.7341,0.0027341,1.710671688e-05,0.000139136928723,FRACTION_MASS_MIDPOINT,SOURCE_UNMEASURED_FRACTION_GAP,puckworks/data/schmieder2023/raw_fractions.csv,251,f3511dd46648fb34962c9d774cc901fa65acd7f0caaf130f143e4f04dbb0915f,PRIMARY_DIRECT_MEASUREMENT
13,3,5,trigonelline,371.15,3e-06,1.4,0.0062568,0.0287873,0.0256589,0.0319157,1.17045,0.00117045,7.32327156e-06,7.522423281e-05,FRACTION_MASS_MIDPOINT,SOURCE_UNMEASURED_FRACTION_GAP,puckworks/data/schmieder2023/raw_fractions.csv,251,f3511dd46648fb34962c9d774cc901fa65acd7f0caaf130f143e4f04dbb0915f,PRIMARY_DIRECT_MEASUREMENT
13,3,7,caffeine,371.15,3e-06,1.4,0.0056267,0.040793050000000004,0.037979700000000005,0.043606400000000003,2.12705,0.00212705,1.1968272235e-05,0.000151105200958,FRACTION_MASS_MIDPOINT,SOURCE_UNMEASURED_FRACTION_GAP,puckworks/data/schmieder2023/raw_fractions.csv,252,f3511dd46648fb34962c9d774cc901fa65acd7f0caaf130f143e4f04dbb0915f,PRIMARY_DIRECT_MEASUREMENT
13,3,7,trigonelline,371.15,3e-06,1.4,0.0056267,0.040793050000000004,0.037979700000000005,0.043606400000000003,0.90105,0.00090105,5.0699380349999995e-06,8.0294170845e-05,FRACTION_MASS_MIDPOINT,SOURCE_UNMEASURED_FRACTION_GAP,puckworks/data/schmieder2023/raw_fractions.csv,252,f3511dd46648fb34962c9d774cc901fa65acd7f0caaf130f143e4f04dbb0915f,PRIMARY_DIRECT_MEASUREMENT
13,3,10,caffeine,371.15,3e-06,1.4,0.0061952,0.052686500000000004,0.049588900000000005,0.0557841,1.23401,0.00123401,7.644938752e-06,0.00015875013971,FRACTION_MASS_MIDPOINT,SOURCE_UNMEASURED_FRACTION_GAP,puckworks/data/schmieder2023/raw_fractions.csv,253,f3511dd46648fb34962c9d774cc901fa65acd7f0caaf130f143e4f04dbb0915f,PRIMARY_DIRECT_MEASUREMENT
13,3,10,trigonelline,371.15,3e-06,1.4,0.0061952,0.052686500000000004,0.049588900000000005,0.0557841,0.42704,0.00042704,2.6455982079999996e-06,8.2939769053e-05,FRACTION_MASS_MIDPOINT,SOURCE_UNMEASURED_FRACTION_GAP,puckworks/data/schmieder2023/raw_fractions.csv,253,f3511dd46648fb34962c9d774cc901fa65acd7f0caaf130f143e4f04dbb0915f,PRIMARY_DIRECT_MEASUREMENT
14,1,1,caffeine,353.15,3e-06,2.0,0.0088652,0.0044326,0.0,0.0088652,7.45227,0.00745227,6.6065864004e-05,6.6065864004e-05,FRACTION_MASS_MIDPOINT,FIRST_MEASURED_FRACTION,puckworks/data/schmieder2023/raw_fractions.csv,254,f3511dd46648fb34962c9d774cc901fa65acd7f0caaf130f143e4f04dbb0915f,PRIMARY_DIRECT_MEASUREMENT
14,1,1,trigonelline,353.15,3e-06,2.0,0.0088652,0.0044326,0.0,0.0088652,4.90202,0.00490202,4.3457387703999995e-05,4.3457387703999995e-05,FRACTION_MASS_MIDPOINT,FIRST_MEASURED_FRACTION,puckworks/data/schmieder2023/raw_fractions.csv,254,f3511dd46648fb34962c9d774cc901fa65acd7f0caaf130f143e4f04dbb0915f,PRIMARY_DIRECT_MEASUREMENT
14,1,2,caffeine,353.15,3e-06,2.0,0.006078500000000001,0.01190445,0.008865200000000002,0.0149437,5.00875,0.00500875,3.0445686874999997e-05,9.6511550879e-05,FRACTION_MASS_MIDPOINT,CONTIGUOUS_WITHIN_PRINTED_PRECISION,puckworks/data/schmieder2023/raw_fractions.csv,255,f3511dd46648fb34962c9d774cc901fa65acd7f0caaf130f143e4f04dbb0915f,PRIMARY_DIRECT_MEASUREMENT
14,1,2,trigonelline,353.15,3e-06,2.0,0.006078500000000001,0.01190445,0.008865200000000002,0.0149437,2.82671,0.00282671,1.7182156734999998e-05,6.0639544438999993e-05,FRACTION_MASS_MIDPOINT,CONTIGUOUS_WITHIN_PRINTED_PRECISION,puckworks/data/schmieder2023/raw_fractions.csv,255,f3511dd46648fb34962c9d774cc901fa65acd7f0caaf130f143e4f04dbb0915f,PRIMARY_DIRECT_MEASUREMENT
14,1,3,caffeine,353.15,3e-06,2.0,0.0059738,0.017930599999999998,0.014943699999999999,0.0209175,3.90488,0.00390488,2.3326972143999998e-05,0.00011983852302299999,FRACTION_MASS_MIDPOINT,CONTIGUOUS_WITHIN_PRINTED_PRECISION,puckworks/data/schmieder2023/raw_fractions.csv,256,f3511dd46648fb34962c9d774cc901fa65acd7f0caaf130f143e4f04dbb0915f,PRIMARY_DIRECT_MEASUREMENT
14,1,3,trigonelline,353.15,3e-06,2.0,0.0059738,0.017930599999999998,0.014943699999999999,0.0209175,2.08312,0.00208312,1.2444142255999999e-05,7.3083686695e-05,FRACTION_MASS_MIDPOINT,CONTIGUOUS_WITHIN_PRINTED_PRECISION,puckworks/data/schmieder2023/raw_fractions.csv,256,f3511dd46648fb34962c9d774cc901fa65acd7f0caaf130f143e4f04dbb0915f,PRIMARY_DIRECT_MEASUREMENT
14,1,5,caffeine,353.15,3e-06,2.0,0.0061192,0.0296328,0.0265732,0.032692399999999996,2.62847,0.00262847,1.6084133623999998e-05,0.00013592265664699998,FRACTION_MASS_MIDPOINT,SOURCE_UNMEASURED_FRACTION_GAP,puckworks/data/schmieder2023/raw_fractions.csv,257,f3511dd46648fb34962c9d774cc901fa65acd7f0caaf130f143e4f04dbb0915f,PRIMARY_DIRECT_MEASUREMENT
14,1,5,trigonelline,353.15,3e-06,2.0,0.0061192,0.0296328,0.0265732,0.032692399999999996,1.20737,0.0012073700000000001,7.388138504e-06,8.047182519899999e-05,FRACTION_MASS_MIDPOINT,SOURCE_UNMEASURED_FRACTION_GAP,puckworks/data/schmieder2023/raw_fractions.csv,257,f3511dd46648fb34962c9d774cc901fa65acd7f0caaf130f143e4f04dbb0915f,PRIMARY_DIRECT_MEASUREMENT
14,1,7,caffeine,353.15,3e-06,2.0,0.0054428,0.041160600000000006,0.0384392,0.043882000000000004,1.89453,0.0018945300000000002,1.0311547884e-05,0.000146234204531,FRACTION_MASS_MIDPOINT,SOURCE_UNMEASURED_FRACTION_GAP,puckworks/data/schmieder2023/raw_fractions.csv,258,f3511dd46648fb34962c9d774cc901fa65acd7f0caaf130f143e4f04dbb0915f,PRIMARY_DIRECT_MEASUREMENT
14,1,7,trigonelline,353.15,3e-06,2.0,0.0054428,0.041160600000000006,0.0384392,0.043882000000000004,0.77941,0.00077941,4.2421727480000005e-06,8.4713997947e-05,FRACTION_MASS_MIDPOINT,SOURCE_UNMEASURED_FRACTION_GAP,puckworks/data/schmieder2023/raw_fractions.csv,258,f3511dd46648fb34962c9d774cc901fa65acd7f0caaf130f143e4f04dbb0915f,PRIMARY_DIRECT_MEASUREMENT
14,1,10,caffeine,353.15,3e-06,2.0,0.0058585,0.058073450000000006,0.0551442,0.06100270000000001,1.08503,0.00108503,6.356648255e-06,0.000152590852786,FRACTION_MASS_MIDPOINT,SOURCE_UNMEASURED_FRACTION_GAP,puckworks/data/schmieder2023/raw_fractions.csv,259,f3511dd46648fb34962c9d774cc901fa65acd7f0caaf130f143e4f04dbb0915f,PRIMARY_DIRECT_MEASUREMENT
14,1,10,trigonelline,353.15,3e-06,2.0,0.0058585,0.058073450000000006,0.0551442,0.06100270000000001,0.34608,0.00034608,2.02750968e-06,8.6741507627e-05,FRACTION_MASS_MIDPOINT,SOURCE_UNMEASURED_FRACTION_GAP,puckworks/data/schmieder2023/raw_fractions.csv,259,f3511dd46648fb34962c9d774cc901fa65acd7f0caaf130f143e4f04dbb0915f,PRIMARY_DIRECT_MEASUREMENT
14,2,1,caffeine,353.15,3e-06,2.0,0.0068257000000000005,0.0034128500000000003,0.0,0.0068257000000000005,8.37447,0.00837447,5.7161619879e-05,5.7161619879e-05,FRACTION_MASS_MIDPOINT,FIRST_MEASURED_FRACTION,puckworks/data/schmieder2023/raw_fractions.csv,260,f3511dd46648fb34962c9d774cc901fa65acd7f0caaf130f143e4f04dbb0915f,PRIMARY_DIRECT_MEASUREMENT
14,2,1,trigonelline,353.15,3e-06,2.0,0.0068257000000000005,0.0034128500000000003,0.0,0.0068257000000000005,5.62248,0.005622480000000001,3.8377361736e-05,3.8377361736e-05,FRACTION_MASS_MIDPOINT,FIRST_MEASURED_FRACTION,puckworks/data/schmieder2023/raw_fractions.csv,260,f3511dd46648fb34962c9d774cc901fa65acd7f0caaf130f143e4f04dbb0915f,PRIMARY_DIRECT_MEASUREMENT
14,2,2,caffeine,353.15,3e-06,2.0,0.0061472,0.0098993,0.0068257000000000005,0.012972899999999999,5.8399,0.0058399,3.5899033279999995e-05,9.3060653159e-05,FRACTION_MASS_MIDPOINT,CONTIGUOUS_WITHIN_PRINTED_PRECISION,puckworks/data/schmieder2023/raw_fractions.csv,261,f3511dd46648fb34962c9d774cc901fa65acd7f0caaf130f143e4f04dbb0915f,PRIMARY_DIRECT_MEASUREMENT
14,2,2,trigonelline,353.15,3e-06,2.0,0.0061472,0.0098993,0.0068257000000000005,0.012972899999999999,3.38065,0.0033806500000000002,2.078153168e-05,5.9158893416e-05,FRACTION_MASS_MIDPOINT,CONTIGUOUS_WITHIN_PRINTED_PRECISION,puckworks/data/schmieder2023/raw_fractions.csv,261,f3511dd46648fb34962c9d774cc901fa65acd7f0caaf130f143e4f04dbb0915f,PRIMARY_DIRECT_MEASUREMENT
14,2,3,caffeine,353.15,3e-06,2.0,0.0060664,0.0160061,0.012972899999999999,0.019039300000000002,4.34388,0.0043438800000000005,2.6351713632000002e-05,0.000119412366791,FRACTION_MASS_MIDPOINT,CONTIGUOUS_WITHIN_PRINTED_PRECISION,puckworks/data/schmieder2023/raw_fractions.csv,262,f3511dd46648fb34962c9d774cc901fa65acd7f0caaf130f143e4f04dbb0915f,PRIMARY_DIRECT_MEASUREMENT
14,2,3,trigonelline,353.15,3e-06,2.0,0.0060664,0.0160061,0.012972899999999999,0.019039300000000002,2.3222,0.0023222,1.4087394079999999e-05,7.3246287496e-05,FRACTION_MASS_MIDPOINT,CONTIGUOUS_WITHIN_PRINTED_PRECISION,puckworks/data/schmieder2023/raw_fractions.csv,262,f3511dd46648fb34962c9d774cc901fa65acd7f0caaf130f143e4f04dbb0915f,PRIMARY_DIRECT_MEASUREMENT
14,2,5,caffeine,353.15,3e-06,2.0,0.0055517000000000006,0.02748285,0.024707,0.0302587,2.90226,0.0029022600000000003,1.6112476842e-05,0.000135524843633,FRACTION_MASS_MIDPOINT,SOURCE_UNMEASURED_FRACTION_GAP,puckworks/data/schmieder2023/raw_fractions.csv,263,f3511dd46648fb34962c9d774cc901fa65acd7f0caaf130f143e4f04dbb0915f,PRIMARY_DIRECT_MEASUREMENT
14,2,5,trigonelline,353.15,3e-06,2.0,0.0055517000000000006,0.02748285,0.024707,0.0302587,1.34887,0.00134887,7.488521579e-06,8.073480907499999e-05,FRACTION_MASS_MIDPOINT,SOURCE_UNMEASURED_FRACTION_GAP,puckworks/data/schmieder2023/raw_fractions.csv,263,f3511dd46648fb34962c9d774cc901fa65acd7f0caaf130f143e4f04dbb0915f,PRIMARY_DIRECT_MEASUREMENT
14,2,7,caffeine,353.15,3e-06,2.0,0.005534900000000001,0.039198050000000005,0.0364306,0.04196550000000001,1.97648,0.00197648,1.0939619152e-05,0.000146464462785,FRACTION_MASS_MIDPOINT,SOURCE_UNMEASURED_FRACTION_GAP,puckworks/data/schmieder2023/raw_fractions.csv,264,f3511dd46648fb34962c9d774cc901fa65acd7f0caaf130f143e4f04dbb0915f,PRIMARY_DIRECT_MEASUREMENT
14,2,7,trigonelline,353.15,3e-06,2.0,0.005534900000000001,0.039198050000000005,0.0364306,0.04196550000000001,0.81965,0.00081965,4.536680785e-06,8.527148986e-05,FRACTION_MASS_MIDPOINT,SOURCE_UNMEASURED_FRACTION_GAP,puckworks/data/schmieder2023/raw_fractions.csv,264,f3511dd46648fb34962c9d774cc901fa65acd7f0caaf130f143e4f04dbb0915f,PRIMARY_DIRECT_MEASUREMENT
14,2,10,caffeine,353.15,3e-06,2.0,0.0055732,0.0559473,0.0531607,0.0587339,1.18245,0.00118245,6.59003034e-06,0.000153054493125,FRACTION_MASS_MIDPOINT,SOURCE_UNMEASURED_FRACTION_GAP,puckworks/data/schmieder2023/raw_fractions.csv,265,f3511dd46648fb34962c9d774cc901fa65acd7f0caaf130f143e4f04dbb0915f,PRIMARY_DIRECT_MEASUREMENT
14,2,10,trigonelline,353.15,3e-06,2.0,0.0055732,0.0559473,0.0531607,0.0587339,0.3849,0.00038490000000000003,2.1451246799999998e-06,8.741661453999999e-05,FRACTION_MASS_MIDPOINT,SOURCE_UNMEASURED_FRACTION_GAP,puckworks/data/schmieder2023/raw_fractions.csv,265,f3511dd46648fb34962c9d774cc901fa65acd7f0caaf130f143e4f04dbb0915f,PRIMARY_DIRECT_MEASUREMENT
14,3,1,caffeine,353.15,3e-06,2.0,0.0076728,0.0038364,0.0,0.0076728,8.04111,0.00804111,6.169782880799999e-05,6.169782880799999e-05,FRACTION_MASS_MIDPOINT,FIRST_MEASURED_FRACTION,puckworks/data/schmieder2023/raw_fractions.csv,266,f3511dd46648fb34962c9d774cc901fa65acd7f0caaf130f143e4f04dbb0915f,PRIMARY_DIRECT_MEASUREMENT
14,3,1,trigonelline,353.15,3e-06,2.0,0.0076728,0.0038364,0.0,0.0076728,5.28044,0.00528044,4.0515760031999997e-05,4.0515760031999997e-05,FRACTION_MASS_MIDPOINT,FIRST_MEASURED_FRACTION,puckworks/data/schmieder2023/raw_fractions.csv,266,f3511dd46648fb34962c9d774cc901fa65acd7f0caaf130f143e4f04dbb0915f,PRIMARY_DIRECT_MEASUREMENT
14,3,2,caffeine,353.15,3e-06,2.0,0.0063988,0.0108722,0.0076728,0.0140716,5.62555,0.00562555,3.599676933999999e-05,9.769459814799998e-05,FRACTION_MASS_MIDPOINT,CONTIGUOUS_WITHIN_PRINTED_PRECISION,puckworks/data/schmieder2023/raw_fractions.csv,267,f3511dd46648fb34962c9d774cc901fa65acd7f0caaf130f143e4f04dbb0915f,PRIMARY_DIRECT_MEASUREMENT
14,3,2,trigonelline,353.15,3e-06,2.0,0.0063988,0.0108722,0.0076728,0.0140716,3.17019,0.00317019,2.0285411771999995e-05,6.080117180399999e-05,FRACTION_MASS_MIDPOINT,CONTIGUOUS_WITHIN_PRINTED_PRECISION,puckworks/data/schmieder2023/raw_fractions.csv,267,f3511dd46648fb34962c9d774cc901fa65acd7f0caaf130f143e4f04dbb0915f,PRIMARY_DIRECT_MEASUREMENT
14,3,3,caffeine,353.15,3e-06,2.0,0.0063411,0.017242149999999998,0.014071599999999998,0.0204127,4.23757,0.0042375699999999995,2.6870855126999998e-05,0.00012456545327499998,FRACTION_MASS_MIDPOINT,CONTIGUOUS_WITHIN_PRINTED_PRECISION,puckworks/data/schmieder2023/raw_fractions.csv,268,f3511dd46648fb34962c9d774cc901fa65acd7f0caaf130f143e4f04dbb0915f,PRIMARY_DIRECT_MEASUREMENT
14,3,3,trigonelline,353.15,3e-06,2.0,0.0063411,0.017242149999999998,0.014071599999999998,0.0204127,2.22404,0.00222404,1.4102860044e-05,7.490403184799999e-05,FRACTION_MASS_MIDPOINT,CONTIGUOUS_WITHIN_PRINTED_PRECISION,puckworks/data/schmieder2023/raw_fractions.csv,268,f3511dd46648fb34962c9d774cc901fa65acd7f0caaf130f143e4f04dbb0915f,PRIMARY_DIRECT_MEASUREMENT
14,3,5,caffeine,353.15,3e-06,2.0,0.0058831,0.02917035,0.0262288,0.0321119,2.79857,0.00279857,1.6464267167e-05,0.00014102972044199998,FRACTION_MASS_MIDPOINT,SOURCE_UNMEASURED_FRACTION_GAP,puckworks/data/schmieder2023/raw_fractions.csv,269,f3511dd46648fb34962c9d774cc901fa65acd7f0caaf130f143e4f04dbb0915f,PRIMARY_DIRECT_MEASUREMENT
14,3,5,trigonelline,353.15,3e-06,2.0,0.0058831,0.02917035,0.0262288,0.0321119,1.25796,0.00125796,7.400704475999999e-06,8.230473632399999e-05,FRACTION_MASS_MIDPOINT,SOURCE_UNMEASURED_FRACTION_GAP,puckworks/data/schmieder2023/raw_fractions.csv,269,f3511dd46648fb34962c9d774cc901fa65acd7f0caaf130f143e4f04dbb0915f,PRIMARY_DIRECT_MEASUREMENT
14,3,7,caffeine,353.15,3e-06,2.0,0.005797900000000001,0.04056175000000001,0.0376628,0.043460700000000005,1.90796,0.0019079600000000002,1.1062161284000002e-05,0.000152091881726,FRACTION_MASS_MIDPOINT,SOURCE_UNMEASURED_FRACTION_GAP,puckworks/data/schmieder2023/raw_fractions.csv,270,f3511dd46648fb34962c9d774cc901fa65acd7f0caaf130f143e4f04dbb0915f,PRIMARY_DIRECT_MEASUREMENT
14,3,7,trigonelline,353.15,3e-06,2.0,0.005797900000000001,0.04056175000000001,0.0376628,0.043460700000000005,0.75527,0.00075527,4.378979933e-06,8.668371625699998e-05,FRACTION_MASS_MIDPOINT,SOURCE_UNMEASURED_FRACTION_GAP,puckworks/data/schmieder2023/raw_fractions.csv,270,f3511dd46648fb34962c9d774cc901fa65acd7f0caaf130f143e4f04dbb0915f,PRIMARY_DIRECT_MEASUREMENT
14,3,10,caffeine,353.15,3e-06,2.0,0.005649200000000001,0.0576301,0.05480549999999999,0.06045470000000001,1.129,0.001129,6.3779468e-06,0.000158469828526,FRACTION_MASS_MIDPOINT,SOURCE_UNMEASURED_FRACTION_GAP,puckworks/data/schmieder2023/raw_fractions.csv,271,f3511dd46648fb34962c9d774cc901fa65acd7f0caaf130f143e4f04dbb0915f,PRIMARY_DIRECT_MEASUREMENT
14,3,10,trigonelline,353.15,3e-06,2.0,0.005649200000000001,0.0576301,0.05480549999999999,0.06045470000000001,0.34583,0.00034583000000000004,1.9536628360000003e-06,8.863737909299998e-05,FRACTION_MASS_MIDPOINT,SOURCE_UNMEASURED_FRACTION_GAP,puckworks/data/schmieder2023/raw_fractions.csv,271,f3511dd46648fb34962c9d774cc901fa65acd7f0caaf130f143e4f04dbb0915f,PRIMARY_DIRECT_MEASUREMENT
15,1,1,caffeine,371.15,3e-06,2.0,0.0046497000000000005,0.0023248500000000003,0.0,0.0046497000000000005,8.81273,0.00881273,4.0976550680999995e-05,4.0976550680999995e-05,FRACTION_MASS_MIDPOINT,FIRST_MEASURED_FRACTION,puckworks/data/schmieder2023/raw_fractions.csv,272,f3511dd46648fb34962c9d774cc901fa65acd7f0caaf130f143e4f04dbb0915f,PRIMARY_DIRECT_MEASUREMENT
15,1,1,trigonelline,371.15,3e-06,2.0,0.0046497000000000005,0.0023248500000000003,0.0,0.0046497000000000005,5.93488,0.00593488,2.7595411536e-05,2.7595411536e-05,FRACTION_MASS_MIDPOINT,FIRST_MEASURED_FRACTION,puckworks/data/schmieder2023/raw_fractions.csv,272,f3511dd46648fb34962c9d774cc901fa65acd7f0caaf130f143e4f04dbb0915f,PRIMARY_DIRECT_MEASUREMENT
15,1,2,caffeine,371.15,3e-06,2.0,0.0055751,0.007437249999999999,0.0046497,0.010224800000000001,7.05663,0.00705663,3.9341417913e-05,8.031796859399999e-05,FRACTION_MASS_MIDPOINT,CONTIGUOUS_WITHIN_PRINTED_PRECISION,puckworks/data/schmieder2023/raw_fractions.csv,273,f3511dd46648fb34962c9d774cc901fa65acd7f0caaf130f143e4f04dbb0915f,PRIMARY_DIRECT_MEASUREMENT
15,1,2,trigonelline,371.15,3e-06,2.0,0.0055751,0.007437249999999999,0.0046497,0.010224800000000001,4.23625,0.00423625,2.3617517374999997e-05,5.1212928911e-05,FRACTION_MASS_MIDPOINT,CONTIGUOUS_WITHIN_PRINTED_PRECISION,puckworks/data/schmieder2023/raw_fractions.csv,273,f3511dd46648fb34962c9d774cc901fa65acd7f0caaf130f143e4f04dbb0915f,PRIMARY_DIRECT_MEASUREMENT
15,1,3,caffeine,371.15,3e-06,2.0,0.0055553,0.01300245,0.010224800000000001,0.0157801,5.29263,0.00529263,2.9402147438999998e-05,0.000109720116033,FRACTION_MASS_MIDPOINT,CONTIGUOUS_WITHIN_PRINTED_PRECISION,puckworks/data/schmieder2023/raw_fractions.csv,274,f3511dd46648fb34962c9d774cc901fa65acd7f0caaf130f143e4f04dbb0915f,PRIMARY_DIRECT_MEASUREMENT
15,1,3,trigonelline,371.15,3e-06,2.0,0.0055553,0.01300245,0.010224800000000001,0.0157801,2.87293,0.00287293,1.5959988029e-05,6.717291694e-05,FRACTION_MASS_MIDPOINT,CONTIGUOUS_WITHIN_PRINTED_PRECISION,puckworks/data/schmieder2023/raw_fractions.csv,274,f3511dd46648fb34962c9d774cc901fa65acd7f0caaf130f143e4f04dbb0915f,PRIMARY_DIRECT_MEASUREMENT
15,1,5,caffeine,371.15,3e-06,2.0,0.004948800000000001,0.023290500000000002,0.020816100000000004,0.0257649,3.35689,0.00335689,1.6612577231999998e-05,0.00012633269326499998,FRACTION_MASS_MIDPOINT,SOURCE_UNMEASURED_FRACTION_GAP,puckworks/data/schmieder2023/raw_fractions.csv,275,f3511dd46648fb34962c9d774cc901fa65acd7f0caaf130f143e4f04dbb0915f,PRIMARY_DIRECT_MEASUREMENT
15,1,5,trigonelline,371.15,3e-06,2.0,0.004948800000000001,0.023290500000000002,0.020816100000000004,0.0257649,1.54692,0.00154692,7.655397696e-06,7.4828314636e-05,FRACTION_MASS_MIDPOINT,SOURCE_UNMEASURED_FRACTION_GAP,puckworks/data/schmieder2023/raw_fractions.csv,275,f3511dd46648fb34962c9d774cc901fa65acd7f0caaf130f143e4f04dbb0915f,PRIMARY_DIRECT_MEASUREMENT
15,1,7,caffeine,371.15,3e-06,2.0,0.0048097,0.03331125,0.0309064,0.03571610000000001,2.40395,0.00240395,1.1562278315e-05,0.00013789497157999997,FRACTION_MASS_MIDPOINT,SOURCE_UNMEASURED_FRACTION_GAP,puckworks/data/schmieder2023/raw_fractions.csv,276,f3511dd46648fb34962c9d774cc901fa65acd7f0caaf130f143e4f04dbb0915f,PRIMARY_DIRECT_MEASUREMENT
15,1,7,trigonelline,371.15,3e-06,2.0,0.0048097,0.03331125,0.0309064,0.03571610000000001,1.04534,0.0010453399999999999,5.027771798e-06,7.9856086434e-05,FRACTION_MASS_MIDPOINT,SOURCE_UNMEASURED_FRACTION_GAP,puckworks/data/schmieder2023/raw_fractions.csv,276,f3511dd46648fb34962c9d774cc901fa65acd7f0caaf130f143e4f04dbb0915f,PRIMARY_DIRECT_MEASUREMENT
15,1,10,caffeine,371.15,3e-06,2.0,0.0044044,0.0470507,0.0448485,0.049252899999999995,1.58022,0.00158022,6.959920967999999e-06,0.00014485489254799998,FRACTION_MASS_MIDPOINT,SOURCE_UNMEASURED_FRACTION_GAP,puckworks/data/schmieder2023/raw_fractions.csv,277,f3511dd46648fb34962c9d774cc901fa65acd7f0caaf130f143e4f04dbb0915f,PRIMARY_DIRECT_MEASUREMENT
15,1,10,trigonelline,371.15,3e-06,2.0,0.0044044,0.0470507,0.0448485,0.049252899999999995,0.56367,0.0005636700000000001,2.4826281479999998e-06,8.2338714582e-05,FRACTION_MASS_MIDPOINT,SOURCE_UNMEASURED_FRACTION_GAP,puckworks/data/schmieder2023/raw_fractions.csv,277,f3511dd46648fb34962c9d774cc901fa65acd7f0caaf130f143e4f04dbb0915f,PRIMARY_DIRECT_MEASUREMENT
15,2,1,caffeine,371.15,3e-06,2.0,0.0089818,0.0044909,0.0,0.0089818,8.06664,0.00806664,7.2452947152e-05,7.2452947152e-05,FRACTION_MASS_MIDPOINT,FIRST_MEASURED_FRACTION,puckworks/data/schmieder2023/raw_fractions.csv,278,f3511dd46648fb34962c9d774cc901fa65acd7f0caaf130f143e4f04dbb0915f,PRIMARY_DIRECT_MEASUREMENT
15,2,1,trigonelline,371.15,3e-06,2.0,0.0089818,0.0044909,0.0,0.0089818,5.04646,0.00504646,4.532629442799999e-05,4.532629442799999e-05,FRACTION_MASS_MIDPOINT,FIRST_MEASURED_FRACTION,puckworks/data/schmieder2023/raw_fractions.csv,278,f3511dd46648fb34962c9d774cc901fa65acd7f0caaf130f143e4f04dbb0915f,PRIMARY_DIRECT_MEASUREMENT
15,2,2,caffeine,371.15,3e-06,2.0,0.006091,0.012027300000000001,0.0089818,0.0150728,5.57141,0.005571410000000001,3.393545831e-05,0.00010638840546199999,FRACTION_MASS_MIDPOINT,CONTIGUOUS_WITHIN_PRINTED_PRECISION,puckworks/data/schmieder2023/raw_fractions.csv,279,f3511dd46648fb34962c9d774cc901fa65acd7f0caaf130f143e4f04dbb0915f,PRIMARY_DIRECT_MEASUREMENT
15,2,2,trigonelline,371.15,3e-06,2.0,0.006091,0.012027300000000001,0.0089818,0.0150728,2.92776,0.00292776,1.783298616e-05,6.315928058799999e-05,FRACTION_MASS_MIDPOINT,CONTIGUOUS_WITHIN_PRINTED_PRECISION,puckworks/data/schmieder2023/raw_fractions.csv,279,f3511dd46648fb34962c9d774cc901fa65acd7f0caaf130f143e4f04dbb0915f,PRIMARY_DIRECT_MEASUREMENT
15,2,3,caffeine,371.15,3e-06,2.0,0.0058873,0.01801645,0.015072799999999999,0.0209601,4.24293,0.004242930000000001,2.4979401789e-05,0.000131367807251,FRACTION_MASS_MIDPOINT,CONTIGUOUS_WITHIN_PRINTED_PRECISION,puckworks/data/schmieder2023/raw_fractions.csv,280,f3511dd46648fb34962c9d774cc901fa65acd7f0caaf130f143e4f04dbb0915f,PRIMARY_DIRECT_MEASUREMENT
15,2,3,trigonelline,371.15,3e-06,2.0,0.0058873,0.01801645,0.015072799999999999,0.0209601,2.09056,0.00209056,1.2307753887999998e-05,7.546703447599999e-05,FRACTION_MASS_MIDPOINT,CONTIGUOUS_WITHIN_PRINTED_PRECISION,puckworks/data/schmieder2023/raw_fractions.csv,280,f3511dd46648fb34962c9d774cc901fa65acd7f0caaf130f143e4f04dbb0915f,PRIMARY_DIRECT_MEASUREMENT
15,2,5,caffeine,371.15,3e-06,2.0,0.005693,0.0296077,0.026761200000000002,0.0324542,2.86996,0.00286996,1.6338682279999996e-05,0.000147706489531,FRACTION_MASS_MIDPOINT,SOURCE_UNMEASURED_FRACTION_GAP,puckworks/data/schmieder2023/raw_fractions.csv,281,f3511dd46648fb34962c9d774cc901fa65acd7f0caaf130f143e4f04dbb0915f,PRIMARY_DIRECT_MEASUREMENT
15,2,5,trigonelline,371.15,3e-06,2.0,0.005693,0.0296077,0.026761200000000002,0.0324542,1.22903,0.00122903,6.996867789999999e-06,8.246390226599999e-05,FRACTION_MASS_MIDPOINT,SOURCE_UNMEASURED_FRACTION_GAP,puckworks/data/schmieder2023/raw_fractions.csv,281,f3511dd46648fb34962c9d774cc901fa65acd7f0caaf130f143e4f04dbb0915f,PRIMARY_DIRECT_MEASUREMENT
15,2,7,caffeine,371.15,3e-06,2.0,0.0050706,0.0405521,0.0380168,0.043087400000000005,2.00507,0.00200507,1.0166907942e-05,0.00015787339747299999,FRACTION_MASS_MIDPOINT,SOURCE_UNMEASURED_FRACTION_GAP,puckworks/data/schmieder2023/raw_fractions.csv,282,f3511dd46648fb34962c9d774cc901fa65acd7f0caaf130f143e4f04dbb0915f,PRIMARY_DIRECT_MEASUREMENT
15,2,7,trigonelline,371.15,3e-06,2.0,0.0050706,0.0405521,0.0380168,0.043087400000000005,0.77426,0.0007742599999999999,3.925962755999999e-06,8.6389865022e-05,FRACTION_MASS_MIDPOINT,SOURCE_UNMEASURED_FRACTION_GAP,puckworks/data/schmieder2023/raw_fractions.csv,282,f3511dd46648fb34962c9d774cc901fa65acd7f0caaf130f143e4f04dbb0915f,PRIMARY_DIRECT_MEASUREMENT
15,2,10,caffeine,371.15,3e-06,2.0,0.0050408,0.056166,0.053645599999999995,0.0586864,1.2136,0.0012136,6.117514879999999e-06,0.00016399091235299999,FRACTION_MASS_MIDPOINT,SOURCE_UNMEASURED_FRACTION_GAP,puckworks/data/schmieder2023/raw_fractions.csv,283,f3511dd46648fb34962c9d774cc901fa65acd7f0caaf130f143e4f04dbb0915f,PRIMARY_DIRECT_MEASUREMENT
15,2,10,trigonelline,371.15,3e-06,2.0,0.0050408,0.056166,0.053645599999999995,0.0586864,0.36522,0.00036522,1.8410009759999998e-06,8.8230865998e-05,FRACTION_MASS_MIDPOINT,SOURCE_UNMEASURED_FRACTION_GAP,puckworks/data/schmieder2023/raw_fractions.csv,283,f3511dd46648fb34962c9d774cc901fa65acd7f0caaf130f143e4f04dbb0915f,PRIMARY_DIRECT_MEASUREMENT
15,3,1,caffeine,371.15,3e-06,2.0,0.0080238,0.0040119,0.0,0.0080238,8.03568,0.00803568,6.447668918399999e-05,6.447668918399999e-05,FRACTION_MASS_MIDPOINT,FIRST_MEASURED_FRACTION,puckworks/data/schmieder2023/raw_fractions.csv,284,f3511dd46648fb34962c9d774cc901fa65acd7f0caaf130f143e4f04dbb0915f,PRIMARY_DIRECT_MEASUREMENT
15,3,1,trigonelline,371.15,3e-06,2.0,0.0080238,0.0040119,0.0,0.0080238,5.27683,0.005276830000000001,4.2340228553999997e-05,4.2340228553999997e-05,FRACTION_MASS_MIDPOINT,FIRST_MEASURED_FRACTION,puckworks/data/schmieder2023/raw_fractions.csv,284,f3511dd46648fb34962c9d774cc901fa65acd7f0caaf130f143e4f04dbb0915f,PRIMARY_DIRECT_MEASUREMENT
15,3,2,caffeine,371.15,3e-06,2.0,0.006357000000000001,0.0112023,0.0080238,0.0143808,5.62222,0.005622220000000001,3.574045254000001e-05,0.00010021714172399999,FRACTION_MASS_MIDPOINT,CONTIGUOUS_WITHIN_PRINTED_PRECISION,puckworks/data/schmieder2023/raw_fractions.csv,285,f3511dd46648fb34962c9d774cc901fa65acd7f0caaf130f143e4f04dbb0915f,PRIMARY_DIRECT_MEASUREMENT
15,3,2,trigonelline,371.15,3e-06,2.0,0.006357000000000001,0.0112023,0.0080238,0.0143808,3.1614,0.0031614,2.0097019800000002e-05,6.2437248354e-05,FRACTION_MASS_MIDPOINT,CONTIGUOUS_WITHIN_PRINTED_PRECISION,puckworks/data/schmieder2023/raw_fractions.csv,285,f3511dd46648fb34962c9d774cc901fa65acd7f0caaf130f143e4f04dbb0915f,PRIMARY_DIRECT_MEASUREMENT
15,3,3,caffeine,371.15,3e-06,2.0,0.0061659,0.01746375,0.014380800000000001,0.0205467,3.94381,0.00394381,2.4317138078999997e-05,0.00012453427980299998,FRACTION_MASS_MIDPOINT,CONTIGUOUS_WITHIN_PRINTED_PRECISION,puckworks/data/schmieder2023/raw_fractions.csv,286,f3511dd46648fb34962c9d774cc901fa65acd7f0caaf130f143e4f04dbb0915f,PRIMARY_DIRECT_MEASUREMENT
15,3,3,trigonelline,371.15,3e-06,2.0,0.0061659,0.01746375,0.014380800000000001,0.0205467,2.06553,0.00206553,1.2735851426999997e-05,7.5173099781e-05,FRACTION_MASS_MIDPOINT,CONTIGUOUS_WITHIN_PRINTED_PRECISION,puckworks/data/schmieder2023/raw_fractions.csv,286,f3511dd46648fb34962c9d774cc901fa65acd7f0caaf130f143e4f04dbb0915f,PRIMARY_DIRECT_MEASUREMENT
15,3,5,caffeine,371.15,3e-06,2.0,0.0059683,0.029588950000000003,0.0266048,0.03257310000000001,2.7208,0.0027208,1.623855064e-05,0.00014077283044299998,FRACTION_MASS_MIDPOINT,SOURCE_UNMEASURED_FRACTION_GAP,puckworks/data/schmieder2023/raw_fractions.csv,287,f3511dd46648fb34962c9d774cc901fa65acd7f0caaf130f143e4f04dbb0915f,PRIMARY_DIRECT_MEASUREMENT
15,3,5,trigonelline,371.15,3e-06,2.0,0.0059683,0.029588950000000003,0.0266048,0.03257310000000001,1.21499,0.00121499,7.251424817e-06,8.242452459799999e-05,FRACTION_MASS_MIDPOINT,SOURCE_UNMEASURED_FRACTION_GAP,puckworks/data/schmieder2023/raw_fractions.csv,287,f3511dd46648fb34962c9d774cc901fa65acd7f0caaf130f143e4f04dbb0915f,PRIMARY_DIRECT_MEASUREMENT
15,3,7,caffeine,371.15,3e-06,2.0,0.0057181,0.04148435,0.038625299999999994,0.044343400000000005,1.83323,0.00183323,1.0482592463e-05,0.00015125542290599997,FRACTION_MASS_MIDPOINT,SOURCE_UNMEASURED_FRACTION_GAP,puckworks/data/schmieder2023/raw_fractions.csv,288,f3511dd46648fb34962c9d774cc901fa65acd7f0caaf130f143e4f04dbb0915f,PRIMARY_DIRECT_MEASUREMENT
15,3,7,trigonelline,371.15,3e-06,2.0,0.0057181,0.04148435,0.038625299999999994,0.044343400000000005,0.732,0.000732,4.185649199999999e-06,8.661017379799998e-05,FRACTION_MASS_MIDPOINT,SOURCE_UNMEASURED_FRACTION_GAP,puckworks/data/schmieder2023/raw_fractions.csv,288,f3511dd46648fb34962c9d774cc901fa65acd7f0caaf130f143e4f04dbb0915f,PRIMARY_DIRECT_MEASUREMENT
15,3,10,caffeine,371.15,3e-06,2.0,0.005579799999999999,0.058092700000000004,0.0553028,0.0608826,1.09491,0.0010949100000000002,6.1093788179999995e-06,0.00015736480172399997,FRACTION_MASS_MIDPOINT,SOURCE_UNMEASURED_FRACTION_GAP,puckworks/data/schmieder2023/raw_fractions.csv,289,f3511dd46648fb34962c9d774cc901fa65acd7f0caaf130f143e4f04dbb0915f,PRIMARY_DIRECT_MEASUREMENT
15,3,10,trigonelline,371.15,3e-06,2.0,0.005579799999999999,0.058092700000000004,0.0553028,0.0608826,0.3498,0.0003498,1.9518140399999998e-06,8.856198783799998e-05,FRACTION_MASS_MIDPOINT,SOURCE_UNMEASURED_FRACTION_GAP,puckworks/data/schmieder2023/raw_fractions.csv,289,f3511dd46648fb34962c9d774cc901fa65acd7f0caaf130f143e4f04dbb0915f,PRIMARY_DIRECT_MEASUREMENT
