run,t_hat,seconds,observed_E_mg,predicted_E_mg,remainder_mg,advection_contribution_mg,dispersion_contribution_mg,endpoint_release_contribution_mg,endpoint_storage_contribution_mg,boundary_flux_contribution_mg
reference_replay,0.0,0.0,0.0,0.0,0.0,-0.0,-0.0,-0.0,-0.0,0.0
reference_replay,0.001000100010001,0.033903390339033904,0.08390629912492507,0.16198640712161425,-0.07808010799668917,-0.09604555334524202,0.06608258235711884,1.2852272935957414,-1.0932779154860037,-1.2920622025441553e-16
reference_replay,0.002000200020002,0.06780678067806781,0.1467760727563723,0.23262764005275868,-0.08585156729638638,-0.354783231932801,0.24998561074507905,2.234771279331127,-1.897346018090647,4.245347236930796e-16
reference_replay,0.003000300030003,0.1017101710171017,0.19896525962817838,0.2875862663474866,-0.0886210067193082,-0.7326022744661893,0.5286237446584459,3.0546656072202034,-2.5631008110649747,1.033649762035324e-15
reference_replay,0.004000400040004,0.13561356135613561,0.2436607883148633,0.3336783482087508,-0.09001755989388752,-1.2058617281090087,0.8867564098765468,3.7887779110473963,-3.1359942446061844,1.033649762035324e-15
reference_replay,0.005000500050005001,0.1695169516951695,0.2828150250299316,0.37415487014124016,-0.09133984511130855,-1.7581967628700228,1.3127790058993976,4.459026593614668,-3.6394539665028045,2.1042155870004815e-15
reference_replay,0.006000600060006,0.2034203420342034,0.3180846449989623,0.41184251623993284,-0.09375787124097057,-2.3772183710422428,1.7974081048688362,5.0790370279254065,-4.087384245512071,3.765438418842965e-15
reference_replay,0.0070007000700070005,0.2373237323732373,0.3499184003882429,0.4461541679100722,-0.09623576752182927,-3.0532706198770083,2.3330911134712875,5.65789614969468,-4.491562475378891,4.1715151110711284e-15
reference_replay,0.008000800080008,0.27122712271227123,0.37831211745277993,0.4757712425974494,-0.09745912514466948,-3.7788729447846707,2.9137102940247877,6.201679857570254,-4.860745964212923,1.573756602841785e-15
reference_replay,0.009000900090009001,0.3051305130513051,0.4040112653720717,0.5020903486497519,-0.09807908327768017,-4.547903924710993,3.534141077388997,6.714979773771254,-5.199126577799505,-7.008467411130838e-16
reference_replay,0.010001000100010001,0.339033903390339,0.427323226353765,0.5256504497738965,-0.0983272234201315,-5.355109166450813,4.189958878049168,7.201651526595424,-5.510850788419879,-3.944357123337634e-15
reference_replay,0.011001100110011002,0.37293729372937295,0.4486529410733247,0.5470302508517313,-0.09837730977840659,-6.1959989975376315,4.877336625164492,7.664844298442668,-5.79915167521779,-7.515567370883668e-15
reference_replay,0.012001200120012,0.4068406840684068,0.46815792149345664,0.5664724071246046,-0.09831448563114792,-7.066709635704396,5.5929414037553284,8.107141939376792,-6.066901300303112,-7.737063748462667e-15
reference_replay,0.013001300130013,0.44074407440744073,0.4860380079139822,0.5842350889877751,-0.09819708107379288,-7.963903119123561,6.333859913735566,8.530678061632647,-6.316399767256873,-4.354978516612808e-15
reference_replay,0.014001400140014001,0.4746474647464746,0.5024399364968823,0.6004631045449285,-0.09802316804804612,-8.884672721064975,7.097527423871653,8.937239164587169,-6.549630762848921,3.3690095832625693e-15
reference_replay,0.015001500150015001,0.5085508550855086,0.5174087731498039,0.6152128045734605,-0.09780403142365657,-9.826483295840633,7.88168367508313,9.328341468552734,-6.7683290432217795,9.468690914225294e-15
reference_replay,0.016001600160016,0.5424542454245425,0.531824807210141,0.6293927838160676,-0.09756797660592653,-10.78703129795989,8.684265045109484,9.705321126814235,-6.973162090147772,1.082493738598135e-14
reference_replay,0.017001700170017002,0.5763576357635763,0.5454976909557356,0.6428500173745493,-0.09735232641881364,-11.76422412851773,9.503388396627953,10.069356140339115,-7.165670391074797,8.240812980893038e-15
reference_replay,0.018001800180018002,0.6102610261026102,0.5584122060764839,0.6555599433036482,-0.0971477372271643,-12.756237276493042,10.337395116696152,10.421453555370949,-7.347051452270419,8.314645106752704e-15
reference_replay,0.019001900190019003,0.6441644164416441,0.5708711168553716,0.6677188446197487,-0.09684772776437711,-13.761441343863018,11.184794583713275,10.762504148676811,-7.518138543907334,1.3861143948321677e-14
reference_replay,0.020002000200020003,0.678067806780678,0.5822652804447238,0.6788832196366926,-0.09661793919196882,-14.778414889451929,12.044274144901173,11.09328074115431,-7.68025677696688,1.8512567877480637e-14
reference_replay,0.021002100210021003,0.711971197119712,0.5932958868872646,0.6895867567847287,-0.09629086989746405,-15.805881928202997,12.91464803715495,11.4144681417003,-7.833647493867547,2.0653699527410953e-14
reference_replay,0.022002200220022004,0.7458745874587459,0.6036796567811381,0.6996406022962521,-0.09596094551511403,-16.84266743157613,13.79482208194491,11.726691631158827,-7.979205679231373,2.0136874646393286e-14
reference_replay,0.023002300230023004,0.7797779777977798,0.6132163661607393,0.708912700837337,-0.09569633467659777,-17.887749321339083,14.68383499504668,12.030495596346857,-8.117668569217132,1.4885704308262978e-14
reference_replay,0.024002400240024,0.8136813681368136,0.6225142089474949,0.7178373769190396,-0.09532316797154472,-18.940178759481906,15.580792711945621,12.326381290472254,-8.249157866016942,1.268891933666105e-14
reference_replay,0.025002500250025,0.8475847584758475,0.6310484904353907,0.7260978701813049,-0.09504937974591421,-19.99908869401428,16.48487566134237,12.614805906604918,-8.37449500375172,1.494024072082712e-14
reference_replay,0.026002600260026,0.8814881488148815,0.6392045232634836,0.733935582181621,-0.09473105891813738,-21.063703521018446,17.39534581686144,12.89617969722815,-8.49388641088954,1.784696183563616e-14
reference_replay,0.027002700270027002,0.9153915391539154,0.6469452312785882,0.7413570267290857,-0.0944117954504975,-22.133297209935805,18.311511684900967,13.170885107704631,-8.607742555940732,2.3346896757627532e-14
reference_replay,0.028002800280028002,0.9492949294929492,0.6540608822108089,0.7482697309051487,-0.09420884869433976,-23.20721948641913,19.23275043910147,13.439267620869586,-8.716528842646806,3.041548512685994e-14
reference_replay,0.029002900290029002,0.9831983198319831,0.6608314377837292,0.7548308508895829,-0.09399941310585369,-24.28487390157649,20.158488693163676,13.701645460335305,-8.820429401032946,3.7345498646467034e-14
reference_replay,0.030003000300030003,1.0171017101710171,0.6671547638381531,0.7610156918039669,-0.0938609279658138,-25.365705595916808,21.08819197174043,13.95831538825122,-8.919786072270915,4.032605188713574e-14
reference_replay,0.031003100310031003,1.051005100510051,0.6730450321712411,0.7668300892396982,-0.09378505706845708,-26.44921119474964,22.021373047795965,14.209549312676128,-9.014881076482792,3.8406416614784426e-14
reference_replay,0.032003200320032,1.084908490849085,0.6785292239013674,0.7722848171219048,-0.09375559322053739,-27.534930490671726,22.957584331512532,14.455597705806301,-9.10596672952524,3.864609179655147e-14
reference_replay,0.033003300330033,1.1188118811881187,0.6836571668794,0.7774137106118999,-0.09375654373249986,-28.622439243700573,23.896411619130586,14.696693047192744,-9.1932517120109,4.33338733340865e-14
reference_replay,0.034003400340034004,1.1527152715271527,0.6885020875368182,0.7822543607230867,-0.09375227318626855,-29.71134296462297,24.83746861654154,14.933052625948118,-9.276923917143652,4.9507386790908913e-14
reference_replay,0.035003500350035,1.1866186618661865,0.6931669506197584,0.7868571741265062,-0.09369022350674783,-30.80127242201309,25.7803928210956,15.164880360647116,-9.35714358560318,6.014718540768731e-14
reference_replay,0.036003600360036005,1.2205220522052205,0.6974881258777301,0.791172864327417,-0.09368473844968683,-31.891889447819576,26.72485085810788,15.39236618552756,-9.434154731488517,6.811993809142378e-14
reference_replay,0.037003700370037,1.2544254425442543,0.7014101563539826,0.7951964666828685,-0.09378631032888585,-32.98288951290194,27.67054088016641,15.615686211997941,-9.508141112579615,7.401630184899553e-14
reference_replay,0.038003800380038005,1.2883288328832883,0.7050822701909976,0.7990046419002095,-0.09392237170921192,-34.073986911508634,28.617179152141876,15.835007117804624,-9.57919471653774,8.347478645201936e-14
reference_replay,0.039003900390039,1.322232223222322,0.7085653937215501,0.8026440713901573,-0.09407867766860711,-35.16490816851103,29.564494113437235,16.050488400814555,-9.647430274350691,9.285034952708943e-14
reference_replay,0.040004000400040006,1.356135613561356,0.7119421502722777,0.8061739906008957,-0.09423184032861798,-36.25539262123485,30.51222696434993,16.262282814013258,-9.712943166527545,9.851612750498819e-14
reference_replay,0.041004100410041,1.39003900390039,0.7151079267696729,0.8095223137443355,-0.09441438697466253,-37.3452028700169,31.460140432109544,16.47053244114818,-9.775947689496586,9.659649223263687e-14
reference_replay,0.04200420042004201,1.423942394239424,0.7179957873259062,0.812640936037017,-0.09464514871111085,-38.43413305415733,32.40802568250715,16.675365679710772,-9.836617372023666,8.723910796175479e-14
reference_replay,0.043004300430043,1.4578457845784578,0.7207534967756364,0.8156259938960262,-0.09487249712038981,-39.52198972649233,33.35568586481869,16.8769046444486,-9.894974788879013,7.855530222570379e-14
reference_replay,0.04400440044004401,1.4917491749174918,0.7234428406483767,0.8185092463097151,-0.0950664056613384,-40.60858317190068,34.30292856286137,17.075268462433232,-9.951104607084275,7.342452793301072e-14
reference_replay,0.045004500450045004,1.5256525652565256,0.7261428898464278,0.8213290981969114,-0.09518620835048353,-41.693732837501464,35.249570279887216,17.270571178292997,-10.005079522481907,7.00748140630437e-14
reference_replay,0.04600460046004601,1.5595559555955596,0.7287381607586675,0.8240367316641767,-0.0952985709055092,-42.77727392648256,36.195442322667525,17.46291986952658,-10.057051534047442,7.185587448576971e-14
reference_replay,0.047004700470047005,1.5934593459345934,0.7310811253017363,0.8265684883886909,-0.0954873630869546,-43.85906548826905,37.140398031705814,17.65241234254986,-10.107176397598009,7.964460530941071e-14
reference_replay,0.048004800480048,1.6273627362736272,0.7333376941167827,0.828998682366587,-0.09566098824980429,-44.93897729895574,38.0843009308726,17.839141287115368,-10.155466236665724,8.386212588550568e-14
reference_replay,0.049004900490049005,1.6612661266126612,0.7355392867528269,0.831340374423842,-0.09580108767101514,-46.01688198119536,39.027017590528594,18.0231967686068,-10.20199200351628,8.6889243045752e-14
reference_replay,0.05000500050005,1.695169516951695,0.737726792063692,0.8336093291243613,-0.09588253706066929,-47.092660107445624,39.96842217066102,18.20466475205104,-10.246817486142172,9.475180599525266e-14
reference_replay,0.051005100510051006,1.729072907290729,0.739847276585933,0.8357881837469199,-0.09594090716098691,-48.166202169879476,40.90839827949011,18.383626733756497,-10.290034659620307,9.860925534414336e-14
reference_replay,0.052005200520052,1.762976297629763,0.7417829787167429,0.8378369756933646,-0.09605399697662165,-49.2374126580259,41.84684281819769,18.56015884117916,-10.331752025657686,1.0038122636477533e-13
reference_replay,0.05300530053005301,1.796879687968797,0.7436379332595394,0.83979280292671,-0.09615486966717057,-50.306204401968444,42.7836606528557,18.7343334099056,-10.37199685786625,1.0379568295850802e-13
reference_replay,0.054005400540054004,1.8307830783078307,0.7454270261045695,0.8416609456557707,-0.0962339195512012,-51.37249404124235,43.71876034710457,18.906220249141544,-10.4108256093481,1.0394334721022735e-13
reference_replay,0.05500550055005501,1.8646864686468647,0.747171342414149,0.8434483696096434,-0.09627702719549447,-52.43620428216337,44.65205629159523,19.075886167289834,-10.448289807112154,9.999388693128895e-14
reference_replay,0.056005600560056004,1.8985898589858985,0.7488502374051033,0.8451513357623958,-0.0963010983572925,-53.49726415774639,45.58346899029026,19.24339498167438,-10.484448478455944,9.468818018059452e-14
reference_replay,0.05700570057005701,1.9324932493249325,0.7503814105509037,0.8467503546914188,-0.09636894414051511,-54.55561071342412,46.51292674396483,19.40880713586734,-10.519372811716721,8.818298061195735e-14
reference_replay,0.05900590059005901,2.0003000300030003,0.7532202095597804,0.8497030979135638,-0.09648288835378338,-56.6639372360173,48.365715218462874,19.733570900824805,-10.585645785356885,6.612870451142771e-14
reference_replay,0.060006000600060005,2.0342034203420343,0.7545599585428401,0.851070677977379,-0.09651071943453893,-57.713812282819056,49.288923118785114,19.893032402621063,-10.617072560609797,5.496299161153763e-14
reference_replay,0.06100610061006101,2.0681068106810683,0.7558302770717596,0.852363381272279,-0.0965331042005193,-58.76076555109259,50.20993177715068,20.050616705232024,-10.647419550017885,5.0570538577441226e-14
reference_replay,0.062006200620062006,2.102010201020102,0.7568946847600487,0.8535408692921554,-0.09664618453210672,-59.80475908691873,51.12869379497352,20.206372208116143,-10.67676604687883,4.983221731884457e-14
reference_replay,0.063006300630063,2.135913591359136,0.7578286514570546,0.8546285289052352,-0.09679987744818064,-60.845760005503564,52.04516669493515,20.360344986317546,-10.705123146843945,5.0736381633348604e-14
reference_replay,0.064006400640064,2.16981698169817,0.7586266724695456,0.8556267252542675,-0.0970000527847219,-61.88373674264359,52.95930946153475,20.51258000496511,-10.732525998602057,5.6180663233668376e-14
reference_replay,0.06500650065006501,2.203720372037204,0.7592856724994946,0.8565365748834887,-0.09725090238399403,-62.918660990063145,53.871084320915585,20.663120521348258,-10.759007277317274,6.407958379154517e-14
reference_replay,0.067006700670067,2.2715271527152714,0.7601898889230736,0.8581003849414934,-0.09791049601841983,-64.97925291007786,55.68739342219441,20.95928332147675,-10.8093234486519,9.349777676474581e-14
reference_replay,0.06800680068006801,2.3054305430543054,0.7604462520632993,0.8587617173808397,-0.09831546531754043,-66.00487701746161,56.59186531166951,21.1049847471488,-10.83321132397597,1.0949893545389038e-13
reference_replay,0.06900690069006901,2.3393339333933394,0.7605870322411553,0.8593497437762393,-0.09876271153508398,-67.02736078730216,57.49384391954007,21.24915020320467,-10.856283591666465,1.2132913748651753e-13
reference_replay,0.07000700070007,2.373237323732373,0.7606298851230113,0.8598716098337944,-0.09924172471078307,-68.04668681046414,58.39330265862013,21.391816320941604,-10.878560559263931,1.2989254717713122e-13
reference_replay,0.07200720072007201,2.441044104410441,0.7602728908282753,0.8606803385326437,-0.10040744770436838,-70.07580849706463,60.18456679144691,21.672790805058685,-10.920868760908467,1.4172274920975837e-13
reference_replay,0.07300730073007301,2.474947494749475,0.7598570767999876,0.8609664608117905,-0.10110938401180292,-71.08558641996439,61.07633581079683,21.811165323120175,-10.940948253140967,1.4089241702111401e-13
reference_replay,0.074007400740074,2.5088508850885085,0.7593494681758234,0.8611957488404635,-0.10184628066464008,-72.09216305187239,61.965504773798955,21.94817461802327,-10.96032059110951,1.3819810288178996e-13
reference_replay,0.07600760076007601,2.5766576657665765,0.7581748889442546,0.8615240135577613,-0.10334912461350676,-74.09567472058637,63.73596993572385,22.218223849997667,-10.996995051577512,1.287680033941557e-13
reference_replay,0.07700770077007701,2.6105610561056105,0.7575821263914806,0.8616473705698047,-0.10406524417832408,-75.09259131003745,64.61723070114215,22.351325553807207,-11.014317574342227,1.2518770374451562e-13
reference_replay,0.078007800780078,2.644464446444644,0.7570469723091062,0.8617628798308854,-0.10471590752177917,-76.08626913007353,65.49581999685654,22.48318575642126,-11.030973743373504,1.2190273259831427e-13
reference_replay,0.08000800080008001,2.712271227122712,0.7563798322301629,0.8620403917197006,-0.10566055948953768,-78.06386708340344,67.24491121327428,22.743301099672006,-11.062304837823271,1.2433919275168326e-13
reference_replay,0.081008100810081,2.7461746174617456,0.7563841494970936,0.8622428075809508,-0.1058586580838572,-79.04776402258983,68.1153747833053,22.87161549550475,-11.076983448639393,1.2716299233853859e-13
reference_replay,0.08300830083008301,2.813981398139814,0.7548927951908507,0.8621800041811792,-0.10728720899032851,-81.00578518617455,69.84812648580701,23.124876888995896,-11.105038184447306,1.2330554298964788e-13
reference_replay,0.08400840084008401,2.847884788478848,0.7541021344825687,0.8621121688566564,-0.10801003437408774,-81.97992687613389,70.71041519620462,23.249868892629646,-11.11824504384384,1.1728878318663883e-13
reference_replay,0.086008600860086,2.9156915691569156,0.7525335394114162,0.8619355430529932,-0.10940200364157704,-83.91847994580947,72.42678743980893,23.496695343259894,-11.143067294206482,1.1335750171188851e-13
reference_replay,0.08800880088008801,2.9834983498349836,0.7511384951555897,0.8617492987744229,-0.11061080361883313,-85.84407271606945,74.13218354551739,23.73946583504602,-11.165827365719643,1.0241328518957736e-13
reference_replay,0.089008900890089,3.017401740174017,0.7505784011928925,0.8616721062304288,-0.11109370503753624,-86.80201460130667,74.98075326336729,23.859386273045597,-11.176452828875888,9.534469682034501e-14
reference_replay,0.09100910091009101,3.085208520852085,0.7499131010141472,0.8615955074243363,-0.11168240641018912,-88.70820033310542,76.66961271123279,24.096406658638003,-11.196223529341104,7.43047747685551e-14
reference_replay,0.093009300930093,3.1530153015301527,0.7487104970127627,0.8613506270683031,-0.11264013005554041,-90.60150672256685,78.34743685739073,24.329796816546263,-11.214376324301908,6.769735795866874e-14
reference_replay,0.09400940094009401,3.1869186918691867,0.7480858190734883,0.8612089059877168,-0.11312308691422857,-91.54336088967013,79.1822236021275,24.44517479625864,-11.222828602728356,6.443056561665537e-14
reference_replay,0.096009600960096,3.2547254725472543,0.7469116803927306,0.8609154967678992,-0.11400381637516865,-93.417518270708,80.84356041751043,24.673386273831124,-11.2385129238657,4.540228976726461e-14
reference_replay,0.09800980098009801,3.3225322532253223,0.7459075349466886,0.8606219110125952,-0.11471437606590662,-95.27900725031499,82.49393854715059,24.898319846045457,-11.252629231868513,4.973908947968939e-14
reference_replay,0.1000100010001,3.39033903390339,0.7451807148814299,0.8603461764596573,-0.11516546157822738,-97.12791240917304,84.13339303502944,25.12010714113842,-11.265241590535227,5.854217435207017e-14
reference_replay,0.10101010101010101,3.424242424242424,0.744963172737281,0.8602214837473812,-0.1152583110101002,-98.04767377169398,84.9490366713702,25.229860299880354,-11.271001715809254,6.592427002892931e-14
reference_replay,0.10301030103010302,3.4920492049204923,0.7442307677390957,0.8599031822054591,-0.11567241446636345,-99.87787890251617,86.57219228278902,25.44715956571489,-11.281569763782347,6.965223393028872e-14
reference_replay,0.10501050105010501,3.55985598559856,0.7434605239752881,0.8595527341372702,-0.11609221016198212,-101.69575504133434,88.18456216051004,25.661609348544363,-11.290863733582869,7.216252620951736e-14
reference_replay,0.10701070107010702,3.627662766276628,0.7427485185106847,0.8591847559559697,-0.11643623744528497,-103.50141372437103,89.78621413970852,25.873317687814026,-11.298933347195618,7.535548642567105e-14
reference_replay,0.10901090109010901,3.6954695469546954,0.7421195381634466,0.8588012181843215,-0.11668168002087498,-105.29496990705856,91.37722126434649,26.082387285404863,-11.305837424508553,8.142789955035164e-14
reference_replay,0.11101110111011102,3.7632763276327634,0.7416125029959806,0.8584055325591515,-0.11679302956317095,-107.07654155022816,92.95766134310541,26.288915803748438,-11.311630064066618,7.434113237693116e-14
reference_replay,0.11301130113011301,3.831083108310831,0.7410193377695012,0.8579838035702977,-0.11696446580079645,-108.84624889131904,94.52761603984538,26.492996264650213,-11.31637960960632,5.714048086984401e-14
reference_replay,0.115011501150115,3.8988898889888985,0.7403702598920542,0.8575408690876564,-0.11717060919560218,-110.60421370979785,96.08716996242849,26.694717434936436,-11.32013281847946,3.6507193964836154e-14
reference_replay,0.11701170117011701,3.9666966696669665,0.7397305588886733,0.8570851191593571,-0.1173545602706838,-112.35055777521195,97.63640952058537,26.894164220776947,-11.322930846991031,2.0875195904989926e-14
reference_replay,0.12001200120012001,4.0684068406840685,0.7388486670829065,0.8563931018434724,-0.11754443476056586,-114.94854918292069,99.94112037497987,27.18924716847155,-11.32542525868728,1.5430914304670176e-14
reference_replay,0.12201220122012202,4.1362136213621365,0.7383397158194167,0.8559358813840123,-0.11759616556459562,-116.66636716704465,101.46495588438722,27.38335734854424,-11.32601018450282,2.3772827617704975e-14
reference_replay,0.12401240124012401,4.204020402040204,0.7377432953040689,0.8554657976494436,-0.11772250234537474,-118.37298651524574,102.97878725767,27.57546313880714,-11.325798083582002,4.049301185215058e-14
reference_replay,0.126012601260126,4.271827182718272,0.7371628306897472,0.8549997148058756,-0.11783688411612836,-120.0685300042375,104.48270771392224,27.765633563013584,-11.324811557892522,7.760680780983703e-14
reference_replay,0.12901290129012902,4.373537353735373,0.7363540367506042,0.8543201432420039,-0.11796610649139971,-122.59133827993486,106.72020438985611,28.047405773620657,-11.321951740300035,1.3439407303635603e-13
reference_replay,0.13101310131013102,4.441344134413441,0.7358841214795453,0.8538886712178846,-0.11800454973833929,-124.25971033966927,108.19974472746065,28.233024193634094,-11.319169910207753,1.583123310875654e-13
reference_replay,0.134013401340134,4.543054305430543,0.7352291093223183,0.8532707814606614,-0.11804167213834305,-126.74230948190659,110.40109612018854,28.508257589684135,-11.313773446505568,1.4179434751740317e-13
reference_replay,0.13601360136013602,4.610861086108611,0.734824552644973,0.8528814240927964,-0.1180568714478234,-128.38424048522188,111.85682650130362,28.689699650684556,-11.309404242673615,1.2084755330476844e-13
reference_replay,0.13901390139013903,4.712571257125713,0.7342765863920916,0.8523358083176847,-0.11805922192559315,-130.82772452583336,114.02289775533585,28.95892664451339,-11.30176406569827,7.804980056499498e-14
reference_replay,0.14001400140014,4.746474647464746,0.7341050854176405,0.8521635271238566,-0.11805844170621604,-131.6371006467902,114.74029507991992,29.04791146864798,-11.298942374653896,5.859782767374218e-14
reference_replay,0.141014101410141,4.78037803780378,0.7339361500735723,0.8519954100536175,-0.11805925998004518,-132.44394181946268,115.45539888624631,29.136527690228704,-11.295989346958761,4.0031840292804845e-14
reference_replay,0.14401440144014402,4.882088208820882,0.73351814966537,0.8515331046527095,-0.1180149549873395,-134.84939764303476,117.58706477535436,29.40022363752208,-11.286357665188968,-1.8060948107929547e-15
reference_replay,0.14601460146014603,4.94989498949895,0.7333055357783994,0.8512597598437125,-0.11795422406531308,-136.44061578202295,118.99691640698681,29.57428446863207,-11.27932533375221,-1.3874855116079669e-14
reference_replay,0.149014901490149,5.0516051605160515,0.7330445609200478,0.8508942317260022,-0.11784967080595443,-138.8090942480451,121.0950363063394,29.832878953565775,-11.267926780134038,-1.599557414360689e-14
reference_replay,0.15201520152015202,5.153315331533153,0.7328103945913578,0.8505739429541956,-0.11776354836283787,-141.1558903891864,123.17344726140104,30.088598480884908,-11.255581410145357,3.752844160192605e-15
reference_replay,0.155015501550155,5.255025502550255,0.7327502364549983,0.8503321914901847,-0.11758195503518643,-143.48137269268216,125.23245754348856,30.341572560809283,-11.24232522012557,6.502569025996242e-14
reference_replay,0.15801580158015802,5.356735673567356,0.7328317102282701,0.8501631775309769,-0.11733146730270683,-145.78589465899657,127.27236334351292,30.591924708326648,-11.22823021531221,1.8659226911003242e-13
reference_replay,0.16001600160016002,5.424542454245424,0.7329763050874514,0.8500946594349783,-0.11711835434752693,-147.31077071751778,128.62183278182985,30.757426933918683,-11.218394338796061,2.8800491141862845e-13
reference_replay,0.16101610161016103,5.458445844584459,0.7330787886649003,0.8500747323263295,-0.11699594366142918,-148.06980516972826,129.293459372985,30.839770688648645,-11.213350159579416,3.436665159530644e-13
reference_replay,0.164016401640164,5.56015601560156,0.7335206728314223,0.8500776335368034,-0.11655696070538113,-150.3334423074634,131.29603251933216,31.085220277034697,-11.197732855367196,5.447198295496228e-13
reference_replay,0.16701670167016702,5.661866186618662,0.7341900925617992,0.8501860339182088,-0.11599594135640956,-152.57713158736118,133.280360073501,31.32837803078842,-11.181420483010768,7.48946807649041e-13
reference_replay,0.17001700170017,5.763576357635763,0.7351225053600405,0.8504181802658319,-0.1152956749057914,-154.80118403318212,135.246707840923,31.56934405572688,-11.164449683202829,9.112983761273767e-13
reference_replay,0.17301730173017302,5.865286528652865,0.7362003900039059,0.850767455642573,-0.11456706563866703,-157.00589697669483,137.19533082933026,31.808214082800294,-11.146880479794138,9.85082975287592e-13
reference_replay,0.17601760176017603,5.966996699669967,0.736829544928097,0.8511219957257068,-0.11429245079760975,-159.19160878073015,139.12652432195864,32.045066872900655,-11.128860418404432,9.925025454819348e-13
reference_replay,0.179017901790179,6.068706870687068,0.7373451273959442,0.851540180916331,-0.11419505352038684,-161.35865350468052,141.04058098711513,32.27997578673998,-11.110363088259238,9.701529408779665e-13
reference_replay,0.18001800180018002,6.102610261026102,0.7374856287457788,0.8516923842552856,-0.11420675550950676,-162.0769075577467,141.67483901997528,32.35785944873365,-11.104098526707908,9.57750819097204e-13
reference_replay,0.18301830183018303,6.204320432043205,0.737799775174371,0.8521830210488901,-0.11438324587451909,-164.21954788801094,143.5664717557746,32.59028827517753,-11.085029121893188,8.999668201715794e-13
reference_replay,0.186018601860186,6.3060306030603055,0.7379424831777144,0.8527175720062676,-0.11477508882855325,-166.34424468288873,145.44160320879,32.82093434899343,-11.065575302889284,8.34246984625149e-13
reference_replay,0.19001900190019003,6.4416441644164415,0.737871202926238,0.8534816447242461,-0.11561044179800817,-169.14978913071323,147.91657595919673,33.12579416512909,-11.039099348889113,7.622712725484955e-13
reference_replay,0.193019301930193,6.543354335433543,0.7376290836195396,0.8540878304226884,-0.11645874680314883,-171.233800697487,149.75425066236122,33.35251057567023,-11.0188727101225,7.405497994688882e-13
reference_replay,0.19701970197019703,6.678967896789679,0.7368727956340466,0.8550300901213861,-0.11815729448733947,-173.98613607421274,152.18019843517507,33.652336301696295,-10.991368572537986,7.434110735732272e-13
reference_replay,0.2000200020002,6.78067806780678,0.7362170881580864,0.8558071980397587,-0.11959010988167229,-176.03096432318569,153.9817420308281,33.87542929114457,-10.970399800747968,7.543933230675756e-13
reference_replay,0.20402040204020402,6.916291629162916,0.7354429552060131,0.8569513212670918,-0.12150836606107873,-178.7320014401048,156.36034928059942,34.17061359918756,-10.942010118415851,7.552071518156933e-13
reference_replay,0.208020802080208,7.051905190519052,0.7351369236573021,0.8582420289462626,-0.12310510528896046,-181.40455573074277,158.71263647951457,34.46330499024781,-10.913143710074085,7.333573101976623e-13
reference_replay,0.21202120212021203,7.187518751875188,0.7358127742239575,0.8597132298207666,-0.12390045559680907,-184.0491985318435,161.03910445525273,34.75361469503812,-10.883807388627242,6.666231206024913e-13
reference_replay,0.21602160216021601,7.323132313231323,0.73584092640396,0.8612582524021437,-0.12541732599818367,-186.66648516957278,163.34024301767175,35.041644934293814,-10.854144529991204,5.620175180777423e-13
reference_replay,0.22002200220022003,7.458745874587459,0.7355790841532961,0.8629073222671149,-0.12732823811381877,-189.25697027264707,165.6165524029143,35.32748008340155,-10.82415489140211,4.5012183080618125e-13
reference_replay,0.22402240224022402,7.594359435943594,0.7357007187750982,0.8647106722005505,-0.1290099534254523,-191.821173305847,167.86849426516812,35.61120984191107,-10.793820129031992,3.4693665902240015e-13
reference_replay,0.22802280228022803,7.72997299729973,0.7365082415114327,0.866695134355221,-0.13018689284378837,-194.359591427968,170.09650964599481,35.89292194503916,-10.763145028711016,2.725790232049418e-13
reference_replay,0.23202320232023202,7.865586558655865,0.7383930888970663,0.8688949656733115,-0.13050187677624514,-196.87270021351057,172.30101976739056,36.17270267928017,-10.732127267487085,2.3832538444248693e-13
reference_replay,0.23602360236023603,8.001200120012001,0.7402051871836669,0.8712165890170148,-0.13101140183334792,-199.36096470509224,174.4824384102626,36.45063139261587,-10.700888508769488,2.7499674609956935e-13
reference_replay,0.24002400240024002,8.136813681368137,0.7418503613242768,0.8736519120676578,-0.13180155074338096,-201.82486338301834,176.64119905037205,36.726767488137654,-10.669451243424044,3.3589987311548747e-13
reference_replay,0.24102410241024103,8.17071707170717,0.7423142246830234,0.8742850026242308,-0.13197077794120737,-202.43708398298958,177.17739668074913,36.79552905583276,-10.661556750968428,3.506089696020879e-13
reference_replay,0.245024502450245,8.306330633063306,0.7444141392289502,0.8769170282573057,-0.1325028890283555,-204.8711570057733,179.30840347813296,37.069515300190176,-10.629844744292942,4.255203463634932e-13
reference_replay,0.25002500250025,8.475847584758474,0.7477029672795914,0.8804394378066518,-0.1327364705270604,-207.88093352803034,181.9416059075767,37.40968418907547,-10.58991713081566,4.809979290378337e-13
reference_replay,0.254025402540254,8.61146114611461,0.7509284575022611,0.8834465454929329,-0.13251808799067177,-210.2630191413241,184.02419043583328,37.680038918774265,-10.557763667790976,4.611217006501641e-13
reference_replay,0.25902590259025904,8.780978097809781,0.7547914292945724,0.8873659648065769,-0.1325745355120045,-213.20913044298464,186.59806097043628,38.015840170236224,-10.517404732881667,3.856207837909885e-13
reference_replay,0.26002600260026004,8.814881488148815,0.755600304855336,0.8881754326404422,-0.13257512778510616,-213.79421605086392,187.1089775203149,38.08272202205683,-10.509308058867742,3.704874318079719e-13
reference_replay,0.264026402640264,8.95049504950495,0.7589475895699259,0.891495750026969,-0.1325481604570431,-216.1209760771594,189.1399736363199,38.34934493484469,-10.476846743978497,2.9637058808138914e-13
reference_replay,0.269026902690269,9.12001200120012,0.7633713157644098,0.8958247088651208,-0.13245339310071103,-218.99932266644876,191.650629413149,38.680637756792414,-10.436119794627771,2.3467460339430987e-13
reference_replay,0.27402740274027404,9.289528952895289,0.7680480438672743,0.900340971625688,-0.13229292775841373,-221.84492152870087,194.130717898438,39.009795540521054,-10.395250938632785,2.7693846935798513e-13
reference_replay,0.279027902790279,9.459045904590457,0.7726119134167008,0.9050472000308724,-0.1324352866141716,-224.65847959329724,196.58088799197006,39.336890623163946,-10.354251821806276,3.8805836085346446e-13
reference_replay,0.28002800280028,9.492949294929492,0.7735226442582297,0.9060101661734992,-0.13248752191526947,-225.21740485341033,197.06738548317568,39.402068244511874,-10.34603870810415,4.2013395190305946e-13
reference_replay,0.284028402840284,9.628562856285628,0.7771448457336814,0.9099329466023793,-0.13278810086869797,-227.44066244663446,199.00175062993657,39.66199123972624,-10.313146476426528,5.624065328748896e-13
reference_replay,0.28902890289028904,9.798079807980798,0.781604777381986,0.9149934108667795,-0.13338863348479357,-230.19212519990214,201.39390927255272,39.98515979062419,-10.2719504524088,8.099304682454648e-13
reference_replay,0.295029502950295,10.001500150015,0.7868395411683625,0.9212927117081108,-0.13445317053974826,-233.45421520271142,204.22742689680865,40.37049378752609,-10.222412769916383,1.1798513146547506e-12
reference_replay,0.3000300030003,10.17101710171017,0.791126473068805,0.9267307286568045,-0.1356042555879995,-236.140276122938,206.55845033728102,40.68961299574341,-10.18105648143117,1.5394004227444183e-12
reference_replay,0.30603060306030605,10.374437443744375,0.7962720821468271,0.9334867242608532,-0.13721464211402612,-239.32559315262097,209.3201839842649,41.070243162743566,-10.131347270128549,1.903285772091957e-12
reference_replay,0.312031203120312,10.577857785778576,0.8016038351463138,0.940504355519013,-0.13890052037269918,-242.47039678865593,212.04402107256442,41.44843207929267,-10.081552007684268,2.121797032727004e-12
reference_replay,0.31703170317031704,10.747374737473747,0.8057153590494462,0.9465096141240207,-0.14079425507457444,-245.06077894474328,214.28554742081977,41.761782902863345,-10.040041764817936,2.1199506711259586e-12
reference_replay,0.32003200320032005,10.849084908490848,0.8078046987500648,0.9501593008107657,-0.14235460206070094,-246.60204589391165,215.6183372114868,41.9490185079927,-10.015150524759148,2.0782592833649727e-12
reference_replay,0.32303230323032306,10.950795079507952,0.8098255246128153,0.9538590120128417,-0.14403348740002642,-248.13373172310972,216.942164424688,42.13568194594449,-9.990255635511947,2.014310301930066e-12
reference_replay,0.329032903290329,11.154215421542153,0.8137387812361552,0.9614075735435068,-0.14766879230735164,-251.16880017137026,219.56334288917884,42.50732319799156,-9.940458342258493,1.8629007161558266e-12
reference_replay,0.33503350335033505,11.357635763576358,0.8176629525516588,0.969155623067564,-0.1514926705159052,-254.16684926969882,222.14989288255202,42.87676638496568,-9.890654374752986,1.6639686800413474e-12
reference_replay,0.34003400340034,11.527152715271527,0.8211557003095127,0.9757675745421199,-0.15461187423260725,-256.63755337282447,224.27946962843077,43.18299789984226,-9.849146580907906,1.4583372161869365e-12
reference_replay,0.342034203420342,11.594959495949594,0.8226625431530186,0.9784528881451153,-0.15579034499209676,-257.6189079477337,225.12482141857672,43.30508143463816,-9.83254201733744,1.3818020911111717e-12
reference_replay,0.34803480348034804,11.798379837983799,0.8277838453828414,0.9866529908048529,-0.15886914542201147,-260.53961369750596,227.639031654969,43.669955911742306,-9.782720878401681,1.195696990728425e-12
reference_replay,0.355035503550355,12.035703570357034,0.835454660047582,0.9965071000866802,-0.16105244003909824,-263.9036654121517,230.53165606451358,44.09309131660654,-9.72457486888282,1.101943593795939e-12
reference_replay,0.36003600360036003,12.205220522052205,0.8392621306602565,1.0036236322665362,-0.16436150160627971,-266.27852772837025,232.57160815644096,44.39368583236563,-9.683142628170948,1.1483415003532019e-12
reference_replay,0.36103610361036104,12.23912391239124,0.8400294005107457,1.0050615286676479,-0.16503212815690216,-266.75073522819497,232.97701408442407,44.45364208875247,-9.674859416315073,1.152770869450228e-12
reference_replay,0.36803680368036806,12.476447644764477,0.8455355196743681,1.0152649094873698,-0.16972938981300167,-270.0307693070397,235.7911004813502,44.8718417684914,-9.616908033315772,1.2192301431643633e-12
reference_replay,0.37503750375037503,12.713771377137713,0.8514871398576481,1.02571663792687,-0.17422949806922194,-273.2670809920928,238.5643344561665,45.28747422949649,-9.55901105564464,1.3308321772961463e-12
reference_replay,0.38003800380038005,12.883288328832883,0.8562108726385373,1.0333416537808562,-0.17713078114231884,-275.552535215129,240.52074551687264,45.58281930156023,-9.517687949524413,1.4166695917756752e-12
reference_replay,0.38203820382038206,12.951095109510952,0.8582523369141964,1.0364305888177672,-0.17817825190357073,-276.4606995605679,241.29769041836732,45.70060537450431,-9.501165643487422,1.4407173352744163e-12
reference_replay,0.38903890389038903,13.188418841884188,0.8663050137174113,1.0474268147843264,-0.1811218010669151,-279.6126125411114,243.99210343111895,46.11130130252218,-9.44336537774695,1.537868126905554e-12
reference_replay,0.39603960396039606,13.425742574257425,0.8760370763159041,1.058721434143357,-0.18268435782745296,-282.72376829050654,246.64847122044412,46.519629210889526,-9.385610706685322,1.5712539589618816e-12
reference_replay,0.4000400040004,13.56135613561356,0.8808208069540101,1.0652262968152637,-0.1844054898612536,-284.48362338377245,248.1496494674298,46.751914605198515,-9.352714392042175,1.5675072578017804e-12
reference_replay,0.40304030403040303,13.663066306630663,0.8845130034733127,1.0701533959331617,-0.18564039245984898,-285.79507444382136,249.2676624638055,46.925633203655345,-9.328067827707887,1.5741879482829728e-12
reference_replay,0.41104110411041106,13.934293429342935,0.8948475621088373,1.0834945133040135,-0.18864695119517616,-289.25745957415234,252.21657604423484,47.38683560243765,-9.262457559217664,1.521514869482192e-12
reference_replay,0.41904190419041903,14.205520552055205,0.9060101835776719,1.0971289596971512,-0.19111877611947925,-292.67018537418585,255.11922717306248,47.84511116960981,-9.197024008790764,1.4721085830234248e-12
reference_replay,0.42004200420042004,14.23942394239424,0.9074725006286075,1.0988538860799297,-0.19138138545132222,-293.09334478555235,255.47886367001513,47.902192903016434,-9.188857901400759,1.4710380171984596e-12
reference_replay,0.42604260426042606,14.442844284428443,0.9166024298909562,1.1092998596148758,-0.19269742972391957,-295.61652995408207,257.62200522842306,48.243749474279085,-9.139924889006652,1.4480971971330603e-12
reference_replay,0.43404340434043404,14.714071407140713,0.9298626419854863,1.12348594823935,-0.1936233062538637,-298.9393467527873,260.4409904187191,48.69669924685658,-9.07485696455044,1.4133079962308455e-12
reference_replay,0.44004400440044006,14.917491749174918,0.9400267028147756,1.1342959714367433,-0.1942692686219677,-301.4009971138375,262.526914537104,49.03459556209919,-9.026217013930355,1.391696712885474e-12
reference_replay,0.44204420442044207,14.985298529852985,0.9433827018751976,1.137927894925527,-0.19454519305032936,-302.2158343947576,263.2169157448334,49.14688444482569,-9.010037899977307,1.3818968943139874e-12
reference_replay,0.45104510451045104,15.29042904290429,0.9588718925692955,1.15445770058075,-0.19558580801145442,-305.8478309215514,266.28964245055,49.65008115199725,-8.937434980416466,1.3822853506565812e-12
reference_replay,0.4590459045904591,15.561656165616562,0.9731360854821084,1.1693905109225127,-0.19625442544040428,-309.02937087673797,268.97744866038374,50.09450722761649,-8.87319450034111,1.3620774361570966e-12
reference_replay,0.46004600460046,15.595559555955594,0.9749499067220304,1.1712718468000327,-0.1963219400780023,-309.4240128287852,269.31059679661024,50.149872906600436,-8.865185027626827,1.3633694983596409e-12
reference_replay,0.46704670467046705,15.832883288328832,0.987829160522995,1.184525781840326,-0.19669662131733112,-312.1678134146153,271.6253181559456,50.53627361409228,-8.809252573583604,1.353145982746292e-12
reference_replay,0.47604760476047603,16.138013801380136,1.0048402402007206,1.2017620236303312,-0.19692178342961064,-315.648261251575,274.5576094684469,51.030113228814926,-8.73769942205782,1.2924830893666943e-12
reference_replay,0.48004800480048004,16.273627362736274,1.012396850192216,1.2095018233256578,-0.19710497313344177,-317.17836626631475,275.8453491472811,51.24853603827242,-8.706017095914397,1.2630558069913995e-12
reference_replay,0.48504850485048506,16.443144314431443,1.021871293799312,1.21924053683336,-0.19736924303404813,-319.0767212585951,277.4418313903655,51.52065384016904,-8.6665234351073,1.2265968523098017e-12
reference_replay,0.49404940494049404,16.748274827482746,1.0390920586214893,1.2369272619826674,-0.1978352033611781,-322.454435985253,280.2791903448434,52.0079316951181,-8.595758792727027,1.1628330096440987e-12
reference_replay,0.5000500050005,16.95169516951695,1.050694573784534,1.2488206296012276,-0.19812605581669374,-324.67866230131716,282.14531760746183,52.330984856581495,-8.548819533126071,1.1309326302797822e-12
reference_replay,0.5030503050305031,17.053405340534052,1.0565369017747075,1.2547951881958015,-0.198258286421094,-325.7826342538768,283.0708772924327,52.49197465054487,-8.525422500906124,1.1098929874552686e-12
reference_replay,0.513051305130513,17.39243924392439,1.0762577823685908,1.2748297192668558,-0.19857193689826502,-329.4240083322528,286.1205907655371,53.02603587798708,-8.447788592005569,1.0706840653126764e-12
reference_replay,0.5200520052005201,17.62976297629763,1.0902052506605044,1.288954405462721,-0.19874915480221667,-331.9383256106868,288.22351438631745,53.39753675744942,-8.393771127618441,1.0671866871909898e-12
reference_replay,0.5220522052205221,17.6975697569757,1.094153757143371,1.2930067732260082,-0.19885301608263717,-332.65154582511366,288.81961014031305,53.503327556912325,-8.378385098886781,1.0769405002974526e-12
reference_replay,0.532053205320532,18.036603660366033,1.113983564724094,1.3133677292878578,-0.19938416456376373,-336.1838137409586,291.7690192194828,54.02994575318112,-8.301783502418584,1.1367551619114942e-12
reference_replay,0.54005400540054,18.307830783078305,1.1299871117469644,1.3297741450338192,-0.19978703328685476,-338.9697013703189,294.09191766245993,54.4484530551099,-8.240895202218317,1.1874708516951632e-12
reference_replay,0.5420542054205421,18.375637563756374,1.1340143485568397,1.3338923456835754,-0.1998779971267357,-339.66071860365395,294.6676432599206,54.55269501702722,-8.225727327611521,1.2015154590490268e-12
reference_replay,0.5520552055205521,18.714671467146715,1.1543688449698242,1.3545885624077312,-0.200219717437907,-343.08359734052135,297.51678497547624,55.071610091928754,-8.150209164477207,1.2935624653664777e-12
reference_replay,0.56005600560056,18.985898589858984,1.1709356802946285,1.3712731882995903,-0.20033750800496186,-345.78384998400816,299.7612997030234,55.48400688740069,-8.090183418117684,1.359476529084205e-12
reference_replay,0.562056205620562,19.053705370537052,1.1750748649644842,1.375455683066537,-0.20038081810205277,-346.4537119945578,300.31767670768915,55.58672810510862,-8.075237135174797,1.3764187681507836e-12
reference_replay,0.573057305730573,19.426642664266424,1.198021087482464,1.398566162751844,-0.20054507526938004,-350.1013805261365,303.34437498632707,56.14900391732716,-7.993432214767312,1.425778490689973e-12
reference_replay,0.5800580058005801,19.663966396639665,1.212775215932968,1.4133670692386042,-0.20059185330563611,-352.39088666042375,305.24152413652797,56.50445721330128,-7.941727620168353,1.4531577692544929e-12
reference_replay,0.583058305830583,19.765676567656765,1.219130548839851,1.4197328970515388,-0.20060234821168788,-353.3646653983403,306.047815326174,56.65623581099241,-7.919652841775986,1.4577163445717731e-12
reference_replay,0.594059405940594,20.138613861386137,1.2425570078063233,1.4431914668295258,-0.20063445902320254,-356.89758809661174,308.97002092668157,57.20990523112267,-7.839146594364433,1.460965237336876e-12
reference_replay,0.6000600060006,20.34203420342034,1.255423533566568,1.4560637521867814,-0.20064021862021342,-358.800089339609,310.5416513838668,57.51002671442464,-7.79552500649711,1.4323225609124786e-12
reference_replay,0.605060506050605,20.51155115511551,1.2662959395252393,1.4668251192067494,-0.20052917968151007,-360.37248671562384,311.8395292974868,57.7591190053053,-7.759336467962932,1.3963159676154107e-12
reference_replay,0.6160616061606161,20.884488448844884,1.290415343502366,1.4906058477045092,-0.20019050420214324,-363.7907752896104,314.65771553399185,58.303906879128355,-7.680241275806584,1.2846420559487052e-12
reference_replay,0.62006200620062,21.02010201020102,1.2992366522518013,1.499284625371957,-0.20004797312015565,-365.0200213700149,315.6700462567665,58.50091919214714,-7.651659453528048,1.2450920790649284e-12
reference_replay,0.628062806280628,21.29132913291329,1.31691230187884,1.5166803234773591,-0.19976802159851914,-367.45685758145163,317.67512670084074,58.893201568568294,-7.5947903644812165,1.1754966153654183e-12
reference_replay,0.6400640064006401,21.698169816981697,1.343356215552825,1.542831155418225,-0.1994749398654001,-371.0589396354516,320.6347310455893,59.47727899201969,-7.510239246740294,1.131166846014057e-12
reference_replay,0.652065206520652,22.105010501050103,1.370057712840234,1.5690745500954097,-0.19901683725517572,-374.5986851423883,323.5381403540029,60.05616456573312,-7.42654522725346,1.1634358275531182e-12
reference_replay,0.6600660066006601,22.376237623762375,1.3878724003421665,1.5865947311951036,-0.1987223308529371,-376.9246660715671,325.44328493680257,60.43921968308821,-7.3712438171297885,1.2276790205823556e-12
reference_replay,0.6640664066406641,22.511851185118513,1.3967718374596165,1.5953579218549079,-0.19858608439529135,-378.0776773923656,326.386888338543,60.62988938092112,-7.343742405244843,1.2709754193989586e-12
reference_replay,0.6760676067606761,22.91869186918692,1.4233847309694874,1.6216426878078567,-0.19825795683836933,-381.4974834323915,329.18248651934607,61.19847794297493,-7.26183834212302,1.3777116680351604e-12
reference_replay,0.68006800680068,23.054305430543053,1.432215170403238,1.6303988827260878,-0.19818371232284981,-382.62453098683005,330.10279629319086,61.38687040458274,-7.234736828218866,1.4055237330436361e-12
reference_replay,0.6890689068906891,23.35943594359436,1.4520967036217836,1.650110056900179,-0.19801335327839542,-385.1372213966896,332.1527484256255,61.808683534594486,-7.174100506631642,1.4562567639496625e-12
reference_replay,0.7000700070007001,23.73237323732373,1.4763230634349533,1.6742032042259798,-0.19788014079102645,-388.1654008287574,334.61989231699465,62.320358751055835,-7.1006470350685635,1.4700966575937501e-12
reference_replay,0.701070107010701,23.766276627662766,1.4785224236869614,1.676394167837358,-0.19787174415039654,-388.4383819155703,334.84211651359965,62.366664288591636,-7.094004718785109,1.4712223182858333e-12
reference_replay,0.714071407140714,24.207020702070206,1.5071055208480573,1.7049069965195596,-0.1978014756715023,-391.95265762337846,337.70027520740547,62.965464947384476,-7.008175534893377,1.4493977902831465e-12
reference_replay,0.7200720072007201,24.41044104410441,1.5203220150765757,1.7181008947317018,-0.19777887965512608,-393.55327721078885,339.00039835888447,63.23985946486332,-6.968879718228634,1.3953414760316047e-12
reference_replay,0.7280728072807281,24.68166816681668,1.5378955542204868,1.7356908184007007,-0.19779526418021387,-395.6667947447166,340.71552998224837,63.603790046285184,-6.916834465417581,1.3107421457966096e-12
reference_replay,0.74007400740074,25.088508850885088,1.5642503266287406,1.762120052272672,-0.19786972564393146,-398.7935513096095,343.2495583004064,64.14557022531771,-6.839457163843074,1.0972219676955236e-12
reference_replay,0.7410741074107411,25.122412241224122,1.5664472792784074,1.7643253534752368,-0.19787807419682935,-399.05178530182377,343.45866016489117,64.19049665657684,-6.833046166170085,1.080732090013473e-12
reference_replay,0.755075507550755,25.597059705970594,1.5972346442617231,1.7952531780559358,-0.19801853379421264,-402.6300031781098,346.3532415017698,64.81590205496664,-6.7438872005715345,8.434969714345676e-13
reference_replay,0.7600760076007601,25.766576657665766,1.608248894679815,1.8063247848995656,-0.19807589021975058,-403.89135734244877,347.37233992661584,65.03765485066609,-6.712312649934366,7.787824005347817e-13
reference_replay,0.7690769076907691,26.071707170717072,1.6279625172186092,1.8262640566518653,-0.19830153943325612,-406.1401601257383,349.1875892804778,65.43469090100834,-6.655855999096762,7.707079890643501e-13
reference_replay,0.7800780078007801,26.444644464446444,1.6519504462547885,1.8506625895002142,-0.19871214324542574,-408.85150005675064,351.37338289906603,65.91627472373416,-6.587494976550151,8.112444933360325e-13
reference_replay,0.7830783078307831,26.546354635463548,1.6584693730223214,1.857320243453534,-0.19885087043121263,-409.5839531513215,351.9633318096568,66.04691548506106,-6.568973899943631,8.319325958808818e-13
reference_replay,0.7980798079807981,27.054905490549057,1.6908697942768682,1.8906047449319636,-0.1997349506550954,-413.2020026249225,354.874135900696,66.69563702781382,-6.47716555865637,1.027382640405094e-12
reference_replay,0.8000800080008,27.12271227122712,1.695161129856085,1.8950392734145611,-0.19987814355847622,-413.6789123750804,355.2574069306283,66.78157029106458,-6.46502557319896,1.0616632681465524e-12
reference_replay,0.8130813081308131,27.563456345634563,1.7228501487529215,1.9238124439035105,-0.20096229515058894,-416.74792624828746,357.7215233844156,67.33691858105587,-6.3867032732818245,1.317443682256718e-12
reference_replay,0.8200820082008201,27.8007800780078,1.7375898026863126,1.939247992728151,-0.20165819004183838,-418.37862872331567,359.02918670327637,67.63364626213612,-6.34495624937013,1.4608041701758693e-12
reference_replay,0.8280828082808281,28.072007200720073,1.7542630351028972,1.9568123485725433,-0.2025493134696461,-420.2239493173785,360.5075878633756,67.97079040086125,-6.297616598287362,1.5940783211949141e-12
reference_replay,0.8400840084008401,28.47884788478848,1.7788736875821403,1.982943492429596,-0.20406980484745585,-422.95602667836374,362.6937690259567,68.47256307798962,-6.227361933154676,1.6687375826451365e-12
reference_replay,0.8430843084308431,28.580558055805582,1.7849910806588198,1.9894480112713122,-0.20445693061249237,-423.63243897477054,363.23453900210995,68.59726717997134,-6.209919196041101,1.6554954808190815e-12
reference_replay,0.8590859085908591,29.123012301230123,1.8179354025594243,2.0242259008794727,-0.20629049832004842,-427.1955922724853,366.0799158574835,69.25744406393325,-6.117541748053536,1.5738196543666996e-12
reference_replay,0.86008600860086,29.156915691569154,1.8199930225339123,2.0263944454900353,-0.20640142295612307,-427.4158334282149,366.25561075008187,69.29843180198952,-6.111814678368017,1.56818142382236e-12
reference_replay,0.875087508750875,29.665466546654663,1.8508835934895744,2.058849032308159,-0.20796543881858476,-430.6854062932501,368.86139964903515,69.9094145830251,-6.026558906503473,1.468077626384112e-12
reference_replay,0.8800880088008801,29.834983498349835,1.8612051775108591,2.0696362808811606,-0.20843110337030146,-431.76124508565465,369.71780546895513,70.1114853858331,-5.99840948825387,1.4403203770154765e-12
reference_replay,0.8910891089108911,30.207920792079207,1.8839946640987661,2.093313570154256,-0.20931890605548986,-434.1038378593891,371.58084004075863,70.55326128894059,-5.936949900157256,1.3939968610386274e-12
reference_replay,0.9000900090009001,30.51305130513051,1.902758974096734,2.1126304151108335,-0.2098714410140996,-435.9960357590903,373.08391984656674,70.91188710107485,-5.887140773441802,1.3567629482627804e-12
reference_replay,0.9080908090809081,30.784278427842782,1.919558916709284,2.1297597781119864,-0.21020086140270244,-437.6597767821545,374.4042158122124,71.2285431612396,-5.843222413186831,1.327907864862898e-12
reference_replay,0.92009200920092,31.19111911191119,1.9450327332951278,2.155383444753896,-0.21035071145876816,-440.1237322660557,376.3572763493359,71.69980732658847,-5.777967965116081,1.2991081555574108e-12
reference_replay,0.9250925092509251,31.36063606360636,1.9555511759626154,2.1660325299730574,-0.210481354010442,-441.13931352596285,377.1614890257792,71.89485770792095,-5.75100067776553,1.2972629108654729e-12
reference_replay,0.9400940094009401,31.86918691869187,1.9861450236261977,2.19785667168434,-0.21171164805814224,-444.14775580573183,379.54108828894334,72.47540993893851,-5.670885750466993,1.311954666229716e-12
reference_replay,0.9420942094209421,31.936993699369935,1.9902196679890416,2.202087037841629,-0.21186736985258747,-444.5445928885677,379.8546727405333,72.55229807673373,-5.660290890859027,1.3108659216005629e-12
reference_replay,0.9600960096009601,32.54725472547255,2.026904445982355,2.2400210434323284,-0.21311659744997336,-448.07155193957624,382.63858305888823,73.23884047697437,-5.565850552855375,1.337655660067312e-12
reference_replay,0.9780978097809782,33.15751575157516,2.063757300460094,2.277699407541858,-0.2139421070817642,-451.5198395499111,385.35491975585865,73.91565562877734,-5.473036427184353,1.3471700772192844e-12
reference_replay,0.98009800980098,33.22532253225322,2.067872558325221,2.2818698718765766,-0.21399731355135554,-451.89821976581715,385.6526505493398,73.99026211314279,-5.462823024790215,1.351073532033199e-12
reference_replay,0.9960996099609961,33.76777677767777,2.1010221723213376,2.315117193283959,-0.21409502096262134,-454.8915778227524,388.0056532931383,74.5828647929234,-5.381823070026708,1.365644332897451e-12
reference_replay,1.000100010001,33.9033903390339,2.1093877367243343,2.323396590370693,-0.2140088536463587,-455.63066056105737,388.5859840764416,74.72984133889823,-5.361768263913138,1.3692430905785563e-12
reference_replay,1.0141014101410142,34.37803780378038,2.137605456581682,2.3522677727672483,-0.2146623161855663,-458.18880571141784,390.5926718683245,75.24058893468359,-5.292187318824333,1.3505653777133603e-12
reference_replay,1.02010201020102,34.58145814581458,2.149435218767818,2.3645888601693836,-0.21515364140156557,-459.27170418568795,391.4412071359137,75.45774133232663,-5.262655422384347,1.3334104524440206e-12
reference_replay,1.0331033103310332,35.02220222022203,2.1749955897748228,2.391175541607655,-0.21617995183283245,-461.59076958344707,393.2565174943364,75.92468465192218,-5.199257021205137,1.3063536309755827e-12
reference_replay,1.0401040104010402,35.25952595259526,2.1887461614505095,2.405428926222848,-0.2166827647723384,-462.8242733783851,394.2210384274101,76.17411362980425,-5.165449752607719,1.292917580205508e-12
reference_replay,1.0521052105210522,35.66636663666367,2.21236178893595,2.4297601301593588,-0.21739834122340884,-464.9144526800623,395.85377001287935,76.5984700047814,-5.10802720744035,1.2638678497934132e-12
reference_replay,1.06010601060106,35.937593759375936,2.228179297155625,2.445907811978602,-0.21772851482297728,-466.2910110994698,396.92791754239374,76.87911767799778,-5.070116308944352,1.2413515644517077e-12
reference_replay,1.072107210721072,36.34443444344434,2.2521030813703184,2.4700185107434622,-0.2179154293731438,-468.330900808766,398.51799002774885,77.29672997997251,-5.013800688213116,1.2042002939765377e-12
reference_replay,1.08010801080108,36.61566156615661,2.268240429207065,2.4860178453762103,-0.21777741616914525,-469.67441873488536,399.5641437820687,77.57291369951965,-4.976620901327944,1.1761570847338344e-12
reference_replay,1.0921092109210921,37.022502250225024,2.291698938586926,2.5099052351413085,-0.21820629655438228,-471.66546540038155,401.11288316466715,77.98387786722836,-4.921390396373783,1.130258522321593e-12
reference_replay,1.1001100110011002,37.29372937293729,2.306731254856204,2.525754515593869,-0.2190232607376652,-472.97691798095644,402.13193843615574,78.25566014339726,-4.884926083003797,1.1095519617452795e-12
reference_replay,1.1121112111211122,37.700570057005706,2.329175845865113,2.549412691099357,-0.22023684523424425,-474.92060852300375,403.6407126744372,78.66006744919065,-4.8307589095258505,1.0841949545352759e-12
reference_replay,1.12011201120112,37.97179717971797,2.3441131078804305,2.5651069592603144,-0.22099385137988392,-476.2009564871434,404.63355112337484,78.92750939818742,-4.794997075159618,1.0645680491860214e-12
reference_replay,1.1331133113311331,38.412541254125415,2.3684446747494223,2.5904760213833486,-0.22203134663392632,-478.25558634851944,406.22509531413743,79.35844114494704,-4.737474089182712,1.0334526946135175e-12
reference_replay,1.14011401140114,38.64986498649865,2.3816273405647084,2.604066977718945,-0.22243963715423654,-479.3488031692671,407.0710537527925,79.58861628577516,-4.70679989158265,1.0260799675660295e-12
reference_replay,1.154115411541154,39.12451245124512,2.408310262151745,2.631102101032786,-0.22279183888104104,-481.5081224069394,408.7402160406383,80.04508212032036,-4.646073652987506,1.0099221948367102e-12
reference_replay,1.1601160116011602,39.32793279327933,2.419928512608388,2.6426282969018806,-0.2226997842934928,-482.4226177720415,409.44641054578847,80.23913523650944,-4.620299713355511,1.002982812687732e-12
reference_replay,1.176117611761176,39.87038703870387,2.4496808205436564,2.6731844114068113,-0.22350359086315486,-484.82976728740095,411.3032219057276,80.75203053773443,-4.552300744655247,1.003332537990096e-12
reference_replay,1.18011801180118,40.00600060006,2.4568047171866034,2.6807824317539577,-0.22397771456735427,-485.4244895523589,411.7615176395032,80.87922020835232,-4.535465863743653,9.981185629421726e-13
reference_replay,1.1981198119811982,40.61626162616262,2.488720874983834,2.714771914750959,-0.2260510397671247,-488.06640603180773,413.79518780237976,81.4465027443106,-4.460512600132663,9.881972314161413e-13
reference_replay,1.2001200120012,40.68406840684068,2.4922635844073615,2.7185281384357354,-0.22626455402837387,-488.35652371124075,414.01829183594964,81.50902497664303,-4.452264962917171,9.881694047553055e-13
reference_replay,1.2201220122012202,41.36213621362136,2.52788353029525,2.7558660578617427,-0.22798252756649262,-491.2206929684794,416.2185181975084,82.1287025121324,-4.370661683300629,9.745567461635676e-13
reference_replay,1.24012401240124,42.04020402040204,2.564386494723339,2.792796780331599,-0.22841028560825993,-494.0188830324541,418.36389673574735,82.73840516782795,-4.290622090790566,9.54466854277667e-13
reference_replay,1.2431243124312432,42.14191419141914,2.569991075900855,2.7983013780983916,-0.22831030219753679,-494.43303345394486,418.68107413392823,82.82900962048929,-4.27874892237522,9.483487149152391e-13
reference_replay,1.2601260126012601,42.71827182718272,2.600536375215181,2.8293153888191127,-0.2287790136039316,-496.7529096328777,420.45605992955154,83.33828422976438,-4.212119137620087,9.48302849063854e-13
reference_replay,1.266126612661266,42.92169216921692,2.6110828780729545,2.8401897571432517,-0.22910687907029725,-497.5608755223766,421.0735747908402,83.51635454523735,-4.188864056558661,9.434492244704119e-13
reference_replay,1.2801280128012802,43.39633963396339,2.635626877335216,2.8654190480458426,-0.22979217071062674,-499.4245625137224,422.49661801219037,83.9284880996915,-4.13512455011458,9.265998340157115e-13
reference_replay,1.289128912891289,43.701470147014696,2.6513666837068084,2.8815313467120656,-0.23016466300525718,-500.6069151962803,423.39844395535187,84.19096270771612,-4.100960120076576,9.346884380438384e-13
reference_replay,1.3001300130013,44.07440744074407,2.67057521124436,2.9011111158146843,-0.23053590457032413,-502.035552914165,424.48710490730895,84.5091644703596,-4.059605347689775,9.29115229450541e-13
reference_replay,1.3131313131313131,44.515151515151516,2.693251991340762,2.924090869905625,-0.23083887856486296,-503.70095003443055,425.75477149121787,84.88156435171065,-4.011294938593285,9.410658275286055e-13
reference_replay,1.3201320132013201,44.75247524752475,2.705459027419735,2.9363929748531317,-0.23093394743339646,-504.5875301645158,426.42899531305915,85.08045962921312,-3.985531802904308,9.52139250271171e-13
reference_replay,1.338133813381338,45.362736273627355,2.7367090952917112,2.9677946314769037,-0.23108553618519245,-506.8351737897012,428.13632469970463,85.58672400156773,-3.920080280095261,9.763845101195098e-13
reference_replay,1.3401340134013402,45.43054305430543,2.7401593309082957,2.971262854876104,-0.2311035239678083,-507.08209114108655,428.3237138863112,85.64251834750581,-3.9128782378553617,9.776855221105096e-13
reference_replay,1.36013601360136,46.108610861086106,2.7745223765997165,3.005717455882825,-0.23119507928310856,-509.52080088738165,430.1726536204228,86.19548449190654,-3.8416197690658604,9.918396211304167e-13
reference_replay,1.3631363136313632,46.21032103210321,2.779652917767723,3.0108499133250413,-0.2311969955573181,-509.8818844904158,430.44612997305074,86.27765398134704,-3.831049550657931,9.978098170138483e-13
reference_replay,1.3801380138013801,46.78667866786678,2.808588241235707,3.039757415358666,-0.23116917412295912,-511.90517597490583,431.97716185484063,86.73950008953602,-3.771728554113162,1.0050892766085429e-12
reference_replay,1.3881388138813882,47.057905790579056,2.8221138816521503,3.0532569869001502,-0.23114310524799997,-512.8440441986327,432.6868187430506,86.95463165789445,-3.744149215413225,1.0016929988189986e-12
reference_replay,1.4001400140014002,47.46474647464746,2.84227492080807,3.073381252119392,-0.23110633131132197,-514.2366926662849,433.73854783051894,87.27470542835079,-3.7031793404664644,9.84325666574173e-13
reference_replay,1.4141414141414141,47.93939393939394,2.8656741756131225,3.09667021339431,-0.23099603778118727,-515.8380758572856,434.9465440866076,87.6441813343581,-3.6559793502867226,9.381217089609302e-13
reference_replay,1.42014201420142,48.14281428142814,2.8757591626995302,3.106589790424263,-0.23083062772473273,-516.5167860245184,435.4580818009632,87.8012391267579,-3.635945112779363,9.163117923568536e-13
reference_replay,1.4401440144014401,48.82088208820882,2.909290550263787,3.139386808683063,-0.23009625841927628,-518.7468101213118,437.1369570004017,88.3192385766173,-3.5699986470249354,7.922117788814055e-13
reference_replay,1.4601460146014602,49.4989498949895,2.9426996270855885,3.1717720452624905,-0.22907241817690194,-520.9280864453834,438.77633614532516,88.82883934004205,-3.5053169947219334,6.400367432559247e-13
reference_replay,1.4671467146714672,49.736273627362735,2.9543647419283254,3.183009847632642,-0.22864510570431662,-521.6802552566924,439.34099764503856,89.0052402273223,-3.482972768036433,5.779339838084256e-13
reference_replay,1.48014801480148,50.177017701770176,2.975988877270535,3.203746918016449,-0.22775804074591388,-523.0618983315337,440.37734620078686,89.33017519314473,-3.441876144381877,4.5185070924596855e-13
reference_replay,1.4941494149414942,50.65166516651665,2.9992148431091072,3.225886078227033,-0.22667123511792564,-524.5279919293865,441.4758078237472,89.67626343090667,-3.398193247040589,3.048112718415031e-13
reference_replay,1.5001500150015001,50.85508550855085,3.009147405973423,3.2353131615000716,-0.22616575552664875,-525.1494875919645,441.9410752574026,89.82337814358992,-3.3796526475281348,2.418780405917222e-13
reference_replay,1.5201520152015202,51.53315331533153,3.0421480990571945,3.266472840014864,-0.22432474095766963,-527.1920558613107,443.4685739261072,90.30857839391426,-3.3186236186959377,3.638102572680283e-14
reference_replay,1.522152215221522,51.6009600960096,3.04543789007495,3.2695665364653705,-0.22412864639042063,-527.3938816307796,443.6193704859887,90.35666322851857,-3.312585547262378,1.3809924745256833e-14
reference_replay,1.54015401540154,52.21122112211221,3.074944782737317,3.2972283625302885,-0.22228357979297142,-529.1907659416726,444.96085673291043,90.78590430672496,-3.2587667354323746,-1.582274259374743e-13
reference_replay,1.5511551155115513,52.584158415841586,3.092872310620561,3.313972616946229,-0.2211003063256678,-530.2717711374339,445.766957895903,91.04512302849751,-3.226337170020101,-2.441655219082309e-13
reference_replay,1.5601560156015601,52.88928892889289,3.1074693832403453,3.3275824995767596,-0.22011311633641428,-531.1467431476481,446.41890351365385,91.25548237186766,-3.20006023829638,-2.958180265955624e-13
reference_replay,1.5791579157915792,53.53345334533453,3.138164627472296,3.3560505338265267,-0.21788590635423066,-532.9663342491637,447.7732006983326,91.69451864555987,-3.145334560901925,-3.3730665523771106e-13
reference_replay,1.5801580158015802,53.56735673567357,3.139784413407258,3.3575389736130075,-0.21775456020574957,-533.061078845751,447.8436626373241,91.71743725410802,-3.1424820720677484,-3.3870932601540635e-13
reference_replay,1.6001600160016,54.24542454245424,3.1720509737184606,3.3870991762215903,-0.21504820250312973,-534.9348542966628,449.2360711474901,92.17189255827206,-3.0860102328774386,-3.3610779068114166e-13
reference_replay,1.6091609160916092,54.55055505550555,3.1864787417800042,3.4002719425189176,-0.2137932007389134,-535.7650998812388,449.8523424118804,92.37398314949053,-3.060953737612855,-3.1556700335391585e-13
reference_replay,1.6201620162016201,54.92349234923492,3.2040195646938456,3.416263308385754,-0.21224374369190846,-536.7691132603856,450.5970322084412,92.6189697529134,-3.0306253925829965,-2.9014490438605024e-13
reference_replay,1.6391639163916392,55.56765676567657,3.234029376069203,3.4436039562477028,-0.20957458017849984,-538.475978564466,451.861613146857,93.03696792505866,-2.978998551201724,-2.2636344137071253e-13
reference_replay,1.6401640164016402,55.6015601560156,3.235597276576532,3.445033105839392,-0.20943582926285975,-538.56486706938,451.9274196065315,93.05878828070509,-2.976307712016903,-2.2262163394575425e-13
reference_replay,1.66016601660166,56.279627962796276,3.266667239235049,3.4734101543788234,-0.2067429151437743,-540.3231010259493,453.22808335500486,93.49146571022926,-2.923037884905856,-1.2642289687826398e-13
reference_replay,1.6691669166916692,56.58475847584758,3.280445964447985,3.48605207318035,-0.2056061087323653,-541.1023223533787,453.803906068712,93.68387166128781,-2.8994033034407383,-7.817582918938878e-14
reference_replay,1.6801680168016802,56.95769576957696,3.2970863727241366,3.501395856907851,-0.2043094841837143,-542.044776158197,454.4998514311709,93.91711772180474,-2.870797137870763,-1.5487376276974502e-14
reference_replay,1.7001700170017002,57.63576357635763,3.3266831378196926,3.528991401961576,-0.2023082641418834,-543.7308309759838,455.74353151357997,94.33585809479212,-2.8195672304267494,9.238928406355842e-14
reference_replay,1.72017201720172,58.31383138313831,3.355255286578735,3.55619773373171,-0.20094244715297505,-545.3821832268849,456.9599127191994,94.74779869640015,-2.7693304549831557,1.9498372903364283e-13
reference_replay,1.7321732173217321,58.72067206720671,3.3718103526828185,3.5723350018824163,-0.20052464919959778,-546.3567119597473,457.67695990328036,94.99174498458416,-2.739657926235078,2.314059770727679e-13
reference_replay,1.7401740174017402,58.99189918991899,3.3832214193291894,3.5830205614340276,-0.19979914210483818,-546.9997283685433,458.1497639818651,95.15304963206867,-2.7200646839566773,2.419905412087902e-13
reference_replay,1.7601760176017602,59.66996699669967,3.4122132321584053,3.609476287751681,-0.19726305559327573,-548.5842739621356,459.31376688587284,95.55172249395866,-2.6717391299444624,2.6778753222292823e-13
reference_replay,1.7641764176417642,59.80558055805581,3.4179662065164873,3.614722442432173,-0.1967562359156858,-548.8972931760154,459.5435247717441,95.63067737033363,-2.6621865236304245,2.751607479181511e-13
reference_replay,1.78017801780178,60.348034803480346,3.440814315821467,3.635557885775411,-0.19474356995394437,-550.1366185967813,460.45259633703586,95.94392652624182,-2.6243463807212475,2.9520883000597806e-13
reference_replay,1.7971797179717972,60.924392439243924,3.464778431587407,3.6574352978465074,-0.1926568662591004,-551.4313884568529,461.4013130035333,96.27229357318802,-2.5847828220222047,3.148694330466809e-13
reference_replay,1.8001800180018002,61.02610261026102,3.46897107671416,3.6612683156335994,-0.19229723891943928,-551.6575579122646,461.56692666423675,96.32976842279669,-2.5778688591355894,3.1784096669207474e-13
reference_replay,1.8201820182018202,61.7041704170417,3.4966139145425283,3.686610493796231,-0.1899965792537026,-553.147865233336,462.65741175173576,96.70935334154879,-2.5322893661526527,3.334508695080588e-13
reference_replay,1.8311831183118312,62.077107710771074,3.5115675148152805,3.700392761161639,-0.18882524634635844,-553.9547506707552,463.24724513089126,96.91549562088814,-2.5075973198629202,3.3840671134275033e-13
reference_replay,1.84018401840184,62.38223822382238,3.523655387877063,3.7115872726664327,-0.18793188478936962,-554.6082925562578,463.7246859893319,97.08278492044619,-2.4875910808542105,3.4750589259358096e-13
reference_replay,1.8601860186018602,63.06030603060306,3.549988379708238,3.7362014202749623,-0.18621304056672416,-556.0395715353471,464.76936522252316,97.45016529353722,-2.443757560438644,3.544875731883666e-13
reference_replay,1.8651865186518652,63.22982298229823,3.556446352782942,3.7422986107529854,-0.18585225797004323,-556.3929207351247,465.0270750419834,97.54107671285313,-2.432932408959201,3.556273566313253e-13
reference_replay,1.8801880188018802,63.73837383738374,3.575484263006173,3.7604556001023317,-0.18497133709615854,-557.4424144695217,465.79204770266773,97.81159510717693,-2.4007727402209436,3.541050576832039e-13
reference_replay,1.8991899189918993,64.38253825382539,3.598958765195577,3.7831671316487228,-0.18420836645314598,-558.7494085110992,466.74375138558827,98.14953207888928,-2.360707821729977,3.5631058302280396e-13
reference_replay,1.9001900190019,64.41644164416441,3.6002410952200004,3.784354104547631,-0.18411300932763064,-558.817515071002,466.793314825406,98.16717355384807,-2.3586192037047637,3.5616753327895083e-13
reference_replay,1.9201920192019202,65.0945094509451,3.6256901991167796,3.807911602500354,-0.1822214033835743,-560.1655365428435,467.77371953351684,98.51699941532036,-2.3172708034937037,3.456520471472831e-13
reference_replay,1.9351935193519352,65.6030603060306,3.6445206668175762,3.825353938946092,-0.18083327212851596,-561.1591706022048,468.49565537301805,98.77565235387405,-2.2867831857415775,3.3320797595480886e-13
reference_replay,1.9401940194019403,65.77257725772577,3.6507461853860748,3.8311253986595553,-0.1803792132734805,-561.4871243460611,468.7337987175699,98.86117010880389,-2.276719081653456,3.327279973299017e-13
reference_replay,1.96019601960196,66.45064506450645,3.6753757077293336,3.85399976573614,-0.17862405800680614,-562.7829123353462,469.6740791709784,99.19978129470094,-2.236948364597365,3.1640794895025286e-13
reference_replay,1.9711971197119713,66.82358235823583,3.688724153714552,3.866437550557579,-0.17771339684302712,-563.4848229382023,470.1829803271399,99.38368195189712,-2.215401790277388,3.0454523594210435e-13
reference_replay,1.9801980198019802,67.12871287128712,3.6995330768448347,3.8765390267946707,-0.17700594994983598,-564.0535180404221,470.59507299483,99.53292734814686,-2.1979432757603745,2.8915284325720605e-13
reference_replay,2.000200020002,67.8067806780678,3.723158890414461,3.8987475438671546,-0.1755886534526936,-565.299543519819,471.49727841899755,99.86070138028742,-2.159688735599032,2.639463696363078e-13
reference_replay,2.008200820082008,68.07800780078007,3.732444233659664,3.907539324952877,-0.17509509129321277,-565.7912033068352,471.85300893674435,99.99032744694233,-2.1445937518988556,2.5660538568932963e-13
reference_replay,2.0202020202020203,68.48484848484848,3.7461786630694984,3.9206297063433433,-0.17445104327384486,-566.5215762146503,472.381180623252,100.18319525933285,-2.1221699615914846,2.397273308919627e-13
reference_replay,2.04020402040204,69.16291629162916,3.7685014563846733,3.942189919157473,-0.17368846277279992,-567.7201898023873,473.2472525583738,100.50049963140819,-2.085372468237482,2.1708872618839165e-13
reference_replay,2.045204520452045,69.33243324332432,3.7739609173897706,3.9475301844402058,-0.17356926705043518,-568.016249950262,473.4610388885951,100.5790253718693,-2.076284125762403,2.1196029405304126e-13
reference_replay,2.06020602060206,69.84098409840983,3.7900765023148066,3.963432600455603,-0.17335609814079644,-568.8959450232596,474.09595574229354,100.81270393911592,-2.049282057694431,2.0172891428583358e-13
reference_replay,2.0802080208020803,70.51905190519052,3.812530716602135,3.9843626406794037,-0.17183192407726855,-570.049372929058,474.92772502297,101.11989509961063,-2.013884552843406,1.938577505819726e-13
reference_replay,2.083208320832083,70.62076207620761,3.8158740571581897,3.9874754609381045,-0.17160140377991473,-570.2204929358611,475.05105560476125,101.16554665261692,-2.0086338605791547,1.9158080508067526e-13
reference_replay,2.1002100210021,71.1971197119712,3.834690400623187,4.004984596415135,-0.1702941957919486,-571.1809855722348,475.7429783707152,101.42215831915345,-1.9791665212188918,1.835805049633798e-13
reference_replay,2.12021202120212,71.87518751875187,3.856524152233484,4.025303128806331,-0.16877897657284713,-572.2912931225407,476.5421325333426,101.71957835863594,-1.9451146406317628,1.783831344373128e-13
reference_replay,2.122212221222122,71.94299429942994,3.8586879629480753,4.027318474301628,-0.16863051135355311,-572.4011713626484,476.62117821172933,101.74905721200479,-1.9417455867842959,1.7811094828002448e-13
reference_replay,2.1402140214021403,72.55325532553256,3.877985906390854,4.045322935126816,-0.16733702873596146,-573.3807932520407,477.32559339614494,102.01223867513006,-1.9117158841076742,1.771676653588863e-13
reference_replay,2.16021602160216,73.23132313231322,3.8990133854110294,4.06504874741483,-0.1660353620038002,-574.4499717775988,478.09375661027616,102.30022143462432,-1.8789575198870625,1.760098427253782e-13
reference_replay,2.1612161216121613,73.26522652265227,3.9000520036185597,4.066027406031107,-0.16597540241254682,-574.5029058210832,478.13177017168346,102.31449924306652,-1.8773361876358148,1.755853778085043e-13
reference_replay,2.18021802180218,73.9093909390939,3.9195265492096003,4.084485331514976,-0.16495878230537597,-575.4993033033576,478.8470082211328,102.58360752516472,-1.8468271114251422,1.779617795527931e-13
reference_replay,2.2002200220022003,74.58745874587459,3.939426045553052,4.103637486506726,-0.16421144095367435,-576.5292518632217,479.5857252967373,102.86247657038287,-1.8153125173919067,1.8827870223257394e-13
reference_replay,2.202220222022202,74.65526552655264,3.9413778042737326,4.10553724415487,-0.16415943988113701,-576.6311982217192,479.65881186948974,102.89011806553353,-1.812194469149427,1.8941373155402766e-13
reference_replay,2.22022202220222,75.26552655265526,3.958591660311164,4.122510044501532,-0.1639183841903682,-577.5402715633394,480.3102765561189,103.13690694339397,-1.7844018916721318,2.0597310608134768e-13
reference_replay,2.24022402240224,75.94359435943593,3.978719298102747,4.14110508768765,-0.1623857895849028,-578.5327932248251,481.02100850222223,103.40697481566285,-1.7540850053725165,2.142340211828556e-13
reference_replay,2.2432243224322432,76.04530453045304,3.9817403895929044,4.143870550207289,-0.1621301606143848,-578.6801010656575,481.12644624853004,103.44711330128308,-1.749587933948573,2.1734378064377887e-13
reference_replay,2.2602260226022604,76.62166216621662,3.998766480716993,4.159425236139013,-0.1606587554220198,-579.5072250988156,481.7182461254334,103.67275421236043,-1.7243500028393872,2.2547094482398594e-13
reference_replay,2.28022802280228,77.2997299729973,4.018562937078303,4.177473700349779,-0.1589107632714759,-580.4639783474365,482.4023192499479,103.9343187516714,-1.6951859538332201,2.443023013106398e-13
reference_replay,2.2842284228422844,77.43534353435344,4.022486896217991,4.181051049339825,-0.15856415312183358,-580.6532430167699,482.5375825320898,103.9861322598553,-1.6894207258356002,2.483832401603564e-13
reference_replay,2.3002300230023,77.97779777977797,4.038045152125764,4.195253363860595,-0.15720821173483124,-581.4034538424931,483.073548828169,104.1917406993865,-1.666582321202023,2.582889829923084e-13
reference_replay,2.3202320232023204,78.65586558655866,4.057129394362439,4.212766849774978,-0.15563745541253837,-582.3260424998878,483.7322472501167,104.44509097133081,-1.6385288717850481,2.7512935385173294e-13
reference_replay,2.3272327232723273,78.89318931893189,4.063695985147484,4.218834128828681,-0.1551381436811976,-582.6450298730764,483.95988775148646,104.53281454903305,-1.6288382986147119,2.775953545619075e-13
reference_replay,2.34023402340234,79.33393339333934,4.075709906184613,4.2300165087322315,-0.15430660254761808,-583.232125707442,484.3787187495504,104.69443914303639,-1.6110156764127934,2.845897966745939e-13
reference_replay,2.36023602360236,80.01200120012,4.09365709420883,4.24700440759455,-0.15334731338571927,-584.1220757527213,485.01325981009154,104.93985346013106,-1.5840331099070004,2.9248620055807956e-13
reference_replay,2.37023702370237,80.35103510351034,4.102345730918228,4.255400762658908,-0.15305503174068047,-584.5611147963051,485.32614705767503,105.06110638902211,-1.5707378877334266,2.958380820683413e-13
reference_replay,2.3802380238023804,80.69006900690069,4.110815719597058,4.2637323188122735,-0.1529165992152155,-584.9962562508572,485.6361595713462,105.18140084940363,-1.5575718510806542,2.999882385360513e-13
reference_replay,2.4002400240024,81.36813681368136,4.1286127224915035,4.280212569041149,-0.15159984654964553,-585.8550166720249,486.2476938504277,105.41914746591978,-1.5316120752817126,3.056310835882576e-13
reference_replay,2.414241424142414,81.84278427842784,4.141154353036509,4.291600572641811,-0.15044621960530247,-586.4471512538187,486.66914331822176,105.58334395697979,-1.513735448741369,3.088101653774025e-13
reference_replay,2.42024202420242,82.04620462046203,4.146493526288705,4.296443632224737,-0.14995010593603197,-586.6986882071311,486.8481206115198,105.65315909437817,-1.5061478665424173,3.087986640111467e-13
reference_replay,2.4402440244024404,82.72427242724272,4.164116561857866,4.312425417005632,-0.14830885514776604,-587.5276014323521,487.4376990233677,105.8834995838007,-1.4811717578110208,3.11627113009278e-13
reference_replay,2.459245924592459,83.36843684368436,4.180572507851905,4.327378784830072,-0.14680627697816728,-588.3016926950768,487.9879797904317,106.09897975318691,-1.4578880637120915,3.1147962327460655e-13
reference_replay,2.4602460246024602,83.4023402340234,4.1814298463840185,4.328159639729172,-0.14672979334515368,-588.3420785738971,488.0166810323814,106.11023160796064,-1.456674426716125,3.1130430687909944e-13
reference_replay,2.48024802480248,84.08040804080407,4.198366486486374,4.343647738668996,-0.1452812521826221,-589.1424335224233,488.5853113214192,106.33341671049635,-1.432646770823601,3.0784629168791454e-13
reference_replay,2.5002500250025004,84.75847584758476,4.214843366146249,4.358890860840132,-0.14404749469388278,-589.9289721405527,489.14382758573277,106.55311532329632,-1.4090799076365923,3.0751429144541314e-13
reference_replay,2.5052505250525052,84.92799279927992,4.21887935750723,4.362663469383845,-0.14378411187661477,-590.1234830972368,489.2819035473692,106.60750218997487,-1.4032591707237696,3.0915457447480954e-13
reference_replay,2.5202520252025202,85.43654365436544,4.230759834624536,4.373889848875364,-0.14313001425082827,-590.7019925703917,489.69246080891,106.7693867849522,-1.385965174595513,3.1227831707296966e-13
reference_replay,2.54025402540254,86.11461146114611,4.245996394391431,4.388645227958179,-0.1426488335667475,-591.4617855410495,490.2314355388202,106.98228935926518,-1.363294129078048,3.1768365458370353e-13
reference_replay,2.5522552255225524,86.52145214521452,4.255010126895613,4.397385611201016,-0.14237548430540325,-591.9114303959163,490.55027548502994,107.10843780226956,-1.3498972801824758,3.271537801666218e-13
reference_replay,2.5602560256025604,86.79267926792679,4.2610955108296995,4.403168433223701,-0.14207292239400182,-592.2086345505384,490.7609706893846,107.1918809875953,-1.3410486932181462,3.358418513764431e-13
reference_replay,2.5802580258025802,87.47074707470746,4.276050203310109,4.41746577575313,-0.14141557244302128,-592.9428159168656,491.2812808899108,107.39822076637935,-1.319219963671815,3.581340887627701e-13
reference_replay,2.5992599259925995,88.11491149114912,4.2899159299280845,4.430840457395635,-0.14092452746755058,-593.6288007945662,491.76722078022027,107.59128348959686,-1.2988630178556342,3.8267338205949327e-13
reference_replay,2.6002600260026,88.14881488148814,4.290636589260814,4.431538867423333,-0.14090227816251932,-593.6645996324881,491.79257447159284,107.601365732518,-1.297801704199751,3.8402064383938365e-13
reference_replay,2.6202620262026204,88.82688268826882,4.304862346179512,4.445393169571881,-0.14053082339236944,-594.3742494503839,492.29505467041696,107.80137218059738,-1.276784231058967,4.0525395638064034e-13
reference_replay,2.6402640264026402,89.5049504950495,4.31874346655829,4.459034898837413,-0.1402914322791231,-595.0720231604329,492.7889200334447,107.9982958445742,-1.2561578187490356,4.278990989085049e-13
reference_replay,2.6482648264826483,89.77617761776177,4.324204839865594,4.464433622166773,-0.14022878230117897,-595.3478639935954,492.984097659941,108.07621451789852,-1.248014562077799,4.3302518888651255e-13
reference_replay,2.66026602660266,90.18301830183017,4.332305807041384,4.472471121157437,-0.14016531411605282,-595.7581728864702,493.27436473856767,108.19219195524195,-1.2359126861824103,4.4487608639771815e-13
reference_replay,2.6802680268026804,90.86108610861086,4.3455867372981665,4.485709849063124,-0.1401231117649573,-596.4329453827994,493.75157891651855,108.38311529819826,-1.2160389828547484,4.583303508753905e-13
reference_replay,2.697269726972697,91.43744374437442,4.35669167671814,4.496814223226024,-0.14012254650788414,-596.9977373139698,494.15087904803914,108.54310344316058,-1.199430954004397,4.665224322964108e-13
reference_replay,2.7002700270027002,91.53915391539154,4.358636888610375,4.498760142185635,-0.14012325357525945,-597.0965823301657,494.22074897513687,108.57112027222922,-1.1965267750152384,4.672283821931246e-13
reference_replay,2.72027202720272,92.21722172217221,4.371537271636511,4.5116194271102295,-0.14008215547371883,-597.749319337832,494.6820564546314,108.75626012847118,-1.1773778181607517,4.669147701752685e-13
reference_replay,2.7402740274027404,92.8952895289529,4.3842459786496955,4.524287929666805,-0.1400419510171096,-598.3913813055239,495.13567274488906,108.93858395441826,-1.1585874641171339,4.630553277031309e-13
reference_replay,2.7472747274727474,93.13261326132613,4.388644517233396,4.528679532417808,-0.14003501518441208,-598.6136223892287,495.29265315397714,109.00174133407212,-1.152092566403238,4.625824453570712e-13
reference_replay,2.7602760276027603,93.57335733573356,4.39674971138584,4.536778552001668,-0.14002884061582854,-599.0229911317545,495.58176898779925,109.11814213180348,-1.1401414358470687,4.572557289971116e-13
reference_replay,2.78027802780278,94.25142514251424,4.409069702723613,4.549098248303873,-0.14002854558026012,-599.6443672547641,496.020513279011,109.29498464284717,-1.1220324187906432,4.401958199799444e-13
reference_replay,2.7992799279927993,94.89558955895589,4.420622720944695,4.560650277426791,-0.14002755648209586,-600.2253901423702,496.4306605137288,109.4605144616475,-1.1051345555797527,4.28725724077931e-13
reference_replay,2.8002800280028004,94.92949294929493,4.4212270438833645,4.561254310757252,-0.14002726687388733,-600.2557232022316,496.4520701576303,109.4691606856804,-1.1042533303222932,4.282343487969968e-13
reference_replay,2.8202820282028203,95.6075607560756,4.433242100927099,4.5732543796923535,-0.1400122787652549,-600.8572677266255,496.8766007649852,109.64071866768892,-1.0867973263566308,4.0746028449865934e-13
reference_replay,2.84028402840284,96.28562856285627,4.445133875595662,4.585106454209292,-0.1399725786136301,-601.4492049318687,497.2942629963715,109.80970619766039,-1.069657807954265,3.869330963711652e-13
reference_replay,2.8512851285128513,96.65856585658565,4.451628046330747,4.5915650293679615,-0.1399369830372148,-601.7707477643266,497.52110578455074,109.9015706738298,-1.0603636646863082,3.764642090624849e-13
reference_replay,2.8602860286028604,96.96369636963696,4.456919310501149,4.5968189033582645,-0.13989959285711517,-602.0317343913088,497.70521164578116,109.97617007681312,-1.0528284279276268,3.69356536990028e-13
reference_replay,2.8802880288028803,97.64176417641764,4.4687895951250445,4.608391578473158,-0.1396019833481139,-602.6050507379462,498.10959725391234,110.1401557944624,-1.036310731955781,3.5464978266077e-13
reference_replay,2.9002900290029,98.31983198319831,4.480837263565605,4.619814599754443,-0.13897733618883823,-603.1693402019598,498.50755738563294,110.3017041637786,-1.0201067476976167,3.4191892954965256e-13
reference_replay,2.9042904290429044,98.45544554455445,4.483244903273203,4.622081949736208,-0.13883704646300465,-603.2811310429656,498.58639047849925,110.33372497679365,-1.0169024625914087,3.4118649858782224e-13
reference_replay,2.9202920292029204,98.997899789979,4.492864025277748,4.631093684690325,-0.13822965941257692,-603.7247858249534,498.8992294812693,110.46085625705405,-1.0042062286799303,3.3455639317611016e-13
reference_replay,2.9402940294029403,99.67596759675968,4.504842946773682,4.642227522322299,-0.1373845755486176,-604.2715663737326,499.28474806755486,110.61765227160001,-0.9886064431002579,3.3047552413321313e-13
reference_replay,2.9582958295829584,100.28622862286228,4.515545702406925,4.65212127983497,-0.1365755774280446,-604.7564040327724,499.62656107507223,110.75678622876734,-0.9748219912325623,3.270647901959523e-13
reference_replay,2.96029602960296,100.35403540354035,4.516728283357552,4.653213027346597,-0.13648474398904487,-604.8098557162399,499.66424313148207,110.77213087470756,-0.9733052626034601,3.2741776514430916e-13
reference_replay,2.9802980298029804,101.03210321032103,4.528452406454892,4.664045125835,-0.1355927193801083,-605.339822787077,500.0378399736994,110.92432912514879,-0.9583011859365679,3.291365995176603e-13
reference_replay,3.0003000300030003,101.7101710171017,4.539922546718448,4.674716533036912,-0.1347939863184635,-605.8616315391109,500.40565904190373,111.07428239284741,-0.9435933626036284,3.3140903522132047e-13
reference_replay,3.013301330133013,102.15091509150915,4.547185750098262,4.681562278473941,-0.13437652837567882,-606.1965078138728,500.64169798730563,111.17056413625099,-0.9341920312102057,3.3816500813432037e-13
reference_replay,3.02030203020302,102.38823882388238,4.551017352857686,4.685217523475122,-0.1342001706174356,-606.3754408811632,500.76781574422824,111.22202427693026,-0.929181616520549,3.4319880795500323e-13
reference_replay,3.0403040304030404,103.06630663066306,4.561708491316852,4.695549449610945,-0.13384095829409226,-606.881405091355,501.1244207834161,111.36758695462636,-0.9150531970769095,3.5819407373612895e-13
reference_replay,3.0603060306030603,103.74437443744374,4.572267853810813,4.705730288497551,-0.1334624346867379,-607.3796800767171,501.47558694420127,111.5110066517031,-0.9011832306900482,3.686514945819622e-13
reference_replay,3.0693069306930694,104.04950495049505,4.576935647031325,4.710254267667937,-0.13331862063661148,-607.6014353403311,501.6318658135319,111.5748553494574,-0.8950315549905702,3.7501061981846657e-13
reference_replay,3.08030803080308,104.42244224422441,4.58256678835771,4.715733442647443,-0.13316665428973362,-607.8704155397147,501.8214203087027,111.65231661872556,-0.8875879450665185,3.837597459989911e-13
reference_replay,3.1003100310031004,105.1005100510051,4.592589475999785,4.72554870456714,-0.13295922856735487,-608.3537554940818,502.16202068991396,111.79154761292824,-0.8742641041936314,4.097626603338839e-13
reference_replay,3.1203120312031203,105.77857785778578,4.602325114790323,4.735164119168797,-0.13283900437847418,-608.8298397912309,502.4974831768538,111.92872924095093,-0.861208507405416,4.305679249154324e-13
reference_replay,3.126312631263126,105.98199819981997,4.605189000948014,4.738007758776903,-0.13281875782888886,-608.9712706243871,502.5971336543759,111.96948838879761,-0.8573436600099573,4.389767834959371e-13
reference_replay,3.14031403140314,106.45664566456645,4.611769490675671,4.744565872901263,-0.13279638222559154,-609.298804145632,502.8278980170328,112.0638899737664,-0.8484179722664331,4.569630026121354e-13
reference_replay,3.1603160316031604,107.13471347134714,4.620926667318169,4.753738179307317,-0.1328115119891482,-609.7607801552473,503.15335048882974,112.19705716317998,-0.8358893174555939,4.788353023309309e-13
reference_replay,3.1803180318031803,107.8127812781278,4.629810794877396,4.76266316095704,-0.13285236607964368,-610.2158953170252,503.47392076377474,112.32825705985701,-0.8236193456499762,4.92785539145699e-13
reference_replay,3.1843184318431845,107.94839483948395,4.631556922864134,4.764416750728957,-0.13285982786482275,-610.3061059793233,503.5374556420531,112.35426319774504,-0.8211961097463502,4.963059723550119e-13
reference_replay,3.2003200320032,108.49084908490848,4.638049717731114,4.771334049668001,-0.1332843319368866,-610.6642733880097,503.78968465162774,112.45751519295045,-0.8115924069009479,5.040666670973591e-13
reference_replay,3.2203220322032204,109.16891689168916,4.644431015821794,4.779804054277872,-0.13537303845607873,-611.106044490649,504.10073916663407,112.58486668673743,-0.799757308445168,5.108792724419497e-13
reference_replay,3.2403240324032403,109.84698469846984,4.65016381322727,4.7880520786043395,-0.13788826537706989,-611.5413351016774,504.40717685931634,112.71034577511138,-0.7881354541464723,5.150642820425237e-13
reference_replay,3.2443244324432445,109.98259825982599,4.651239627299734,4.789675502497838,-0.13843587519810363,-611.6276262519544,504.4679177251365,112.73521966535495,-0.7858356360396734,5.155695357504663e-13
reference_replay,3.26032603260326,110.52505250525051,4.655338525436097,4.7960840436613115,-0.14074551822521464,-611.9702662811867,504.70908113869683,112.8339840178467,-0.7767148316960418,5.149249026000281e-13
reference_replay,3.2803280328032804,111.2031203120312,4.660098813125441,4.803909721634777,-0.14381090850933553,-612.3929572640623,505.00653525507914,112.9558139650391,-0.7654822344217129,5.093261222447139e-13
reference_replay,3.3003300330033003,111.88118811881188,4.66465056083921,4.811543282092755,-0.14689272125354513,-612.8095257254485,505.2996228140135,113.07586937850074,-0.754423184973538,5.005126372779294e-13
reference_replay,3.3043304330433045,112.01680168016802,4.66555894376647,4.813048530036002,-0.1474895862695318,-612.8921149769553,505.3577237530063,113.0996705868321,-0.7522308328475992,4.978181486215573e-13
reference_replay,3.32033203320332,112.55925592559255,4.669271417947617,4.8190038606977135,-0.14973244275009634,-613.2200880560234,505.58842831773677,113.19418545799323,-0.7435218590093446,4.88007964859077e-13
reference_replay,3.3403340334033405,113.23732373237324,4.6743209018518606,4.82631615009911,-0.15199524824724975,-613.6247596470768,505.8730377340877,113.310799071968,-0.7327610088802987,4.727799107545736e-13
reference_replay,3.3603360336033603,113.91539153915392,4.680035270955617,4.83349938634973,-0.15346411539411253,-614.0236551112116,506.1535390666571,113.42574889603425,-0.7221334651304853,4.586649147040456e-13
reference_replay,3.366336633663366,114.11881188118811,4.68138912018594,4.835605681919342,-0.15421656173340192,-614.1422135939306,506.2369015398223,113.45991428715219,-0.7189965511250349,4.534615840743931e-13
reference_replay,3.38033803380338,114.59345934593458,4.684496568878316,4.840475623470868,-0.15597905459255212,-614.4168807239595,506.4300198808972,113.53906545255988,-0.7117289860271656,4.4042269511150066e-13
reference_replay,3.4003400340034005,115.27152715271527,4.6888622315222745,4.847339788946852,-0.15847755742457714,-614.8045404894126,506.70256890287817,113.65077896051774,-0.7014675850368783,4.215518535324102e-13
reference_replay,3.4203420342034203,115.94959495949594,4.6932346383404715,4.854122841238322,-0.16088820289785044,-615.1867408414154,506.9712783602287,113.76092528836428,-0.6913399659397056,3.9910401611923666e-13
reference_replay,3.4283428342834283,116.22082208220822,4.695011760723382,4.856821194909224,-0.16180943418584182,-615.3381159570622,507.0777082262811,113.80455319187423,-0.6873242661843181,3.905486469139792e-13
reference_replay,3.44034403440344,116.62766276627661,4.697733849975898,4.860860549475789,-0.163126699499891,-615.5635870196054,507.23624316213653,113.86954108875975,-0.6813366818154729,3.772571136454105e-13
reference_replay,3.4603460346034605,117.3057305730573,4.702498842871495,4.8675937644747185,-0.1650949216032238,-615.9351832091364,507.49756126476024,113.9766638438943,-0.6714481350437503,3.578532964077703e-13
reference_replay,3.4803480348034803,117.98379837983798,4.707688743867378,4.874368688484137,-0.16667994461675928,-616.3016326804003,507.7553340366425,114.08233190954543,-0.6616645773038533,3.391311679971375e-13
reference_replay,3.4923492349234926,118.39063906390639,4.711080806683969,4.87847497954367,-0.1673941728597006,-616.5190746045137,507.90833951379136,114.14505079593725,-0.6558407256716103,3.2925966748838126e-13
reference_replay,3.5003500350035,118.66186618661865,4.713484064804431,4.881237144031818,-0.1677530792273867,-616.6630379287496,508.0096666241212,114.18658455823476,-0.6519761095748409,3.2481989829695146e-13
reference_replay,3.5203520352035205,119.33993399339934,4.7200879371206135,4.888256842274532,-0.16816890515391858,-617.0195008142206,508.2606683167428,114.28946202188752,-0.6423726821355167,3.1658630375683927e-13
reference_replay,3.5403540354035403,120.01800180018002,4.729320787583988,4.895264602255595,-0.16594381467160702,-617.3711115221406,508.5084074420664,114.3909904843601,-0.6330218020306257,3.13406103244137e-13
reference_replay,3.5573557355735574,120.59435943594359,4.737702372363258,4.901281706917161,-0.16357933455390317,-617.66622728043,508.71645298068995,114.47624232541673,-0.6251863187598281,3.1195034817427547e-13
reference_replay,3.56035603560356,120.69606960696069,4.739224197489733,4.902349993639012,-0.1631257961492789,-617.7179529919098,508.7529291766512,114.49118830974821,-0.6238145008509354,3.1253976429566216e-13
reference_replay,3.5803580358035805,121.37413741374138,4.74961846109213,4.909525415512047,-0.15990695441991765,-618.0601144027461,508.99431019589605,114.5900841221681,-0.61475449980633,3.159805099857585e-13
reference_replay,3.6003600360036003,122.05220522052204,4.760258212221151,4.916800010322116,-0.1565417981009647,-618.3976827982398,509.23262440433996,114.68770532898567,-0.6058469247640615,3.1833352506002975e-13
reference_replay,3.62036203620362,122.73027302730272,4.770819672471003,4.924179841702172,-0.1533601692311688,-618.7307430790225,509.46794270293714,114.78407804421194,-0.5970978264246816,3.2315729496598015e-13
reference_replay,3.6243624362436244,122.86588658865887,4.772888159999053,4.925668735974967,-0.152780575975914,-618.7968214814672,509.51465286793416,114.80320497103874,-0.5953676215310648,3.242346254874015e-13
reference_replay,3.6403640364036405,123.4083408340834,4.780893939639427,4.931667603363788,-0.15077366372436085,-619.0593779970558,509.7003327629268,114.87922701781449,-0.5885141803220407,3.2756004338425146e-13
reference_replay,3.6603660366036603,124.08640864086408,4.789980276167957,4.939262331489454,-0.14928205532149708,-619.3836681499218,509.929858799704,114.97317556853027,-0.5801038868232905,3.3117843017549265e-13
reference_replay,3.68036803680368,124.76447644764475,4.79747939758578,4.946959120418665,-0.14947972283288458,-619.7036919751131,510.1565813466914,115.06594551996892,-0.5718757711288818,3.319961946294385e-13
reference_replay,3.6913691369136914,125.13741374137413,4.803743238412938,4.9512304841513,-0.14748724573836203,-619.8779135257951,510.2800996311268,115.11647216494484,-0.5674277861256048,3.308080810158181e-13
reference_replay,3.7003700370037005,125.44254425442544,4.809597365178308,4.9547307826338205,-0.14513341745551234,-620.0195223896005,510.38053561448095,115.15754888384231,-0.5638313260892422,3.291735661212543e-13
reference_replay,3.7203720372037203,126.12061206120612,4.82288072001789,4.9625015924287155,-0.13962087241082521,-620.331225960377,510.6017260063474,115.24798598746507,-0.5559844410071172,3.250567426736413e-13
reference_replay,3.74037403740374,126.79867986798679,4.836327799708083,4.970218257028683,-0.13389045732060012,-620.6388701120648,510.8201719380476,115.33726325877464,-0.5483468277291517,3.2215799223736935e-13
reference_replay,3.7603760376037605,127.47674767476748,4.849613079744222,4.977817824372656,-0.12820474462843467,-620.9425193434494,511.0358834965374,115.4253838390604,-0.5409301677760959,3.1788315679874756e-13
reference_replay,3.7803780378037803,128.15481548154816,4.862332416146587,4.9852256968429245,-0.12289328069633765,-621.2422351099962,511.24886050033524,115.51234731608456,-0.5337470095810283,3.1385402645229754e-13
reference_replay,3.8003800380038,128.83288328832882,4.873996676099833,4.992354984447302,-0.11835830834746908,-621.5380757613659,511.4590919109903,115.59814960331195,-0.5268107684893528,3.103376222115153e-13
reference_replay,3.8203820382038205,129.5109510951095,4.884025368624259,4.9991058693432855,-0.11508050071902609,-621.8300964789347,511.6665552445488,115.68278283048767,-0.5201357267588003,3.069844300089439e-13
reference_replay,3.83038303830383,129.84998499849985,4.888218425460158,5.002304529230269,-0.11408610377011108,-621.9746907250187,511.7692385817176,115.7246575284369,-0.5169008559058258,3.0383887320864794e-13
reference_replay,3.8403840384038403,130.1890189018902,4.891740275211607,5.005364983235123,-0.11362470802351599,-622.1183492133093,511.871215983022,115.76623524708157,-0.5137370335594291,3.020895986084689e-13
reference_replay,3.86038603860386,130.86708670867085,4.895254500744458,5.011484477638461,-0.11622997689400272,-622.4028946665643,512.0731000229028,115.84851972847254,-0.5072406071729337,2.9930679640818815e-13
reference_replay,3.8803880388038805,131.54515451545154,4.8972684722023825,5.017493068510394,-0.1202245963080113,-622.6838142673814,512.2723675992194,115.9297018513734,-0.5007621147012409,2.968244704034338e-13
reference_replay,3.9003900390039004,132.2232223222322,4.898705674240158,5.02329853215769,-0.12459285791753238,-622.9611680728042,512.4690585974367,116.00979977093483,-0.4943917634099947,2.940929958773125e-13
reference_replay,3.9013901390139014,132.25712571257125,4.898768618972393,5.023583490370619,-0.12481487139822622,-622.9749432025018,512.4788261254416,116.01377649550857,-0.4940759280780925,2.9386748798290773e-13
reference_replay,3.92039203920392,132.9012901290129,4.8999278750564565,5.028902355481469,-0.12897448042501214,-623.2350138421117,512.6632073280442,116.08882969959619,-0.48812083004753803,2.923218023647692e-13
reference_replay,3.9403940394039405,133.57935793579358,4.901358903937145,5.034308259654223,-0.132949355717078,-623.5054080438725,512.8548486121541,116.16680828273456,-0.4819405913622135,2.920760972725973e-13
reference_replay,3.9603960396039604,134.25742574257424,4.903484651255273,5.039522180635088,-0.13603752937981461,-623.7724058559437,513.0440177815019,116.24375257917896,-0.4758423241023645,2.885481567621496e-13
reference_replay,3.9743974397439743,134.73207320732072,4.905676967327341,5.043061962321487,-0.13738499499414658,-623.9573123809326,513.1749844648372,116.29700751713405,-0.4716176387173653,2.8655436560017496e-13
reference_replay,3.98039803980398,134.93549354935493,4.906853068472005,5.044552250359747,-0.13769918188774177,-624.0360611654703,513.2307506784466,116.31968004239948,-0.4698173050163333,2.8563966157762873e-13
reference_replay,4.000400040004,135.6135613561356,4.908710596407501,5.049401972215516,-0.14069137580801439,-624.2964275622879,513.4150875982494,116.39460883642347,-0.4638669001697516,2.8326698248981155e-13
reference_replay,4.02040204020402,136.29162916291628,4.9069141012126325,5.054103184258862,-0.14718908304622946,-624.5535646707306,513.5970984166153,116.46855992383071,-0.45799048545683196,2.814023800963865e-13
reference_replay,4.040404040404041,136.96969696969697,4.90496139892485,5.058696091291192,-0.15373469236634207,-624.8075276822628,513.7768410503376,116.54155349456529,-0.4521707713491029,2.7990113529401735e-13
reference_replay,4.048404840484048,137.24092409240922,4.904218632884574,5.060509591134487,-0.15629095824991257,-624.9082360803,513.8481153819688,116.57048733587241,-0.44985704640704627,2.7960468806702193e-13
reference_replay,4.06040604060406,137.64776477647763,4.903227032705496,5.063210979185124,-0.15998394647962755,-625.0583697794757,513.9543710768324,116.61360978133351,-0.4464000995054105,2.7897143412090575e-13
reference_replay,4.08040804080408,138.32583258325832,4.902140450719624,5.067681746547853,-0.16554129582822963,-625.3061433217858,514.1297464395466,116.68474944037143,-0.4406708115846001,2.7944149348051595e-13
reference_replay,4.100410041004101,139.003900390039,4.902186006123254,5.072145885206172,-0.169959879082918,-625.550899845437,514.3030274479578,116.75499353193064,-0.4349752492455176,2.801416577906922e-13
reference_replay,4.12041204120412,139.68196819681967,4.903902957068851,5.076644461595336,-0.17274150452648485,-625.7926900634991,514.4742767775741,116.82436350166704,-0.4293057541470093,2.840110195281262e-13
reference_replay,4.123412341234124,139.78367836783679,4.904340663101095,5.077324930009292,-0.17298426690819646,-625.8287058469832,514.4997929340225,116.83469494777026,-0.4284571048005198,2.846517807753774e-13
reference_replay,4.14041404140414,140.36003600360036,4.907252341005295,5.081199441387375,-0.1739471003820805,-626.03156385269,514.6435587738919,116.89288101373445,-0.42367649354917974,2.896313601286322e-13
reference_replay,4.160416041604161,141.03810381038105,4.908473760566563,5.085681034123297,-0.17720727355673382,-626.2675695114924,514.8109002691691,116.96055958377704,-0.41820930733073935,2.9682676893151405e-13
reference_replay,4.18041804180418,141.7161716171617,4.910001723852778,5.0901784030664095,-0.18017667921363145,-626.5007544923856,514.9763292559587,117.02741299980646,-0.4128093603135022,3.0348870379503494e-13
reference_replay,4.2004200420042,142.3942394239424,4.911885434392698,5.094706592843187,-0.18282115845048974,-626.73116569358,515.1398902952316,117.09345856686218,-0.40747657567086015,3.0908826165843794e-13
reference_replay,4.220422042204221,143.07230723072308,4.914173863994934,5.099280613079246,-0.18510674908431213,-626.9588491318406,515.301627236348,117.15871338514765,-0.40221087657620563,3.1478067776679615e-13
reference_replay,4.24042404240424,143.75037503750374,4.916915752743398,5.10391544108501,-0.1869996883416123,-627.1838499424881,515.4615832170567,117.223194352719,-0.3970121862029315,3.1790715609288186e-13
reference_replay,4.26042604260426,144.42844284428443,4.920159608996393,5.108626024695278,-0.18846641569888511,-627.4062123793985,515.6198006634968,117.28691816832114,-0.3918804277244291,3.1954853166827803e-13
reference_replay,4.278427842784279,145.03870387038702,4.9235481672707015,5.1129426539773215,-0.18939448670661996,-627.6041186286002,515.7607444102537,117.34363588069014,-0.38731900836661604,3.1906980265471365e-13
reference_replay,4.280428042804281,145.10651065106512,4.923953709391163,5.113427285258015,-0.18947357586685243,-627.6259798150032,515.7763212901955,117.34990133437954,-0.38681552431409144,3.1887254989513723e-13
reference_replay,4.3004300430043,145.78457845784575,4.92889445539672,5.118248027742525,-0.18935357234580508,-627.8431939353678,515.9311698941292,117.41215419853357,-0.38188212955273904,3.1667454930837725e-13
reference_replay,4.32043204320432,146.46264626462644,4.934282092346935,5.123079151624767,-0.18879705927783164,-628.0578944579953,516.0843486731064,117.47367901790791,-0.3770540813945902,3.1402324313057956e-13
reference_replay,4.340434043404341,147.14071407140713,4.939866963375007,5.1279153521997225,-0.18804838882471575,-628.2701211278089,516.2358774120206,117.53448480035524,-0.372325732367524,3.094663720761915e-13
reference_replay,4.358435843584359,147.75097509750975,4.944925042669944,5.132258497911806,-0.18733345524186262,-628.4590420532747,516.3708568201613,117.58860211386445,-0.3681583828395033,3.051142523566626e-13
reference_replay,4.36043604360436,147.8187818781878,4.94548271625566,5.13273989247986,-0.18725717622419946,-628.4799127182876,516.3857733721378,117.59457985629656,-0.3677006176672614,3.0464996985773787e-13
reference_replay,4.38043804380438,148.49684968496848,4.9509363636401105,5.1375332455230325,-0.186596881882922,-628.6873070103344,516.5340508656398,117.6539716627069,-0.3631822724895227,2.987210340436778e-13
reference_replay,4.400440044004401,149.17491749174917,4.95600828306426,5.142273115221055,-0.18626483215679546,-628.8923407922761,516.680721255624,117.71266688390284,-0.3587742320300287,2.939571305780549e-13
reference_replay,4.42044204420442,149.85298529852983,4.960452216936865,5.146934456690082,-0.1864822397532171,-629.0950498598631,516.8257929561037,117.77067139193376,-0.35448003148450014,2.909044058451573e-13
reference_replay,4.43944394439444,150.4971497149715,4.964764571758057,5.151295950619265,-0.18653137886120863,-629.2855021475773,516.9621375572409,117.82514077846051,-0.3504802375051483,2.875039236628092e-13
reference_replay,4.44044404440444,150.53105310531052,4.9650235021648,5.151524427326686,-0.18650092516188632,-629.2954692961991,516.9692741869768,117.82799055875071,-0.3502710222019741,2.8729745061335275e-13
reference_replay,4.460446044604461,151.2091209120912,4.970178151919128,5.156041808290359,-0.18586365637123148,-629.4936346066406,517.111184143347,117.88463036560763,-0.3461380940239646,2.8292689031406366e-13
reference_replay,4.48044804480448,151.88718871887187,4.975247181379297,5.160444333637709,-0.1851971522584117,-629.6895795863546,517.2515320087145,117.94059533397792,-0.3421034227004174,2.7855864599456035e-13
reference_replay,4.5004500450045,152.56525652565256,4.980168202647567,5.1647079753256655,-0.1845397726780984,-629.8833369696387,517.3903233453714,117.99588918472469,-0.33816758513200673,2.753721616145087e-13
reference_replay,4.520452045204521,153.24332433243325,4.984873748644803,5.168806986078516,-0.18393323743371237,-630.0749385953894,517.5275617228999,118.05051501678716,-0.33433115821940745,2.719618997805021e-13
reference_replay,4.522452245224523,153.31113111311132,4.985329703071601,5.1692067903007715,-0.1838770872291704,-630.0939813903813,517.5412002258722,118.05594096013444,-0.3339530053248932,2.718240588097033e-13
reference_replay,4.54045404540454,153.9213921392139,4.989291273108662,5.172713916416569,-0.18342264330790758,-630.2644154071043,517.6632487181754,118.10447532420845,-0.33059471886329433,2.695015450432269e-13
reference_replay,4.56045604560456,154.5994599459946,4.993343150593585,5.176399631819283,-0.18305648122569806,-630.4517974528802,517.797383915364,118.15777201329959,-0.32695884396434177,2.66469078589063e-13
reference_replay,4.580458045804581,155.27752775277528,4.996528752776876,5.179859451534581,-0.1833306987577048,-630.6371139779351,517.9299663279004,118.21040693494544,-0.32339983337642325,2.6412869233045705e-13
reference_replay,4.6004600460046,155.95559555955595,4.997834141370993,5.183194656186174,-0.1853605148151809,-630.8203957684531,518.0610304216661,118.26239487062676,-0.3198348676539298,2.6190250641568796e-13
reference_replay,4.6064606460646065,156.15901590159015,4.998111642202536,5.184164068327927,-0.18605242612539108,-630.8749880433375,518.100058774458,118.27786730194957,-0.31877396474248476,2.6145207616621415e-13
reference_replay,4.62046204620462,156.63366336633663,4.998587341480094,5.186373677355042,-0.1877863358749483,-631.0016726781439,518.1906081000297,118.31374957642437,-0.31631132095543335,2.6057660418638324e-13
reference_replay,4.640464046404641,157.31173117311732,4.998958042572018,5.189414628574032,-0.1904565860020142,-631.1809732925507,518.3187235445116,118.36448195088707,-0.3128175742742346,2.5993586911668955e-13
reference_replay,4.66046604660466,157.98979897989798,4.999186009014272,5.192342685007091,-0.19315667599281916,-631.3583257033631,518.4454051153891,118.41460432131652,-0.30934104833570153,2.6073927431452026e-13
reference_replay,4.68046804680468,158.66786678667867,4.999588089510587,5.195190642234628,-0.1956025527240417,-631.5337575388361,518.5706858192141,118.46413056545364,-0.30586820359726896,2.615605607303326e-13
reference_replay,4.692469246924692,159.07470747074706,5.000075996373461,5.196877656163418,-0.19680165978995667,-631.6381060942782,518.6451974566496,118.493566565548,-0.3037802717562368,2.6256465339108236e-13
reference_replay,4.700470047004701,159.34593459345936,5.00056522652475,5.197999471004416,-0.19743424447966618,-631.7072959942074,518.6946037763291,118.51307622913082,-0.3023845402484393,2.6391652095298696e-13
reference_replay,4.72047204720472,160.02400240024,5.002609465717155,5.20081886850804,-0.1982094027908845,-631.8789678621179,518.8172026883846,118.56145864045186,-0.2988745982107824,2.678948219060893e-13
reference_replay,4.74047404740474,160.70207020702068,5.0028807687761425,5.203511335601497,-0.20063056682535407,-632.0488006679672,518.9385103054242,118.60928802748006,-0.2954863293358715,2.7518243360777205e-13
reference_replay,4.760476047604761,161.38013801380137,5.002844250392,5.206159324566483,-0.20331507417448247,-632.2168222775139,519.0585393139334,118.65656823086847,-0.2921259427217547,2.826009645184543e-13
reference_replay,4.7794779477947795,162.024302430243,5.002803213755503,5.208662842061517,-0.20585962830601368,-632.3747891931764,519.1714133549704,118.70098693122333,-0.28894825095604104,2.889513764717426e-13
reference_replay,4.78047804780478,162.05820582058203,5.0028036945971674,5.2087947017802465,-0.20599100718307906,-632.38305904393,519.177323544669,118.70331153884545,-0.28878133780451576,2.893389427773913e-13
reference_replay,4.8004800480048,162.73627362736272,5.002934867320915,5.211443344398457,-0.20850847707754205,-632.5475369381656,519.2948984999967,118.74953055814139,-0.28544877557432574,2.9621072431274455e-13
reference_replay,4.820482048204821,163.4143414341434,5.0034403996836145,5.214133369310607,-0.2106929696269928,-632.7102815534888,519.4113012699603,118.79523816986018,-0.28212451702135616,3.0137652716257444e-13
reference_replay,4.84048404840484,164.09240924092407,5.004549787995834,5.216895124289039,-0.21234533629320484,-632.8713181054846,519.5265705322812,118.84044752062796,-0.2788048231357785,3.050284127651078e-13
reference_replay,4.86048604860486,164.77047704770476,5.006519393760153,5.219761179794329,-0.21324178603417554,-633.0306714320554,519.640746552359,118.88517201439821,-0.2754859549077638,3.0778523218108363e-13
reference_replay,4.868486848684869,165.04170417041706,5.00758368384444,5.220940960383684,-0.2133572765392442,-633.093946951645,519.6861201311592,118.90292909289064,-0.2741613120215162,3.0786887013615905e-13
reference_replay,4.880488048804881,165.44854485448545,5.008951933208972,5.222683446606452,-0.2137315133974802,-633.1883660667697,519.7538606617011,118.92942305069673,-0.27223419902193396,3.079611602934836e-13
reference_replay,4.9004900490049,166.1266126612661,5.011410754347105,5.225635029721122,-0.21422427537401667,-633.3444264226846,519.8659088890103,118.97320444292572,-0.2690518795305705,3.076168724507857e-13
reference_replay,4.9204920492049204,166.8046804680468,5.014057702857223,5.22865128306809,-0.21459358021086672,-633.498876383582,519.9769105962746,119.01652504019178,-0.2659079698165884,3.062027439360965e-13
reference_replay,4.940494049404941,167.4827482748275,5.016840988920499,5.231737517231122,-0.21489652831062322,-633.6517394532276,520.0868870678355,119.05939409218651,-0.26280418956359064,3.047989980641066e-13
reference_replay,4.9594959495949595,168.12691269126913,5.019552685676293,5.2347382146088615,-0.21518552893256881,-633.7955105960195,520.1904334917448,119.09970965342912,-0.2598943345458014,3.027686097864272e-13
reference_replay,4.96049604960496,168.16081608160815,5.019695995836021,5.234898062496257,-0.2152020666602361,-633.803038776411,520.1958584922844,119.1018206050777,-0.25974225845518045,3.0267431387068985e-13
reference_replay,4.9804980498049805,168.83888388838884,5.022545280038985,5.238136274130243,-0.21559099409125793,-633.9527971389464,520.3038439624627,119.1438133467886,-0.2567238961749605,3.0063814873232533e-13
reference_replay,5.000500050005001,169.51695169516952,5.025298571076135,5.241454537598511,-0.21615596652237556,-634.1010369676723,520.4108614754621,119.18538085221493,-0.25375082240653407,2.9855668192089234e-13
reference_replay,5.02050205020502,170.19501950195018,5.028535973876685,5.244841151735506,-0.2163051778588212,-634.247780275061,520.5169265879948,119.22653088023034,-0.25083604142893273,2.9768606486348126e-13
reference_replay,5.0405040504050405,170.87308730873087,5.033220863970498,5.2482477801286445,-0.21502691615814662,-634.3930479251637,520.6220345966512,119.26726319296702,-0.24800208432619322,2.9774717218929935e-13
reference_replay,5.051505150515052,171.24602460246024,5.035865065394616,5.250129132648247,-0.21426406725363112,-634.4723236442455,520.6794355953841,119.28948845436936,-0.24647127285999848,2.9730306071058443e-13
reference_replay,5.060506050605061,171.55115511551156,5.038042936203353,5.2516697374189905,-0.21362680121563749,-634.5368606351141,520.7261848501308,119.3075795482468,-0.24523402584488146,2.974475219476623e-13
reference_replay,5.08050805080508,172.22922292229222,5.042851437407377,5.255087717464575,-0.21223628005719863,-634.6792389041038,520.8293790251153,119.34748297128746,-0.24253537483460155,2.965774729778819e-13
reference_replay,5.1005100510051005,172.9072907290729,5.047469692715208,5.258479771181212,-0.2110100784660034,-634.8202028185248,520.9316163958877,119.38697583396298,-0.2399096401449579,2.956047686597825e-13
reference_replay,5.120512051205121,173.58535853585357,5.0516951055499915,5.261821321361514,-0.21012621581152224,-634.9597720519672,521.0328938343326,119.42605986962134,-0.2373603306255547,2.942710314562652e-13
reference_replay,5.14051405140514,174.26342634263423,5.055299157629927,5.265085177393576,-0.20978601976364963,-635.0979658652202,521.1332058099364,119.4647361878031,-0.23489095512599648,2.927120878538635e-13
reference_replay,5.145514551455146,174.43294329432945,5.056073835413664,5.265885567644263,-0.209811732230599,-635.1323016269478,521.1581320734174,119.47434163330936,-0.23428651213502058,2.924992698560909e-13
reference_replay,5.1605160516051605,174.94149414941492,5.058070048615556,5.268243225049693,-0.2101731764341368,-635.2348031062795,521.2325444071022,119.50300529155602,-0.23250336732928933,2.9192945666728317e-13
reference_replay,5.180518051805181,175.6195619561956,5.0617799784525435,5.271350452622661,-0.20957047417011765,-635.3703022169746,521.3309143719042,119.5408693727707,-0.23013107507799582,2.934468871505937e-13
reference_replay,5.2005200520052,176.29762976297627,5.065376139107069,5.274352754514761,-0.20897661540769263,-635.504481229081,521.4283242861496,119.57833094485571,-0.22782124740990664,2.941369877652958e-13
reference_replay,5.2205220522052205,176.97569756975696,5.06882796697148,5.277230197416047,-0.20840223044456696,-635.6373577576531,521.5247714278537,119.61539056022161,-0.2255740330064053,2.959589408643678e-13
reference_replay,5.240524052405241,177.65376537653765,5.072103398815058,5.279961888296162,-0.2078584894811044,-635.7689490055628,521.6202520787162,119.65204839569132,-0.22338958054887545,2.9685753773864413e-13
reference_replay,5.241524152415241,177.68766876687667,5.072261944366188,5.280094259065384,-0.20783231469919627,-635.77549513228,521.6250006605508,119.65387073888833,-0.22328200809405307,2.967987114892021e-13
reference_replay,5.26052605260526,178.3318331833183,5.075168871764006,5.2825259844672745,-0.20735711270326806,-635.8992717635008,521.7147615241197,119.68830426256677,-0.22126803871870082,2.983106578814952e-13
reference_replay,5.2805280528052805,179.009900990099,5.077989323313276,5.284899703919258,-0.206910380605982,-636.0283424099755,521.8082940531305,119.72415761696126,-0.2192095561972647,2.9908293260293366e-13
reference_replay,5.300530053005301,179.6879687968797,5.080528191317471,5.287059335959537,-0.20653114464206546,-636.1561769113141,521.9008429584978,119.75960757044146,-0.217214281665951,2.999336190546885e-13
reference_replay,5.32053205320532,180.36603660366035,5.081446907512449,5.289066709154056,-0.20761980164160754,-636.2827911779268,521.9924133805748,119.79465662676306,-0.21521212025731098,3.0348662041117534e-13
reference_replay,5.33953395339534,181.01020102010202,5.081531691713587,5.290851402933519,-0.20931971121993254,-636.4019594081506,522.0785315409744,119.82759214618771,-0.2133128760783205,3.064412519485063e-13
reference_replay,5.3405340534053405,181.04410441044104,5.081529742376312,5.290941596005814,-0.20941185362950154,-636.4082015751193,522.0830407228862,119.82931592716209,-0.21321347892345283,3.066093712642509e-13
reference_replay,5.360536053605361,181.72217221722173,5.081415510343814,5.292669055482115,-0.21125354513830086,-636.5324234705321,522.1727382850626,119.86358999628638,-0.2112357553350579,3.097107712925928e-13
reference_replay,5.38053805380538,182.4002400240024,5.081290841282992,5.294256182415059,-0.2129653411320671,-636.655471843225,522.261519221257,119.89748316856712,-0.20927436418440373,3.1202290241637014e-13
reference_replay,5.4005400540054005,183.07830783078307,5.08137537283014,5.295712204342752,-0.21433683151261196,-636.7773613295019,522.3493981922257,119.93100006178236,-0.2073247201637675,3.1419228529181475e-13
reference_replay,5.420542054205421,183.75637563756376,5.081921750392527,5.297048473911459,-0.21512672351893158,-636.8981062229108,522.4363913653268,119.96414556946053,-0.2053822379654269,3.155931645480932e-13
reference_replay,5.438543854385438,184.36663666366636,5.083043778854834,5.298159817854388,-0.2151160389995539,-637.0058095374887,522.5139424403399,119.9936632525911,-0.2036363375881504,3.173124186695843e-13
reference_replay,5.44054405440544,184.43444344434442,5.08321562713022,5.298278461463496,-0.2150628343332759,-637.0177204742441,522.5225164145216,119.99692485346732,-0.2034423322816594,3.173718217325096e-13
reference_replay,5.4605460546054605,185.1125112511251,5.083790613602424,5.299420511739863,-0.21562989813743982,-637.1362178308698,522.6077933770405,120.02934392740212,-0.20149896183327712,3.187470546034136e-13
reference_replay,5.480548054805481,185.7905790579058,5.0820942732583285,5.30050691946589,-0.21841264620756107,-637.2536129509001,522.692251503767,120.06141433779582,-0.19954597119716017,3.2062953385189404e-13
reference_replay,5.5005500550055,186.46864686468646,5.08031882105511,5.301564546379911,-0.2212457253248008,-637.369919679989,522.7759186642564,120.09314579691912,-0.19758023480692585,3.2124520807554856e-13
reference_replay,5.5205520552055205,187.14671467146712,5.078674530397943,5.302622522875892,-0.2239479924779495,-637.4851513723883,522.8588233207245,120.1245475623367,-0.19559698779734125,3.2233755756216596e-13
reference_replay,5.540554055405541,187.8247824782478,5.077406094004214,5.303712783298829,-0.22630668929461528,-637.5993211235635,522.9409959582697,120.15562941389551,-0.19359146530317356,3.2360783219374404e-13
reference_replay,5.56055605560556,188.50285028502847,5.07679262389716,5.304870053440979,-0.22807742954381904,-637.7124417701938,523.0224690848743,120.18640164121935,-0.19155890245919013,3.2461943651855496e-13
reference_replay,5.5805580558055805,189.18091809180916,5.077147651408594,5.306131839042304,-0.22898418763370998,-637.8245258901725,523.1032772314036,120.21687503221104,-0.18949453440015798,3.2615905250634075e-13
reference_replay,5.600560056005601,189.85898589858985,5.078785162414862,5.307519440885357,-0.22873427847049488,-637.9355857923646,523.183456457798,120.24706074887685,-0.1874119734252443,3.28250609190805e-13
reference_replay,5.62056205620562,190.5370537053705,5.080963556635074,5.308862707009402,-0.22789915037432795,-638.0456327032854,523.2629970145244,120.2769593580015,-0.18546096223150121,3.312715786416391e-13
reference_replay,5.6405640564056405,191.2151215121512,5.0832835954955655,5.310258266197696,-0.2269746707021305,-638.1546781972254,523.3418889390558,120.30657118233789,-0.18352365797095502,3.3371033341377497e-13
reference_replay,5.643564356435643,191.3168316831683,5.083638390678395,5.310472657363191,-0.22683426668479623,-638.1709494020017,523.3536677124962,120.31098859142325,-0.1832342445548614,3.340912707272923e-13
reference_replay,5.660566056605661,191.8931893189319,5.085657473179134,5.311714952907059,-0.2260574797279249,-638.2627344545688,523.4201472653668,120.33590220275227,-0.1816000606436059,3.3574766526788474e-13
reference_replay,5.68056805680568,192.57125712571255,5.087997383857665,5.313241531289749,-0.22524414743208343,-638.3698136557006,523.4977870274317,120.36495832980769,-0.17969017024945383,3.373322596185876e-13
reference_replay,5.7005700570057005,193.24932493249324,5.090215521711228,5.31484669666665,-0.22463117495542217,-638.4759279810053,523.5748232592254,120.39374540523472,-0.17779398678849867,3.3922309829964944e-13
reference_replay,5.720572057205721,193.92739273927393,5.092224080915343,5.316539076996923,-0.22431499608158045,-638.581089610868,523.6512709947224,120.42226920340299,-0.17591151026074056,3.4031831876490485e-13
reference_replay,5.74057405740574,194.6054605460546,5.093935255647353,5.318327234351204,-0.22439197870385108,-638.6853107256734,523.7271452678967,120.4505354327937,-0.1740427406661795,3.4183253750772157e-13
reference_replay,5.748574857485749,194.87668766876686,5.095446257774143,5.3190513465654785,-0.22360508879133523,-638.7267385790082,523.7573366852897,120.46177080003649,-0.17331755975291252,3.422731619279796e-13
reference_replay,5.7605760576057605,195.28352835283528,5.09896124290333,5.320121501284511,-0.2211602583811807,-638.7886038644683,523.8024442775219,120.4785455506517,-0.1722644624211057,3.4286143314825226e-13
reference_replay,5.780578057805781,195.96159615961597,5.10476084452637,5.321916636546712,-0.21715579202034174,-638.8909820714638,523.8771425105652,120.5062951345329,-0.17053893708800522,3.4394886663148323e-13
reference_replay,5.8005800580058,196.63966396639663,5.110263912462305,5.323719250551256,-0.21345533808895123,-638.9924578230655,523.9512411060856,120.53378642539391,-0.16885045786312683,3.444105316551026e-13
reference_replay,5.8205820582058205,197.31773177317731,5.115212965916161,5.325521309803221,-0.21030834388705966,-639.0930435776252,524.0247420506112,120.56102186156335,-0.16719902474647033,3.4501176808997053e-13
reference_replay,5.840584058405841,197.995799579958,5.119350524094788,5.327314766667076,-0.20796424257228807,-639.1927517934946,524.0976473306689,120.58800386723047,-0.16558463773803592,3.4504058258657725e-13
reference_replay,5.855585558555855,198.50435043504348,5.121766258159714,5.3286493648661635,-0.20688310670644938,-639.2669645651082,524.1519365809258,120.6080755080384,-0.16439815899023083,3.4517148434387186e-13
reference_replay,5.86058605860586,198.67386738673866,5.1224191061968485,5.329091559364461,-0.20667245316761296,-639.2915949290252,524.1699589327867,120.61473485244046,-0.16400729683782353,3.4528913247982975e-13
reference_replay,5.8805880588058805,199.35193519351935,5.125249027006594,5.330850623283966,-0.20560159627737207,-639.3895852491393,524.2416789071017,120.64121721535065,-0.1624602500294576,3.456440913719686e-13
reference_replay,5.900590059005901,200.03000300030004,5.130962275287294,5.332610935105013,-0.20164865981771918,-639.4867300525667,524.3128109369018,120.66745339750457,-0.16092334673496253,3.464760182967382e-13
reference_replay,5.92059205920592,200.7080708070807,5.136440894857861,5.334350966951179,-0.19791007209331823,-639.5830379802006,524.3833582640993,120.69344580901989,-0.15941512596777213,3.467773422607845e-13
reference_replay,5.9405940594059405,201.38613861386136,5.141486273483117,5.336065314858129,-0.1945790413750128,-639.6785194632894,524.4533235418422,120.71919682403282,-0.15793558772788627,3.47050699496744e-13
reference_replay,5.960596059605961,202.06420642064205,5.14589979892333,5.337748559969144,-0.19184876104581416,-639.7731849330809,524.5227094232782,120.74470880178674,-0.156484732015305,3.473869206765286e-13
reference_replay,5.964596459645964,202.1998199819982,5.146689203751868,5.338080998748672,-0.1913917949968038,-639.7920210233933,524.5365173054856,120.74978271943208,-0.15619800277606535,3.4736240610348924e-13
reference_replay,5.98059805980598,202.7422742274227,5.149482858940593,5.339395268545377,-0.1899124096047835,-639.8670448208236,524.5915185615552,120.76998408664348,-0.15506255883002837,3.475077325607921e-13
reference_replay,6.0006000600060005,203.4203420342034,5.152036841302453,5.340999991978535,-0.1889631506760816,-639.9601095577655,524.6597536098209,120.79502500809483,-0.1536690681720563,3.471233300034491e-13
reference_replay,6.02060206020602,204.09840984098406,5.155700916295592,5.342583304927631,-0.1868823886320392,-640.0523884370382,524.7274191657473,120.81983411539633,-0.15228153917813672,3.465650356326022e-13
reference_replay,6.040604060406041,204.77647764776478,5.160145156001255,5.344149274080509,-0.18400411807925465,-640.1438874755162,524.7945254246423,120.84441461193559,-0.15090328698154942,3.4604365296175875e-13
reference_replay,6.0606060606060606,205.45454545454544,5.164250715951657,5.3456875191801965,-0.1814368032285394,-640.2346153653148,524.8610780110425,120.86876912451135,-0.14954425105926475,3.457918913280125e-13
reference_replay,6.075607560756076,205.96309630963097,5.167028732971067,5.346822265980913,-0.17979353300984613,-640.3021606052889,524.910632213247,120.88688824282002,-0.14853758479756227,3.4600585422689917e-13
reference_replay,6.08060806080608,206.1326132613261,5.167886447089932,5.347196803684592,-0.17931035659465966,-640.3245810646821,524.9270820947833,120.89290020499436,-0.14820443141128267,3.4607419353588907e-13
reference_replay,6.100610061006101,206.81068106810682,5.170921200361027,5.3486758713130245,-0.17775467095199726,-640.413793531867,524.9925428457,120.9168103855173,-0.14688382803760294,3.4611195300441267e-13
reference_replay,6.120612061206121,207.48874887488748,5.173223826714439,5.350123446158243,-0.1768996194438035,-640.5022617251178,525.057465433628,120.94050217858599,-0.14558244093822595,3.461935459347394e-13
reference_replay,6.14061406140614,208.16681668166814,5.1748889823424005,5.351540023457382,-0.1766510411149813,-640.5899945940469,525.1218550511118,120.96397808160167,-0.14429851520953957,3.4680170413140655e-13
reference_replay,6.160616061606161,208.84488448844886,5.178351075402481,5.352949008284046,-0.17459793288156522,-640.6769997855062,525.185720316457,120.98724123554949,-0.14301275821667347,3.4750330174943855e-13
reference_replay,6.180618061806181,209.52295229522952,5.181627085802013,5.354339603299503,-0.17271251749748995,-640.763284877508,525.2490700289902,121.01029478697838,-0.14174033516144083,3.483395722270374e-13
reference_replay,6.188618861886189,209.7941794179418,5.182865457047577,5.354890957768925,-0.1720255007213476,-640.7975991548994,525.2742670806952,121.01945813141475,-0.14123509944188503,3.4896389429001493e-13
reference_replay,6.2006200620062,210.20102010201018,5.184628041349591,5.355712990664202,-0.1710849493146105,-640.8488582112974,525.3119109810285,121.03314146697657,-0.14048124604384146,3.493785751923039e-13
reference_replay,6.220622062206221,210.8790879087909,5.187264969845624,5.35707032860397,-0.1698053587583459,-640.9337281281198,525.3742499648889,121.05578398269839,-0.1392354908638753,3.5072267758681544e-13
reference_replay,6.240624062406241,211.55715571557155,5.189448899092337,5.358412751615462,-0.16896385252312474,-641.0179029692204,525.4360937728886,121.07822501756839,-0.1380030696215425,3.519551840240171e-13
reference_replay,6.26062606260626,212.23522352235221,5.191090856889231,5.359741370669707,-0.16865051378047635,-641.1013910758443,525.4974491973444,121.10046723148608,-0.13678398231684305,3.531127221600975e-13
reference_replay,6.280628062806281,212.91329132913293,5.193188705180901,5.36106021514467,-0.16787150996376887,-641.1842005846056,525.558322999665,121.12251327046043,-0.1355754703755615,3.54908718652422e-13
reference_replay,6.300630063006301,213.5913591359136,5.196067100470275,5.362372505236672,-0.16630540476639677,-641.2663385166666,525.6187217727788,121.14436580826607,-0.13437655914202062,3.5718859621332403e-13
reference_replay,6.304630463046305,213.72697269726973,5.196625310206758,5.362634054190943,-0.16600874398418508,-641.2826861892927,525.6307451127677,121.14871332662896,-0.1341381959134162,3.5765432074595705e-13
reference_replay,6.32063206320632,214.26942694269425,5.198779002532679,5.363677599643615,-0.1648985971109358,-641.3478126064921,525.6786522173526,121.1660274618421,-0.1331894730593442,3.593312096169106e-13
reference_replay,6.340634063406341,214.94749474947497,5.201245978032054,5.36497691240493,-0.1637309343728761,-641.428630751513,525.7381210586688,121.18750081737632,-0.13201421212753206,3.603598343024045e-13
reference_replay,6.360636063606361,215.6255625562556,5.203389593645986,5.366271834580614,-0.16288224093462755,-641.5088008491591,525.797135022009,121.20878843807695,-0.1308507763465845,3.611157987726987e-13
reference_replay,6.38063806380638,216.30363036303626,5.205131416038419,5.367563734469961,-0.16243231843154238,-641.5883307968611,525.8557008326554,121.22989286439177,-0.1296991657165014,3.615858319547515e-13
reference_replay,6.400640064006401,216.98169816981698,5.206393011886937,5.3688539578304395,-0.16246094594350247,-641.6672284920489,525.9138252158898,121.2508166142265,-0.1285593802372826,3.6183813113564544e-13
reference_replay,6.420642064206421,217.65976597659764,5.20838946953463,5.3701381130213095,-0.16174864348667928,-641.7455018246729,525.9715139777423,121.27156184533456,-0.12743588538301737,3.6225925537889626e-13
reference_replay,6.421642164216422,217.6936693669367,5.208490369411628,5.370202189702323,-0.1617118202906953,-641.7493992431436,525.9743870641266,121.27259445159359,-0.12738008287470426,3.6223935531372314e-13
reference_replay,6.44064406440644,218.3378337833783,5.210363668914759,5.37141739177729,-0.1610537228625306,-641.8231586781536,526.0287721218521,121.29213040375095,-0.12632645567245737,3.624816891917887e-13
reference_replay,6.460646064606461,219.01590159015902,5.212235298182712,5.372691669808558,-0.16045637162584558,-641.9002069417302,526.0856053668622,121.31252438302137,-0.12523113834518124,3.6222946222598335e-13
reference_replay,6.480648064806481,219.69396939693968,5.213986972502787,5.373960419603995,-0.15997344710120842,-641.9766545036493,526.1420193095414,121.33274581570015,-0.12415020198858473,3.6191581771298753e-13
reference_replay,6.5006500650065,220.37203720372034,5.215599353027208,5.375222928246694,-0.1596235752194861,-642.0525092511396,526.1980194214879,121.3527966730881,-0.12308391519006337,3.614790409730167e-13
reference_replay,6.520652065206521,221.05010501050106,5.217051146912487,5.376478298349887,-0.1594271514373995,-642.1277790704113,526.2536110491286,121.37267886616922,-0.12203254653701269,3.609164030493404e-13
reference_replay,6.540654065406541,221.72817281728172,5.218426063170588,5.377727452280854,-0.15930138911026592,-642.2024716140867,526.3087992447497,121.3923942591011,-0.120994437483634,3.609524364403404e-13
reference_replay,6.541654165416542,221.76207620762077,5.218500386677439,5.377789880448618,-0.15928949377117885,-642.2061911775808,526.3115481188719,121.39337568544232,-0.12094274628518538,3.6098300319202804e-13
reference_replay,6.56065606560656,222.40624062406238,5.2198923070185606,5.378973121385549,-0.1590808143669884,-642.2765917762238,526.3635869319987,121.41194480595917,-0.11996684034893625,3.6135412595047715e-13
reference_replay,6.580658065806581,223.0843084308431,5.221320919015304,5.380212310414422,-0.15889139139911812,-642.3501451858913,526.4179774441078,121.43133236160253,-0.11895230940499459,3.6169814720106467e-13
reference_replay,6.600660066006601,223.76237623762376,5.222719711062744,5.381444343985912,-0.15872463292316752,-642.4231378318232,526.4719742511894,121.45055870321876,-0.11795077859945045,3.620270380050315e-13
reference_replay,6.62066206620662,224.44044404440442,5.224096761858526,5.3826684386004935,-0.1585716767419676,-642.4955754774521,526.5255805352344,121.46962556269776,-0.11696218187994499,3.6224924012922287e-13
reference_replay,6.640664066406641,225.11851185118513,5.225460416915119,5.38388370329234,-0.15842328637722058,-642.5674636609094,526.5787991901132,121.48853462728236,-0.11598645319411921,3.627187270382758e-13
reference_replay,6.660666066606661,225.7965796579658,5.226819288557089,5.385089140269857,-0.15826985171276764,-642.6388076950246,526.631632821574,121.5072875402097,-0.11502352648961463,3.631355862613688e-13
reference_replay,6.663666366636663,225.89828982898288,5.22702325207083,5.385269041325739,-0.1582457892549094,-642.6494626846934,526.6395248050662,121.5100871085245,-0.1148801875719665,3.632923200552081e-13
reference_replay,6.68066806680668,226.47464746474645,5.228182255916544,5.386283645547682,-0.1581013896311374,-642.7096126673264,526.6840837472441,121.52588590134364,-0.11407333571407238,3.636737139749319e-13
reference_replay,6.700670067006701,227.15271527152717,5.229558464934053,5.387466009571866,-0.15790754463781287,-642.7798834400413,526.7361539966297,121.54433126779826,-0.1131358148151335,3.6432487967951304e-13
reference_replay,6.720672067206721,227.83078307830783,5.230957328363185,5.388634917833822,-0.15767758947063726,-642.8496246500949,526.7878453111155,121.56262515455337,-0.11221089774043946,3.6464139517114657e-13
reference_replay,6.74067406740674,228.50885088508846,5.232388525764146,5.389788951479304,-0.15740042571515733,-642.918840709111,526.839159143965,121.58076903506253,-0.11129851843763135,3.648610147234417e-13
reference_replay,6.760676067606761,229.1869186918692,5.233862003511059,5.390926587908033,-0.15706458439697357,-642.9875358034117,526.8900966603205,121.59876434185317,-0.11039861085435033,3.650934661942769e-13
reference_replay,6.780678067806781,229.86498649864984,5.235387974781044,5.392046201367273,-0.15665822658622908,-643.0557138940181,526.9406587372032,121.61661246712009,-0.10951110893823776,3.651299649173361e-13
reference_replay,6.787678767876788,230.1023102310231,5.23593639775154,5.392433491377157,-0.15649709362561737,-643.0794547817246,526.9582668841844,121.62282479079971,-0.10920340188265223,3.650619140150878e-13
reference_replay,6.8006800680068,230.5430543054305,5.23677583826102,5.39314805720842,-0.15637221894739994,-643.1233788952247,526.9908462870327,121.63431479276225,-0.10863412736216238,3.6517121580724297e-13
reference_replay,6.820682068206821,231.22112211221122,5.237427819757978,5.394241417370936,-0.15681359761295788,-643.1905396393383,527.0406692521366,121.65187350669075,-0.1077617021184183,3.651134055257858e-13
reference_replay,6.840684068406841,231.89918991899188,5.2379991719621115,5.395322725817863,-0.15732355385575136,-643.2572033506489,527.090134781686,121.66929052044583,-0.10689922566541138,3.649321746106119e-13
reference_replay,6.86068606860686,232.57725772577254,5.23849956429458,5.396392152425455,-0.15789258813087503,-643.323375173107,527.1392463759994,121.68656739599302,-0.10604644646029973,3.6446718636507443e-13
reference_replay,6.880688068806881,233.25532553255326,5.238940436285157,5.397449922302194,-0.15850948601703685,-643.3890601897646,527.1880075451187,121.70370567990794,-0.1052031129602414,3.643080163841729e-13
reference_replay,6.900690069006901,233.93339333933392,5.239334997587685,5.398496315902946,-0.15916131831526137,-643.454263422775,527.2364218088098,121.7207069034902,-0.10436897362239461,3.642101219285544e-13
reference_replay,6.913691369136913,234.37413741374135,5.23957365069,5.399170528031939,-0.15959687734193917,-643.4963895203596,527.2677067236451,121.7316849190156,-0.1038315942695802,3.6401763878753045e-13
reference_replay,6.92069206920692,234.61146114611458,5.2396982279682565,5.399531669142657,-0.1598334411744009,-643.5189898333932,527.2844926965622,121.73757258287722,-0.10354377690391742,3.638857123363984e-13
reference_replay,6.940694069406941,235.2895289528953,5.240046877308851,5.40055637351045,-0.16050949620159916,-643.5832443219745,527.3322237475886,121.7543042191579,-0.1027272712619679,3.6393733714315183e-13
reference_replay,6.960696069606961,235.96759675967596,5.240399465603696,5.4015708761825,-0.16117141057880424,-643.6470317279764,527.379618510826,121.77090329848615,-0.10191920515370427,3.640662418678858e-13
reference_replay,6.98069806980698,236.64566456645662,5.240776282971092,5.402575680135808,-0.16179939716471559,-643.7103568299573,527.4266805449347,121.78737129219431,-0.10111932703628462,3.638230078661857e-13
reference_replay,7.000700070007001,237.32373237323733,5.241199389641587,5.4035713442610325,-0.1623719546194451,-643.773224345577,527.4734134182984,121.80370965690614,-0.10032738536686696,3.635023388358188e-13
reference_replay,7.020702070207021,238.001800180018,5.241692615961619,5.404558483475743,-0.16286586751412369,-643.8356389315967,527.5198207090248,121.81991983464991,-0.09954312860260957,3.633600297419878e-13
reference_replay,7.04070407040704,238.67986798679866,5.242281562394418,5.405537768837156,-0.16325620644273808,-643.8976051838786,527.565906004945,121.83600325297107,-0.09876630520067052,3.631506682621887e-13
reference_replay,7.042704270427043,238.74767476747675,5.242346760077816,5.405635292924676,-0.16328853284685962,-643.9037773258749,527.5704969632442,121.83760467756603,-0.09868902201100464,3.6314403490713105e-13
reference_replay,7.060706070607061,239.35793579357937,5.242942506114923,5.406509578999301,-0.1635670728843781,-643.9591276376044,527.611672898312,121.8519613244884,-0.0979970061970598,3.6291823424305856e-13
reference_replay,7.080708070807081,240.03600360036003,5.243002413121211,5.4074688779993245,-0.16446646487811378,-644.0202108112983,527.6571239127683,121.8677953348444,-0.09723955831542597,3.627920628379807e-13
reference_replay,7.1007100710071,240.7140714071407,5.243032713822139,5.408418995556028,-0.16538628173388936,-644.0808591642418,527.7022615413186,121.8835065528131,-0.09648993433427046,3.6229288312331737e-13
reference_replay,7.120712071207121,241.3921392139214,5.243045502164385,5.4093602349639305,-0.16631473279954534,-644.1410770671662,527.7470889606738,121.89909630469467,-0.09574796323866869,3.6227629755421013e-13
reference_replay,7.140714071407141,242.07020702070207,5.243054057962944,5.410292921876768,-0.16723886391382425,-644.2008688311573,527.7916093266971,121.91456590035034,-0.0950134740136964,3.620200677974316e-13
reference_replay,7.16071607160716,242.7482748274827,5.2430728469011205,5.411217404466527,-0.16814455756540614,-644.2602387076577,527.8358257744062,121.92991663336205,-0.09428629564442904,3.6167242619233193e-13
reference_replay,7.173717371737174,243.1890189018902,5.243097912029405,5.4118140933036125,-0.16871618127420795,-644.29860487829,527.8644049652288,121.9398314755076,-0.09381746914314498,3.615445243468042e-13
reference_replay,7.180718071807181,243.42634263426342,5.243117520533267,5.412134053582508,-0.16901653304924125,-644.3191908884645,527.8797414179717,121.94514978119092,-0.09356625711594214,3.615179909265734e-13
reference_replay,7.200720072007201,244.10441044104408,5.243204916271131,5.413043262908096,-0.16983834663696484,-644.3777295057308,527.9233593507176,121.96026660533423,-0.09285318741331135,3.6131886570463923e-13
reference_replay,7.22072207220722,244.78247824782474,5.243353057399324,5.413945449116018,-0.17059239171669383,-644.4358586319654,527.966682645122,121.9752683514807,-0.09214691552161215,3.610956607012414e-13
reference_replay,7.240724072407241,245.46054605460546,5.243581153068041,5.414841052022867,-0.17125989895482618,-644.4935822800321,528.0097143528158,121.99015624966478,-0.09144727042592002,3.608958144624533e-13
reference_replay,7.260726072607261,246.13861386138612,5.2439095982967014,5.4157305347407965,-0.17182093644409502,-644.550904403151,528.0524575045836,122.00493151441916,-0.09075408111131067,3.6061623248545415e-13
reference_replay,7.28072807280728,246.81668166816678,5.2443599739712194,5.416614383830478,-0.17225440985925822,-644.6078288948967,528.0949151103638,122.01959534492586,-0.09006717656285954,3.6064146371242146e-13
reference_replay,7.300730073007301,247.4947494749475,5.244955046839456,5.417493109448315,-0.17253806260885884,-644.6643595892002,528.1370901592476,122.03414892516624,-0.08938638576564216,3.6049180679106785e-13
reference_replay,7.307730773077308,247.73207320732075,5.245201904124221,5.417799551082664,-0.17259764695844382,-644.6840529978333,528.151785222228,122.0392168483995,-0.08914952171189561,3.604773908169121e-13
reference_replay,7.320732073207321,248.17281728172816,5.245718769521224,5.41836724549702,-0.17264847597579625,-644.720500260348,528.1789856194804,122.048593424069,-0.08871153770473417,3.6057659182872067e-13
reference_replay,7.34073407340734,248.85088508850882,5.245921105996237,5.419231583819498,-0.1733104778232617,-644.7762548379226,528.2206039152937,122.06292995662969,-0.08804745018170781,3.6028116493263607e-13
reference_replay,7.360736073607361,249.52895289528954,5.24607200789014,5.4200888683074115,-0.1740168604172716,-644.8316273312679,528.2619471107602,122.07715959839169,-0.0873905095769022,3.6028723020006323e-13
reference_replay,7.380738073807381,250.2070207020702,5.246230636617288,5.420939547191221,-0.17470891057393256,-644.8866214554719,528.3030178201506,122.09128345348316,-0.08674027097098551,3.5995503580734605e-13
reference_replay,7.4007400740074,250.88508850885086,5.246403752874717,5.421783710852656,-0.17537995797793915,-644.9412408726673,528.3438186206057,122.10530261067142,-0.08609664775749923,3.5951571139888863e-13
reference_replay,7.420742074207421,251.56315631563157,5.246598697726217,5.422621445137269,-0.17602274741105184,-644.9954891934615,528.3843520486606,122.11921814326776,-0.08545955332998482,3.5924609472471787e-13
reference_replay,7.440744074407441,252.24122412241223,5.246823392618712,5.4234528315189685,-0.17662943890025673,-645.0493699769344,528.424620600244,122.13303110929097,-0.08482890108198392,3.5885334582357185e-13
reference_replay,7.443744374437443,252.34293429342932,5.246860180688049,5.42357699679945,-0.17671681611140055,-645.0574206118488,528.4306381896888,122.13509427248847,-0.08473485352940512,3.5881672471177295e-13
reference_replay,7.46074607460746,252.9192919291929,5.2470863393731575,5.424277947261401,-0.1771916078882434,-645.1028867306404,528.4646267306792,122.14674255162926,-0.084204604407038,3.583120827207232e-13
reference_replay,7.480748074807481,253.5973597359736,5.247396620191824,5.4250968655781335,-0.17770024538630924,-645.1560429106071,528.5043728546838,122.16035349819978,-0.08358657669868848,3.57803982030237e-13
reference_replay,7.500750075007501,254.27542754275427,5.2477638976464664,5.425909655789297,-0.17814575814283096,-645.2088419213356,528.5438613463683,122.17386496210675,-0.08297473135047702,3.573823924549272e-13
reference_replay,7.52075207520752,254.95349534953493,5.248198414684696,5.426716383479166,-0.1785179687944698,-645.2612871158012,528.5830945392381,122.18727794179786,-0.08236898175594506,3.567256377222937e-13
reference_replay,7.540754075407541,255.63156315631565,5.248710994639979,5.4275171106505145,-0.1788061160105352,-645.3133817954523,528.6220747261924,122.20059342121868,-0.08176924130863412,3.560303850525777e-13
reference_replay,7.560756075607561,256.3096309630963,5.249313041211636,5.428311895877301,-0.17899885466566534,-645.3651292102112,528.6608041595247,122.21381236996555,-0.08117542340208575,3.5566689852839264e-13
reference_replay,7.58075807580758,256.98769876987694,5.250016538483024,5.4291007944563034,-0.17908425597327948,-645.4165325584735,528.6992850509224,122.22693574343685,-0.08058744142984148,3.5501532857271955e-13
reference_replay,7.581758175817582,257.021602160216,5.25005459933017,5.429140085809422,-0.17908548647925215,-645.4190937508075,528.7012026103832,122.22758942020435,-0.08055819397100139,3.549279522373183e-13
reference_replay,7.600760076007601,257.6657665766577,5.250411360989702,5.429883146882401,-0.17947178589269885,-645.4675951443475,528.7375197174401,122.23996450608595,-0.08000593229658902,3.548492368300186e-13
reference_replay,7.620762076207621,258.3438343834383,5.25069961201224,5.430659366015266,-0.17995975400302644,-645.5183204734966,528.7755106704765,122.25289964533253,-0.07943047629749864,3.5465459718282164e-13
reference_replay,7.64076407640764,259.021902190219,5.250992075505919,5.431429677175863,-0.1804376016699436,-645.5687117242396,528.8132601247664,122.26574209391141,-0.07886081726271456,3.544106465271938e-13
reference_replay,7.660766076607661,259.6999699969997,5.251292918247954,5.432194118168581,-0.18090119992062625,-645.6187720198795,528.8507702511998,122.2784927702303,-0.07829688338236437,3.542768541580935e-13
reference_replay,7.680768076807681,260.3780378037804,5.2516067880855095,5.432952724675462,-0.18134593658995257,-645.6685044406858,528.8880431879451,122.29115258026236,-0.07773860284657591,3.541163841653916e-13
reference_replay,7.7007700770077,261.056105610561,5.2519388139329655,5.433705530381272,-0.18176671644830655,-645.7179120238949,528.9250810404492,122.30372241767209,-0.07718590384547683,3.5406463696989846e-13
reference_replay,7.720772077207721,261.73417341734176,5.252294605764646,5.434452567099431,-0.18215796133478523,-645.7669977637098,528.961885881438,122.3162031639401,-0.07663871456919476,3.544034843508413e-13
reference_replay,7.723772377237724,261.83588358835885,5.252350394540726,5.434564126912269,-0.18221373237154292,-645.7743330486737,528.9673866368706,122.31806764566778,-0.0765571069527702,3.544904302575931e-13
reference_replay,7.740774077407741,262.4122412241224,5.25268025462391,5.435193864894275,-0.18251361027036506,-645.8157646113006,528.9984597509156,122.32859568848676,-0.07609696320785748,3.546440003031266e-13
reference_replay,7.76077607760776,263.09030903090303,5.25310233261952,5.435929452204475,-0.1828271195849558,-645.8642154748035,529.0348046561652,122.34090084879399,-0.07556057795159267,3.549094612571007e-13
reference_replay,7.780778077807781,263.7683768376838,5.253567892928359,5.4366593559626635,-0.18309146303430435,-645.9123532193224,529.070922571749,122.35311949052631,-0.07502948699052796,3.5550741373638615e-13
reference_replay,7.800780078007801,264.4464446444644,5.254084469782712,5.437383601715644,-0.183299131932932,-645.9601806669273,529.1068154395072,122.36525244765019,-0.07450361851479115,3.561125742027494e-13
reference_replay,7.82078207820782,265.1245124512451,5.254660078497539,5.43810221374159,-0.18344213524405184,-646.0077005966551,529.1424851685586,122.37730054255232,-0.07398290071450987,3.5700956738824197e-13
reference_replay,7.840784078407841,265.8025802580258,5.255303215438647,5.438815215169543,-0.1835119997308956,-646.0549157445095,529.1779336353017,122.3892645861568,-0.07346726177981175,3.5790555115013895e-13
reference_replay,7.860786078607861,266.4806480648065,5.255848653945026,5.4395226264081735,-0.1836739724631471,-646.1018288644484,529.2131627618819,122.40114538908567,-0.07295666011135171,3.590997103980182e-13
reference_replay,7.866786678667866,266.68406840684065,5.2559874792099395,5.439733782758735,-0.18374630354879518,-646.1158443474657,529.2236890582587,122.40469352434732,-0.07280445238202185,3.5948757165479787e-13
reference_replay,7.88078807880788,267.1587158715871,5.256314851182102,5.440224592788452,-0.18390974160634954,-646.1484428689228,529.248174697017,122.41294378702491,-0.07245102233108715,3.6023215496611285e-13
reference_replay,7.900790079007901,267.83678367836785,5.256791256252106,5.4409212000400125,-0.18412994378790604,-646.1947604762586,529.2829713623016,122.42466057683319,-0.07195026283658265,3.615392080016392e-13
reference_replay,7.920792079207921,268.5148514851485,5.257278528895221,5.441612513647614,-0.18433398475239304,-646.2407843534887,529.3175546359818,122.43629654266205,-0.07145431150784211,3.6282550011469367e-13
reference_replay,7.94079407940794,269.1929192919292,5.2577773621364035,5.4422986035273135,-0.18452124139091008,-646.2865171359795,529.3519263782064,122.44785245960225,-0.07096309830220222,3.6455890798115623e-13
reference_replay,7.960796079607961,269.87098709870986,5.258288482194441,5.442979544346786,-0.18469106215234454,-646.3319614279388,529.3860884316823,122.45932909385728,-0.07047655325433268,3.6598030120096406e-13
reference_replay,7.980798079807981,270.54905490549055,5.258812648403731,5.44365541584222,-0.1848427674384885,-646.3771198029248,529.4200426223285,122.47072720291432,-0.06999460647623637,3.676929459634917e-13
reference_replay,8.000800080008,271.2271227122712,5.259350653135158,5.444326303130765,-0.18497564999560723,-646.4219948043548,529.4537907599296,122.48204753571284,-0.06951718815724901,3.69264865687804e-13
reference_replay,8.013801380138014,271.6678667866787,5.2597081666976075,5.444759749859242,-0.18505158316163417,-646.4510127881756,529.4756174039867,122.48936439564888,-0.06920926160109177,3.7030473823622175e-13
reference_replay,8.020802080208021,271.9051905190519,5.259903321704231,5.444992297025679,-0.18508897532144797,-646.4665889460127,529.4873346387909,122.49329083281117,-0.06904422856403937,3.708520687879601e-13
reference_replay,8.04080408040804,272.58325832583256,5.260471512283774,5.445653494343881,-0.18518198206010617,-646.510904712559,529.5206760383928,122.50445782655025,-0.06857565804060928,3.7237423834933963e-13
reference_replay,8.06080608060806,273.26132613261325,5.2610561158339,5.446309998214317,-0.18525388238041707,-646.5549445600377,529.5538167240442,122.51554924121578,-0.06811140700829356,3.737233813174405e-13
reference_replay,8.080808080808081,273.93939393939394,5.261658056000136,5.446961918382933,-0.1853038623827974,-646.5987109163867,529.5867584475374,122.52656579319768,-0.06765140596575996,3.7526703063668296e-13
reference_replay,8.1008100810081,274.6174617461746,5.26227828904522,5.447609371517275,-0.18533108247205465,-646.6422061819442,529.6195029478024,122.53750819114768,-0.06719558548900936,3.7640234182048907e-13
reference_replay,8.12081208120812,275.29552955295526,5.262916820548903,5.448252167655679,-0.18533534710677557,-646.6854327315078,529.6520519286312,122.54837713299749,-0.0667441624655365,3.7733694154528234e-13
reference_replay,8.140814081408141,275.973597359736,5.263570842896494,5.448890092773801,-0.18531924987730708,-646.7283929230368,529.6844069380136,122.55917328959828,-0.06629721180160028,3.7839524594760787e-13
reference_replay,8.16081608160816,276.65166516651664,5.2642400598246395,5.449523432797509,-0.18528337297286956,-646.7710890827155,529.7165695974498,122.5698973362531,-0.06585441819027578,3.792685570583394e-13
reference_replay,8.162816281628164,276.71947194719473,5.264307804377874,5.449586516448182,-0.18527871207030788,-646.775344265676,529.7197753469782,122.57096580075799,-0.06581036561231357,3.793423782768836e-13
reference_replay,8.18081808180818,277.32973297329727,5.26492410996654,5.450152234939199,-0.18522812497265928,-646.8135235100224,529.7485415350994,122.58054994355562,-0.06541573369386228,3.797837062622908e-13
reference_replay,8.200820082008201,278.007800780078,5.265622505561094,5.450776545131721,-0.18515403957062748,-646.8556984798744,529.7803243622056,122.59113177422776,-0.0649811114276906,3.800600852246485e-13
reference_replay,8.22082208220822,278.68586858685865,5.266334625303369,5.45139640793736,-0.18506178263399153,-646.8976162431577,529.8119196734206,122.60164348323424,-0.06455050556012322,3.80442722438132e-13
reference_replay,8.24082408240824,279.36393639363934,5.267059707199604,5.4520118664521995,-0.18495215925259512,-646.9392790272598,529.8433290471286,122.61208571789557,-0.06412387131255408,3.8076104931115634e-13
reference_replay,8.260826082608261,280.04200420042,5.267796841413127,5.452622962213852,-0.18482612080072425,-646.9806890365985,529.8745540457716,122.62245911799982,-0.06370116495940861,3.8076908979651266e-13
reference_replay,8.28082808280828,280.7200720072007,5.268544963112089,5.45322973510365,-0.1846847719915612,-647.0218484531543,529.9055962161726,122.63276431591314,-0.06328234382814393,3.809073284740143e-13
reference_replay,8.3008300830083,281.39813981398135,5.269302845323563,5.453832223252071,-0.18452937792850843,-647.0627594369995,529.9364570898616,122.64300193668882,-0.06286736629924858,3.808081635697501e-13
reference_replay,8.314831483148314,281.87278727872786,5.269838429683131,5.454251435038456,-0.18441300535532523,-647.0912504543434,529.9579526426094,122.65012839397886,-0.06257914720678923,3.806660391497601e-13
reference_replay,8.320832083208321,282.0762076207621,5.270069091773093,5.454430462936332,-0.1843613711632397,-647.1034241268311,529.9671381833981,122.65317259817519,-0.06245619180624262,3.806358187269895e-13
reference_replay,8.34083408340834,282.7542754275427,5.270842129751525,5.4550244884838435,-0.18418235873231836,-647.1438446404999,529.9976409986969,122.66327691112217,-0.06204878083567784,3.801799339496534e-13
reference_replay,8.36083608360836,283.4323432343234,5.271620202949105,5.455614332169776,-0.18399412922067082,-647.184023075542,530.0279670233517,122.67331547928679,-0.06164509492713736,3.797817906242833e-13
reference_replay,8.380838083808381,284.1104110411041,5.272401364308659,5.45620002411487,-0.1837986598062109,-647.2239615097094,530.0581177309602,122.68328889953688,-0.0612450966732359,3.79270030312949e-13
reference_replay,8.4008400840084,284.7884788478848,5.273183468876974,5.45678159218194,-0.18359812330496617,-647.2636620015011,530.0880945814476,122.69319776195461,-0.06084874971961981,3.7853283529962695e-13
reference_replay,8.42084208420842,285.4665466546654,5.273964166655255,5.457359061871267,-0.18339489521601138,-647.3031265906934,530.1178990213917,122.70304264993753,-0.060456018764966916,3.7772592995456097e-13
reference_replay,8.440844084408441,286.14461446144617,5.2747408954568655,5.457932456215052,-0.18319156075818643,-647.3423572988717,530.1475324843477,122.7128241402996,-0.06006686956098653,3.765277734827691e-13
reference_replay,8.46084608460846,286.8226822682268,5.275510873729592,5.458501795669689,-0.18299092194009692,-647.3813561299598,530.1769963911714,122.72254280337015,-0.059681268912419635,3.7515306507023426e-13
reference_replay,8.46984698469847,287.1278127812781,5.275854368616285,5.458756680352906,-0.18290231173662086,-647.3988304840194,530.1902002072711,122.72689585483512,-0.059508897734295435,3.746991499437666e-13
reference_replay,8.48084808480848,287.5007500750075,5.276271093436127,5.45906709800742,-0.1827960045712933,-647.420125070752,530.2062921503439,122.73219920309218,-0.05929918467703866,3.7405923210210976e-13
reference_replay,8.500850085008501,288.1788178817882,5.27701831288633,5.4596283782076585,-0.18261006532132829,-647.458666091443,530.2354211582965,122.74179389711941,-0.05892058576564756,3.7273419629716463e-13
reference_replay,8.52085208520852,288.85688568856887,5.277749049595886,5.460185648345768,-0.1824365987498826,-647.49698114616,530.2643847997354,122.75132743691213,-0.05854544214208195,3.7170424105938705e-13
reference_replay,8.54085408540854,289.5349534953495,5.278459573123116,5.460738917482372,-0.18227934435925608,-647.5350721734916,530.2931844479649,122.76080036783189,-0.05817372482320889,3.7042398367327597e-13
reference_replay,8.560856085608561,290.21302130213024,5.279145897932182,5.461288191549439,-0.18214229361725742,-647.5729410970204,530.321821465213,122.77021322923534,-0.057805405878926956,3.694409677234318e-13
reference_replay,8.58085808580858,290.8910891089109,5.279803776235354,5.461833473237463,-0.18202969700210936,-647.6105898258526,530.3502972029553,122.77956655456654,-0.05744045843216639,3.6844771987864857e-13
reference_replay,8.6008600860086,291.5691569156915,5.280428690846206,5.462374761879303,-0.18194607103309757,-647.6480202551498,530.3786130022389,122.78886087144875,-0.057078856658888864,3.6757667675551443e-13
reference_replay,8.620862086208621,292.24722472247225,5.281015848021892,5.4629120533351605,-0.18189620531326867,-647.6852342666591,530.4067701940074,122.79809670177455,-0.0567205757880876,3.671276000770901e-13
reference_replay,8.627862786278628,292.4845484548455,5.281211501869987,5.463099159690062,-0.18188765782007454,-647.6982083882178,530.4165879848867,122.80131552064633,-0.05659595762554192,3.6690901394448463e-13
reference_replay,8.64086408640864,292.9252925292529,5.2816189894068915,5.463445534689045,-0.1818265452821537,-647.7222337195903,530.4347700941903,122.80727456167699,-0.05636540158826164,3.66748031604864e-13
reference_replay,8.66086608660866,293.6033603360336,5.282463320957871,5.4639760934912704,-0.1815127725333996,-647.7590200978702,530.4626138124022,122.81639495728338,-0.05601257832443761,3.665525890225436e-13
reference_replay,8.680868086808681,294.28142814281426,5.283317421524227,5.464503087192836,-0.1811856656686084,-647.795594985363,530.4903025097481,122.82545839064532,-0.05566282783793429,3.6635102106915815e-13
reference_replay,8.7008700870087,294.95949594959495,5.284180812725392,5.465026554836978,-0.1808457421115861,-647.8319601155326,530.5178374257968,122.8344653604195,-0.05531611584700588,3.660498238567776e-13
reference_replay,8.72087208720872,295.6375637563756,5.285052933424961,5.465546535160928,-0.18049360173596707,-647.8681172036311,530.5452197875923,122.84341635988346,-0.054972408684087315,3.658465320073315e-13
reference_replay,8.740874087408741,296.31563156315633,5.28593313555157,5.466063066580848,-0.18012993102927766,-647.9040679469931,530.5724508098517,122.85231187701767,-0.05463167329579454,3.656608329691253e-13
reference_replay,8.76087608760876,296.99369936993696,5.286820679936137,5.466576187174409,-0.17975550723827194,-647.9398140253326,530.5995316951629,122.86115239458663,-0.05429387724292444,3.654148656477691e-13
reference_replay,8.78087808780878,297.67176717671765,5.287714732098176,5.467085934660559,-0.1793712025623826,-647.9753571010395,530.6264636341812,122.86993839021903,-0.05395898870045472,3.651402815924261e-13
reference_replay,8.788878887888789,297.9429942994299,5.288073969375911,5.46728889756228,-0.17921492818636953,-647.9895178597118,530.6371949692942,122.87343762835398,-0.053825840374513975,3.6497166301854123e-13
reference_replay,8.800880088008801,298.34983498349834,5.288614358095766,5.467592346379607,-0.17897798828384026,-648.0106988194763,530.6532478058261,122.8786703364869,-0.053626976457543975,3.647039941806082e-13
reference_replay,8.82088208820882,299.02790279027903,5.2895185203246005,5.468095459273273,-0.17857693894867221,-648.0458408092728,530.6798853774795,122.88734870098372,-0.053297809917531865,3.644872334955007e-13
reference_replay,8.84088408840884,299.70597059705966,5.290426073350682,5.468595309862255,-0.17816923651157257,-648.080784682624,530.7063775051816,122.89597394640215,-0.0529714590979388,3.6423781620056016e-13
reference_replay,8.860886088608861,300.3840384038404,5.291335759717549,5.469091934224519,-0.17775617450696934,-648.1155320355851,530.7327253338295,122.90454653061023,-0.052647894630466104,3.639109726028049e-13
reference_replay,8.88088808880888,301.06210621062104,5.292246205776245,5.46958536797065,-0.1773391621944045,-648.1500844483686,530.7589299973729,122.913066906727,-0.05232708776099616,3.6363228856797726e-13
reference_replay,8.9008900890089,301.7401740174017,5.293155917488911,5.4700756462205735,-0.1769197287316624,-648.1844434856397,530.7849926190122,122.92153552319729,-0.05200901034959209,3.633955633511318e-13
reference_replay,8.920892089208921,302.4182418241824,5.29406327627239,5.470562803577734,-0.17649952730534402,-648.2186106968132,530.8109143113955,122.92995282386556,-0.051693634870497954,3.630847263275378e-13
reference_replay,8.94089408940894,303.0963096309631,5.294966534789091,5.471046874103002,-0.17608033931391098,-648.2525876163496,530.8366961768155,122.93831924804888,-0.05138093441213882,3.628949338542365e-13
reference_replay,8.951895189518952,303.46924692469247,5.295460903535422,5.471311809288243,-0.1758509057528208,-648.2711943615166,530.8508169976558,122.94289925298338,-0.051210079834720854,3.6286618382419416e-13
reference_replay,8.96089608960896,303.77437743774374,5.295863812790593,5.471527891288015,-0.17566407849742216,-648.2863757640511,530.8623393074068,122.94663523060899,-0.051070882677120545,3.625735721660354e-13
reference_replay,8.980898089808981,304.4524452445245,5.2967530929239715,5.4720058880277715,-0.1752527951038001,-648.3199766453573,530.8878447853432,122.95490120202376,-0.05076345398222992,3.6244830306605507e-13
reference_replay,9.000900090009,305.1305130513051,5.297632216550845,5.472480896590917,-0.17484868004007215,-648.3533917516431,530.9132136830344,122.96311758845769,-0.05045862325843473,3.6227920050427194e-13
reference_replay,9.02090209020902,305.80858085808575,5.298498879565521,5.47295294859172,-0.17445406902619887,-648.3866225605132,530.9384470633239,122.9712848118315,-0.05015636605088358,3.622011481916512e-13
reference_replay,9.040904090409041,306.4866486648665,5.299350628224964,5.473422074958612,-0.17407144673364794,-648.4196705360995,530.9635459796856,122.97940328989105,-0.049856658518905944,3.6214472420319016e-13
reference_replay,9.06090609060906,307.1647164716471,5.30018485495966,5.473888305904922,-0.17370345094526218,-648.4525371293563,530.9885114764213,122.98747343627556,-0.049559477436012335,3.6215361343439506e-13
reference_replay,9.08090809080908,307.8427842784278,5.300998794185396,5.474351670895361,-0.17335287670996458,-648.4852237783574,531.0133445888575,122.99549566058477,-0.04926480018989408,3.6212450834958367e-13
reference_replay,9.100910091009101,308.5208520852085,5.301789518141412,5.474812198613695,-0.17302268047228342,-648.5177319085922,531.0380463435424,123.0034703684455,-0.04897260478242338,3.6215321572769234e-13
reference_replay,9.11891189118912,309.13111311131115,5.3024787668467965,5.475224270745545,-0.17274550389874843,-648.5468377605173,531.0601664534058,123.01060731105787,-0.048711733201220866,3.6216894043950107e-13
reference_replay,9.12091209120912,309.1989198919892,5.302553932690351,5.475269916931184,-0.172715984240833,-648.5500629332608,531.0626177584437,123.01139796157761,-0.048682869829653454,3.621828549740536e-13
reference_replay,9.14091409140914,309.8769876987698,5.303288773149141,5.4757248528712354,-0.17243607972209407,-648.5822182535719,531.0870598431457,123.01927883785895,-0.048395574561818366,3.6227578859288915e-13
reference_replay,9.160916091609161,310.55505550555057,5.303990600102587,5.476177032574011,-0.17218643247142396,-648.6141992590381,531.1113735990456,123.02711339138946,-0.04811069882333303,3.6239632734065274e-13
reference_replay,9.18091809180918,311.2331233123312,5.3049148366984795,5.476626764704359,-0.17171192800587942,-648.6460072516413,531.1355599475138,123.03490199537973,-0.0478279265482064,3.6229870820299715e-13
reference_replay,9.2009200920092,311.9111911191119,5.305871326646773,5.477073835593474,-0.17120250894670086,-648.677643468288,531.1596197510571,123.04264500737814,-0.047547454554125824,3.6214954181393124e-13
reference_replay,9.220922092209221,312.5892589258926,5.306830325805457,5.477518233708973,-0.17068790790351596,-648.7091092352035,531.1835539593319,123.05034280408294,-0.047269294502709586,3.620452161288009e-13
reference_replay,9.24092409240924,313.26732673267327,5.307790765614662,5.477959979561994,-0.1701692139473323,-648.7404058673335,531.2073635138685,123.05799575855117,-0.04699342552451917,3.620998539360999e-13
reference_replay,9.26092609260926,313.9453945394539,5.308751475002644,5.47839909241957,-0.1696476174169259,-648.771534667523,531.2310493472127,123.06560424001164,-0.04671982728204841,3.621131097388997e-13
reference_replay,9.280928092809281,314.62346234623465,5.30971117677236,5.478835590260753,-0.1691244134883929,-648.8024969267658,531.2546123830774,123.0731686139185,-0.04644847996972342,3.621941324001325e-13
reference_replay,9.288928892889288,314.89468946894686,5.310094468441456,5.47900946096732,-0.16891499252586417,-648.8148354859653,531.2640034193842,123.07618209451819,-0.046340566970065666,3.6224372745237893e-13
reference_replay,9.3009300930093,315.3015301530153,5.310668483974403,5.479269489733416,-0.1686010057590126,-648.8332939244513,531.2780535364939,123.08068924200434,-0.046179364313902835,3.6232367186052516e-13
reference_replay,9.32093209320932,315.97959795979597,5.3116218962699335,5.479700806111223,-0.16807890984128981,-648.863926928613,531.3013737139638,123.08816648233288,-0.04591246157287748,3.625286209580042e-13
reference_replay,9.340934093409341,316.65766576657666,5.312569796297247,5.480129553248508,-0.16755975695126146,-648.8943971961762,531.3245738136105,123.0956006893507,-0.04564775353687065,3.627009112641872e-13
reference_replay,9.36093609360936,317.33573357335734,5.313510446053805,5.480555743534405,-0.16704529748060004,-648.9247059732063,531.3476547253297,123.1029922139387,-0.04538522252803796,3.6298869320015517e-13
reference_replay,9.38093809380938,318.013801380138,5.314441983256438,5.480979387848193,-0.1665374045917556,-648.9548544951566,531.3706173309419,123.11034140346305,-0.0451248514004674,3.6329046068162954e-13
reference_replay,9.400940094009401,318.6918691869187,5.315362417720644,5.4814004955130455,-0.16603807779240132,-648.9848439871157,531.3934625043432,123.11764860182534,-0.044866623540179264,3.6375357210188304e-13
reference_replay,9.42094209420942,319.36993699369935,5.316269627725342,5.481819074249255,-0.16554944652391335,-649.0146756640561,531.4161911116578,123.12491414951232,-0.04461052286512631,3.640852563291447e-13
reference_replay,9.44094409440944,320.04800480048,5.3171613563739815,5.482235130126237,-0.16507377375225563,-649.0443507310821,531.438804011388,123.13213838364514,-0.044356533825193556,3.645081393718657e-13
reference_replay,9.460946094609461,320.72607260726073,5.318035207988397,5.482648667515459,-0.16461345952706186,-649.0738703836781,531.4613020545673,123.13932163802808,-0.04410464140219841,3.6485928887272477e-13
reference_replay,9.461946194619461,320.7599759975997,5.318078386384879,5.4826692783292,-0.16459089194432153,-649.0753423079943,531.4624239569067,123.13967973097158,-0.04409210155513006,3.6488812518396247e-13
reference_replay,9.48094809480948,321.40414041404136,5.318888644453547,5.483059689042451,-0.16417104458890375,-649.1032358079552,531.4836860849106,123.14646424319663,-0.04385483110989069,3.652918313598276e-13
reference_replay,9.5009500950095,322.08220822082205,5.319718981612279,5.4834681955367826,-0.16374921392450315,-649.1324481809006,531.5059569389658,123.15356652646516,-0.043607088993952506,3.6593538930256794e-13
reference_replay,9.520952095209521,322.76027602760274,5.320523385612799,5.483874185984458,-0.16335080037165906,-649.1615086706244,531.5281154462664,123.16062881197406,-0.04336140163199832,3.6647506180541133e-13
reference_replay,9.54095409540954,323.43834383438343,5.321298869297064,5.484277657475891,-0.16297878817882694,-649.1904184366089,531.5501624294816,123.16765142073638,-0.043117756133575054,3.669629008315659e-13
reference_replay,9.56095609560956,324.11641164116406,5.322042288560082,5.484678605157642,-0.16263631659755973,-649.2191786299553,531.5720987045689,123.17463467068382,-0.04287614014016188,3.674042429964835e-13
reference_replay,9.580958095809581,324.7944794479448,5.322750338724658,5.485077022179897,-0.16232668345523837,-649.247790393632,531.5939250809242,123.1815788767125,-0.04263654182517035,3.6784248478892836e-13
reference_replay,9.6009600960096,325.47254725472544,5.323419550911608,5.4854728996469415,-0.16205334873533328,-649.276254862723,531.6156423615355,123.18848435072805,-0.04239894989394446,3.682712834420477e-13
reference_replay,9.62096209620962,326.15061506150613,5.324046288406321,5.485866226562633,-0.16181993815631213,-649.3045731646757,531.6372513431314,123.19535140169033,-0.04216335358376045,3.6874348185612593e-13
reference_replay,9.637963796379639,326.72697269726973,5.324542779965128,5.486198539312714,-0.16165575934758625,-649.328529634238,531.6555344181015,123.20115841356926,-0.04196465812048699,3.691465467519433e-13
reference_replay,9.640964096409641,326.8286828682868,5.324626743037157,5.48625698978155,-0.16163024674439264,-649.3327464195481,531.6587528163357,123.20218033565747,-0.04192974266382698,3.6923550823369193e-13
reference_replay,9.66096609660966,327.5067506750675,5.325156931535645,5.486645173953273,-0.1614882424176285,-649.3607757402577,531.6801475658162,123.20897145582968,-0.04169810743528508,3.697508944665993e-13
reference_replay,9.68096809680968,328.18481848184814,5.325632691916696,5.487030761470671,-0.16139806955397518,-649.3886622328292,531.7014363704382,123.21572506259258,-0.0414684387312081,3.7012238536859614e-13
reference_replay,9.700970097009701,328.8628862886289,5.326269140592019,5.487414438560849,-0.16114529796883037,-649.4164069280766,531.7226199773789,123.22244144921471,-0.04124005995653476,3.70439952935759e-13
reference_replay,9.72097209720972,329.5409540954095,5.327037158618084,5.487796259759108,-0.1607591011410241,-649.4440106123119,531.7436990379036,123.22912089120257,-0.04101305703557096,3.7075694259870714e-13
reference_replay,9.74097409740974,330.2190219021902,5.327800083303744,5.4881758386454385,-0.16037575534169424,-649.4714742871797,531.7646742820277,123.23576367549714,-0.040787831700081906,3.7118358583638504e-13
reference_replay,9.760976097609761,330.8970897089709,5.328557374957571,5.4885531908557335,-0.1599958158981627,-649.4987989746388,531.785546444525,123.24237008808508,-0.04056436711594234,3.7146200764202826e-13
reference_replay,9.780978097809781,331.5751575157516,5.3293084427527075,5.488928331680322,-0.15961988892761436,-649.5259856875467,531.8063162538133,123.24894041215855,-0.040342646745167625,3.7184748518026334e-13
reference_replay,9.8009800980098,332.2532253225322,5.330052642715972,5.4893012760575,-0.1592486333415275,-649.553035429824,531.8269844320745,123.2554749281526,-0.04012265434591349,3.7226930087721326e-13
reference_replay,9.817981798179819,332.8295829582958,5.330679292243449,5.48961656272043,-0.15893727047698114,-649.5759207611592,531.8444730112284,123.26100132015627,-0.03993700750541649,3.726247196477532e-13
reference_replay,9.820982098209821,332.93129312931296,5.330789275730613,5.489672038565249,-0.15888276283463654,-649.5799491966218,531.8475516953769,123.26197391378227,-0.03990437397247618,3.726942890483213e-13
reference_replay,9.840984098409841,333.6093609360936,5.331517585559059,5.4900406334107865,-0.15852304785172766,-649.606727974487,531.8680187537935,123.26843764407911,-0.039687789975292535,3.7306484808206593e-13
reference_replay,9.86098609860986,334.2874287428742,5.332236756843859,5.490407074422723,-0.15817031757886468,-649.6333727415276,531.8883863115235,123.27486639142742,-0.03947288700093977,3.734690010475537e-13
reference_replay,9.880988098809881,334.965496549655,5.332945913094055,5.4907713750397,-0.15782546194564517,-649.6598844675806,531.908655067012,123.28126042560007,-0.03925964999213563,3.7396543217231896e-13
reference_replay,9.900990099009901,335.6435643564356,5.333644114712489,5.491133548302235,-0.15748943358974632,-649.686264114375,531.9288257130706,123.287620013794,-0.03904806418773842,3.7427464139763206e-13
reference_replay,9.92099209920992,336.3216321632163,5.334330356993098,5.491493606840239,-0.15716324984714092,-649.7125126357006,531.9488989369979,123.29394542066528,-0.03883811512274685,3.745635911400766e-13
reference_replay,9.940994099409941,336.999699969997,5.335003568122749,5.491851562864288,-0.15684799474153888,-649.7386309775713,531.9688754206996,123.30023690836391,-0.03862978862830017,3.74794940361731e-13
reference_replay,9.960996099609961,337.67776777677767,5.33566260719582,5.492207428152238,-0.15654482095641775,-649.7646200783934,531.9887558408086,123.3064947365683,-0.038423070831678126,3.751105655463141e-13
reference_replay,9.98099809980998,338.3558355835583,5.336306262205119,5.492561214039277,-0.15625495183415783,-649.79048086913,532.0085408688061,123.31271916251906,-0.038217948156300946,3.754563958834263e-13
reference_replay,10.0,339.0,5.33690231535403,5.492895394501677,-0.15599307914764715,-649.8149306144994,532.0272488955267,123.31860166047043,-0.038024546996383975,3.757503938345811e-13
tight_replay,0.0,0.0,0.0,0.0,0.0,-0.0,-0.0,-0.0,-0.0,0.0
tight_replay,0.0005,0.01695,0.04291831833926413,0.0651745897451711,-0.02225627140590697,-0.02692716551459068,0.017801308284232986,0.6791206128822985,-0.6048204721585023,3.0625173263688536e-07
tight_replay,0.001,0.0339,0.07900245013956997,0.10445558868046106,-0.025453138540891096,-0.10184862033605539,0.06863249774207972,1.230473342966243,-1.0928022441952714,6.125034651128472e-07
tight_replay,0.0015,0.05085,0.11103429944822425,0.13770739273581642,-0.026673093287592167,-0.21564576351520107,0.148275075106825,1.7222392545870782,-1.51716178594635,6.125034642419983e-07
tight_replay,0.002,0.0678,0.14001121421836277,0.16727959601496206,-0.027268381796599295,-0.3627952156456656,0.2537910908095144,2.1738046430667177,-1.897521534719068,6.125034635667132e-07
tight_replay,0.0025,0.08474999999999999,0.16650426310642277,0.19410978234017387,-0.027605519233751097,-0.5392989958698481,0.38281040056128185,2.5947422223126035,-2.244144457167327,6.12503463757095e-07
tight_replay,0.003,0.1017,0.19090532132631488,0.21871915786310148,-0.027813836536786596,-0.742027096138071,0.5333307915550496,2.990847682024315,-2.5634328320816557,6.125034640627581e-07
tight_replay,0.0035,0.11864999999999999,0.21350772321790007,0.2414564072474396,-0.02794868402953954,-0.9684205226489055,0.703622540980455,3.366073235419854,-2.8598194590074275,6.125034638966524e-07
tight_replay,0.004,0.1356,0.23454157276544585,0.2625795897584444,-0.02803801699299857,-1.2163290275521914,0.8921701484044703,3.7233156791233015,-3.1365778227206,6.125034639439289e-07
tight_replay,0.0045000000000000005,0.15255000000000002,0.25419266344356073,0.28229011511945856,-0.028097451675897833,-1.4839108688732356,1.09763205112555,4.06480057118276,-3.39623225081908,6.125034643833296e-07
tight_replay,0.005,0.16949999999999998,0.27261410683556503,0.3007505532947315,-0.028136446459166464,-1.7695657470583166,1.3188109151848897,4.3922953627683015,-3.6407905901036086,6.125034655804303e-07
tight_replay,0.0055,0.18644999999999998,0.28993409982995083,0.31809532428873827,-0.028161224458787437,-2.071887388316646,1.554630867436403,4.707239038476274,-3.87188780581076,6.125034676657001e-07
tight_replay,0.006,0.2034,0.30626124026480445,0.3344367863081866,-0.028175546043382127,-2.3896286915262293,1.8041196024492634,5.010826172419666,-4.090880909537982,6.125034690936428e-07
tight_replay,0.006500000000000001,0.22035000000000002,0.3216885780389334,0.3498706670128405,-0.02818208897390706,-2.7216752985448593,2.0663940388904636,5.304064179464841,-4.298912865301076,6.125034709114375e-07
tight_replay,0.007,0.23729999999999998,0.3362965745377983,0.36447944746461197,-0.02818287292681365,-3.0670250282191907,2.3406486281383407,5.58781387592621,-4.496958640884219,6.125034707799721e-07
tight_replay,0.0075,0.25425,0.350155329073727,0.3783346637884902,-0.028179334714763193,-3.424771588469786,2.626145709881218,5.862818986974242,-4.685859057100653,6.125034697949778e-07
tight_replay,0.008,0.2712,0.36332633571347567,0.39149886784864235,-0.028172532135166684,-3.794091457868618,2.9222074671855434,6.129728173173754,-4.866345927145507,6.125034703162953e-07
tight_replay,0.0085,0.28815,0.37586386915978703,0.40402712867796303,-0.028163259518175998,-4.174233159826238,3.2282091470851615,6.389111846348496,-5.039061317432927,6.125034705584978e-07
tight_replay,0.009000000000000001,0.30510000000000004,0.38781609547207485,0.41596820938314605,-0.028152113911071197,-4.564508386827245,3.543573297517947,6.641475230294123,-5.20457254410515,6.125034704108483e-07
tight_replay,0.0095,0.32205,0.39922597045488184,0.42736552826547813,-0.028139557810596294,-4.964284576189331,3.867764830419752,6.887268667971669,-5.363384006440082,6.125034707268757e-07
tight_replay,0.01,0.33899999999999997,0.41013197213077074,0.43825791762066796,-0.02812594548989722,-5.372978641431301,4.200286763554615,7.126895868220021,-5.515946685226139,6.125034714696673e-07
tight_replay,0.0105,0.35595,0.42056871078923513,0.4486802653627547,-0.028111554573519548,-5.790051634942744,4.54067652436424,7.360720582542507,-5.6626658191047206,6.125034713265621e-07
tight_replay,0.011,0.37289999999999995,0.43056746846856897,0.4586641386126884,-0.02809667014411943,-6.215004163852955,4.888502720336426,7.5890720766962065,-5.8039071070704615,6.125034721477227e-07
tight_replay,0.0115,0.38985,0.44015658168310334,0.46823809539529815,-0.028081513712194806,-6.647372432217852,5.243362305828951,7.812249651665905,-5.94000204238518,6.125034736125778e-07
tight_replay,0.012,0.4068,0.44936171620948395,0.47742781791432487,-0.028066101704840918,-7.086724819771896,5.6048780943789955,8.030526393621926,-6.071252462818174,6.125034734027433e-07
tight_replay,0.0125,0.42375,0.45820632199024736,0.4862568717928645,-0.02805054980261712,-7.532658881246967,5.972696549553463,8.244152337816086,-6.197933746833191,6.125034727454162e-07
tight_replay,0.013000000000000001,0.44070000000000004,0.4667117931642577,0.49474667772496494,-0.02803488456070724,-7.984798703314361,6.346485816556472,8.453357156363765,-6.320298204384384,6.12503473520576e-07
tight_replay,0.0135,0.45765,0.47489777136804506,0.5029169625688146,-0.02801919120076951,-8.44279257623059,6.725933967604483,8.658352444397458,-6.438577485706011,6.125034734422071e-07
tight_replay,0.014,0.47459999999999997,0.48278230585628507,0.510785856299711,-0.028003550443425895,-8.906310924374615,7.1107474267569595,8.859333686079005,-6.55298494466511,6.125034724364845e-07
tight_replay,0.0145,0.49155,0.49038200708369467,0.5183700270915066,-0.02798802000781192,-9.375044472047716,7.500649558573413,9.056481942652315,-6.663717614589979,6.12503472662503e-07
tight_replay,0.015,0.5085,0.4977121845480403,0.525684809940739,-0.02797262539269868,-9.848702608155564,7.8953793977474,9.249965312867001,-6.770957905021571,6.125034732207328e-07
tight_replay,0.0155,0.52545,0.5047869965025991,0.5327443883074674,-0.027957391804868337,-10.327011918940103,8.294690499866844,9.439940206827961,-6.874875011950708,6.125034739266121e-07
tight_replay,0.016,0.5424,0.5116195567315823,0.5395618993425294,-0.02794234261094708,-10.80971486665404,8.698349898695072,9.626552463192407,-6.9756262083943845,6.125034747154046e-07
tight_replay,0.0165,0.55935,0.518222033451051,0.54614953246679,-0.027927499015738988,-11.29656859876364,9.10613715923866,9.809938330503702,-7.073357971015406,6.125034750567045e-07
tight_replay,0.017,0.5763,0.5246057367869579,0.5525186157193218,-0.027912878932363938,-11.787343871456804,9.517843515469579,9.990225332413788,-7.168206973210717,6.125034754627405e-07
tight_replay,0.0175,0.59325,0.5307811960137941,0.5586796918055071,-0.027898495791712996,-12.281824073938568,9.933271083410371,10.167533033430148,-7.260300963599922,6.125034767268496e-07
tight_replay,0.018000000000000002,0.6102000000000001,0.5367582178482596,0.5646425688591256,-0.02788435101086595,-12.77980434275685,10.352232142111019,10.341973718483654,-7.349759561482174,6.125034775525545e-07
tight_replay,0.0185,0.62715,0.5425459646136293,0.5704164137658709,-0.027870449152241683,-13.281090754328888,10.774548474286888,10.513652999296188,-7.436694917991793,6.125034761867968e-07
tight_replay,0.019,0.6441,0.5481530030734487,0.5760097972835596,-0.02785679421011089,-13.785499586679283,11.200050760224158,10.682670357489782,-7.521212346254572,6.125034741520721e-07
tight_replay,0.0195,0.66105,0.553587353816762,0.5814307426891877,-0.027843388872425656,-14.292856644654812,11.6285780206833,10.849119631186094,-7.603410877028867,6.125034729754204e-07
tight_replay,0.02,0.6779999999999999,0.55885653555719,0.5866867697388958,-0.027830234181705826,-14.802996641469255,12.059977103613653,11.013089452433158,-7.683383757342134,6.125034734643698e-07
tight_replay,0.0205,0.69495,0.5639676071450783,0.591784937453846,-0.02781733030876765,-15.315762630627177,12.494102210343604,11.174663641625719,-7.7612188963917745,6.125034748670399e-07
tight_replay,0.021,0.7119,0.5689271960049148,0.5967318696191118,-0.02780467361419703,-15.831005483710314,12.930814457921342,11.33392156377394,-7.83699928086933,6.125034745302843e-07
tight_replay,0.021500000000000002,0.72885,0.5737415406300073,0.601533802542759,-0.027792261912751748,-16.34858340890417,13.369981473821769,11.490938451464187,-7.910803326342502,6.125034743917234e-07
tight_replay,0.022,0.7457999999999999,0.5784165166447387,0.6061966094720329,-0.02778009282729421,-16.868361506076546,13.811477019875106,11.645785698440427,-7.98270521527043,6.125034758773067e-07
tight_replay,0.0225,0.7627499999999999,0.582957663494259,0.6107258269021738,-0.02776816340791477,-17.390211355778508,14.255180643384875,11.798531126552687,-8.052775199760358,6.125034773214334e-07
tight_replay,0.023,0.7797,0.5873702089733156,0.6151266791326689,-0.02775647015935334,-17.914010638766356,14.700977352858825,11.949239229141416,-8.121079876604693,6.125034778751189e-07
tight_replay,0.0235,0.79665,0.5916590926122367,0.6194041019390066,-0.02774500932676993,-18.439642783185107,15.148757316172558,12.097971393447155,-8.187682436999077,6.125034779029429e-07
tight_replay,0.024,0.8136,0.5958289826649542,0.6235627590176337,-0.027733776352679484,-18.966996637166783,15.598415579436843,12.244786104138283,-8.252642899894186,6.125034767632037e-07
tight_replay,0.0245,0.83055,0.5998842986028292,0.6276070656274142,-0.027722767024584982,-19.49596616444274,16.049851804713384,12.389739129989495,-8.3160183171362,6.125034757018334e-07
tight_replay,0.025,0.8475,0.603829231659919,0.6315412092084518,-0.02771197754853283,-20.026450160615134,16.502970024738325,12.53288369557979,-8.377862962998002,6.125034737642131e-07
tight_replay,0.025500000000000002,0.86445,0.6076677775947691,0.6353691837300087,-0.027701406135239637,-20.558351987648305,16.957678412724224,12.674270639807103,-8.438228493656483,6.125034692200055e-07
tight_replay,0.026000000000000002,0.8814000000000001,0.6114037201782352,0.6390947705672498,-0.02769105038901465,-21.091579326975065,17.413889067555917,12.813948561622981,-8.49716414414005,6.125034672409286e-07
tight_replay,0.0265,0.89835,0.6150406293031879,0.642721531779408,-0.027680902476220126,-21.626043951665547,17.871517814724402,12.95196395316894,-8.554716896951858,6.125034702904643e-07
tight_replay,0.0275,0.9322499999999999,0.62203060934147,0.6496918072138393,-0.027661197872369314,-22.69835135358453,18.790710420728562,13.223183304835908,-8.665851177269568,6.125034681637379e-07
tight_replay,0.028,0.9491999999999999,0.6253899951247964,0.6530416290909814,-0.027651633966184974,-23.236036279963482,19.252122935903508,13.35647078105278,-8.719516420405292,6.125034678871743e-07
tight_replay,0.0285,0.96615,0.6286629459856862,0.6563052006934914,-0.027642254707805236,-23.77464242582279,19.714650534942376,13.488262964014178,-8.771966484943746,6.125034751396177e-07
tight_replay,0.029,0.9831,0.6318522378979794,0.659485295987706,-0.027633058089726603,-24.314099064575295,20.178225077226845,13.618597497413738,-8.823238826581065,6.125034830701164e-07
tight_replay,0.029500000000000002,1.00005,0.6349605571965875,0.6625845959368797,-0.02762403874029218,-24.854338458023026,20.642781176691216,13.747510539806164,-8.873369275040961,6.125034865626006e-07
tight_replay,0.03,1.017,0.6379904451981149,0.6656056401005583,-0.027615194902443463,-25.395295709198482,21.108256070950297,13.875036844564633,-8.922392178719376,6.125034859583699e-07
tight_replay,0.0305,1.03395,0.640944343007547,0.668550865137945,-0.027606522130398048,-25.936908625190654,21.57458949890367,14.001209833876912,-8.970340454955467,6.125034843251371e-07
tight_replay,0.0315,1.06785,0.6466333494949403,0.6742230244824239,-0.027589674987483548,-27.021865430994012,22.509602729611586,14.249623309467488,-9.063138196106122,6.12503483683994e-07
tight_replay,0.032,1.0848,0.6493728063750149,0.6769542985687315,-0.027581492193716528,-27.565097327649518,22.97817350678533,14.371924584262727,-9.108047077333293,6.125034867522651e-07
tight_replay,0.0325,1.10175,0.6520449632600532,0.679618428626311,-0.02757346536625782,-28.108760679226453,23.447384565407454,14.492994237811416,-9.152000307869598,6.125034915781389e-07
tight_replay,0.033,1.1187,0.6546517832901319,0.6822173726112332,-0.027565589321101314,-28.652805013771765,23.917186536959733,14.61285998863429,-9.19502475171452,6.125034960808898e-07
tight_replay,0.034,1.1526,0.6596767804161672,0.6872270593330192,-0.027550278916852022,-29.741844799383482,24.8583751357609,14.84908581783881,-9.2783897073867,6.125034886296934e-07
tight_replay,0.0345,1.16955,0.6620984736094973,0.6896413121948464,-0.027542838585349116,-30.286749091457274,25.329672171743525,14.96549663293399,-9.318779013528879,6.125034847726298e-07
tight_replay,0.035,1.1865,0.6644618670850457,0.6919974016638113,-0.027535534578765564,-30.831851879634176,25.80138078465747,15.080805104263147,-9.358337220126117,6.125034852201226e-07
tight_replay,0.036000000000000004,1.2204000000000002,0.6690200147998391,0.6965413455066221,-0.027521330706782976,-31.922489784299884,26.74587152650415,15.308207347655891,-9.43504835685701,6.12503475240708e-07
tight_replay,0.0365,1.23735,0.6712177606106795,0.6987321852187065,-0.027514424608027,-32.467947294588896,27.218576784462797,15.420345398225411,-9.472243315384082,6.125034761816943e-07
tight_replay,0.0375,1.27125,0.6754576726608003,0.7029586566262852,-0.02750098396548495,-33.55895662893699,28.164725457554265,15.6416007410016,-9.544411525496077,6.12503486714236e-07
tight_replay,0.038,1.2882,0.6775025051580156,0.7049969485199555,-0.027494443361939958,-34.10443955316501,28.638100207419487,15.750758191629016,-9.579422509867022,6.12503482741891e-07
tight_replay,0.039,1.3221,0.6814482131694679,0.7089299258886563,-0.027481712719188423,-35.19519951893959,29.585288180166113,15.966228400760789,-9.647387748602135,6.125034776672775e-07
tight_replay,0.0395,1.3390499999999999,0.6833514782757177,0.7108269957254318,-0.027475517449714104,-35.74041531602336,30.059039976041504,16.072577710201397,-9.680375986997587,6.125034772936095e-07
tight_replay,0.04,1.3559999999999999,0.6852098829336044,0.7126793115523911,-0.02746942861878665,-36.28548277184579,30.532857870347552,16.178026608693017,-9.712723008145868,6.125034830604696e-07
tight_replay,0.0405,1.37295,0.6870245056780959,0.7144879545432694,-0.02746344886517349,-36.83037411164141,31.006713849007436,16.28259203340577,-9.74444442873201,6.125034843291229e-07
tight_replay,0.041,1.3899,0.6887964153363659,0.716253985948146,-0.027457570611780113,-37.375062617732596,31.480580901718053,16.38629042527588,-9.775555335816673,6.125034806151645e-07
tight_replay,0.042,1.4238,0.692216111881422,0.7196622308546953,-0.027446118973273315,-38.46372929240278,32.42824497333785,16.591149512089682,-9.836003574673537,6.12503484674967e-07
tight_replay,0.043000000000000003,1.4577,0.6954767294711272,0.7229117844581169,-0.027435054986989726,-39.55128864182849,33.37565263146012,16.79272620751426,-9.894179025191258,6.125034869584314e-07
tight_replay,0.043500000000000004,1.47465,0.6970496688640264,0.724479332682207,-0.027429663818180572,-40.09459636718172,33.84920238330372,16.892320026827658,-9.922447322770934,6.12503485518849e-07
tight_replay,0.0445,1.5085499999999998,0.7000851423550561,0.7275042906632326,-0.02741914830817649,-41.1801619095806,34.79588494187741,17.089187876174993,-9.977407230312064,6.125034904923721e-07
tight_replay,0.0455,1.5424499999999999,0.7029788572455195,0.7303878355106305,-0.027408978265111017,-42.26419541893752,35.74187529721946,17.283050715559074,-10.030343370833876,6.125034920796041e-07
tight_replay,0.0465,1.57635,0.7057370177375931,0.7331361558843555,-0.027399138146762425,-43.34654859897238,36.68701975766097,17.474009360637602,-10.08134497594532,6.125034873366436e-07
tight_replay,0.0475,1.61025,0.7083655061996235,0.7357550998723232,-0.027389593672699775,-44.42708413391641,37.631175144674486,17.662159459860824,-10.130495983250073,6.125034952353327e-07
tight_replay,0.0485,1.64415,0.7108699140303844,0.7382502062586268,-0.027380292228242453,-45.50567488552805,38.57420803746714,17.84759186184535,-10.177875420029322,6.125035144099135e-07
tight_replay,0.049,1.6611,0.7120772356332893,0.739452958729364,-0.027375723096074722,-46.04420383897897,39.04526435226012,17.93931608672184,-10.200924253777135,6.125035141884394e-07
tight_replay,0.05,1.695,0.7144051565794319,0.7417719317726933,-0.02736677519326136,-47.11965951896897,39.986383010673954,18.12083259561761,-10.245784768053397,6.125034991014849e-07
tight_replay,0.051000000000000004,1.7289,0.7166212940979448,0.7439794239749602,-0.027358129877015358,-48.19289248461153,40.92608396275623,18.29983963674322,-10.289052303416458,6.125034957288263e-07
tight_replay,0.052000000000000005,1.7628000000000001,0.7187303909700585,0.7460800679071028,-0.027349676937044265,-49.26380586757387,41.86426289139884,18.476413697200254,-10.330791265621622,6.125035053391172e-07
tight_replay,0.0535,1.81365,0.7217024979595988,0.74903993819832,-0.0273374402387212,-50.86563274933559,43.26846658775025,18.736871684559674,-10.39066619727954,6.125035282469503e-07
tight_replay,0.0545,1.84755,0.7235620017733211,0.7508916265515679,-0.027329624778246853,-51.93037028124731,44.20242933516502,18.90767544473334,-10.42884348460301,6.125035312692205e-07
tight_replay,0.0555,1.8814499999999998,0.7253286025278726,0.7526505975567804,-0.027321995028907864,-52.99250374386258,45.134557629302286,19.076287729053956,-10.465691629440387,6.125035042095833e-07
tight_replay,0.0565,1.9153499999999999,0.7270058181647816,0.7543204321921284,-0.027314614027346806,-54.05196555214964,46.064775470882836,19.24277089668025,-10.501260995724799,6.125034819019951e-07
tight_replay,0.0575,1.94925,0.7285972170177935,0.7559046339838662,-0.02730741696607275,-55.10869347292508,46.993012061811726,19.40718468194444,-10.535599249350701,6.125034850759006e-07
tight_replay,0.059000000000000004,2.0001,0.7308305398724183,0.7581275531051052,-0.02729701323268685,-56.688535407550546,48.38150914218075,19.65004989628479,-10.584896690313403,6.125035166433914e-07
tight_replay,0.06,2.034,0.7322215014279938,0.759511827829018,-0.027290326401024245,-57.73818835623364,49.30451406757894,19.80953571505896,-10.616350211078762,6.125035203533639e-07
tight_replay,0.061,2.0679,0.7335376992180309,0.7608214850195691,-0.02728378580153823,-58.78492688759956,50.225326322985715,19.967142703796785,-10.646721266666853,6.125034823273249e-07
tight_replay,0.0625,2.11875,0.7353779011906432,0.7626522305176855,-0.027274329327042324,-60.34947894603394,51.60232250665986,20.2001385703397,-10.690330512951373,6.125034395208547e-07
tight_replay,0.0635,2.15265,0.7365192986063205,0.7637875414965505,-0.02726824289023,-61.38875501570536,52.517437107554265,20.3532617869322,-10.71815694978801,6.125034515440824e-07
tight_replay,0.065,2.2035,0.7381098548712148,0.7653692313404181,-0.02725937646920329,-62.941947761906405,53.88567850267368,20.579748459061857,-10.758110580992227,6.125035158789952e-07
tight_replay,0.066,2.2374,0.7390927595502743,0.766346428305601,-0.027253668755326643,-63.97355239428366,54.79482945318229,20.728670328917342,-10.783601572013884,6.125035126125295e-07
tight_replay,0.0675,2.28825,0.7404568698030393,0.7677022437430424,-0.027245373940003148,-65.51510887076817,56.15395333497799,20.94905223178239,-10.820195064752605,6.125034407020505e-07
tight_replay,0.069,2.3391,0.7416954451851766,0.7689328242277423,-0.027237379042565735,-67.04957806515038,57.50746000712755,21.16595070306148,-10.854900433314318,6.125034176051114e-07
tight_replay,0.07050000000000001,2.3899500000000002,0.7428157289910733,0.770045393260552,-0.027229664269478704,-68.57689612482021,58.8552548562432,21.379491912867017,-10.887805863532952,6.125034961047279e-07
tight_replay,0.07150000000000001,2.4238500000000003,0.7435002531837328,0.7707249376583133,-0.027224684474580485,-69.59110887169999,59.75056997268319,21.520047017149636,-10.90878379297803,6.125035057666807e-07
tight_replay,0.073,2.4747,0.744438446167134,0.7716558764398779,-0.027217430272743925,-71.10639637744806,61.08866530221917,21.728256274258523,-10.938869935093175,6.125034238449773e-07
tight_replay,0.0745,2.52555,0.7452759178667044,0.7724863394483684,-0.02721042158166398,-72.61441440672625,62.42084952882876,21.933415134998587,-10.967364530156107,6.125033828000956e-07
tight_replay,0.076,2.5764,0.7460186709171449,0.7732223217400126,-0.027203650822867687,-74.11513537446415,63.74706529557874,22.135628747981375,-10.994336959859451,6.125034911964993e-07
tight_replay,0.0775,2.62725,0.7466724182122925,0.7738695320409218,-0.027197113828629327,-75.60853958077773,65.06726352687771,22.334997404824136,-11.0198524313867,6.125035064231317e-07
tight_replay,0.079,2.6780999999999997,0.747242617290574,0.774433413151044,-0.02719079586047002,-77.09461449603424,66.38140275669977,22.531616853195963,-11.043972313213843,6.125033917714771e-07
tight_replay,0.08,2.7119999999999997,0.7475789140652629,0.774765611931302,-0.02718669786603911,-78.08125606008255,67.25411217224962,22.66121449459825,-11.05930560733735,6.125033329825084e-07
tight_replay,0.0805,2.7289499999999998,0.7477344668399096,0.7749191517549286,-0.02718468491501902,-78.5733541107469,67.68944851621956,22.72557858258057,-11.066754448801644,6.125033505698573e-07
tight_replay,0.0825,2.79675,0.7482769233058165,0.7754537626384918,-0.02717683933267523,-80.53359710618022,69.42398320964689,22.980210669113994,-11.095143622445704,6.12503534244296e-07
tight_replay,0.084,2.8476,0.7486048264719806,0.7757760035101701,-0.027171177038189498,-81.99522993726019,70.71771202917117,23.168304843117262,-11.11501154402153,6.125034609969998e-07
tight_replay,0.0855,2.89845,0.7488700250188398,0.7760357139257039,-0.027165688906864105,-83.44954729323112,72.00527616899329,23.35401870839609,-11.13371248273585,6.125032936367126e-07
tight_replay,0.08750000000000001,2.96625,0.7491334799771718,0.7762920257008603,-0.027158545723688476,-85.3772857378151,73.71242213850645,23.59806504817976,-11.156910035673961,6.125037085975232e-07
tight_replay,0.089,3.0170999999999997,0.7492688343713558,0.7764220118674414,-0.02715317749608559,-86.81460264572667,74.98557065990954,23.778514304332752,-11.173060919152629,6.125044426853859e-07
tight_replay,0.091,3.0848999999999998,0.7493736339830271,0.7765195481074326,-0.02714591412440548,-88.71975592640213,76.67348717114834,24.015796891434675,-11.19300920057769,6.125042383524582e-07
tight_replay,0.0925,3.13575,0.7493998218178528,0.7765404249232293,-0.02714060310537647,-90.14020539267015,77.93221884143709,24.19135667266352,-11.206830309010805,6.125035763334876e-07
tight_replay,0.0945,3.20355,0.7493711847929231,0.7765049682675887,-0.027133783474665663,-92.02297688740138,79.60093551902328,24.422352746340454,-11.223807022198235,6.125034727640745e-07
tight_replay,0.0965,3.27135,0.7492771133639828,0.7764041730920934,-0.02712705972811058,-93.8930673365261,81.25871544855248,24.649954458206476,-11.239199009644496,6.125037352959311e-07
tight_replay,0.0985,3.33915,0.7491245285140787,0.776245103967966,-0.02712057545388724,-95.75056430160842,82.90559484408888,24.874296736289057,-11.253082787305283,6.125037311446853e-07
tight_replay,0.1,3.39,0.7489755945954567,0.7760915551471289,-0.027115960551672202,-97.13547850403924,84.13362706929306,25.04049183556474,-11.262549458175116,6.125036901480382e-07
tight_replay,0.1005,3.40695,0.748919790861481,0.7760343498692589,-0.027114559007777927,-97.59556112125274,84.54161762769134,25.095507837203584,-11.265530606276606,6.125036858758499e-07
tight_replay,0.10250000000000001,3.4747500000000002,0.7486695423418386,0.7757782612979245,-0.02710871895608591,-99.42815613660768,86.16683461795597,25.313709747119205,-11.27661057967326,6.125036922242194e-07
tight_replay,0.1045,3.54255,0.7483792230802391,0.7754825832440635,-0.02710336016382442,-101.24845192744871,87.78130273060108,25.529018569306587,-11.286387401718596,6.125037015062849e-07
tight_replay,0.1065,3.61035,0.7480548461025908,0.7751529295025076,-0.027098083399916817,-103.05655470154886,89.3850843169067,25.741544860561376,-11.29492215892039,6.125036836145484e-07
tight_replay,0.1085,3.67815,0.7477011298817348,0.7747943213729583,-0.02709319149122358,-104.85257369927885,90.97824651939811,25.951393955411323,-11.302273066661298,6.125036708070724e-07
tight_replay,0.111,3.7628999999999997,0.747225557048672,0.7743127528375432,-0.0270871957888712,-107.08077511765282,92.95487486072818,26.21009302632335,-11.309880629064844,6.12503675928245e-07
tight_replay,0.113,3.8306999999999998,0.7468235072768475,0.7739061970847757,-0.027082689807928162,-108.85001741020119,94.52441003525684,26.41427845131286,-11.314765491787403,6.125036729661668e-07
tight_replay,0.115,3.8985,0.7464068770035727,0.773485212794187,-0.02707833579061436,-110.60754615134884,96.08357067159118,26.616096335531786,-11.318636255483595,6.125036623177854e-07
tight_replay,0.11750000000000001,3.98325,0.7458713271587729,0.7729444899974343,-0.027073162838661347,-112.78816337015215,98.01805712764188,26.865170213965396,-11.32212009396137,6.125036750877907e-07
tight_replay,0.12,4.068,0.7453257658765896,0.7723940910870383,-0.027068325210448663,-114.95089177235985,99.93662617400665,27.11083890340049,-11.324179826463935,6.125036865107736e-07
tight_replay,0.1225,4.15275,0.7447766766978631,0.7718403914900761,-0.027063714792213034,-117.09596330028927,101.83944730472426,27.35325325241619,-11.324897477864784,6.12503679036856e-07
tight_replay,0.1245,4.22055,0.744338765938762,0.7713989684528889,-0.027060202514126885,-118.79946385070438,103.35048202855236,27.544937633421917,-11.324557455320688,6.125036813896008e-07
tight_replay,0.127,4.3053,0.7437975688933318,0.77085360879641,-0.027056039903078144,-120.91333906364595,105.22539549134865,27.781847993499134,-11.323051424909112,6.125036873501111e-07
tight_replay,0.13,4.407,0.7431638029038998,0.770215072767443,-0.027051269863543226,-123.42756160496975,107.45516962437561,28.062356602868114,-11.319750162010235,6.125037037744412e-07
tight_replay,0.1325,4.49175,0.7426539428863425,0.769701438921086,-0.027047496034743546,-125.50432840218116,109.29675737179885,28.29310269270508,-11.315830835905416,6.125037334122835e-07
tight_replay,0.135,4.5765,0.7421649767575544,0.7692089189587754,-0.027043942201220972,-127.56459585258861,111.12348595012793,28.521233320441578,-11.310915111525851,6.12503730220201e-07
tight_replay,0.1375,4.66125,0.7417006448950562,0.7687411959774159,-0.0270405510823597,-129.60859167571945,112.93553682703478,28.746856342296226,-11.305060910137845,6.125037063497773e-07
tight_replay,0.14,4.746,0.7412643039317235,0.768301611958293,-0.027037308026569562,-131.63654151308756,114.73309153463997,28.970073884290596,-11.298322906388426,6.12503720577542e-07
tight_replay,0.1405,4.76295,0.7411806605013248,0.7682173435812684,-0.027036683079943558,-132.04022565697466,115.09087889161883,29.014437339066852,-11.29687384263348,6.125037225520747e-07
tight_replay,0.14350000000000002,4.86465,0.7407061393460785,0.7677391935961153,-0.02703305425003677,-134.449138735105,117.2256594619635,29.278720447326947,-11.287502593093041,6.125037166000945e-07
tight_replay,0.146,4.9494,0.7403488051776445,0.7673790053309196,-0.027030200153275175,-136.43948445171387,118.98916137851374,29.496549911290778,-11.278848445263444,6.125037098740712e-07
tight_replay,0.149,5.0511,0.739969361950292,0.7669963039116766,-0.027026941961384665,-138.80772562131463,121.08705338809327,29.755184763912926,-11.267516839283601,6.125037167761261e-07
tight_replay,0.152,5.1528,0.73964728761735,0.7666711285920725,-0.027023840974722546,-141.15430768918037,123.16526040428326,30.01093876336362,-11.255220962378138,6.12503702713071e-07
tight_replay,0.155,5.2545,0.7393858486210304,0.7664067718225122,-0.02702092320148175,-143.47959368685656,125.22408625873861,30.263942085233587,-11.242028497796797,6.125036732245537e-07
tight_replay,0.158,5.356199999999999,0.739187966909819,0.7662061446746157,-0.027018177764796647,-145.78394016069205,127.26383115201035,30.514317000697,-11.228002459844335,6.125036494273963e-07
tight_replay,0.16,5.4239999999999995,0.7390926301633883,0.7661090769447946,-0.027016446781406245,-147.30871114930696,128.61320700115598,30.679830416779684,-11.21821780418756,6.125036450160887e-07
tight_replay,0.1615,5.47485,0.739040866498046,0.7660560293345001,-0.02701516283645411,-148.446345602636,129.6198122668192,30.80325196602834,-11.210663213380679,6.125036425895191e-07
tight_replay,0.1645,5.57655,0.7389891227913298,0.7660018589294696,-0.027012736138139815,-150.70651454531108,131.61922557572134,31.048317061170696,-11.195026845155123,6.125036323289966e-07
tight_replay,0.168,5.6952,0.7390182119046206,0.7660282752929487,-0.02701006338832812,-153.31830747264763,133.9289447920885,31.331341966277822,-11.175951622929354,6.12503625518385e-07
tight_replay,0.1715,5.81385,0.7391461227453383,0.7661536795217493,-0.02700755677641098,-155.90359651149697,136.21439612782308,31.611402814914147,-11.156049364222131,6.12503625721403e-07
tight_replay,0.17450000000000002,5.9155500000000005,0.7393361125499155,0.7663416377164097,-0.027005525166494238,-158.09884911615148,138.15437158477206,31.849201898485816,-11.13838334189365,6.125036634314532e-07
tight_replay,0.178,6.034199999999999,0.7396531559158567,0.7666564486719255,-0.02700329275606883,-160.63625524431976,140.39590968481934,32.1241213603192,-11.117119964650515,6.125036512426782e-07
tight_replay,0.18,6.101999999999999,0.7398810211680134,0.7668831020256126,-0.027002080857599253,-162.07490826757237,141.66641740294372,32.28004808695066,-11.10467473280005,6.125036511043964e-07
tight_replay,0.182,6.1697999999999995,0.7401431615519548,0.767144077849392,-0.027000916297437172,-163.50545913470356,142.92947919176692,32.43515119191784,-11.09202778363546,6.125036540849309e-07
tight_replay,0.1855,6.28845,0.7406850484485211,0.7676840100773038,-0.02699896162878268,-165.9896895175979,145.12214928266158,32.70466225551343,-11.069438623003437,6.125036214864065e-07
tight_replay,0.189,6.4071,0.7413335385531256,0.768330662661369,-0.026997124108243398,-168.44983309668444,147.29265040639734,32.97182105481432,-11.046308314369481,6.125036308701205e-07
tight_replay,0.193,6.5427,0.7422061342666653,0.769201296161635,-0.026995161894969755,-171.2325049212387,149.74657991779657,33.274392616505814,-11.019266929405685,6.125036393403929e-07
tight_replay,0.197,6.6783,0.7432200116016398,0.7702130423949837,-0.02699303079334392,-173.9849493990289,152.17263634604592,33.57416055693904,-10.991635074064787,6.125037011809287e-07
tight_replay,0.2,6.78,0.7440738091592183,0.7710647618342785,-0.026990952675060242,-176.02982573518378,153.97422151016318,33.79722456783567,-10.970556193484558,6.125037688525024e-07
tight_replay,0.2005,6.79695,0.7442239107126822,0.7712144671915715,-0.02699055647888926,-176.36903814887498,154.27300791013658,33.83425927643221,-10.967015183006023,6.125037741119569e-07
tight_replay,0.20450000000000002,6.93255,0.7455048245852786,0.7724918629161354,-0.026987038330856805,-179.06648960772205,156.64828684944817,34.129110978789335,-10.938416970103072,6.125037507023794e-07
tight_replay,0.209,7.0851,0.7471144976048819,0.774098231467255,-0.02698373386237307,-182.06712552500477,159.28904391446002,34.457888235484106,-10.90570900597583,6.125037244695639e-07
tight_replay,0.213,7.2207,0.7486954748249955,0.7756763419430351,-0.026980867118039598,-184.70477607722503,161.60901064733318,34.7476452460216,-10.876204086690445,6.125037372037735e-07
tight_replay,0.2175,7.37325,0.7506418189460574,0.7776200817823006,-0.02697826283624316,-187.63957702070266,164.18882210088026,35.070947170251394,-10.842572781150439,6.125037471320846e-07
tight_replay,0.22,7.457999999999999,0.7517994835732326,0.778776645601169,-0.02697716202793643,-189.25539900782965,165.60849845864712,35.24938124964313,-10.823704667363192,6.125037644974009e-07
tight_replay,0.2215,7.50885,0.7525203535851948,0.779496797547542,-0.02697644396234722,-190.2199489659727,166.4557206271305,35.3560492427164,-10.812324718830439,6.125037803955901e-07
tight_replay,0.226,7.6613999999999995,0.7548002265077031,0.7817746701020972,-0.02697444359439416,-193.09166328728097,168.97703711794645,35.674336065879366,-10.777935838946558,6.125038026887081e-07
tight_replay,0.2305,7.81395,0.7572552250914236,0.7842276268946923,-0.026972401803268653,-195.93103314179803,171.46832928221573,35.99013305553974,-10.743202181566533,6.125037793628814e-07
tight_replay,0.23500000000000001,7.9665,0.7598836215876584,0.7868541438831652,-0.026970522295506782,-198.73875733956814,173.9302243376775,36.303544176620356,-10.708157643350333,6.125037938228841e-07
tight_replay,0.24,8.136,0.7630055163180942,0.789974031236643,-0.02696851491854879,-201.8221569721145,176.63192404251586,36.649097971626716,-10.668891623295282,6.125038454310005e-07
tight_replay,0.2445,8.288549999999999,0.7659945811333213,0.7929613327581457,-0.026966751624824425,-204.56526660870435,179.03373257841193,36.95778198685656,-10.633287236309856,6.125038620563942e-07
tight_replay,0.2495,8.45805,0.7695123128181764,0.7964774345914121,-0.026965121773235623,-207.57846035710435,181.67010272155935,37.29829779554456,-10.593463337912029,6.125038796519941e-07
tight_replay,0.2545,8.62755,0.7732343669658146,0.8001980730014502,-0.026963706035635582,-210.55592856999473,184.2731972329252,37.63632011616873,-10.553391318601678,6.125039160536095e-07
tight_replay,0.2595,8.79705,0.7771579183115097,0.8041203209981503,-0.02696240268664063,-213.4984772255531,186.8437475485432,37.97194777249516,-10.513098386991048,6.12503932312113e-07
tight_replay,0.26,8.814,0.7775612567947462,0.8045235191320405,-0.026962262337294263,-213.79084169545087,187.09904008596115,38.005382423569564,-10.509057907451739,6.125039306235116e-07
tight_replay,0.265,8.9835,0.7817029859722024,0.8086640189167047,-0.02696103294450225,-216.69587603987048,189.6346078932178,38.33848173188357,-10.46855017881808,6.125038963077243e-07
tight_replay,0.27,9.153,0.7860398268390077,0.8129996310419446,-0.026959804202936866,-219.5675928237297,192.1390903418152,38.66937176572892,-10.427870265276356,6.125038885668901e-07
tight_replay,0.2755,9.339450000000001,0.7910316793770771,0.8179902943838218,-0.02695861500674468,-222.68886078390022,194.8589044975706,39.03089312452687,-10.382947156317304,6.125038889360137e-07
tight_replay,0.28,9.492,0.795285437155817,0.8222431924951933,-0.026957755339376277,-225.21393811497308,197.05741794651462,39.324834339745195,-10.346071591295404,6.125038590227247e-07
tight_replay,0.281,9.5259,0.7962511854877706,0.8232087457206506,-0.026957560232879985,-225.77161487181954,197.54275245015546,39.38993422351018,-10.337863668629304,6.125038483749015e-07
tight_replay,0.28700000000000003,9.7293,0.8021996395935277,0.8291561583858472,-0.026956518792319528,-229.0917423584641,200.4305293405756,39.778892748594714,-10.288524184824267,6.12503913738056e-07
tight_replay,0.2925,9.91575,0.8078807902186085,0.8348364359776574,-0.026955645759048963,-232.09681323660757,203.04178985273705,40.13303229208013,-10.243173084735911,6.125039575008976e-07
tight_replay,0.2985,10.11915,0.8143220892967874,0.8412768477992215,-0.026954758502434117,-235.33420295788267,205.85223008909747,40.516835398056244,-10.193586293975734,6.125039034497096e-07
tight_replay,0.3,10.17,0.8159714858234473,0.842926021814489,-0.026954535991041695,-236.137004110153,206.5487189860905,40.612384150834615,-10.18117361746155,6.125039043077827e-07
tight_replay,0.3045,10.32255,0.8210118743955299,0.8479658181791596,-0.026953943783629697,-238.52994877956343,208.6237284781296,40.898087774745576,-10.143902267636514,6.125039171888043e-07
tight_replay,0.3105,10.52595,0.8279441787598979,0.8548973798678466,-0.026953201107948743,-241.68504277651354,211.35720455288848,41.27687534824805,-10.09414035725908,6.125039442882228e-07
tight_replay,0.3165,10.72935,0.8351130396333489,0.8620655634341966,-0.026952523800847672,-244.80043913614804,214.05354483732435,41.65327759137833,-10.0443183416244,6.125039605368002e-07
tight_replay,0.32,10.847999999999999,0.8394017666253051,0.8663539080642293,-0.026952141438924215,-246.59978765702493,215.6096017776513,41.87177349266171,-10.015234317727826,6.125039719785186e-07
tight_replay,0.323,10.9497,0.843139375037935,0.8700912088298332,-0.02695183379189814,-248.1317182661261,216.93366442478924,42.05844010127894,-9.990295663616244,6.125039810669336e-07
tight_replay,0.3295,11.17005,0.85142934370109,0.8783800548309164,-0.026950711129826388,-251.4186069557508,219.77225152559606,42.4609758033185,-9.936240930836869,6.125040153157511e-07
tight_replay,0.336,11.3904,0.8599760204160347,0.8869246434916729,-0.026948623075638167,-254.66218268657823,222.57031436703355,42.86096430429759,-9.882171953765289,6.125040599264604e-07
tight_replay,0.34,11.526,0.8653598055565042,0.8923067376346066,-0.026946932078102392,-256.6371512024162,224.2724791641951,43.1058770602135,-9.84889889686187,6.125040770333902e-07
tight_replay,0.343,11.6277,0.8694582010658424,0.8964039609152751,-0.026945759849432704,-258.10801193303803,225.53940562684951,43.2889565771255,-9.823946922525778,6.12504069984244e-07
tight_replay,0.34950000000000003,11.84805,0.8785120701027296,0.9054558998062223,-0.02694382970349274,-261.26489154788237,228.25636425595383,43.68388278011944,-9.769900200888669,6.125039959301807e-07
tight_replay,0.3565,12.085349999999998,0.8885225847231251,0.915464563787463,-0.02694197906433793,-264.6196170382541,231.14024090119463,44.10657387556936,-9.711733787226338,6.125039017977416e-07
tight_replay,0.36,12.203999999999999,0.8936261656578391,0.9205674399906524,-0.026941274332813236,-266.2798323688162,232.56614485417725,44.3169247538432,-9.682670411717531,6.125039146225571e-07
tight_replay,0.364,12.339599999999999,0.899537319091888,0.9264778757962628,-0.026940556704374785,-268.16345912704224,234.18288300965824,44.55652809672835,-9.649474716052048,6.125039643913514e-07
tight_replay,0.371,12.5769,0.9100782823807061,0.9370180605358487,-0.02693977815514259,-271.42506941167454,236.97970666749615,44.97382106074322,-9.591440868532953,6.125039783976419e-07
tight_replay,0.3785,12.83115,0.9216417986735294,0.9485808300463879,-0.02693903137285858,-274.87161616740127,239.93141923672,45.418135944969706,-9.529358796745957,6.125039205932728e-07
tight_replay,0.38,12.882,0.9239870972857646,0.9509259726206264,-0.026938875334861834,-275.55506933459367,240.51629147629217,45.50665911634537,-9.51695589792717,6.125039292943872e-07
tight_replay,0.386,13.0854,0.9334743491499335,0.9604124241429635,-0.026938074993029915,-278.26968520171107,242.83785439194654,45.85963635076887,-9.467393729365337,6.125039686470378e-07
tight_replay,0.394,13.3566,0.9463804183335298,0.9733175554349323,-0.026937137101402442,-281.8422010072564,245.88942469997116,46.32753786973062,-9.401444619514418,6.125039646420454e-07
tight_replay,0.4,13.56,0.956245709235376,0.9831821621123715,-0.02693645287699553,-284.48711692658554,248.14594093596128,46.67645060280686,-9.352093062574163,6.12503939793723e-07
tight_replay,0.4015,13.610850000000001,0.9587361818305022,0.985672511389859,-0.026936329559356764,-285.14380568074375,248.70583570303052,46.76341280842665,-9.339770931827493,6.125039387141757e-07
tight_replay,0.41000000000000003,13.899000000000001,0.9730266797632428,0.9999621490080954,-0.026935469244852683,-288.8313151664522,251.8471328101935,47.254215789937625,-9.27007189717476,6.125039451457377e-07
tight_replay,0.418,14.1702,0.9867432491313841,1.0136781881680306,-0.026934939036646455,-292.2505134302824,254.75575986268538,47.71311242858448,-9.204681285323336,6.125039156379266e-07
tight_replay,0.42,14.238,0.9902114561104148,1.0171462857195703,-0.026934829609155497,-293.09767346748737,255.47580310558718,47.827383079609795,-9.188367044493928,6.125038957537598e-07
tight_replay,0.4265,14.45835,1.0015877691149495,1.0285222944271706,-0.02693452531222107,-295.83019283141607,257.79663221313797,48.197524638980546,-9.135442338779129,6.12503854869804e-07
tight_replay,0.435,14.7465,1.0166983997140204,1.04363255753313,-0.026934157819109572,-299.3564149571139,260.7877809412928,48.67873160503517,-9.066465644184763,6.125038152956791e-07
tight_replay,0.44,14.915999999999999,1.0257062382862094,1.0526401250270196,-0.02693388674081021,-301.40623563289586,262.5245766185731,48.96031851041262,-9.02601998356668,6.125038161991944e-07
tight_replay,0.4435,15.03465,1.0320624771694176,1.0589962300951656,-0.026933752925748067,-302.83052320795616,263.73050015167684,49.15678555042055,-8.997766876549884,6.125038246504523e-07
tight_replay,0.4525,15.33975,1.0485927682351375,1.075526111351563,-0.02693334311642559,-306.4536185888211,266.79491378108423,49.65957648139336,-8.925346174808794,6.125038524517644e-07
tight_replay,0.46,15.594,1.0625640709537365,1.0894971611511377,-0.0269330901974012,-309.4303949938566,269.30920265348294,50.075946701009606,-8.865257811988664,6.125038780298042e-07
tight_replay,0.4615,15.64485,1.0653789623796865,1.0923119978876952,-0.02693303550800863,-310.0211960843973,269.8078397076089,50.158937357076184,-8.853269594903978,6.12503886223513e-07
tight_replay,0.47100000000000003,15.9669,1.0833601799824193,1.1102929807754,-0.02693280079298077,-313.72829074311517,272.93379070186074,50.68237101333587,-8.777578603809953,6.125039092540409e-07
tight_replay,0.48,16.272,1.1006297916472845,1.1275624309368022,-0.026932639289517724,-317.18608699757783,275.845080179817,51.174823768514,-8.706255132320218,6.125038593503922e-07
tight_replay,0.4805,16.28895,1.1015956496697634,1.128528277837376,-0.02693262816761255,-317.37666767982745,276.00541410827685,51.202085170721304,-8.702303933837188,6.125038561810309e-07
tight_replay,0.49,16.611,1.1200703568673418,1.1470028448079617,-0.026932487940619865,-320.9678371165664,279.0241744722199,51.71812539604314,-8.627460519392542,6.125038508625012e-07
tight_replay,0.4995,16.933049999999998,1.1387698220029772,1.1657021906002725,-0.02693236859729531,-324.5032451184333,281.9914755164845,52.2305332379342,-8.553062057889049,6.125039174566985e-07
tight_replay,0.5,16.95,1.139759965763851,1.1666923264914006,-0.026932360727549565,-324.6878011102469,282.1462495550487,52.257402186623366,-8.549158917437715,6.125039179318756e-07
tight_replay,0.5095000000000001,17.27205,1.158680958677327,1.1856132211511283,-0.026932262473801316,-328.16600879206044,285.0608362825873,52.766027457854754,-8.47524233973432,6.125038581365489e-07
tight_replay,0.52,17.628,1.1798219244814558,1.2067541254386964,-0.026932200957240582,-331.9487590482642,288.2255499222695,53.32405433829573,-8.39409169936603,6.125036802949485e-07
tight_replay,0.5305,17.983949999999997,1.2011858169751284,1.2281180010533712,-0.026932184078242827,-335.66850391907934,291.3323717332592,53.87777798044174,-8.313528406072008,6.125037705663382e-07
tight_replay,0.54,18.306,1.22069329094893,1.2476254832891454,-0.026932192340215266,-338.9810666410037,294.0947547758329,54.375091018738175,-8.241154282781988,6.125037548336962e-07
tight_replay,0.541,18.3399,1.2227560447420251,1.2496882433277157,-0.026932198585690514,-339.32688330864016,294.3828979507109,54.427237846358295,-8.233564857605081,6.125037522039689e-07
tight_replay,0.552,18.7128,1.2455574400591776,1.2724896832190578,-0.026932243159880187,-343.09536247317607,297.5199713993263,54.99832892513154,-8.150448780566467,6.125037306485401e-07
tight_replay,0.56,18.984,1.2622615787274227,1.289193868381212,-0.026932289653789354,-345.7958438116396,299.76468924399876,55.410776001375964,-8.090428177857614,6.125037018565342e-07
tight_replay,0.5630000000000001,19.085700000000003,1.2685504260447809,1.295482741830012,-0.026932315785231253,-346.7999423526639,300.59861950152134,55.56481915802735,-8.068014177558481,6.125036956516887e-07
tight_replay,0.5740000000000001,19.4586,1.2917183681340128,1.318650785336769,-0.026932417202756298,-350.44227597872737,303.6204523327687,56.12674457966346,-7.986270760871728,6.125036967905903e-07
tight_replay,0.58,19.662,1.3044234693620034,1.3313559531318138,-0.02693248376981039,-352.4033362966777,305.24533195903825,56.43133748925767,-7.941977810990098,6.125036939491753e-07
tight_replay,0.5855,19.84845,1.3161092654274227,1.3430418185402,-0.026932553112777313,-354.1853332247951,306.7205663623266,56.709367887351654,-7.901559818846666,6.125036918228677e-07
tight_replay,0.5975,20.25525,1.3417274075729497,1.368660131078553,-0.026932723505603384,-358.022314547686,309.8928819304306,57.31208181497021,-7.813989679139957,6.125037149167357e-07
tight_replay,0.6,20.34,1.3470842586827612,1.3740170136260303,-0.026932754943269188,-358.8130120488589,310.5459038663197,57.43697710544308,-7.795852521781532,6.125037171451106e-07
tight_replay,0.6095,20.66205,1.367497564946182,1.3944304632433684,-0.02693289829718637,-361.79087037247575,313.0030868064907,57.90948181503063,-7.727268398305942,6.125037023365343e-07
tight_replay,0.62,21.018,1.3901576118045094,1.4170903296635247,-0.026932717859015298,-365.0336447419977,315.67494591507153,58.427876928989505,-7.652088384903447,6.125036386264024e-07
tight_replay,0.6215,21.06885,1.3934025523905043,1.4203351910663902,-0.02693263867588591,-365.492802443813,316.05293405616715,58.50160497521463,-7.641402009006031,6.125036328726166e-07
tight_replay,0.634,21.4926,1.420512889873701,1.447444202779193,-0.026931312905492,-369.27999545958653,319.16748390055136,59.11282703694018,-7.552871887629412,6.125035931936323e-07
tight_replay,0.64,21.695999999999998,1.433566242302814,1.4604966098751697,-0.026930367572355784,-371.0733864249408,320.6403872900851,59.404204983424236,-7.510709851196956,6.125036093469202e-07
tight_replay,0.6465,21.916349999999998,1.4477335136986058,1.4746630651605788,-0.026929551461972956,-372.9986361599312,322.2201760217251,59.71840072741608,-7.465278136553013,6.125036381096291e-07
tight_replay,0.6595,22.357049999999997,1.4761413151244118,1.5030690855045943,-0.02692777038018246,-376.7952238040534,325.33122268087726,60.34224604466853,-7.375176448491389,6.125036155179245e-07
tight_replay,0.66,22.374,1.477235709170684,1.5041633870318811,-0.026927677861197097,-376.93983071156515,325.44960531345544,60.366119468139814,-7.37173129550183,6.125036112042797e-07
tight_replay,0.673,22.814700000000002,1.505729534879447,1.5326549186606933,-0.026925383781246204,-380.663466785996,328.4950996651372,60.98370662163383,-7.282685194617856,6.125034816443546e-07
tight_replay,0.68,23.052,1.5211005831687319,1.5480245429564106,-0.026923959787678697,-382.6400680977349,330.10947832718256,61.3137720069839,-7.235158305978553,6.125034135544457e-07
tight_replay,0.6865,23.27235,1.5353880487280849,1.5623110467264052,-0.02692299799832032,-384.4579781288265,331.59286546414694,61.61871300186804,-7.191289902965464,6.125033750704294e-07
tight_replay,0.7000000000000001,23.73,1.5650986822028694,1.5920197454599523,-0.026921063257082878,-388.1807345803757,334.6264325353251,62.247310122114584,-7.100988944107479,6.125034811550636e-07
tight_replay,0.714,24.2046,1.5959471788195485,1.6228665079910025,-0.02691932917145401,-391.96760490476817,337.70650050000404,62.892466561935954,-7.008496261684487,6.125036605434792e-07
tight_replay,0.72,24.407999999999998,1.6091755435231183,1.63609402732263,-0.026918483799511783,-393.5680544181878,339.0064835154004,63.16687908824744,-6.9692147706411385,6.125036938041155e-07
tight_replay,0.7285,24.69615,1.62791938207685,1.654837123072293,-0.026917740995442863,-395.81267439121706,340.8279424861114,63.553501215945595,-6.913932800271319,6.12503679442334e-07
tight_replay,0.74,25.086,1.6532810287286868,1.6801973210744334,-0.026916292345746662,-398.8078778814571,343.2552731215394,64.07262330287904,-6.8398218343903485,6.125034434840198e-07
tight_replay,0.743,25.1877,1.659896469441336,1.6868124447882547,-0.026915975346918586,-399.58147462357755,343.88160216115693,64.20730147434624,-6.82061717964074,6.12503371363947e-07
tight_replay,0.758,25.696199999999997,1.6929628325269823,1.7198773393720546,-0.02691450684507224,-403.4021698501982,346.97134308004945,64.87609234407742,-6.7253888470599055,6.12503308823193e-07
tight_replay,0.76,25.764,1.6973697607827798,1.7242840555659862,-0.026914294783206394,-403.9057145896211,347.3781022916613,64.96468725977857,-6.712791518756153,6.125033304660793e-07
tight_replay,0.773,26.2047,1.7259985045673234,1.7529117512067873,-0.026913246639463928,-407.14564261448396,349.9927704406421,65.53726155469808,-6.6314782421529825,6.125035356038826e-07
tight_replay,0.78,26.442,1.741400186453485,1.7683127665409406,-0.026912580087455673,-408.8667630850829,351.37996032053474,65.8432162179762,-6.588101299390785,6.125036645543347e-07
tight_replay,0.7885,26.73015,1.7600859556727522,1.786998044033456,-0.026912088360703912,-410.9349997100657,353.045279241783,66.21252825865099,-6.535810358838531,6.125036854763131e-07
tight_replay,0.8,27.12,1.7853345749505187,1.8122457530814626,-0.026911178130943902,-413.695937116733,355.26555101900755,66.70835663800949,-6.465725399706003,6.125034069040621e-07
tight_replay,0.8045,27.27255,1.7952029738603117,1.8221139166769302,-0.026910942816618544,-414.76480774891957,356.1242447435624,66.90118321269404,-6.438506903163182,6.125032698700797e-07
tight_replay,0.8200000000000001,27.798000000000002,1.8291386763047623,1.856048756538931,-0.026910080234168632,-418.39788906299947,359.03931613762313,67.56025643835075,-6.345635368938678,6.125031970747435e-07
tight_replay,0.8205,27.81495,1.830231835354784,1.8571418908444892,-0.026910055489705265,-418.5138464671951,359.1322643131404,67.58138557743081,-6.342662145034839,6.125032037876924e-07
tight_replay,0.837,28.374299999999998,1.8662464419128555,1.8931557861744772,-0.026909344261621726,-422.2978216110556,362.1622376233526,68.27407244868014,-6.245333287306213,6.125035469887594e-07
tight_replay,0.84,28.476,1.872781449161576,1.8996906606844568,-0.026909211522880838,-422.9770308535915,362.70545637686405,68.39906511213776,-6.227800587229478,6.12503609443452e-07
tight_replay,0.854,28.950599999999998,1.9032201614574449,1.9301289065989904,-0.02690874514154551,-426.1116103117843,365.20985664847836,68.97852280545723,-6.146640848055748,6.125034603118588e-07
tight_replay,0.86,29.154,1.9162347055002196,1.9431432218306404,-0.026908516330420795,-427.4375526899316,366.2679502625879,69.22493374120738,-6.112188704536253,6.12503218059008e-07
tight_replay,0.871,29.526899999999998,1.9400437857708197,1.9669520411636356,-0.02690825539281594,-429.8417297582777,368.18451767685934,69.67370102586489,-6.049537515785796,6.125029242729822e-07
tight_replay,0.88,29.831999999999997,1.9594728500002183,1.9863808242162049,-0.026907974215986563,-431.7834398285928,369.7305711281308,70.03801493354011,-5.998766021364859,6.125029522149493e-07
tight_replay,0.8885000000000001,30.120150000000002,1.9777780958396438,2.004685949575294,-0.026907853735649967,-433.59666440082515,371.17282566987114,70.37973989731366,-5.951215829287535,6.125031764755321e-07
tight_replay,0.9,30.509999999999998,2.0024726672166677,2.029380248654853,-0.02690758143818517,-436.0184876744708,373.09690242538124,70.83846270344617,-5.887497818205371,6.125036147753978e-07
tight_replay,0.906,30.7134,2.0153228745424934,2.042230432394883,-0.02690755785238963,-437.2679338230551,374.08853913918415,71.07615669941637,-5.8545321956542224,6.125036857049069e-07
tight_replay,0.92,31.188,2.045213140874072,2.0721204658553534,-0.026907324981281455,-440.14631538271783,376.3703515557588,71.62643231572841,-5.778348635417173,6.125031327744949e-07
tight_replay,0.9245,31.340549999999997,2.0547919827959777,2.0816993105149972,-0.02690732771901949,-441.0606566001929,377.0944119341758,71.80202179294565,-5.754078428916497,6.125029175162659e-07
tight_replay,0.9400000000000001,31.866,2.087675270342407,2.114582454718171,-0.026907184375764004,-444.1703781298791,379.5541623776219,72.40208010712522,-5.671282512652548,6.12502736484475e-07
tight_replay,0.9430000000000001,31.9677,2.0940194776107557,2.120926670430312,-0.026907192819556336,-444.7652438599135,380.0241957110448,72.51737422665533,-5.655400019859138,6.125028003472195e-07
tight_replay,0.96,32.544,2.129841888868593,2.1567490267946035,-0.026907137926010627,-448.09397821829305,382.6514265393535,73.16556329024225,-5.566263197011785,6.125036790933901e-07
tight_replay,0.9615,32.59485,2.132992022663061,2.1598991677297446,-0.02690714506668357,-448.3842873032821,382.8803155629468,73.22233854197002,-5.558468246408697,6.125037403992549e-07
tight_replay,0.98,33.222,2.171697497114953,2.198604665980086,-0.026907168865133002,-451.9202751521407,385.66509377177437,73.91703975116144,-5.4632543173182775,6.125032335452835e-07
tight_replay,0.981,33.2559,2.173781852272771,2.2006890289505265,-0.02690717667775555,-452.1090906143428,385.81363378889785,73.95430123682648,-5.458155994934185,6.125031746427087e-07
tight_replay,1.0,33.9,2.2132281243859846,2.2401353948324485,-0.026907270446463905,-455.6522947803276,388.59798124041055,74.65666784959541,-5.3622195273485085,6.125026243169223e-07
tight_replay,1.0005,33.91695,2.214262112805742,2.2411693886126067,-0.026907275806864916,-455.74441268222165,388.67029197894686,74.67500811652387,-5.359718637139109,6.125026320956462e-07
tight_replay,1.02,34.577999999999996,2.2544212074796866,2.2813286444346623,-0.026907436954975772,-459.2929376186051,391.45278206014615,75.38460622031008,-5.263122629920427,6.125039593715817e-07
tight_replay,1.0205,34.59495,2.2554466077429054,2.2823540515137313,-0.02690744377082588,-459.3828072302989,391.5231741169098,75.40265627765794,-5.260669725259076,6.125039900891108e-07
tight_replay,1.04,35.256,2.29526547408668,2.322173129061536,-0.026907654974856143,-462.8449864589231,394.2320730752919,76.1010135804435,-5.1659276802541925,6.125033883464229e-07
tight_replay,1.041,35.289899999999996,2.2972983409436094,2.3242060121567216,-0.026907671213112216,-463.0203116927145,394.36910020540984,76.13653410553336,-5.161117218575311,6.125033108971265e-07
tight_replay,1.06,35.934,2.3357508335880257,2.3626587482914716,-0.02690791470344589,-466.3111133151858,396.938321967237,76.8060485499999,-5.070599066262031,6.125024072769733e-07
tight_replay,1.062,36.0018,2.339779264177712,2.366687216792322,-0.026907952614609876,-466.6531000161188,397.20502144915906,76.87593266524247,-5.061167493992866,6.12502452011417e-07
tight_replay,1.08,36.612,2.375868279328984,2.402776493094643,-0.026908213765659106,-469.69388577376895,399.5738937509362,77.49986948113678,-4.977101577713461,6.12504095698421e-07
tight_replay,1.0835000000000001,36.730650000000004,2.3828503826371645,2.409758663987923,-0.0269082813507584,-470.27748657937684,400.0280228328613,77.62014698020594,-4.960925182206763,6.125042574662121e-07
tight_replay,1.1,37.29,2.415609800620335,2.4425183448924144,-0.02690854427207956,-472.9957728466844,402.1410567465187,78.18263429612557,-4.885400463570941,6.125035024367763e-07
tight_replay,1.105,37.4595,2.4254855857973174,2.4523942228864444,-0.02690863708912694,-473.8088866652062,402.772415683449,78.35161643541944,-4.862751843278867,6.125030573069352e-07
tight_replay,1.12,37.968,2.4549683053652673,2.481877202657743,-0.026908897292475586,-476.2191503523618,404.6419880712989,78.8545003420233,-4.795461470804735,6.125020747925213e-07
tight_replay,1.127,38.2053,2.468652112599711,2.4955611407909397,-0.026909028191228757,-477.3292104951281,405.50205625491674,79.08710763574878,-4.764392867249013,6.12502544409316e-07
tight_replay,1.1400000000000001,38.646,2.4939375477671075,2.5208468207685812,-0.02690927300147372,-479.36630584844033,407.07877867742496,79.5156242573033,-4.707250878023649,6.125042985782031e-07
tight_replay,1.1495,38.96805,2.5123099677228633,2.539219424717144,-0.02690945699428049,-480.83514318358493,408.21436863957183,79.8259400774592,-4.665946721233462,6.125045142328912e-07
tight_replay,1.16,39.324,2.532512057446089,2.5594217259756156,-0.026909668529526698,-482.4394432116403,409.45343800543003,80.16616184508214,-4.620735525399908,6.125036597441731e-07
tight_replay,1.173,39.7647,2.5573715389041864,2.584281465305018,-0.026909926400831452,-484.3982997702741,410.9645670276309,80.58340775484528,-4.56539415939905,6.125019862416199e-07
tight_replay,1.18,40.001999999999995,2.5706870819168373,2.597597156524846,-0.02691007460800865,-485.44068688931156,411.7678982988756,80.80626796198146,-4.535882827522232,6.125015873732624e-07
tight_replay,1.1965000000000001,40.561350000000004,2.6018778300421026,2.628788241809116,-0.026910411767013365,-487.8640451899766,413.63332949468787,81.32661163943048,-4.467108314836742,6.125040988036743e-07
tight_replay,1.2,40.68,2.608458537301873,2.6353690275065302,-0.0269104902046573,-488.37208580197216,414.024018578506,81.43609642138856,-4.452660782920517,6.125046513025296e-07
tight_replay,1.22,41.358,2.645822949919801,2.672733867318452,-0.026910917398651257,-491.23561697998116,416.2235883228686,82.05579990041105,-4.371037988484148,6.125041350103902e-07
tight_replay,1.24,42.036,2.6827774077788202,2.7096887571891735,-0.026911349410353225,-494.03318898428597,418.3683309104142,82.66552985732002,-4.290983638760183,6.12501088043063e-07
tight_replay,1.2445,42.18855,2.6910354123174627,2.7179468571630285,-0.026911444845565846,-494.65374234178915,418.84351305068117,82.8013599972161,-4.273184461446591,6.125015105346404e-07
tight_replay,1.26,42.714,2.719319532037704,2.7462313132259624,-0.02691178118825821,-496.7666450582464,420.4599068126787,83.26543646527438,-4.212467518985679,6.125049791716861e-07
tight_replay,1.2695,43.03605,2.7365320348960647,2.763444019946544,-0.026911985050479537,-498.043093053685,421.43524517470325,83.54699392666416,-4.175702640241634,6.125057933659368e-07
tight_replay,1.28,43.391999999999996,2.7554474324493654,2.782359650074749,-0.02691221762538376,-499.43776605453917,422.4999165515816,83.85566854977984,-4.135460009252252,6.125047563837593e-07
tight_replay,1.295,43.900499999999994,2.782270637533826,2.8091831841712978,-0.026912546637471557,-501.4012370121457,423.99701405837646,84.29208244259374,-4.078676917153932,6.125007408302652e-07
tight_replay,1.3,44.07,2.7911596600277258,2.818072318180072,-0.026912658152346225,-502.04827322238987,424.48990347908193,84.43637352892026,-4.059932079932631,6.125003813752392e-07
tight_replay,1.32,44.748,2.826455189298218,2.853368283075457,-0.026913093777238828,-504.5998308109011,426.43135638814204,85.0076973683979,-3.985855275068687,6.125053058531795e-07
tight_replay,1.321,44.78189999999999,2.828209014830866,2.855122130036698,-0.02691311520583195,-504.7258903635025,426.5271810017709,85.03601990346293,-3.982189024200122,6.125055213501137e-07
tight_replay,1.34,45.426,2.8613333951953686,2.888246920236761,-0.02691352504139255,-507.09404846740125,428.3257119367115,85.56978454506351,-3.9132017066426683,6.125056535940564e-07
tight_replay,1.3475,45.680249999999994,2.87430506542657,2.9012187529576057,-0.026913687531035624,-508.0149166104825,429.024237568191,85.77821513474333,-3.8863179519970426,6.125028176153913e-07
tight_replay,1.36,46.104,2.8957940032498217,2.922707964726913,-0.02691396147709124,-509.53248351708737,430.1743569132638,86.1227780073682,-3.8419440513171006,6.12499380769513e-07
tight_replay,1.3745,46.59555,2.9205168343811656,2.947431111960804,-0.02691427757963849,-511.2663253354769,431.48680351610784,86.51809222255571,-3.791139903729285,6.125034325366647e-07
tight_replay,1.3800000000000001,46.782000000000004,2.9298370709123676,2.9567514663361685,-0.02691439542380092,-511.9166431482518,431.9786303929608,86.66681914240165,-3.772055533279869,6.125054145653001e-07
tight_replay,1.4000000000000001,47.46,2.9634629855653225,2.9903777988236637,-0.02691481325834122,-514.2479864409684,433.7398257776212,87.20204775777788,-3.703509908113861,6.125068035912042e-07
tight_replay,1.4020000000000001,47.5278,2.966802657554932,2.9937175120757904,-0.026914854520858178,-514.4782706567529,433.91362450051474,87.25509126581782,-3.6967282100098044,6.125059246792842e-07
tight_replay,1.42,48.138,2.996672422491617,3.0235876549231704,-0.02691523243155336,-516.5279262351388,435.45919267059975,87.72860206345294,-3.636281456488741,6.124980311538372e-07
tight_replay,1.43,48.477,3.013121242436521,3.0400366911040395,-0.026915448667518493,-517.6490491354618,436.3035693921773,87.98866909745864,-3.603153275570454,6.125004100027757e-07
tight_replay,1.44,48.815999999999995,3.0294663139481917,3.056381976664002,-0.026915662715810473,-518.7578309478057,437.1379386436049,88.24661864611582,-3.570344977756361,6.125053322323421e-07
tight_replay,1.459,49.4601,3.0602366998864796,3.087152749437004,-0.026916049550524512,-520.8311034427646,438.69618582190753,88.73094926728223,-3.5088795094969187,6.125087906555088e-07
tight_replay,1.46,49.494,3.061845857803277,3.088761926708542,-0.026916068905265433,-520.9390263639852,438.77723099247595,88.75623245670978,-3.5056757710002273,6.125082872054785e-07
tight_replay,1.48,50.172,3.0938124960679256,3.1207289530248903,-0.02691645695696465,-523.0727972186997,440.37819835613806,89.25757681367097,-3.442249610580749,6.124963644327142e-07
tight_replay,1.488,50.4432,3.1064839002719413,3.133400520675565,-0.026916620403623526,-523.9133068853804,441.00809999757905,89.4558286603057,-3.4172218643265797,6.124977875659841e-07
tight_replay,1.5,50.849999999999994,3.125367876012774,3.1522847526234776,-0.026916876610703522,-525.1603886298578,441.9419321306353,89.75078339041644,-3.3800427510756443,6.125052322077729e-07
tight_replay,1.518,51.4602,3.1534176178731688,3.1803348651581507,-0.026917247284981904,-527.0007359019183,443.31833100774696,90.18781899331115,-3.3250798464933267,6.125117073022603e-07
tight_replay,1.52,51.528,3.156513848761171,3.183431133833012,-0.02691728507184088,-527.2030076960415,443.4694879550083,90.23598219492149,-3.319031932565741,6.125104682538698e-07
tight_replay,1.54,52.205999999999996,3.1872524653037257,3.214170100460179,-0.02691763515645329,-529.2018249905957,444.9618872222579,90.7133015830777,-3.259194326774048,6.124943579792092e-07
tight_replay,1.5485,52.49415,3.20019356533146,3.22711135149122,-0.026917786159760038,-530.0383376845957,445.5857541168946,90.91380741301812,-3.2341131063212143,6.124954547041992e-07
tight_replay,1.56,52.884,3.2175859552424533,3.244503976659817,-0.026918021417363658,-531.1579756183588,446.4201182274957,91.18286827457187,-3.2005075195539185,6.125049599530664e-07
tight_replay,1.5795000000000001,53.54505,3.2467733316881384,3.2736917719032284,-0.026918440215089934,-533.0251938144238,447.80990909726137,91.63335081746271,-3.14437494091093,6.125138787692e-07
tight_replay,1.58,53.562,3.247516712252167,3.2744351625716717,-0.026918450319504572,-533.072560490717,447.84513729258606,91.64480732519202,-3.1429495770028186,6.125134350545451e-07
tight_replay,1.6,54.24,3.2770472672739785,3.3039660476961075,-0.02691878042212892,-534.9466479343395,449.2378702467187,92.09924212112564,-3.0864989983005486,6.124917531517898e-07
tight_replay,1.611,54.612899999999996,3.293119447773961,3.320038384635626,-0.02691893686166491,-535.9605108703045,449.9904373937962,92.34602675259525,-3.0559155039444166,6.124930677442413e-07
tight_replay,1.62,54.918,3.3061802952970916,3.333099389230247,-0.02691909393315539,-536.7812745862575,450.59921353698434,92.54629442853951,-3.031134602540352,6.125042469093867e-07
tight_replay,1.6400000000000001,55.596000000000004,3.3349186506584516,3.3618381890091573,-0.026919538350705707,-538.5774460659825,451.93003488612993,92.9860843919079,-2.976835635563594,6.125174108319162e-07
tight_replay,1.6435,55.71465,3.339907505131271,3.3668271246019574,-0.026919619470686218,-538.887895603003,452.15985362261756,93.06230983233503,-2.967441339860162,6.125125427715798e-07
tight_replay,1.6600000000000001,56.274,3.363265281948891,3.3901851879887968,-0.026919906039905683,-540.3361386421335,453.2311745881834,93.41873048247344,-2.9235818530229682,6.124884138679174e-07
tight_replay,1.676,56.816399999999994,3.3856625400002835,3.41258261583415,-0.026920075833866353,-541.7167460124033,454.2512636145968,93.7597823348479,-2.881717933701841,6.124946033980076e-07
tight_replay,1.68,56.952,3.3912231639335606,3.4181432849235667,-0.02692012099000607,-542.0583004935178,454.5034469135805,93.84434953973862,-2.871353287380849,6.125030870524408e-07
tight_replay,1.7,57.629999999999995,3.4187954765293624,3.445715990467955,-0.026920513938592627,-543.7448516947102,455.7476404407306,94.26305684663023,-2.8201302147055847,6.125228765274383e-07
tight_replay,1.71,57.968999999999994,3.4324381057232145,3.4593588825383,-0.026920776815085645,-544.5750533696697,456.35944719280303,94.46985418134551,-2.7948897344430073,6.125024825415852e-07
tight_replay,1.72,58.308,3.4459856137144884,3.4729066065121783,-0.02692099279768989,-545.3966853120467,456.9645187174013,94.67496607017144,-2.7698934814979967,6.124841051600787e-07
tight_replay,1.74,58.986,3.4727968171334025,3.499717981544508,-0.02692116441110537,-547.0146695150424,458.15482206846303,95.08018920333582,-2.7206243877130745,6.125011708272066e-07
tight_replay,1.744,59.1216,3.4781138614695397,3.5050350401298536,-0.02692117866031385,-547.3342790940136,458.3897573165586,95.16044124306316,-2.710885037993097,6.125147981596009e-07
tight_replay,1.76,59.663999999999994,3.499232302404591,3.526153676526723,-0.026921374122132136,-548.5996476208052,459.31926824020246,95.47883668939335,-2.6723042447942547,6.125303408442652e-07
tight_replay,1.7790000000000001,60.3081,3.524001430768316,3.550923359576026,-0.02692192880771005,-550.0755502735838,460.40217496850465,95.85156037681625,-2.62726232464216,6.124810388210727e-07
tight_replay,1.78,60.342,3.525295836002585,3.552217794703246,-0.026921958700661275,-550.1524376674903,460.4585520258667,95.87101749784051,-2.6249146739921163,6.124784312670587e-07
tight_replay,1.8,61.019999999999996,3.550991251728471,3.577913528146423,-0.026922276417951974,-551.6738347764963,461.5733468577199,96.25683896124863,-2.5784381268239653,6.124981218114451e-07
tight_replay,1.8145,61.51155,3.5693919902331617,3.596314191881298,-0.0269222016481363,-552.7576577547608,462.3666320692257,96.53264301195884,-2.545303747086149,6.125436628817804e-07
tight_replay,1.82,61.698,3.576321600603661,3.603243811253848,-0.026922210650186962,-553.1646129197078,462.66430668093534,96.63640673066485,-2.5328572931793163,6.125407716893251e-07
tight_replay,1.84,62.376,3.601290299643996,3.628212985917524,-0.026922686273528118,-554.6255232101852,463.7320649760105,97.00982505474379,-2.488154447122605,6.124710022556075e-07
tight_replay,1.851,62.7489,3.614870654182128,3.6417938306886435,-0.026923176506515656,-555.4165574330491,464.30966522509857,97.21262127798602,-2.463935851801024,6.124541735394801e-07
tight_replay,1.86,63.054,3.6259022114228054,3.652825530946678,-0.026923319523872724,-556.057294113492,464.77723474152003,97.37719682571682,-2.444312535281044,6.124829151015755e-07
tight_replay,1.8800000000000001,63.732,3.6501609984148136,3.6770843355528715,-0.026923337138057946,-557.4606356202474,465.8004119033138,97.73862316700998,-2.401315727020858,6.124974252294435e-07
tight_replay,1.8880000000000001,64.0032,3.6597662678626475,3.6866895671582998,-0.026923299295652292,-558.014167373752,466.2036549337099,97.88155133252471,-2.3843499378106623,6.12486343191327e-07
tight_replay,1.9000000000000001,64.41,3.674069575193934,3.700992892457074,-0.02692331726313979,-558.8362382314094,466.8021743576661,98.09420366096188,-2.3591475072509245,6.124894383578557e-07
tight_replay,1.92,65.088,3.6976320380783965,3.724555575420867,-0.02692353734247055,-560.1847718229549,467.78308167718535,98.44403657745565,-2.3177914687615258,6.124962656011369e-07
tight_replay,1.926,65.2914,3.704633920066838,3.731557562230227,-0.026923642163388717,-560.5841513065302,468.0733687668968,98.54788018859863,-2.30554069923182,6.124968174990108e-07
tight_replay,1.94,65.76599999999999,3.720852827864995,3.747776467084726,-0.026923639219730955,-561.5068880452653,468.743677284896,98.78821872593959,-2.277232110980464,6.124949080753456e-07
tight_replay,1.96,66.444,3.743735454582513,3.770658907968468,-0.026923453385955032,-562.8032214135357,469.6844887230038,99.12684532730562,-2.237454341299745,6.124944249666917e-07
tight_replay,1.9645000000000001,66.59655000000001,3.7488377956125705,3.7757611898678656,-0.026923394255295108,-563.0914065892341,469.89349734951975,99.20228029827798,-2.228610481190568,6.124948131675448e-07
tight_replay,1.98,67.122,3.766283376508886,3.793206709204515,-0.0269233326956293,-564.0743883443039,470.6060270659869,99.46001013915918,-2.198442764132766,6.12495091138291e-07
tight_replay,2.0,67.8,3.788501052173752,3.8154244573842977,-0.026923405210545592,-565.3209876591286,471.5087880770005,99.78780563898373,-2.1601822119660956,6.124947964810903e-07
tight_replay,2.004,67.9356,3.792905322219286,3.819828775553002,-0.02692345333371593,-565.5674109886658,471.6871296445848,99.85272846367617,-2.152618956536933,6.124947332137324e-07
tight_replay,2.02,68.478,3.8103928781053695,3.837316260311712,-0.026923382206342605,-566.5436025036752,472.39325362037204,100.11032291193835,-2.1226583808183563,6.124948524025375e-07
tight_replay,2.04,69.15599999999999,3.831962198754153,3.858885417973425,-0.0269232192192721,-567.742800674391,473.2598912714651,100.42765146986119,-2.085857261456793,6.124949130200173e-07
tight_replay,2.044,69.2916,3.8362376733941934,3.863160850233118,-0.026923176838924423,-567.9798791398495,473.43111956762476,100.4905023101606,-2.078582500197679,6.124948999529837e-07
tight_replay,2.06,69.834,3.85321255063919,3.8801357278175925,-0.026923177178402646,-568.9191338865834,474.1091540751207,100.73987940775463,-2.0497644809692313,6.124948488481474e-07
tight_replay,2.08,70.512,3.8741486390360684,3.9010718785271057,-0.026923239491037254,-570.0731385144044,474.94148202733084,101.04709363801501,-2.014365884909228,6.124948617847121e-07
tight_replay,2.085,70.6815,3.8793340230533713,3.9062573465715493,-0.026923323518178055,-570.3582123601201,475.1469683593795,101.12312386621996,-2.005623131402698,6.124948696370513e-07
tight_replay,2.1,71.19,3.8947749055962446,3.9216980641924106,-0.026923158596166008,-571.2053370754751,475.7573030045961,101.34937974737652,-1.979648224800012,6.124948811913948e-07
tight_replay,2.12,71.868,3.9150945147477896,3.9420175010853122,-0.02692298633752266,-572.3162383425479,476.55703201866424,101.646821768817,-1.945598556342931,6.124948695631566e-07
tight_replay,2.1270000000000002,72.1053,3.9221345508628787,3.949057476936832,-0.026922926073953413,-572.7001142418682,476.8332102364739,101.74979739317502,-1.933836523338809,6.124948724409062e-07
tight_replay,2.14,72.546,3.935110929910708,3.9620338998547595,-0.026922969944051633,-573.4063368885676,477.34107130609334,101.93950236842612,-1.912203498592008,6.124948883114459e-07
tight_replay,2.16,73.224,3.9548289854749603,3.981752031813589,-0.02692304633862852,-574.4761138408237,478.1098119578637,102.22750312652066,-1.879449824241997,6.124949145100242e-07
tight_replay,2.1695,73.54605000000001,3.9640918706006976,3.9910149522722658,-0.026923081671568205,-574.9772749421754,478.4697148536627,102.36268735176144,-1.8641129234713683,6.124949154799006e-07
tight_replay,2.18,73.902,3.974253203369038,4.001176156465708,-0.02692295309666992,-575.526038018804,478.86363443334335,102.5109043699069,-1.8473252404754446,6.124949082147511e-07
tight_replay,2.2,74.58,3.9933866201570196,4.02030936141956,-0.026922741262540573,-576.5565659626133,479.60290763019503,102.78978489657331,-1.8158178152304012,6.124948811428424e-07
tight_replay,2.213,75.0207,4.0056688658553234,4.032591554802177,-0.026922688946853235,-577.2162187102077,480.0758029947394,102.96866974354602,-1.7956630857703584,6.124948687959839e-07
tight_replay,2.22,75.25800000000001,4.012232506790711,4.039155213835559,-0.026922707044848337,-577.5681416686992,480.3279892339651,103.06422217733852,-1.7849151412637227,6.124948734382224e-07
tight_replay,2.24,75.936,4.030795666485368,4.0577185045450666,-0.02692283805969886,-578.5611972966303,481.0392273544122,103.33429268474683,-1.7546048504785623,6.124949079168312e-07
tight_replay,2.2575,76.52924999999999,4.046810246804639,4.07373302377304,-0.026922776968401507,-579.4152601124905,481.6504712798438,103.56708149810326,-1.7285602541784502,6.124948997892739e-07
tight_replay,2.2600000000000002,76.614,4.049080749846109,4.076003535494865,-0.02692278564875661,-579.5361540530489,481.7369607362351,103.60007172590979,-1.7248754860960325,6.124948970569713e-07
tight_replay,2.2800000000000002,77.292,4.067090791056887,4.0940132835336005,-0.026922492476713522,-580.4934221798904,482.421517798224,103.86163312059749,-1.695716067892307,6.12494874890232e-07
tight_replay,2.3000000000000003,77.97,4.084828748829502,4.111751124458861,-0.02692237562935862,-581.4334008170176,483.0932171242586,104.11904938241305,-1.6671151776900457,6.124948661674977e-07
tight_replay,2.3025,78.05475,4.0870271207693145,4.113949474622657,-0.026922353853342074,-581.5497019458211,483.17629102168166,104.15093853626766,-1.6635787500004484,6.124948660164227e-07
tight_replay,2.32,78.648,4.102299151858225,4.129221752169743,-0.02692260031151772,-582.3564786542844,483.75236896068265,104.37239209113362,-1.639061257857013,6.124948786551023e-07
tight_replay,2.34,79.326,4.1195068218537445,4.146429494759772,-0.026922672906027678,-583.263034625112,484.3992752760536,104.62173177142785,-1.6115435401045035,6.124948839051194e-07
tight_replay,2.349,79.6311,4.127165475944589,4.154088023563111,-0.026922547618521975,-583.6656932691692,484.6864663749414,104.73264710424658,-1.5993327989505597,6.124948821277326e-07
tight_replay,2.36,80.00399999999999,4.1364550377095375,4.163377312816037,-0.02692227510649925,-584.1534378617528,485.03422894764515,104.8671375349535,-1.5845519205247325,6.12494885539436e-07
tight_replay,2.38,80.68199999999999,4.153146387594714,4.180068360706035,-0.02692197311132105,-585.0280476479544,485.6575142365269,105.10867718466962,-1.5580760250309784,6.124949122146241e-07
tight_replay,2.396,81.22439999999999,4.1663095702858985,4.193239253980597,-0.02692968369469817,-585.7165997514124,486.147927511346,105.29917028333256,-1.5372594017804089,6.124949097784421e-07
tight_replay,2.4,81.36,4.16957651000464,4.19650702151577,-0.02693051151113046,-585.8872140871339,486.26940798194846,105.34641761326144,-1.5321050990551528,6.124949088972814e-07
tight_replay,2.42,82.038,4.185755754922664,4.2126974324878015,-0.026941677565137212,-586.7312785471778,486.8701796065764,105.5804247490374,-1.5066289884431359,6.124949128085776e-07
tight_replay,2.44,82.716,4.201691404397753,4.228642996886333,-0.026951592488580367,-587.5605734688502,487.4600907667544,105.81076327832072,-1.481638191833517,6.124949330385012e-07
tight_replay,2.444,82.85159999999999,4.204848573697112,4.231803017668732,-0.02695444397161939,-587.7246887556308,487.57679224301904,105.8563963555821,-1.476697437796516,6.124949357569791e-07
tight_replay,2.46,83.39399999999999,4.217386795763845,4.244346993432103,-0.026960197668257635,-588.3754227600007,488.03939571957983,106.0374966682381,-1.4571232468801028,6.124949454763649e-07
tight_replay,2.48,84.072,4.232844860522452,4.259812946932503,-0.02696808641005166,-589.1761421788707,488.6083416777885,106.26068733305837,-1.4330744975385972,6.124949468256242e-07
tight_replay,2.493,84.5127,4.242768554608396,4.269739945102706,-0.02697139049430941,-589.6891787568846,488.9727157414441,106.40389063049665,-1.4176882824483537,6.124949368997946e-07
tight_replay,2.5,84.75,4.248072692513056,4.275044645638044,-0.026971953124987458,-589.963039463466,489.1671691724422,106.48039672929576,-1.4094824051288668,6.124949376102881e-07
tight_replay,2.52,85.428,4.263073518108579,4.290045812263497,-0.026972294154917975,-590.7364145131922,489.716112316032,106.69668530155266,-1.386337904623899,6.124949521161362e-07
tight_replay,2.54,86.106,4.277848292097892,4.304819745479281,-0.026971453381388955,-591.4965596883047,490.2553987570709,106.90961238482338,-1.3636323206052372,6.124949639163873e-07
tight_replay,2.543,86.2077,4.2800450874904845,4.307016430838581,-0.026971343348096255,-591.6094581044231,490.3354725892348,106.94126513251268,-1.3602637989808086,6.124949645023363e-07
tight_replay,2.56,86.78399999999999,4.292398595187782,4.319369614975866,-0.026971019788083694,-592.2437600758168,490.7852497427438,107.11923623724662,-1.341356901692743,6.124949634746971e-07
tight_replay,2.58,87.462,4.306727825544238,4.333698978506821,-0.026971152962583567,-592.9782936065687,491.3058805497552,107.32561418685286,-1.3195027640274803,6.124949663636157e-07
tight_replay,2.594,87.9366,4.316629084635084,4.3436003416497275,-0.026971257014643868,-593.4850756434032,491.6649486455643,107.46817769455124,-1.3044509675576066,6.124949742850785e-07
tight_replay,2.6,88.14,4.320840287624692,4.347811580858985,-0.02697129323429337,-593.7004311872578,491.81750091958514,107.52880265702731,-1.2980614209906673,6.124949726023319e-07
tight_replay,2.62,88.818,4.334739485372968,4.361710650031194,-0.026971164658225355,-594.4104369832304,492.3203149469266,107.72885702654557,-1.2770249527055408,6.124949620766763e-07
tight_replay,2.64,89.496,4.3484279623465465,4.3753989830962485,-0.026971020749702035,-595.108568687764,492.8145208491597,107.92583159742314,-1.256385388217563,6.12494956157605e-07
tight_replay,2.6455,89.68245,4.352155693857932,4.3791267402402605,-0.026971046382328723,-595.2985067943101,492.94894410988013,107.9794667963093,-1.25077798413399,6.124949519385307e-07
tight_replay,2.66,90.174,4.3619088058706605,4.388879868513975,-0.02697106264331417,-595.7950776115772,493.30031146390525,108.11977978715171,-1.2361343834607346,6.124949490238339e-07
tight_replay,2.68,90.852,4.375186082095134,4.402157169561407,-0.02697108746627297,-596.4702087586896,493.7778749988904,108.3107542369182,-1.216263920052518,6.124949503316715e-07
tight_replay,2.699,91.49609999999998,4.387614097631133,4.414585018953093,-0.02697092132196044,-597.1012624012776,494.2241071013784,108.48947262158147,-1.1977329152241518,6.124949618526334e-07
tight_replay,2.7,91.53,4.388263242462321,4.415234150718725,-0.02697090825640469,-597.1342010945957,494.24739482262737,108.49880662708499,-1.1967668168928869,6.124949631444094e-07
tight_replay,2.72,92.208,4.40114242622562,4.428113146926169,-0.02697072070054851,-597.7872878386389,494.7090487891057,108.68398753653803,-1.1776359525735942,6.124949740311316e-07
tight_replay,2.74,92.88600000000001,4.413826264997019,4.440797012933966,-0.026970747936946537,-598.4296965263624,495.1630097573745,108.8663466696699,-1.158863500243012,6.124949638757357e-07
tight_replay,2.753,93.3267,4.4219678899047015,4.4489387868428,-0.0269708969380984,-598.8416413849507,495.45403926279744,108.98339020106269,-1.1468499045616172,6.124949525253367e-07
tight_replay,2.7600000000000002,93.56400000000001,4.426318964848468,4.453289797994163,-0.02697083314569504,-599.0616490088837,495.60944684309044,109.04593309868827,-1.140441747395785,6.124949488369301e-07
tight_replay,2.7800000000000002,94.242,4.438622399545529,4.46559498564625,-0.026972586100721507,-599.6833617034207,496.04852519343814,109.2227950573364,-1.122364174202535,6.124949497725153e-07
tight_replay,2.8000000000000003,94.92,4.450735049728181,4.477714481250657,-0.026979431522476283,-600.2950459460087,496.4804046399515,109.39697964886817,-1.104624474055229,6.124949574966752e-07
tight_replay,2.8080000000000003,95.19120000000001,4.4555279436293205,4.4825108037857575,-0.026982860156437027,-600.5369580501988,496.6511756237207,109.46591420036597,-1.0976215825970714,6.124949579049486e-07
tight_replay,2.82,95.59799999999998,4.462664074855937,4.4896507301885755,-0.026986655332638776,-600.8969079900194,496.90524045591127,109.56853310599013,-1.0872154541884063,6.124949581689806e-07
tight_replay,2.84,96.276,4.4744143330029305,4.501407353160256,-0.02699302015732563,-601.4891489966063,497.3231846879214,109.73750104364343,-1.0701299942932057,6.124949478474617e-07
tight_replay,2.86,96.954,4.485988868742706,4.512987744608626,-0.02699887586592009,-602.0719652527376,497.73438579360703,109.90392834559951,-1.0533617543552163,6.124949408349488e-07
tight_replay,2.8645,97.10655,4.488568764825061,4.515569313130753,-0.027000548305691652,-602.2018197401335,497.82599157717976,109.94102887058841,-1.0496320069988787,6.124949435949355e-07
tight_replay,2.88,97.63199999999999,4.497391516530405,4.524394428523631,-0.027002911993226242,-602.645548397949,498.1389879383008,110.06785898601032,-1.0369047103333837,6.124949485545992e-07
tight_replay,2.9,98.30999999999999,4.5086251187906825,4.535629732823853,-0.027004614033170782,-603.2100855213366,498.5371312254505,110.22933606338019,-1.020752647165129,6.12494936121524e-07
tight_replay,2.92,98.988,4.51969189114269,4.546696514563487,-0.02700462342079657,-603.7657592380616,498.92895239118513,110.38840195390598,-1.004899204960947,6.124949209120337e-07
tight_replay,2.9215,99.03885,4.520515226942996,4.547519817136088,-0.027004590193092426,-603.8070824587115,498.95808786466756,110.4002358620736,-1.003722063388461,6.124949204091725e-07
tight_replay,2.94,99.666,4.53059362877347,4.557597921223441,-0.027004292449970713,-604.3127478135839,499.31458505336315,110.54509836096918,-0.9893382920199257,6.124949255047934e-07
tight_replay,2.96,100.344,4.541332412257623,4.56833654693857,-0.02700413468094709,-604.8512253163998,499.69415930326915,110.6994662123116,-0.974064264737311,6.124949217753586e-07
tight_replay,2.98,101.02199999999999,4.551910442333157,4.578914513681292,-0.027004071348135206,-605.3813617291698,500.0678015422591,110.8515456075602,-0.9590715194630756,6.12494934062077e-07
tight_replay,2.9805,101.03895,4.552172853982759,4.579176925539511,-0.02700407155675233,-605.3945097129787,500.07706766631014,110.85531861359796,-0.9587002538848506,6.124949347471757e-07
tight_replay,3.0,101.69999999999999,4.562330396245946,4.589334438293269,-0.02700404204732365,-605.9033230137287,500.43563508782114,111.00137594787157,-0.9443541961656622,6.124949348428298e-07
tight_replay,3.02,102.378,4.572595405524488,4.5995994891619825,-0.02700408363749407,-606.4172712084229,500.79778062005704,111.14899603702737,-0.9299065719944497,6.124949225865655e-07
tight_replay,3.04,103.056,4.5827081584869145,4.6097122664465395,-0.027004107959625046,-606.9233645811833,501.1543557241482,111.29444397255232,-0.9157234615656784,6.124949346143996e-07
tight_replay,3.06,103.734,4.592670576572617,4.619674558100163,-0.027003981527546017,-607.4217577491654,501.50547449907646,111.43775703600707,-0.9017998403128864,6.124949315434976e-07
tight_replay,3.08,104.41199999999999,4.602484799889031,4.62948860374841,-0.027003803859378728,-607.9126017201396,501.8512482147218,111.57897182102433,-0.888130324353036,6.124949200542139e-07
tight_replay,3.1,105.09,4.612153865553677,4.639157580426772,-0.027003714873095497,-608.3960439542211,502.1917860185331,111.71812440103405,-0.8747094974141812,6.124949270729752e-07
tight_replay,3.101,105.12389999999999,4.612633563763934,4.639637271112036,-0.027003707348102424,-608.4200243685731,502.2086773897006,111.72502853609491,-0.8740448986053178,6.124949272990284e-07
tight_replay,3.12,105.768,4.621680436880779,4.6486839749012825,-0.02700353802050337,-608.8722285252692,502.52719431545296,111.85525020211252,-0.8615326298899272,6.124949144515635e-07
tight_replay,3.14,106.446,4.631066216695479,4.658069561909064,-0.027003345213585384,-609.3412962309518,502.8575763331209,111.99038390099604,-0.848595053750999,6.12494921816885e-07
tight_replay,3.16,107.124,4.640313257999224,4.667316423327812,-0.027003165328588707,-609.8033846208416,503.18303279375516,112.12355952482264,-0.8358918869033025,6.124949142229761e-07
tight_replay,3.1630000000000003,107.2257,4.641688503180628,4.668691660195365,-0.027003157014736878,-609.8721042597175,503.2314325625759,112.1433690619156,-0.8340063170735402,6.124949118031966e-07
tight_replay,3.18,107.802,4.6494242368282945,4.676427394222262,-0.027003157393967747,-610.2586280580973,503.5036624425442,112.25481057989913,-0.8234181826186772,6.124949005296896e-07
tight_replay,3.2,108.48,4.65840177820907,4.685405036799903,-0.027003258590832857,-610.7071578452125,503.8195616870429,112.38417000934832,-0.8111694268737517,6.124949029415601e-07
tight_replay,3.22,109.158,4.667247740526608,4.69425094425068,-0.027003203724071945,-611.1491023401378,504.13082407440913,112.51167005016798,-0.799141452683535,6.124949040826808e-07
tight_replay,3.2265,109.37835,4.670094632677563,4.697097738367962,-0.02700310569039832,-611.2913374200854,504.231001236622,112.55271249850351,-0.7952791891670603,6.124949039840294e-07
tight_replay,3.24,109.836,4.675963782672868,4.702966771659027,-0.02700298898615916,-611.5845869911865,504.43754073706367,112.63734228134639,-0.7873298680594539,6.124949024962351e-07
tight_replay,3.2600000000000002,110.51400000000001,4.684549238123743,4.711555162637672,-0.027005924513929358,-612.0137343667308,504.7398011508294,112.76121780921088,-0.7757300431667318,6.124948927901146e-07
tight_replay,3.2800000000000002,111.19200000000001,4.693007645332956,4.720018656884452,-0.027011011551496544,-612.4366642775611,505.0376927902499,112.88332724619035,-0.7643377144895256,6.124948880842498e-07
tight_replay,3.291,111.5649,4.697607830308014,4.724621060131122,-0.027013229823108276,-612.666668081247,505.1997019317358,112.94974553816144,-0.7581589410139213,6.124948853997832e-07
tight_replay,3.3000000000000003,111.87,4.701343609774311,4.728359174401436,-0.027015564627125066,-612.8534938600328,505.33130076525646,113.00370060007945,-0.7531489433965486,6.124948848727241e-07
tight_replay,3.3200000000000003,112.548,4.709559034467256,4.7365783627019145,-0.027019328234658246,-613.2643376320364,505.6207079505544,113.12236726190014,-0.7421598302111507,6.124948956452749e-07
tight_replay,3.34,113.22599999999998,4.7176554084064835,4.7446781292094595,-0.027022720802976075,-613.669307542193,505.9059953096073,113.23935608503128,-0.7313663357310242,6.124948981025782e-07
tight_replay,3.357,113.8023,4.724446663605946,4.751470663351092,-0.02702399974514602,-614.008995455592,506.14530957462927,113.33749859121184,-0.7223426593929582,6.124949008805753e-07
tight_replay,3.36,113.904,4.725636471578825,4.752660653577134,-0.027024181998309693,-614.068513030636,506.18724206267615,113.35469544342938,-0.7207644343872531,6.124949018523041e-07
tight_replay,3.38,114.582,4.73350353009234,4.760528023238412,-0.02702449314607236,-614.4620611024939,506.4645256041388,113.46841321781332,-0.71035030871478,6.124949056348091e-07
tight_replay,3.4,115.25999999999999,4.741257853449734,4.768282009201012,-0.02702415575127759,-614.8500564113141,506.73792142587473,113.58053675372413,-0.7001203715786628,6.124948962364492e-07
tight_replay,3.42,115.93799999999999,4.748900410494806,4.775924272273225,-0.02702386177841909,-615.2326013185541,507.0075031784982,113.6910928627482,-0.6900710629139994,6.124948950519848e-07
tight_replay,3.4245,116.09055,4.750604743135463,4.777628572057484,-0.0270238289220206,-615.3179330649581,507.06764083605236,113.71575467706654,-0.6878344885982327,6.124948954660431e-07
tight_replay,3.44,116.616,4.756432862204983,4.783456717687681,-0.02702385548269781,-615.6097959261809,507.27334285328544,113.8001078831843,-0.6801987050960163,6.124948960345849e-07
tight_replay,3.46,117.294,4.763857414041252,4.790881398414223,-0.027023984372971377,-615.9817381226648,507.53551087283813,113.90760771523064,-0.6704996794846946,6.12494898241017e-07
tight_replay,3.48,117.972,4.771176099691067,4.798200084777542,-0.0270239850864753,-616.3485236591151,507.79407600953033,114.01361778024958,-0.6609706583821379,6.124949067574472e-07
tight_replay,3.493,118.41269999999999,4.775877085730163,4.802901081684258,-0.027023995954094993,-616.5842134601429,507.9602431369221,114.08173725200975,-0.6548664595995757,6.124949054772063e-07
tight_replay,3.5,118.64999999999999,4.778390236052718,4.805414244890509,-0.02702400883779088,-616.7102462184672,508.0491053307736,114.11816298384471,-0.6516084637555162,6.124949034899677e-07
tight_replay,3.52,119.32799999999999,4.785501396358325,4.812525570275763,-0.02702417391743861,-617.0669974456165,508.30066436912483,114.22126777755687,-0.6424097432843475,6.124948981942822e-07
tight_replay,3.54,120.006,4.792511594278281,4.819535961561899,-0.02702436728361768,-617.4188669880181,508.5488172496675,114.32295620929077,-0.6333711218731799,6.124949007010471e-07
tight_replay,3.56,120.684,4.799422776190357,4.826447163347444,-0.02702438715708677,-617.7659425508123,508.7936266977359,114.4232518988866,-0.6244894949576688,6.124949032909085e-07
tight_replay,3.563,120.7857,4.800450995742965,4.827475377787421,-0.027024382044455564,-617.8175957340782,508.8300635470757,114.43817756490759,-0.6231706126126287,6.124949031305879e-07
tight_replay,3.58,121.362,4.8062363476522165,4.833260566630076,-0.027024218977859782,-618.1083099641158,509.0351539137844,114.52217798851889,-0.6157619840522955,6.124949010158948e-07
tight_replay,3.6,122.03999999999999,4.812953475908453,4.839977585689302,-0.02702410978084835,-618.446053228081,509.2734586035969,114.6197571708664,-0.6071855731878543,6.124948962969564e-07
tight_replay,3.62,122.718,4.819575822244834,4.846600030549034,-0.027024208304199604,-618.7792545327451,509.5085992351753,114.71601177319039,-0.5987570575665002,6.12494906790873e-07
tight_replay,3.6345,123.20955,4.82431900138297,4.8513432405846375,-0.0270242392016673,-619.0180310774656,509.67713029389773,114.78498057989201,-0.59273716823442,6.124949109931166e-07
tight_replay,3.64,123.396,4.826105436776084,4.85312977860764,-0.027024341831555887,-619.1079942939289,509.7406331617142,114.81096376740274,-0.590473469075327,6.124949100531269e-07
tight_replay,3.66,124.074,4.832541483318222,4.859568110362474,-0.027026627044252294,-619.4323512315286,509.96961636273,114.90463467662852,-0.5823323099623096,6.124948992317002e-07
tight_replay,3.68,124.752,4.83888666157714,4.865916208127752,-0.027029546550611627,-619.7524024243054,510.195603327685,114.9970455660981,-0.5743308738448253,6.124948917019769e-07
tight_replay,3.7,125.43,4.8451433292405035,4.8721756334418655,-0.027032304201362045,-620.068223313109,510.4186473996636,115.08821715382922,-0.566466219436841,6.124948907216664e-07
tight_replay,3.7075,125.68424999999999,4.8474666007071034,4.874500404517175,-0.027033803810071255,-620.1855806395838,510.50154093511617,115.1220911648324,-0.5635516683424834,6.124948964262194e-07
tight_replay,3.72,126.108,4.851313275048831,4.878348109197651,-0.027034834148819797,-620.3798877244411,510.63880095197516,115.17816983096903,-0.5587355618003066,6.12494894332281e-07
tight_replay,3.74,126.786,4.857398065581256,4.884435131859153,-0.027037066277896926,-620.6874679274754,510.8561152309944,115.26692361803396,-0.5511364021887196,6.124948775940729e-07
tight_replay,3.7600000000000002,127.464,4.863399815483948,4.890437888520063,-0.02703807303611505,-620.991034689659,511.07064020447217,115.35449812836742,-0.5436663671553765,6.124948901247684e-07
tight_replay,3.7800000000000002,128.142,4.8693193959081835,4.896357561368584,-0.027038165460400165,-621.2906573146951,511.2824246288693,115.44091259191,-0.5363229572105548,6.124948921460009e-07
tight_replay,3.7815,128.19285,4.869760070119133,4.896798226970861,-0.027038156851728168,-621.3129719149156,511.29819932085127,115.44734744153438,-0.5357772329940952,6.124948917665479e-07
tight_replay,3.8000000000000003,128.82,4.875157602220731,4.902195670925796,-0.027038068705064866,-621.5864036619892,511.49151632649284,115.5261859238598,-0.5291035299325868,6.124948927775134e-07
tight_replay,3.8200000000000003,129.498,4.880915774814876,4.9079538249816,-0.027038050166724226,-621.8783401703473,511.69796226677204,115.61033673758504,-0.5220056215230636,6.12494896629142e-07
tight_replay,3.84,130.176,4.886595212687339,4.913633201520645,-0.02703798883330677,-622.1665319054367,511.9018083211865,115.69338328120247,-0.5150271079264781,6.124949004370242e-07
tight_replay,3.8575,130.76925,4.891500850679457,4.918538714265674,-0.027037863586216737,-622.4156779316974,512.0780760128313,115.76515720614118,-0.509017185504319,6.124948946661969e-07
tight_replay,3.86,130.85399999999998,4.8921968076695155,4.919234675016061,-0.027037867346545674,-622.4510426101662,512.103099121662,115.77534341099525,-0.5081658599699398,6.124948956543414e-07
tight_replay,3.88,131.53199999999998,4.89772168545302,4.924759520513649,-0.027037835060628623,-622.7319347213981,512.3018783698133,115.85623467237353,-0.5014194127699023,6.12494900155017e-07
tight_replay,3.9,132.20999999999998,4.903171733862346,4.9302094595800225,-0.027037725717676153,-623.0092693716446,512.4981891584467,115.93607436941029,-0.49478530912733726,6.12494896805647e-07
tight_replay,3.92,132.888,4.90854830063222,4.935585706984081,-0.027037406351860582,-623.283106436791,512.69207367424,116.01487948513713,-0.48826162809695517,6.124948877133828e-07
tight_replay,3.935,133.3965,4.912532883090761,4.939569958249301,-0.027037075158539814,-623.4862242922097,512.8359194958285,116.07331437531084,-0.4834402331752366,6.124948858797844e-07
tight_replay,3.94,133.566,4.913851961558296,4.940888988755153,-0.0270370271968563,-623.5535046015981,512.8835728695803,116.09266661749201,-0.4818465092140065,6.124948895567256e-07
tight_replay,3.96,134.244,4.919083530249972,4.946120441687543,-0.027036911437571476,-623.8205213647578,513.0727268118873,116.1694520703044,-0.4755376882411806,6.124948951967167e-07
tight_replay,3.98,134.922,4.924244715259422,4.951281797701292,-0.027037082441870197,-624.0842130319395,513.2595750898316,116.24525193688703,-0.46933280957275697,6.124948894936099e-07
tight_replay,4.0,135.6,4.929337206687941,4.956374399121939,-0.02703719243399849,-624.3446347609936,513.444156563559,116.32008203707575,-0.46323005301409614,6.124948948950909e-07
tight_replay,4.0135000000000005,136.05765000000002,4.932736187568713,4.959773254961708,-0.027037067392995162,-624.5185981959728,513.5674866215303,116.37005192902384,-0.4591677121145215,6.124948923766863e-07
tight_replay,4.0200000000000005,136.27800000000002,4.9343616125809175,4.961398701099872,-0.02703708851895481,-624.6018406355773,513.6265088531345,116.39395780402398,-0.45722793297617825,6.124948896593445e-07
tight_replay,4.04,136.956,4.939317677871485,4.966355570406331,-0.02703789253484601,-624.8558836726526,513.8066686374889,116.46689436452027,-0.45132437144514265,6.124948855302878e-07
tight_replay,4.0600000000000005,137.63400000000001,4.944206263500059,4.971246445099738,-0.027040181599678803,-625.1068158021612,513.9846722108641,116.53890665351895,-0.44551722961697626,6.124948823700849e-07
tight_replay,4.08,138.31199999999998,4.949030171118685,4.976072606976744,-0.027042435858058766,-625.3546879068952,514.1605552350406,116.61000935445787,-0.43980468812150375,6.124948786731976e-07
tight_replay,4.094,138.7866,4.952369402184781,4.979412902533096,-0.027043500348315597,-625.5264044166224,514.2824302836817,116.65924775892911,-0.4358613359501903,6.124948818792656e-07
tight_replay,4.1,138.98999999999998,4.953790667404288,4.980834953838106,-0.027044286433818066,-625.5995498687552,514.3343524852859,116.68021685917478,-0.434185134362269,6.124948831875009e-07
tight_replay,4.12,139.668,4.958488441933015,4.985534296710981,-0.02704585477796595,-625.841450591653,514.5060978836249,116.74954327270233,-0.428656880458079,6.124948876784153e-07
tight_replay,4.14,140.34599999999998,4.963124864361138,4.990171646407365,-0.027046782046227236,-626.0804380090467,514.6758247077955,116.81800245495553,-0.4232181197918836,6.12494890243511e-07
tight_replay,4.16,141.024,4.9677010328571205,4.994748197082533,-0.027047164225412423,-626.3165590968196,514.8435656912246,116.88560804651779,-0.41786705633520665,6.124948860040448e-07
tight_replay,4.176,141.5664,4.9713192017400125,4.998366374708029,-0.027047172968016397,-626.5034231874673,514.9763502695296,116.93908695100558,-0.41364827085468825,6.124948831656061e-07
tight_replay,4.18,141.702,4.972217865964236,4.999264992326274,-0.027047126362037766,-626.5498599083518,515.0093529340849,116.952373451592,-0.41260209749368676,6.124948835384308e-07
tight_replay,4.2,142.38,4.976675803969778,5.003722768451549,-0.02704696448177124,-626.7803856150128,515.1732177543192,117.01831180459295,-0.4074217879426797,6.124948812258801e-07
tight_replay,4.22,143.058,4.981075424653906,5.0081222931341065,-0.027046868480200104,-627.0081805170132,515.3351907606847,117.08343598708711,-0.4023245501193444,6.124948842733754e-07
tight_replay,4.24,143.736,4.985417789054964,5.012464697044439,-0.027046907989475066,-627.2332880358397,515.4953020876491,117.14775868118761,-0.39730864844744646,6.124948870706284e-07
tight_replay,4.26,144.414,4.989704174820188,5.0167511704308385,-0.02704699561065027,-627.455750734341,515.6535814165155,117.21129237641753,-0.3923725006561053,6.124948851577653e-07
tight_replay,4.28,145.092,4.993934644691989,5.0209824392868585,-0.0270477945948695,-627.675610368175,515.8100577176692,117.2740493149406,-0.3875148376429055,6.124948858076994e-07
tight_replay,4.3,145.76999999999998,4.998109666842765,5.02515905852788,-0.027049391685114443,-627.8929079112745,515.9647592002412,117.33604147990583,-0.38273432283957787,6.124948869394213e-07
tight_replay,4.32,146.448,5.002230980744799,5.029281872414523,-0.027050891669723853,-628.1076835454354,516.1177135626434,117.39728065028437,-0.37802940757274683,6.124948873093709e-07
tight_replay,4.34,147.12599999999998,5.006299756553063,5.033351967231294,-0.027052210678230715,-628.3199766643518,516.2689481277586,117.45777843108876,-0.3733985397591415,6.124948874264306e-07
tight_replay,4.345,147.29549999999998,5.007308966819665,5.034361374723709,-0.027052407904043285,-628.3726665947158,516.3064912085579,117.47278837620723,-0.37225222782044737,6.124948878401963e-07
tight_replay,4.36,147.804,5.010316843098057,5.037370306230122,-0.02705346313206558,-628.5298259015707,516.4184897346578,117.51754623495196,-0.3688403743038264,6.124948900243664e-07
tight_replay,4.38,148.482,5.014283471711001,5.041337591078284,-0.02705411936728286,-628.7372691641706,516.5663645936265,117.57659525274588,-0.36435370361842934,6.124948916719395e-07
tight_replay,4.4,149.16,5.018200099913207,5.045254418292622,-0.027054318379414966,-628.942343649865,516.712598297984,117.63493645411806,-0.35993729643923933,6.124948924300675e-07
tight_replay,4.42,149.838,5.022067314161404,5.049121597666872,-0.02705428350546768,-629.1450858536725,516.8572159828683,117.69258062196408,-0.35558976598786873,6.124948864789558e-07
tight_replay,4.4325,150.26175,5.024459560904915,5.051513827973869,-0.027054267068954196,-629.2706313041161,516.9467924337139,117.72825899187872,-0.35290690599748004,6.124948863036003e-07
tight_replay,4.44,150.51600000000002,5.025885867276203,5.052940136101545,-0.02705426882534212,-629.3455315739895,517.0002424390913,117.74953837915267,-0.3513097206477306,6.124948875520977e-07
tight_replay,4.46,151.194,5.029656585330711,5.056710849335298,-0.02705426400458677,-629.5437159334024,517.1417019980154,117.80582016579802,-0.34709599357060805,6.124948852566003e-07
tight_replay,4.48,151.872,5.033380001718113,5.060434203630774,-0.02705420191266139,-629.7396734074467,517.2816183632727,117.86143620439576,-0.34294756908588026,6.124948847499857e-07
tight_replay,4.5,152.54999999999998,5.037055728035053,5.064110815205802,-0.02705508717074867,-629.9334378356492,517.4200147228531,117.91639652472342,-0.33886320921641533,6.12494882873755e-07
tight_replay,4.5200000000000005,153.228,5.040685102484753,5.067741680632491,-0.027056578147737653,-630.1250424144823,517.5569140245972,117.97071102514114,-0.33484156711838653,6.124948812740133e-07
tight_replay,4.521,153.2619,5.040865420421364,5.067922039230513,-0.02705661880914967,-630.134566534284,517.5637200985016,117.97340997265866,-0.3346421101406122,6.124948812310493e-07
tight_replay,4.54,153.906,5.044269690549522,5.0713275811298155,-0.027057890580293176,-630.3145197196598,517.6923388142351,118.02438943267502,-0.3308815586154186,6.124948819928217e-07
tight_replay,4.5600000000000005,154.584,5.047810093619089,5.074869059081113,-0.027058965462024354,-630.5019017316456,517.82631108197,118.07744128302762,-0.32698218676574076,6.124948840425991e-07
tight_replay,4.58,155.262,5.051306773954134,5.078366680655071,-0.027059906700936942,-630.687219844086,517.9588523463501,118.12987593372036,-0.3231423678242505,6.124948821032398e-07
tight_replay,4.6000000000000005,155.94,5.054760338710592,5.081821165486317,-0.027060826775724856,-630.8705048688985,518.0899837858827,118.18170259069508,-0.3193609546879083,6.124948850754553e-07
tight_replay,4.612,156.3468,5.05681242070318,5.0838734815019615,-0.02706106079878179,-630.9795126050994,518.1679946297021,118.21251052362587,-0.3171196792214394,6.124948848081509e-07
tight_replay,4.62,156.618,5.058172084064833,5.085233295334178,-0.02706121126934491,-631.0517870468328,518.2197262651772,118.2329303146173,-0.31563685012238407,6.124948841414995e-07
tight_replay,4.64,157.296,5.061542473423511,5.088603724905209,-0.027061251481697468,-631.2310960653701,518.34810023985,118.28356800748128,-0.3119690695508692,6.12494883447164e-07
tight_replay,4.66,157.974,5.064871871827784,5.091932996843293,-0.027061125015508836,-631.4084610782354,518.4751257221568,118.33362440565296,-0.3083566652259413,6.124948803281685e-07
tight_replay,4.68,158.652,5.068160647919511,5.095221694161103,-0.027061046241592557,-631.5839107149222,518.6008223458188,118.38310809116965,-0.30479864039994403,6.124948853753028e-07
tight_replay,4.7,159.33,5.071409456264749,5.098470528920118,-0.0270610726553695,-631.7574730810752,518.7252094492687,118.43202750960872,-0.3012939613770148,6.124948896075859e-07
tight_replay,4.704,159.4656,5.072054495231217,5.099115577378574,-0.027061082147356252,-631.7919615186166,518.7499314078847,118.44174441501022,-0.3005993393945791,6.124948904674285e-07
tight_replay,4.72,160.00799999999998,5.0746190626271135,5.1016801860794585,-0.027061123452345015,-631.9291757676392,518.8483060457985,118.48039096874919,-0.2978416733239118,6.12494893098008e-07
tight_replay,4.74,160.686,5.07778927625191,5.1048511580905505,-0.02706188183864011,-632.0990458746385,518.9701307316803,118.52820662187399,-0.2944409333201966,6.124948915276982e-07
tight_replay,4.76,161.36399999999998,5.080921066173012,5.107983930151764,-0.02706286397875246,-632.2671100251068,519.0907017187669,118.57548247136695,-0.29109084737017416,6.12494894122768e-07
tight_replay,4.78,162.042,5.084015352812694,5.111079111145248,-0.027063758332554144,-632.4333943615538,519.2100369304915,118.62222638984386,-0.28779046013114007,6.124948952542189e-07
tight_replay,4.7985,162.66914999999997,5.086844654755861,5.11390925551789,-0.027064600762028768,-632.58564507015,519.319337109965,118.6649976583919,-0.2847810551838728,6.124948971676722e-07
tight_replay,4.8,162.72,5.087072787762973,5.11413735780678,-0.027064570043807024,-632.597924551146,519.3281540269414,118.66844612647354,-0.28453885695711056,6.12494896830602e-07
tight_replay,4.82,163.398,5.090093890872828,5.1171592477123236,-0.02706535683949518,-632.7607258026703,519.4450703463441,118.7141492990064,-0.28133520746273744,6.124948932479949e-07
tight_replay,4.84,164.076,5.093079520964476,5.120145260333994,-0.02706573936951795,-632.92182288231,519.5608028653353,118.75934338670834,-0.27817872189449255,6.124948974995644e-07
tight_replay,4.86,164.754,5.09603008199634,5.1230958667731405,-0.027065784776800328,-633.0812401225118,519.6753682254043,118.80403573510317,-0.27506858371749326,6.124948949486166e-07
tight_replay,4.88,165.432,5.098945889926894,5.126011639274946,-0.027065749348052393,-633.2390014262747,519.7887828105531,118.84823357155734,-0.2720039290556877,6.124948994159449e-07
tight_replay,4.8945,165.92354999999998,5.101038403306359,5.12810414128473,-0.027065737978371196,-633.3523562459461,519.8702979747673,118.87997182455976,-0.26981002459107123,6.12494898698535e-07
tight_replay,4.9,166.11,5.101827440016916,5.128893189626718,-0.027065749609801237,-633.3951302727319,519.9010627704504,118.89194401130648,-0.2689839318931633,6.124948979214438e-07
tight_replay,4.92,166.78799999999998,5.104675261569589,5.131741003327599,-0.02706574175801002,-633.5496497297322,520.0122239475601,118.93517404564886,-0.26600787264402326,6.124948943583726e-07
tight_replay,4.94,167.466,5.1074897499258975,5.134555446796747,-0.027065696870849365,-633.7025824679996,520.1222818267247,118.97793053358959,-0.26307505801283065,6.124948947334912e-07
tight_replay,4.96,168.144,5.110271216631427,5.137336984239617,-0.027065767608190683,-633.8539507657921,520.2312516175097,119.0202202174381,-0.26018469741093714,6.12494895833806e-07
tight_replay,4.98,168.822,5.113019699363812,5.1400862349206395,-0.02706653555682781,-634.0037765084021,520.3391483557835,119.06204974277892,-0.25733596773463263,6.124948948538734e-07
tight_replay,4.993,169.2627,5.114788976898361,5.141856198051847,-0.027067221153485477,-634.1003462467194,520.4087128362032,119.08899527701088,-0.2555062809377822,6.124948948813895e-07
tight_replay,5.0,169.5,5.1157363129471,5.142803748002965,-0.02706743505586484,-634.1520811982286,520.4459868457789,119.10342564957145,-0.254528161613597,6.124948945516448e-07
tight_replay,5.02,170.17799999999997,5.1184217263983145,5.14548991954455,-0.027068193146235764,-634.2988859708024,520.5517815760946,119.14435435793932,-0.25176065618188587,6.124948914731293e-07
tight_replay,5.04,170.856,5.121076291001605,5.1481451096950925,-0.027068818693487096,-634.4442116032243,520.6565467247697,119.18484217019189,-0.24903279453706403,6.124948917199636e-07
tight_replay,5.06,171.534,5.123700467503346,5.150769766205584,-0.027069298702238065,-634.5880785146428,520.7602962391832,119.2248952854716,-0.24634385630127237,6.124948923447825e-07
tight_replay,5.08,172.212,5.126294893727618,5.153364423788502,-0.027069530060884084,-634.7305067683867,520.8630438834344,119.26451980995576,-0.24369311370988148,6.12494887149857e-07
tight_replay,5.093,172.65269999999998,5.127965544664449,5.1550351016026505,-0.027069556938201345,-634.8223230071209,520.9292990310576,119.29004877027455,-0.2419903051034712,6.124948874328323e-07
tight_replay,5.1,172.89,5.128860028032477,5.155929572763057,-0.027069544730579764,-634.8715160825953,520.9648032123742,119.3037217535054,-0.24107992301613032,6.124948869848786e-07
tight_replay,5.12,173.56799999999998,5.1313960947438755,5.158465558758535,-0.027069464014659594,-635.0111258477075,521.0655875019365,119.34250701686568,-0.2385037248310759,6.124948848925153e-07
tight_replay,5.14,174.24599999999998,5.133903302702714,5.160972699879765,-0.027069397177051258,-635.1493551332698,521.1654097498065,119.38088139314465,-0.2359639222964986,6.12494880869005e-07
tight_replay,5.16,174.924,5.136382059766441,5.163451472553801,-0.02706941278735986,-635.2862226815972,521.2642827698296,119.4188505870591,-0.23345981523255985,6.124948805002045e-07
tight_replay,5.18,175.60199999999998,5.1388329649582785,5.165902445463659,-0.027069480505380383,-635.4217469081052,521.3622192422293,119.4564202249542,-0.23099072610956195,6.124948821074311e-07
tight_replay,5.195,176.1105,5.140653129279822,5.167722674853691,-0.02706954557386876,-635.522519426885,521.4350644914989,119.48433857631566,-0.2291615785707938,6.124948827397828e-07
tight_replay,5.2,176.28,5.141256335670956,5.16832600784295,-0.02706967217199363,-635.5559459205664,521.4592316216196,119.49359583800288,-0.22855614370797267,6.124948832325597e-07
tight_replay,5.22,176.95799999999997,5.1436521412026615,5.170722374602921,-0.02707023340025927,-635.6888375372117,521.55533205095,119.53038284714383,-0.2261555987740919,6.124948836571329e-07
tight_replay,5.24,177.636,5.146021060941389,5.173091872366103,-0.027070811424714236,-635.8204392816715,521.6505324495691,119.56678658096854,-0.2237884889949627,6.124948823200903e-07
tight_replay,5.26,178.314,5.148363647255107,5.175434993198078,-0.02707134594297056,-635.950768376786,521.7448446135893,119.60281229433767,-0.22145415043780847,6.124948842512286e-07
tight_replay,5.28,178.992,5.15068035377794,5.17775222335285,-0.027071869574910146,-636.07984175124,521.8382802016632,119.6384651668236,-0.2191520063888544,6.124948835757884e-07
tight_replay,5.2989999999999995,179.63609999999997,5.152857717152297,5.179929931512858,-0.02707221436056173,-636.2013135141583,521.9262425017758,119.67199468962026,-0.2169943582198317,6.124948825585262e-07
tight_replay,5.3,179.67,5.1529716840261655,5.180043913289538,-0.02707222926337227,-636.2076760554233,521.9308506508022,119.67375028917682,-0.21688158376101846,6.124948827037048e-07
tight_replay,5.32,180.348,5.155237949367115,5.182310298519193,-0.027072349152077457,-636.3342876721148,522.022567139227,119.70867265677532,-0.214642437863248,6.124948819986994e-07
tight_replay,5.34,181.02599999999998,5.157479356196964,5.1845516904763755,-0.02707233427941169,-636.4596927183106,522.1134406422821,119.74323718029726,-0.21243402628718192,6.124948775951374e-07
tight_replay,5.36,181.704,5.1596962277228515,5.186768568873671,-0.027072341150819135,-636.5839070414028,522.2034820287355,119.77744870408674,-0.21025573504066933,6.124948770524495e-07
tight_replay,5.38,182.38199999999998,5.161889020617529,5.18896139310295,-0.027072372485420715,-636.7069462234723,522.2927020469084,119.81131200412223,-0.20810704695026078,6.12494879504536e-07
tight_replay,5.3999999999999995,183.05999999999997,5.164058034010158,5.191130384659224,-0.02707235064906577,-636.8288255971105,522.3811112042825,119.84483176727723,-0.20598760228493315,6.124948773106898e-07
tight_replay,5.4055,183.24644999999998,5.1646503713311525,5.191722692899985,-0.027072321568832436,-636.862141108334,522.4052829346388,119.85399008853015,-0.20540983442984914,6.12494875761707e-07
tight_replay,5.42,183.738,5.166203383562093,5.193275672429381,-0.02707228886728874,-636.9495602560847,522.4687197363617,119.87801258698332,-0.20389700732573515,6.124948735065911e-07
tight_replay,5.4399999999999995,184.41599999999997,5.168325076650246,5.195397647684019,-0.027072571033772697,-637.0691650478777,522.5555377547979,119.91085899043003,-0.2018346621610595,6.124948710272769e-07
tight_replay,5.46,185.094,5.170423652374876,5.197496870738,-0.027073218363123708,-637.1876545666878,522.641575342974,119.94337545632906,-0.19979997437210234,6.124948699468733e-07
tight_replay,5.4799999999999995,185.77199999999996,5.172499893009654,5.199573702930806,-0.027073809921152048,-637.3050431693454,522.7268424266325,119.9755663916483,-0.19779255849951166,6.124948686928422e-07
tight_replay,5.5,186.45,5.174554020871464,5.201628285937567,-0.02707426506610311,-637.4213449926011,522.8113486629599,120.00743611473963,-0.19581211165567186,6.124948679219489e-07
tight_replay,5.5135,186.90765,5.175928163008602,5.203002630803676,-0.02707446779507361,-637.4992413776694,522.8679650193482,120.02876873180637,-0.1944903551763565,6.124948678462453e-07
tight_replay,5.52,187.128,5.176586166885708,5.203660796818327,-0.027074629932618777,-637.5365739533272,522.8951034922653,120.03898886451535,-0.19385821913000192,6.124948677740065e-07
tight_replay,5.54,187.80599999999998,5.178596606531965,5.205671589088328,-0.027074982556363203,-637.6507437411525,522.9781162554948,120.07022882064754,-0.19193035839638437,6.124948687589985e-07
tight_replay,5.56,188.48399999999998,5.180585964945051,5.207661098589386,-0.02707513364433556,-637.7638678190755,523.0603962261445,120.10116010988321,-0.19002803085768502,6.124948704571887e-07
tight_replay,5.58,189.162,5.1825545032299765,5.209629637565255,-0.02707513433527886,-637.8759594349629,523.1419525298274,120.13178679392314,-0.18815086371735237,6.1249486866353e-07
tight_replay,5.6,189.83999999999997,5.184502353313502,5.211577394596166,-0.02707504128266347,-637.9870316339166,523.2227940861579,120.16211286030025,-0.1862985304403334,6.124948703238052e-07
tight_replay,5.62,190.518,5.186429610176885,5.213504592504406,-0.02707498232752048,-638.0970972603577,523.3029296509394,120.19214222904131,-0.1844706396134646,6.124948708079459e-07
tight_replay,5.624,190.65359999999998,5.1868126215633605,5.2138875972938505,-0.027074975730490003,-638.1189907127111,523.3188728093198,120.1981128402345,-0.18410795204421085,6.124948707879101e-07
tight_replay,5.64,191.19599999999997,5.1883365976875515,5.215411607252961,-0.027075009565409758,-638.2061689517365,523.3823678982216,120.22187876730152,-0.18266671902853004,6.124948719470605e-07
tight_replay,5.66,191.874,5.190223761334194,5.217298825878525,-0.02707506454433073,-638.3142591398163,523.4611174123977,120.25132629030453,-0.1808863495023057,6.124948716736785e-07
tight_replay,5.68,192.552,5.192091113330418,5.219166433890565,-0.027075320560146388,-638.4213800658262,523.539186591376,120.28048854575583,-0.17912924991003082,6.124948708694953e-07
tight_replay,5.7,193.23,5.19393886021065,5.221014557640191,-0.027075697429540746,-638.5275437900508,523.6165836370332,120.30936921011875,-0.1773951119557866,6.124948722379774e-07
tight_replay,5.72,193.908,5.195767414630822,5.222843464010743,-0.027076049379920697,-638.6327621840537,523.6933166453608,120.33797190574663,-0.17568351553786324,6.124948725516931e-07
tight_replay,5.737,194.4843,5.197306858081207,5.224383202770898,-0.027076344689691112,-638.7214632813999,523.7580236100532,120.36206831724151,-0.1742460556187928,6.124948744706428e-07
tight_replay,5.74,194.586,5.1975771425024835,5.224653524828466,-0.02707638232598253,-638.7370469263064,523.7693936551091,120.36630020957595,-0.17399402604498396,6.124948746747948e-07
tight_replay,5.76,195.26399999999998,5.199368340118996,5.22644505568735,-0.027076715568354004,-638.8404095103679,523.8448226027887,120.3943576473128,-0.17232629654113085,6.124948741217822e-07
tight_replay,5.78,195.942,5.201141389911062,5.228218250198317,-0.027076860287254867,-638.9428612565599,523.9196112616936,120.42214768367293,-0.17068005110317322,6.124948773602887e-07
tight_replay,5.8,196.61999999999998,5.202896368946532,5.2299732440929905,-0.027076875146458512,-639.0444133174547,523.9937672341838,120.44967372066122,-0.1690550057922497,6.124948792342188e-07
tight_replay,5.82,197.298,5.204633425288411,5.231710295506839,-0.027076870218428084,-639.145076674712,524.0672980217503,120.47693911018268,-0.16745077420903876,6.124948767096622e-07
tight_replay,5.84,197.976,5.2063528713163025,5.233429778620041,-0.027076907303738906,-639.2448621352122,524.1402110825661,120.50394716437361,-0.16586694560235893,6.124948768296056e-07
tight_replay,5.852,198.3828,5.207376246139792,5.234453162049936,-0.027076915910144272,-639.3043164534397,524.1836654803151,120.52002983630166,-0.16492631362198928,6.124948773234114e-07
tight_replay,5.86,198.654,5.208055047721464,5.23513196981479,-0.02707692209332624,-639.3437803380923,524.2125137781318,120.53070114708605,-0.16430322980561435,6.124948776039791e-07
tight_replay,5.88,199.332,5.2097400771183295,5.236816940428222,-0.02707686330989212,-639.4418417685816,524.2842132765077,120.55720425831312,-0.16275943830580744,6.12494876308876e-07
tight_replay,5.9,200.01,5.2114079741206645,5.238484784595076,-0.02707681047441124,-639.5390567604771,524.3553165794577,120.58345963931689,-0.16123528619728283,6.124948759892418e-07
tight_replay,5.92,200.688,5.213058734721233,5.240135875155936,-0.02707714043470233,-639.6354354841319,524.4258306655626,120.60947039708172,-0.15973031585131678,6.124948763959552e-07
tight_replay,5.9399999999999995,201.36599999999999,5.214692993175265,5.2417706015996055,-0.027077608424340482,-639.7309879456184,524.4957625024716,120.6352396068908,-0.15824417463931587,6.124948748457009e-07
tight_replay,5.96,202.04399999999998,5.21631116049888,5.24338913572963,-0.02707797523074973,-639.8257240038851,524.565118913899,120.66077028974341,-0.15677667652262842,6.12494876633249e-07
tight_replay,5.969,202.3491,5.217034066741907,5.244112208719313,-0.02707814197740621,-639.8680914739205,524.5961433368387,120.6721820683603,-0.15612233505414144,6.124948770483231e-07
tight_replay,5.9799999999999995,202.72199999999998,5.21791331391727,5.244991530373239,-0.027078216455969084,-639.9196533806204,524.6339065243736,120.68606540625191,-0.15532763212679157,6.12494877604104e-07
tight_replay,6.0,203.39999999999998,5.219499525193205,5.246577932157003,-0.02707840696379815,-640.0127856546466,524.7021318404144,120.7111278688577,-0.1538967349633939,6.124948775550819e-07
tight_replay,6.02,204.07799999999997,5.221069992375523,5.248148635085524,-0.027078642710001155,-640.1051302551568,524.7698013371023,120.73596055588423,-0.15248361523905704,6.124948772190453e-07
tight_replay,6.04,204.756,5.222625198502321,5.249703941612122,-0.02707874310980074,-640.1966964644158,524.8369214507152,120.76056631095155,-0.15108796813366263,6.124948797828215e-07
tight_replay,6.0600000000000005,205.434,5.224165338105415,5.251244034387723,-0.027078696282307746,-640.2874934289606,524.9034984978049,120.78494793157746,-0.1497095785289084,6.124948795057406e-07
tight_replay,6.08,206.112,5.225690412205261,5.252769010883868,-0.027078598678606625,-640.377530167255,524.9695386484532,120.80910816499377,-0.14834824780293598,6.124948806393281e-07
tight_replay,6.089,206.4171,5.226371775797127,5.253450359645561,-0.02707858384843398,-640.4178010487567,524.999083174068,120.81990876434901,-0.1477411425096324,6.124948808081581e-07
tight_replay,6.1,206.79,5.227200479652532,5.254279045668859,-0.02707856601632752,-640.4668155671189,525.0350479801033,120.83304971630099,-0.14700369611135602,6.124948810146104e-07
tight_replay,6.12,207.468,5.22869581619511,5.255774442395013,-0.027078626199902978,-640.5553583790539,525.1000325406137,120.85677525938279,-0.14567559104244002,6.12494882925868e-07
tight_replay,6.140000000000001,208.14600000000002,5.230176751387487,5.2572554582329065,-0.02707870684541991,-640.6431672204099,525.164498314841,120.88028743326772,-0.14436368196086444,6.124948842366923e-07
tight_replay,6.16,208.82399999999998,5.231643256542382,5.258722152596209,-0.027078896053827073,-640.7302505899903,525.2284511356548,120.90358882761365,-0.1430678331768531,6.124948849213515e-07
tight_replay,6.18,209.50199999999998,5.233095521500444,5.260174612535916,-0.027079091035472125,-640.8166168700183,525.2918967060378,120.92668198562362,-0.14178782160216724,6.12494885821993e-07
tight_replay,6.199999999999999,210.17999999999998,5.23453377523515,5.261613070885957,-0.027079295650807467,-640.9022743164304,525.3548406885869,120.94956941941817,-0.1405233331836226,6.124948869289229e-07
tight_replay,6.211,210.5529,5.2353188906447485,5.262398356923188,-0.02707946627843949,-640.9490867215804,525.3892481233572,120.96207071926655,-0.1398343766150253,6.12494887069623e-07
tight_replay,6.22,210.85799999999998,5.235958280728709,5.263037808393626,-0.027079527664916725,-640.9872310573928,525.417288724901,120.97225361279843,-0.13927408440789457,6.124948861629342e-07
tight_replay,6.24,211.536,5.237369253647784,5.264449023312257,-0.02707976966447312,-641.0714951025154,525.4792463755979,120.99473701360162,-0.13803987586670485,6.124948861104496e-07
tight_replay,6.26,212.21399999999997,5.238766832428381,5.265846816467908,-0.027079984039526828,-641.15507435159,525.5407190748095,121.01702202702052,-0.13682054626706494,6.124948859716171e-07
tight_replay,6.279999999999999,212.89199999999997,5.240151126560021,5.2672312934709975,-0.027080166910976367,-641.2379765953061,525.6017121501493,121.03911101838331,-0.13561589225037193,6.124948860836605e-07
tight_replay,6.3,213.57,5.241522333190232,5.26860263544538,-0.02708030225514868,-641.3202095110256,525.6622308735668,121.06100632072346,-0.13442566031420192,6.124948859116648e-07
tight_replay,6.32,214.248,5.242880702703811,5.269961076581995,-0.027080373878184183,-641.4017806612661,525.7222804794535,121.08271023858798,-0.13324959268825248,6.124948831228272e-07
tight_replay,6.3355,214.77344999999997,5.24392473236571,5.271005118968933,-0.027080386603222983,-641.4645478773509,525.7684995518479,121.0994005857016,-0.13234775372449634,6.124948838164002e-07
tight_replay,6.34,214.926,5.244226430666683,5.271306806022039,-0.027080375355356345,-641.4826974986287,525.7818661375522,121.10422504485932,-0.13208749025572514,6.124948839292849e-07
tight_replay,6.359999999999999,215.60399999999998,5.245559584466034,5.272639915299944,-0.02708033083391026,-641.5629673747958,525.8409929108535,121.12555297408862,-0.13093920734128606,6.12494883993238e-07
tight_replay,6.38,216.28199999999998,5.246880202457075,5.273960493210613,-0.02708029075353835,-641.6425975423267,525.8996657625905,121.14669622365966,-0.12980456320774875,6.124948837841105e-07
tight_replay,6.4,216.96,5.248188441018326,5.275268747228717,-0.027080306210391036,-641.7215951477756,525.9578896145788,121.16765696347031,-0.1286832955396763,6.124948838651032e-07
tight_replay,6.42,217.63799999999998,5.24948458348285,5.276564943240455,-0.02708035975760481,-641.7999672292424,526.0156693706938,121.18843734030405,-0.1275751510098786,6.124948833736842e-07
tight_replay,6.4399999999999995,218.31599999999997,5.250768783550707,5.277849215479816,-0.02708043192910914,-641.8777207268515,526.0730098552791,121.20903946857727,-0.12647999401992935,6.124948822762487e-07
tight_replay,6.46,218.994,5.252040997925403,5.279121580722247,-0.027080582796844332,-641.9548624927518,526.1299157622688,121.22946542199728,-0.12539772328689222,6.124948837212046e-07
tight_replay,6.4625,219.07875,5.252199186608093,5.27927979355711,-0.02708060694901704,-641.9644625387913,526.1369986747483,121.23200638085191,-0.1252633357466767,6.124948839314792e-07
tight_replay,6.48,219.672,5.2533014051161855,5.280382141457314,-0.027080736341128286,-642.0313992857823,526.1863917080502,121.24971724253692,-0.12432813584240913,6.124948826554197e-07
tight_replay,6.5,220.35,5.254550223044357,5.281631121533956,-0.027080898489598937,-642.1073377643927,526.2424422917842,121.26979695011846,-0.12327096847087861,6.124948820651821e-07
tight_replay,6.52,221.02799999999996,5.255787665426618,5.282868745704242,-0.02708108027762446,-642.1826844883216,526.2980720896916,121.28970654190903,-0.12222601006966831,6.124948809671588e-07
tight_replay,6.54,221.706,5.257013881796633,5.284095145172381,-0.027081263375748676,-642.2574459273801,526.3532856023453,121.30944798488757,-0.12119312717526083,6.124948810805494e-07
tight_replay,6.5600000000000005,222.38400000000001,5.258228959116644,5.285310382857296,-0.027081423740652255,-642.3316284674302,526.4080872282465,121.32902321212113,-0.12017220257502215,6.124948801673548e-07
tight_replay,6.58,223.06199999999998,5.259432988201518,5.286514551552154,-0.027081563350635385,-642.4052384090287,526.4624812902929,121.34843412678514,-0.1191630689920507,6.124948805488416e-07
tight_replay,6.5920000000000005,223.46880000000002,5.260150213299533,5.287231806016361,-0.02708159271682753,-642.4491321143879,526.4949238812909,121.36000258829249,-0.1185631616740021,6.124948806212824e-07
tight_replay,6.6,223.73999999999998,5.2606261798521174,5.287707815792175,-0.027081635940057858,-642.4782819634846,526.5164720753038,121.36768260828516,-0.11816551680704526,6.124948797279748e-07
tight_replay,6.62,224.418,5.261808703186253,5.288890373393893,-0.027081670207640407,-642.5507652523174,526.5700638416109,121.38677051416212,-0.11717934255660595,6.124948783213533e-07
tight_replay,6.640000000000001,225.096,5.262980701326561,5.290062358071151,-0.027081656744590177,-642.6226943128643,526.6232607902601,121.40569967591932,-0.11620440773891413,6.124948786524449e-07
tight_replay,6.66,225.774,5.2641422039889605,5.291223820914735,-0.027081616925774377,-642.6940751053897,526.6760670322942,121.42447189393928,-0.11524061242389931,6.124948794418522e-07
tight_replay,6.68,226.45199999999997,5.26529324618081,5.292374841760578,-0.027081595579768525,-642.7649135123382,526.7284866054586,121.44308894058888,-0.11428780444349702,6.124948787584063e-07
tight_replay,6.699999999999999,227.12999999999997,5.266433996229572,5.29351561919394,-0.027081622964368002,-642.8352153315539,526.7805235266234,121.46155256888585,-0.11334575725630329,6.124948791526591e-07
tight_replay,6.72,227.808,5.267564708911998,5.294646372889455,-0.027081663977456927,-642.9049862762082,526.8321817995092,121.47986451377308,-0.11241427667945775,6.1249488010158e-07
tight_replay,6.724,227.9436,5.267789657145152,5.294871329634068,-0.02708167248891602,-642.9188772576244,526.8424683639596,121.48350885156194,-0.11222924075790076,6.124948802255628e-07
tight_replay,6.74,228.486,5.2686854350715695,5.295767171334513,-0.027081736262943856,-642.9742319855566,526.8834653516226,121.49802648230228,-0.11149328952866633,6.124948812581886e-07
tight_replay,6.76,229.164,5.2697961646001605,5.296878012489311,-0.0270818478891508,-643.0429580312018,526.9343780022771,121.51604014884416,-0.11058271992499039,6.124948810811442e-07
tight_replay,6.779999999999999,229.84199999999996,5.270897034250307,5.2979789996593105,-0.027081965409003317,-643.1111699102818,526.9849235200106,121.53390716514207,-0.1096823877064919,6.124948832318306e-07
tight_replay,6.8,230.51999999999998,5.27198824303218,5.299070338569517,-0.027082095537337203,-643.1788730397033,527.0351056716249,121.55162916720035,-0.10879207304738371,6.12494883063997e-07
tight_replay,6.82,231.198,5.273069969431386,5.300152209564515,-0.027082240133128543,-643.2460727595727,527.0849282034675,121.56920777268726,-0.10791161951240445,6.124948834644152e-07
tight_replay,6.84,231.87599999999998,5.274142319833341,5.301224697956646,-0.027082378123305162,-643.3127743412584,527.1343947925076,121.58664457407077,-0.10704093985815702,6.124948822224598e-07
tight_replay,6.859,232.52009999999999,5.275152412843677,5.302234904681031,-0.027082491837354006,-643.3756841862735,527.1810616321649,121.60307961533,-0.10622276903524919,6.124948827691588e-07
tight_replay,6.859999999999999,232.55399999999997,5.275205345642685,5.3022878407192096,-0.027082495076524715,-643.3789829912603,527.183509030482,121.60394113668684,-0.10617994768425652,6.124948827853059e-07
tight_replay,6.88,233.232,5.2762591189868955,5.303341718863713,-0.027082599876817604,-643.4447038485597,527.2322744545818,121.62109900324879,-0.10532850290204271,6.124948820147142e-07
tight_replay,6.9,233.91,5.2773038356301605,5.30438648181085,-0.02708264618068945,-643.5099419810152,527.2806945810972,121.63811969892525,-0.10448642969129063,6.12494883150932e-07
tight_replay,6.92,234.588,5.278339633341825,5.305422298134497,-0.02708266479267163,-643.5747023856306,527.328772907016,121.65500473214362,-0.10365356788931071,6.124948820083786e-07
tight_replay,6.9399999999999995,235.26599999999996,5.279366615314071,5.306449257025907,-0.02708264171183572,-643.6389899947582,527.376512876487,121.67175558954621,-0.10282982674404927,6.124948836069448e-07
tight_replay,6.96,235.944,5.2803847788366,5.307467378514629,-0.027082599678029062,-643.7028096815446,527.4239178537468,121.68837373216336,-0.1020151383458155,6.12494881347e-07
tight_replay,6.98,236.622,5.281394148094701,5.308476738848079,-0.02708259075337871,-643.766166257041,527.4709911502324,121.7048606000487,-0.10120936688686508,6.124948823741399e-07
tight_replay,6.996499999999999,237.18134999999995,5.282220378877577,5.309303000945825,-0.02708262206824763,-643.8180901598682,527.5095792727286,121.71836445276722,-0.10055117717665688,6.124948816844184e-07
tight_replay,7.0,237.29999999999998,5.2823948971356405,5.309477531833231,-0.027082634697590535,-643.829064463666,527.5177360758579,121.72121762017386,-0.1004123130274215,6.124948815242443e-07
tight_replay,7.02,237.97799999999998,5.283387264482593,5.310469937470869,-0.027082672988275824,-643.8915089773583,527.5641559317861,121.73744620518269,-0.09962383463452357,6.124948810500875e-07
tight_replay,7.04,238.65599999999998,5.284371241931005,5.31145396673795,-0.02708272480694518,-643.9535044186947,527.6102539398971,121.7535477429317,-0.09884390989104508,6.124948795797672e-07
tight_replay,7.0600000000000005,239.334,5.28534682645408,5.312429607330172,-0.02708278087609184,-644.0150553556967,527.6560332287689,121.76952359488672,-0.0980724731236163,6.12494879042518e-07
tight_replay,7.08,240.012,5.2863141106019995,5.313396970517236,-0.027082859915236845,-644.0761662957094,527.7014969012016,121.78537510705965,-0.0973093545294884,6.124948796286364e-07
tight_replay,7.1,240.68999999999997,5.287273273288739,5.314356246582669,-0.027082973293929946,-644.1368416810338,527.74664807287,121.80110361452064,-0.0965543722690251,6.124948787202108e-07
tight_replay,7.12,241.368,5.288224472791846,5.315307576361999,-0.027083103570152645,-644.1970858940771,527.7914898389307,121.81671043718408,-0.09580741817060422,6.124948795853151e-07
tight_replay,7.1365,241.92735,5.289003272532901,5.316086475439366,-0.027083202906465154,-644.2464658489921,527.828253519854,121.82949538117349,-0.09519718909089915,6.124948788233081e-07
tight_replay,7.140000000000001,242.04600000000002,5.28916779371979,5.316251005099609,-0.027083211379818728,-644.2569032647996,527.8360252262667,121.83219687341341,-0.09506844227575977,6.124948787192899e-07
tight_replay,7.16,242.724,5.290103265662075,5.3171865519718855,-0.027083286309810717,-644.3162980726306,527.880257188636,121.84756419965507,-0.09433737618349611,6.124948786955031e-07
tight_replay,7.18,243.402,5.29103093967864,5.318114293654505,-0.02708335397586481,-644.375274542658,527.924188643835,121.86281367545817,-0.09361409547559031,6.124948783209329e-07
tight_replay,7.199999999999999,244.07999999999996,5.2919509636451405,5.319034372400147,-0.02708340875500692,-644.4338368424103,527.9678225027611,121.8779465477454,-0.09289844819094852,6.124948781476394e-07
tight_replay,7.22,244.75799999999998,5.292863495672683,5.3199469254038325,-0.027083429731149522,-644.4919890832211,528.0111616628487,121.89296405037508,-0.0921903170937241,6.12494879023535e-07
tight_replay,7.24,245.436,5.293768602848324,5.320852000461758,-0.027083397613433924,-644.5497353269577,528.0542089677881,121.90786739831834,-0.09148965118185029,6.12494879909123e-07
tight_replay,7.26,246.11399999999998,5.294666253192411,5.32174959716209,-0.027083343969678708,-644.6070795896545,528.0969671889305,121.92265778532315,-0.09079639993196084,6.124948805365614e-07
tight_replay,7.2795000000000005,246.77505000000002,5.295534294589963,5.32261763487629,-0.027083340286327307,-644.6626069997996,528.1383807365472,121.93697077790867,-0.09012749227492861,6.12494879825927e-07
tight_replay,7.279999999999999,246.79199999999997,5.29555645995719,5.322639801237366,-0.027083341280175866,-644.664025836632,528.1394390657362,121.93733639009267,-0.09011043045428724,6.124948798218897e-07
tight_replay,7.3,247.46999999999997,5.29643940139544,5.323522805284407,-0.027083403888966906,-644.7205779766796,528.1816273534013,121.95190438308799,-0.08943156702015569,6.124948802936159e-07
tight_replay,7.32,248.148,5.29731529295281,5.324398742629364,-0.02708344967655396,-644.7767398666643,528.2235347958298,121.96636292259811,-0.08875972162905947,6.124948801472839e-07
tight_replay,7.34,248.826,5.298184095149047,5.325267572049384,-0.02708347690033719,-644.832515322579,528.2651640495327,121.98071314404413,-0.08809491144337027,6.124948797574275e-07
tight_replay,7.359999999999999,249.50399999999996,5.299045789953418,5.326129283821984,-0.02708349386856579,-644.887908118646,528.3065176950989,121.9949561622801,-0.08743706740592262,6.124948800280135e-07
tight_replay,7.38,250.182,5.299900457503321,5.326984004467887,-0.027083546964566274,-644.942921978462,528.3475983116004,122.00909308234849,-0.08678602351394721,6.124948804445154e-07
tight_replay,7.4,250.86,5.300748261986195,5.327831910110303,-0.02708364812410835,-644.9975605725259,528.3884084999812,122.02312500175434,-0.08614163159421262,6.1249488130082e-07
tight_replay,7.42,251.53799999999998,5.301589339030437,5.328673104265618,-0.0270837652351803,-645.0518275247678,528.4289508367242,122.03705300485181,-0.08550382503751604,6.124948819138282e-07
tight_replay,7.4254999999999995,251.72444999999996,5.301819462596764,5.328903258181164,-0.027083795584400328,-645.0666862605674,528.4400533568584,122.04086513002134,-0.08532958062602582,6.124948826767048e-07
tight_replay,7.4399999999999995,252.21599999999998,5.302423742344441,5.329507596482108,-0.027083854137666563,-645.1057264191998,528.4692278291885,122.05087815723762,-0.08487258323916602,6.124948830803828e-07
tight_replay,7.46,252.89399999999998,5.303251483161371,5.330335393256999,-0.027083910095628383,-645.1592607999515,528.5092419232072,122.06460150686722,-0.08424784936080525,6.124948826267544e-07
tight_replay,7.48,253.572,5.304072626969397,5.331156572171296,-0.027083945201899162,-645.2124341666382,528.5489955454544,122.07822408943214,-0.08362950857194117,6.124948829248321e-07
tight_replay,7.5,254.25,5.304887294075565,5.331971275153622,-0.027083981078057207,-645.2652499716373,528.5884911273432,122.09174693183768,-0.08301742488482222,6.124948816109385e-07
tight_replay,7.52,254.92799999999997,5.305695619206967,5.332779611199282,-0.02708399199231515,-645.3177116227931,528.6277310880394,122.10517105025833,-0.08241151680016268,6.124948813440174e-07
tight_replay,7.54,255.606,5.306497627535685,5.333581585331427,-0.027083957795741576,-645.369822490386,528.666717788948,122.11849744396042,-0.08181176968581143,6.124948809020619e-07
tight_replay,7.5600000000000005,256.284,5.307293269669794,5.334377181787498,-0.027083912117704223,-645.4215859087852,528.7054535271284,122.13172709475906,-0.08121814380959241,6.124948813891325e-07
tight_replay,7.5745000000000005,256.77555,5.307866152261562,5.334950057633014,-0.027083905371451777,-645.4588989943852,528.733381304912,122.14125864925659,-0.08079151464521633,6.12494881813002e-07
tight_replay,7.58,256.962,5.308082586408314,5.3351665068914125,-0.027083920483098822,-645.473005169776,528.7439405897271,122.144860974608,-0.08063050016257932,6.124948820401434e-07
tight_replay,7.6,257.64,5.308865776756871,5.335949758446209,-0.02708398168933801,-645.5240835179819,528.78218129319,122.15790005077513,-0.08004868003185685,6.12494883558981e-07
tight_replay,7.62,258.318,5.309642995455985,5.336727015653397,-0.027084020197411185,-645.574824158157,528.8201779327086,122.17084527905222,-0.07947265044533498,6.124948837606633e-07
tight_replay,7.640000000000001,258.996,5.3104141611186115,5.337498191461439,-0.027084030342827248,-645.6252302655093,528.8579327067945,122.1836975937219,-0.07890245604048833,6.124948829048493e-07
tight_replay,7.66,259.674,5.311179247554032,5.338263284185324,-0.027084036631292108,-645.6753049810428,528.8954477583455,122.1964579140215,-0.07833801963377754,6.124948815294526e-07
tight_replay,7.68,260.352,5.311938364601013,5.3390224421501395,-0.027084077549126562,-645.7250514023575,528.9327252524571,122.20912715389424,-0.07777917433856667,6.124948808537253e-07
tight_replay,7.699999999999999,261.03,5.312691670326096,5.3397758315325285,-0.027084161206432533,-645.7744725834768,528.9697673802993,122.22170622202307,-0.07722579980793325,6.124948800474536e-07
tight_replay,7.72,261.70799999999997,5.313439262109789,5.340523517764769,-0.027084255654980183,-645.8235715426631,529.0065763005048,122.23419601498617,-0.07667786755795071,6.124948800671277e-07
tight_replay,7.726,261.9114,5.313662428990249,5.340746707583757,-0.027084278593507705,-645.838238844655,529.0175738149304,122.23792567619728,-0.07651455138376449,6.124948802340745e-07
tight_replay,7.74,262.386,5.3141811520383655,5.34126547579967,-0.02708432376130432,-645.8723512680968,529.0431540999875,122.24659741271395,-0.07613538129984586,6.124948793799985e-07
tight_replay,7.76,263.06399999999996,5.314917343731614,5.3420017092352055,-0.02708436550359128,-645.9208147155075,529.0795028177483,122.258911281337,-0.07559828683751005,6.124948787079564e-07
tight_replay,7.779999999999999,263.74199999999996,5.315647907373423,5.342732316008373,-0.027084408634950208,-645.9689648029017,529.115624493384,122.27113847907411,-0.0750664660428536,6.124948783388087e-07
tight_replay,7.8,264.41999999999996,5.316372984319279,5.343457435510802,-0.027084451191523584,-646.0168044098094,529.1515211791558,122.28327985808858,-0.07453980441902133,6.124948787467457e-07
tight_replay,7.82,265.098,5.317092663176702,5.344177117329541,-0.02708445415283922,-646.0643363826827,529.1871948980189,122.29533625952593,-0.07401827002751094,6.124948794790608e-07
tight_replay,7.84,265.776,5.317806902244449,5.344891312385864,-0.027084410141415383,-646.111563539663,529.2226476054847,122.30730850859689,-0.0735018745275203,6.124948798152524e-07
tight_replay,7.859999999999999,266.45399999999995,5.3185156166439285,5.345600049287408,-0.027084432643479595,-646.1584886670795,529.2578812241128,122.3191974187147,-0.0729905389554633,6.124948797958732e-07
tight_replay,7.88,267.132,5.319218951477743,5.3463035031629165,-0.02708455168517343,-646.2051145123896,529.2928977115412,122.33100380087875,-0.07248410936225425,6.124948789299769e-07
tight_replay,7.881,267.1659,5.31925397996769,5.3463385394454415,-0.02708455947775157,-646.2074379972961,529.2946428714397,122.3315919680826,-0.07245891527563754,6.124948788943666e-07
tight_replay,7.9,267.81,5.319917105264942,5.347001772517831,-0.027084667252888828,-646.2514437886808,529.3276990230363,122.34272845808363,-0.07198253241614812,6.124948795383899e-07
tight_replay,7.92,268.488,5.320610098983926,5.347694844756182,-0.027084745772255836,-646.2974791819883,529.3622870505026,122.3543721791341,-0.07148581538712125,6.124948790985896e-07
tight_replay,7.9399999999999995,269.166,5.3212979142992864,5.34838270223824,-0.027084787938953525,-646.3432233512162,529.3966636295139,122.36593573944035,-0.07099392799465666,6.12494879453537e-07
tight_replay,7.96,269.844,5.321980579829179,5.349065401520693,-0.027084821691513383,-646.388678923393,529.4308305865486,122.37741990612898,-0.07050678025882777,6.124948787463788e-07
tight_replay,7.98,270.522,5.322658233569421,5.349743059006991,-0.02708482543757018,-646.4338484910917,529.4647897643642,122.38882544087764,-0.07002426763808828,6.124948804742772e-07
tight_replay,8.0,271.2,5.323330947761171,5.350415763016264,-0.027084815255093098,-646.4787346152779,529.4985429973988,122.40015309785885,-0.06954632945837658,6.124948795366545e-07
tight_replay,8.02,271.878,5.323998744735254,5.351083527418545,-0.027084782683290953,-646.5233398300834,529.5320920768867,122.41140361992177,-0.06907295180138624,6.124948783030392e-07
tight_replay,8.039,272.52209999999997,5.3246285643510785,5.351713316789108,-0.027084752438029547,-646.5654568771232,529.5637761945283,122.42202083536692,-0.06862744847774047,6.124948777974342e-07
tight_replay,8.04,272.556,5.324661589835378,5.351746340466524,-0.027084750631146015,-646.5676666442157,529.5654387476098,122.42257773784729,-0.0686041132697858,6.124948777667263e-07
tight_replay,8.06,273.234,5.3253195116797,5.352404266249463,-0.027084754569763447,-646.6117175368522,529.5985847457592,122.4336761746068,-0.0681397297592453,6.124948781293888e-07
tight_replay,8.08,273.912,5.325972645796573,5.353057438290547,-0.027084792493973886,-646.6554949543195,529.6315318243472,122.44469964883956,-0.06767969307165936,6.124948774768712e-07
tight_replay,8.1,274.59,5.326621072960951,5.353705907464047,-0.0270848345030954,-646.6990013146391,529.6642817166182,122.45564887108868,-0.06722397809867153,6.124948773859633e-07
tight_replay,8.12,275.268,5.327264773176684,5.354349632066824,-0.027084858890139785,-646.7422390143878,529.696836088678,122.46652453771065,-0.06677259242888499,6.124948767015114e-07
tight_replay,8.14,275.946,5.327903758544597,5.354988640647534,-0.027084882102936803,-646.7852104240163,529.7291965838449,122.4773273367334,-0.06632546840930674,6.124948761316323e-07
tight_replay,8.16,276.62399999999997,5.328538114301626,5.355623033721628,-0.027084919420001796,-646.8279178829441,529.7613648638415,122.48805795132071,-0.06588251099139002,6.124948762018446e-07
tight_replay,8.18,277.30199999999996,5.3291679262758755,5.356252901714309,-0.027084975438433467,-646.8703637014531,529.7933425921424,122.49871705875742,-0.06544366022723899,6.124948759118512e-07
tight_replay,8.2,277.97999999999996,5.329793245037071,5.356878275810212,-0.02708503077314095,-646.9125501654636,529.8251313975901,122.5093053269994,-0.06500889581057381,6.124948766163767e-07
tight_replay,8.22,278.658,5.3304140888660525,5.357499153032754,-0.027085064166701756,-646.9544795386619,529.8567328632026,122.51982341358014,-0.0645781975830283,6.124948752337036e-07
tight_replay,8.24,279.336,5.331030477116872,5.35811556001809,-0.027085082901217916,-646.9961540599469,529.8881485524519,122.53027196776428,-0.06415151274604182,6.12494875987178e-07
tight_replay,8.26,280.01399999999995,5.331642470151782,5.358727575625905,-0.02708510547412324,-647.037575940961,529.9193800337208,122.54065163321862,-0.06372876284739508,6.124948766848631e-07
tight_replay,8.28,280.69199999999995,5.3322501559862205,5.359335280337599,-0.027085124351378553,-647.0787473668129,529.9504288748215,122.55096304793325,-0.06330988809910705,6.124948770464379e-07
tight_replay,8.3,281.37,5.332853576058586,5.359938690545578,-0.027085114486991912,-647.1196704999851,529.9812966102007,122.5612068410807,-0.06289487324564144,6.124948765535955e-07
tight_replay,8.32,282.048,5.333452704998526,5.360537788305003,-0.027085083306477742,-647.1603474820752,530.0119847308196,122.57138363163752,-0.06248370457178589,6.124948767727601e-07
tight_replay,8.34,282.726,5.334047510026939,5.361132638952704,-0.027085128925764757,-647.200780429973,530.0424947240982,122.58149403233965,-0.06207630000708943,6.124948772750554e-07
tight_replay,8.36,283.404,5.334638126631252,5.3617233406200935,-0.02708521398884134,-647.2409714332324,530.0728280979287,122.5915386526393,-0.06167258921034475,6.124948774553806e-07
tight_replay,8.3645,283.55654999999996,5.334770448982671,5.3618556818628305,-0.027085232880159182,-647.2499812776095,530.0796289195134,122.59378968852789,-0.061582261063813815,6.124948773254805e-07
tight_replay,8.379999999999999,284.08199999999994,5.3352246474007545,5.3623099319845,-0.027085284583745484,-647.2809225588675,530.1029863366498,122.60151809409753,-0.061272552390223625,6.124948774719169e-07
tight_replay,8.4,284.76,5.335807083159343,5.362892410751686,-0.027085327592343056,-647.3206358544169,530.1329708777357,122.61143294893668,-0.06087617399871047,6.12494877961203e-07
tight_replay,8.42,285.438,5.3363851980059165,5.3634708093044985,-0.027085611298582002,-647.360113345749,530.1627831383447,122.6212838020027,-0.060483397788750407,6.124948750198006e-07
tight_replay,8.44,286.116,5.3369591744915255,5.364045188084213,-0.027086013592687586,-647.3993570342083,530.1924245445906,122.63107123354303,-0.060094168336027896,6.124948728727039e-07
tight_replay,8.46,286.79400000000004,5.3375290425385495,5.364615576636095,-0.027086534097545467,-647.4383688993887,530.2218965068296,122.64079581700975,-0.05970846030939843,6.12494873843194e-07
tight_replay,8.48,287.472,5.338095128943893,5.365182011901897,-0.02708688295800421,-647.4771509004186,530.2512004094185,122.6504581182051,-0.05932622779802221,6.124948741416624e-07
tight_replay,8.5,288.15,5.338657085380178,5.365744534727378,-0.0270874493472002,-647.5157049746252,530.280337628087,122.66005869708634,-0.05894742831555424,6.124948733163864e-07
tight_replay,8.52,288.828,5.339215257308055,5.366303184397971,-0.02708792708991581,-647.554033038121,530.3093095251002,122.66959810737485,-0.058572022450896204,6.124948725403832e-07
tight_replay,8.532,289.2348,5.33954824983651,5.366636530240398,-0.027088280403887666,-647.5769221805195,530.3266138700571,122.67529262062247,-0.05834839241454417,6.124948720694111e-07
tight_replay,8.54,289.506,5.339769549233309,5.36685799783152,-0.027088448598211023,-647.5921369865256,530.3381174479339,122.67907689652581,-0.058199972597459695,6.12494871831023e-07
tight_replay,8.56,290.184,5.340320042455672,5.367409012229985,-0.0270889697743133,-647.6300186948426,530.3667627297721,122.68849560580817,-0.05783124100247308,6.124948713206205e-07
tight_replay,8.58,290.86199999999997,5.340866874068736,5.36795626329474,-0.027089389226004457,-647.6676800182088,530.3952466893764,122.69785477034804,-0.05746579071583987,6.124948711858202e-07
tight_replay,8.6,291.53999999999996,5.341409821453666,5.368499785980475,-0.027089964526809673,-647.7051227917299,530.4235706314648,122.70715491922799,-0.05710358547733476,6.124948713755464e-07
tight_replay,8.62,292.21799999999996,5.341949279855938,5.369039615638065,-0.02709033578212683,-647.7423488310321,530.4517358470367,122.71639657558117,-0.056744588442576134,6.124948716003764e-07
tight_replay,8.64,292.896,5.3424850606827325,5.369575786407549,-0.027090725724816522,-647.7793599322418,530.4797436134919,122.72558025666439,-0.05638876400176898,6.124948713607186e-07
tight_replay,8.66,293.574,5.343017342747983,5.3701083327453585,-0.027090989997375914,-647.816157872437,530.5075951950887,122.73470647396887,-0.05603607637010583,6.124948705699274e-07
tight_replay,8.68,294.25199999999995,5.343546223867843,5.370637288852369,-0.027091064984525737,-647.8527444097064,530.5352918430093,122.74377573327953,-0.05568649022497724,6.124948694397225e-07
tight_replay,8.7,294.92999999999995,5.344071694886433,5.371162687996331,-0.02709099310989771,-647.8891212834741,530.5628347955758,122.75278853475368,-0.05533997135391332,6.124948681773523e-07
tight_replay,8.703,295.03169999999994,5.344150217171982,5.371241193071172,-0.027090975899190184,-647.8945598376918,530.5669530581404,122.75413561612874,-0.05528825600104376,6.124948679508222e-07
tight_replay,8.72,295.608,5.344593731565717,5.371684562689175,-0.027090831123458337,-647.9252902149049,530.5902252781077,122.7617453729535,-0.05499648596203723,6.12494866418817e-07
tight_replay,8.74,296.286,5.345112359272411,5.372202945699795,-0.02709058642738338,-647.9612529069948,530.6174645034806,122.77064673696661,-0.054656000247512646,6.124948639096491e-07
tight_replay,8.76,296.964,5.345627555055417,5.372717869240164,-0.027090314184746944,-647.9970110448617,530.6445536722325,122.77949311046837,-0.0543184810939152,6.124948605246658e-07
tight_replay,8.78,297.64199999999994,5.346139375660839,5.373229365305571,-0.027089989644731638,-648.0325662958908,530.6714939725566,122.78828497183754,-0.053983895692671716,6.124948571775236e-07
tight_replay,8.8,298.32,5.346647734253761,5.373737465336486,-0.027089731082725166,-648.0679203099987,530.6982865805038,122.79702279422399,-0.053652211887438815,6.124948545397856e-07
tight_replay,8.82,298.998,5.347152556963205,5.374242200485181,-0.027089643521976292,-648.103074719949,530.7249326602678,122.80570704559501,-0.053323397923505565,6.124948536708445e-07
tight_replay,8.84,299.676,5.347653936859584,5.374743601783609,-0.027089664924025314,-648.1380311415127,530.7514333642406,122.81433818879115,-0.052997422230328856,6.124948554073779e-07
tight_replay,8.86,300.354,5.348151972861358,5.375241699673907,-0.027089726812548953,-648.1727911734885,530.7777898328898,122.82291668142811,-0.05267425365036519,6.124948576712931e-07
tight_replay,8.8775,300.94725,5.348584924603728,5.375674848928872,-0.027089924325144565,-648.2030463449179,530.8007343127362,122.83038002852413,-0.05239375990839246,6.124948583270798e-07
tight_replay,8.879999999999999,301.0319999999999,5.348646557956471,5.375736523949794,-0.027089965993322807,-648.2073563981556,530.8040031952063,122.83144297613735,-0.052353861733070675,6.124948581991985e-07
tight_replay,8.9,301.71,5.34913766505107,5.37622810410474,-0.027090439053670146,-648.2417283814492,530.8300745687899,122.83991752059019,-0.0520362163209809,6.12494853843014e-07
tight_replay,8.92,302.388,5.349625602531164,5.376716470086392,-0.027090867555227938,-648.2759086730315,530.8560050599268,122.84834075776479,-0.051721287068562695,6.12494845668407e-07
tight_replay,8.94,303.066,5.350110295940975,5.377201651071317,-0.027091355130342443,-648.3098988064872,530.8817957637258,122.85671312604293,-0.05140904470500597,6.124948401352008e-07
tight_replay,8.96,303.744,5.350591794524191,5.377683676071894,-0.027091881547702812,-648.3437002996627,530.9074477642993,122.86503505907277,-0.05109946013226514,6.124948432879435e-07
tight_replay,8.98,304.422,5.35107017850007,5.378162573899175,-0.02709239539910513,-648.3773146548033,530.9329621348928,122.87330698583511,-0.050792504520334285,6.124948618866008e-07
tight_replay,9.0,305.09999999999997,5.351545545490122,5.378638372439648,-0.027092826949525417,-648.4107433587019,530.9583399380973,122.881529329902,-0.0504881493526474,6.124948829401876e-07
tight_replay,9.02,305.77799999999996,5.352017937697616,5.379111099010602,-0.02709316131298678,-648.4439878829528,530.9835822259238,122.8897025102227,-0.05018636667798085,6.124948920603391e-07
tight_replay,9.04,306.45599999999996,5.352487411983231,5.3795807805128755,-0.027093368529644835,-648.4770496841467,531.0086900399566,122.89782694105345,-0.04988712884538753,6.124948695101982e-07
tight_replay,9.0555,306.98145,5.352849241650971,5.37994270621891,-0.027093464567938597,-648.5025478186797,531.0280567594825,122.90409010573802,-0.04965695281680599,6.124948289618718e-07
tight_replay,9.06,307.134,5.352953962881814,5.380047443765874,-0.027093480884060384,-648.5099302040395,531.0336644113148,122.90590303298599,-0.04959040899024309,6.124948170208298e-07
tight_replay,9.08,307.812,5.353417621181622,5.380511116833958,-0.027093495652335875,-648.5426308697371,531.0585063606763,122.91393119363762,-0.04929618023770581,6.124947748196261e-07
tight_replay,9.1,308.48999999999995,5.353878386686242,5.380971827228546,-0.02709344054230378,-648.5751530939284,531.0832168986731,122.9219118262105,-0.049004416221405875,6.124947820146793e-07
tight_replay,9.12,309.16799999999995,5.354336269591159,5.3814296027665,-0.02709333317534046,-648.6074982750537,531.1077970259345,122.92984532997707,-0.048715090586259675,6.124948874532276e-07
tight_replay,9.14,309.846,5.354791304247951,5.381884468886312,-0.027093164638361422,-648.6396677973379,531.1322477336112,122.93773209698298,-0.04842817686499947,6.124950546852419e-07
tight_replay,9.16,310.524,5.355243436527085,5.382336449567975,-0.027093013040889957,-648.6716630311086,531.156570003194,122.9455725147855,-0.048143649798227675,6.124952376262849e-07
tight_replay,9.18,311.202,5.355692618258024,5.3827855684123325,-0.02709295015430868,-648.7034853329776,531.1807648066606,122.95336696635765,-0.04786148412367509,6.124953752196262e-07
tight_replay,9.2,311.87999999999994,5.356139024653969,5.383231849465615,-0.027092824811645322,-648.7351360459312,531.2048331065012,122.96111583129084,-0.04758165489060781,6.124954258225471e-07
tight_replay,9.22,312.558,5.35658261418197,5.3836753189928,-0.027092704810830703,-648.7666164994235,531.2287758556561,122.96881948775815,-0.04730413749329454,6.124954221437994e-07
tight_replay,9.237,313.1343,5.356957426528237,5.384050076380107,-0.027092649851869766,-648.7932420019107,531.2490291834824,122.97533232955595,-0.04707004724296524,6.124953812413807e-07
tight_replay,9.24,313.236,5.3570233554326325,5.3841160022440695,-0.02709264681143697,-648.7979280096989,531.252593998001,122.97647830910014,-0.04702890765350073,6.124953713445833e-07
tight_replay,9.26,313.914,5.3574610587445015,5.384553924115888,-0.027092865371386665,-648.8290718799426,531.2762884683048,122.98409266526323,-0.046755942004792966,6.124952955919254e-07
tight_replay,9.28,314.592,5.357895625968562,5.38498910763767,-0.027093481669107966,-648.8600494008708,531.2998601918281,122.991662921938,-0.0464852177528076,6.124952087953483e-07
tight_replay,9.3,315.27000000000004,5.358327795472651,5.385421578310624,-0.027093782837972924,-648.8908618499438,531.3233100845044,122.99918944118845,-0.0462167099335961,6.124951326042201e-07
tight_replay,9.32,315.948,5.358757875095293,5.385851360814434,-0.027093485719141164,-648.9215104913986,531.3466390530534,123.00667258162595,-0.04595039496140229,6.124950996581942e-07
tight_replay,9.34,316.626,5.3591841114043675,5.386278475419455,-0.027094364015087358,-648.951996577832,531.3698479963675,123.01411269713945,-0.045686252750624545,6.124951066917993e-07
tight_replay,9.36,317.304,5.359607891222841,5.3867029467537435,-0.027095055530902634,-648.982321349581,531.392937804895,123.02151013742076,-0.0454242584762357,6.124951328901466e-07
tight_replay,9.38,317.982,5.36002975728075,5.387124798160012,-0.027095040879261845,-649.0124860338827,531.4159093597973,123.0288652486597,-0.045164388909411136,6.124951645298459e-07
tight_replay,9.4,318.66,5.360448463985985,5.38754404967754,-0.02709558569155579,-649.0424918462215,531.4387635341255,123.0361783737199,-0.04490662444156541,6.12495195302702e-07
tight_replay,9.42,319.33799999999997,5.3608650802858655,5.387960725879091,-0.027095645593225193,-649.0723399906595,531.461501193088,123.04344985235552,-0.044650941400116426,6.124952316368558e-07
tight_replay,9.422,319.4058,5.360906651265972,5.388002252760093,-0.02709560149412127,-649.07531617934,531.4637685836798,123.04417472262854,-0.044625486703455695,6.124952354935498e-07
tight_replay,9.44,320.01599999999996,5.361280250203593,5.388374850232037,-0.02709460002844466,-649.1020316585086,531.4841231929776,123.0506800204713,-0.04439731720347982,6.124952715727629e-07
tight_replay,9.46,320.694,5.361692217255692,5.388786441353972,-0.02709422409827944,-649.131568029644,531.5066303820556,123.05786921051092,-0.04414573406390165,6.124953117629835e-07
tight_replay,9.48,321.372,5.362101162394314,5.389195520754142,-0.027094358359827986,-649.1609502739082,531.5290236013611,123.06501775157076,-0.04389617076494251,6.124953450534986e-07
tight_replay,9.5,322.05,5.36250787850147,5.389602111158099,-0.027094232656629025,-649.1901795487294,531.5513036833373,123.07212596928238,-0.04364860522761014,6.124953649741382e-07
tight_replay,9.52,322.72799999999995,5.362912063452112,5.390006232968676,-0.027094169516564293,-649.219257000121,531.5734714523971,123.07919418599624,-0.04340301779903131,6.124953674937974e-07
tight_replay,9.54,323.40599999999995,5.363313615480162,5.390407906843144,-0.02709429136298258,-649.2481837638032,531.5955277255238,123.08622272130701,-0.04315938867975741,6.124953655243427e-07
tight_replay,9.56,324.084,5.363713314033505,5.390807155056958,-0.027093841023453358,-649.2769609638777,531.6174733115639,123.09321189146308,-0.04291769658766929,6.124953708561815e-07
tight_replay,9.58,324.762,5.364111017058175,5.391203998106799,-0.02709298104862423,-649.3055897132218,531.639309011493,123.10016200945617,-0.04267792211591499,6.12495395091758e-07
tight_replay,9.6,325.44,5.364505897126796,5.391598454573585,-0.027092557446788845,-649.3340711149613,531.6610356198034,123.10707338442856,-0.04244004719257434,6.124954185970197e-07
tight_replay,9.611,325.8129,5.364722295675019,5.391814396225625,-0.027092100550605736,-649.3496734751351,531.6729390394474,123.11085823742144,-0.042310018003588856,6.124954234702797e-07
tight_replay,9.62,326.11799999999994,5.364899006531992,5.391990546024903,-0.02709153949291121,-649.3624062611866,531.6826539232613,123.11394632231303,-0.04220405085827743,6.12495420118271e-07
tight_replay,9.64,326.796,5.365290539587286,5.392380292440836,-0.02708975285355031,-649.3905962329582,531.7041647008945,123.1207811258942,-0.041969913885045555,6.124953782605945e-07
tight_replay,9.66,327.474,5.365679042794641,5.392767710699157,-0.027088667904516583,-649.4186421017502,531.7255687246774,123.1275780956901,-0.04173762041346227,6.124953004927091e-07
tight_replay,9.68,328.152,5.366065000687386,5.393152821381011,-0.02708782069362492,-649.446544929135,531.7468667594056,123.13433752972611,-0.04150715111091848,6.124952145404633e-07
tight_replay,9.7,328.83,5.366448209087639,5.393535643722857,-0.027087434635218344,-649.47430576646,531.76805956257,123.14105972330455,-0.041278488186821234,6.12495159527635e-07
tight_replay,9.72,329.508,5.366829081098813,5.3939161981537485,-0.027087117054935383,-649.5019256550243,531.7891478849162,123.14774496800466,-0.04105161223804769,6.124951413412051e-07
tight_replay,9.74,330.186,5.367207367894027,5.394294502350912,-0.027087134456885487,-649.5294056261373,531.8101324706488,123.15439355133483,-0.04082650599052923,6.124951160012908e-07
tight_replay,9.76,330.864,5.367583026575103,5.394670574447222,-0.02708754787211909,-649.5567467014811,531.8310140571592,123.16100575801279,-0.04060315173875951,6.124950411792276e-07
tight_replay,9.78,331.542,5.367956404596276,5.3950444322489055,-0.02708802765262952,-649.5839498930897,531.851793374861,123.16758187028961,-0.04038153230696085,6.124948920053592e-07
tight_replay,9.8,332.22,5.368327611646305,5.395416094602087,-0.027088482955782034,-649.6110162034092,531.8724711465771,123.17412216942891,-0.040161630489458255,6.124947275888733e-07
tight_replay,9.8035,332.33865,5.368392357617308,5.395480911174665,-0.0270885535573564,-649.6157388087713,531.8760793699245,123.17526306051847,-0.04012332299166784,6.124947006978955e-07
tight_replay,9.82,332.89799999999997,5.368696776959891,5.39578558003098,-0.02708880307108874,-649.6379466254695,531.8930480885431,123.18062693374304,-0.03994342928029179,6.124946002777369e-07
tight_replay,9.84,333.57599999999996,5.36906384204385,5.396152907069999,-0.02708906502614905,-649.6647421429608,531.9135249103281,123.18709643888627,-0.03972691167812797,6.124945670126591e-07
tight_replay,9.86,334.25399999999996,5.369428782919318,5.396518092871053,-0.02708930995173553,-649.6914037303271,531.9339023157889,123.19353095581042,-0.03951206089577192,6.124945915463016e-07
tight_replay,9.88,334.932,5.36979173561757,5.396881154321331,-0.02708941870376158,-649.7179323528778,531.9541810022022,123.19993075298322,-0.03929886048088839,6.124946470544313e-07
tight_replay,9.9,335.61,5.370152707660998,5.397242107918477,-0.027089400257478857,-649.7443289668989,531.9743616605851,123.20629609596389,-0.039087294226322115,6.124946940554216e-07
tight_replay,9.92,336.288,5.370511652699043,5.3976009710050095,-0.027089318305966614,-649.7705945198395,531.9944449756438,123.21262724895298,-0.038877346246993,6.124947510875659e-07
tight_replay,9.94,336.96599999999995,5.370868577604771,5.397957761037416,-0.027089183432645214,-649.7967299503559,532.0144316260373,123.21892447349074,-0.03866900062954524,6.124948331168181e-07
tight_replay,9.96,337.644,5.3712234614925585,5.398312495442845,-0.02708903395028628,-649.8227361884211,532.0343222844726,123.22518802856204,-0.038462241665673025,6.124949542304652e-07
tight_replay,9.98,338.322,5.3715763295326395,5.398665191176558,-0.027088861643918882,-649.8486141553528,532.0541176178675,123.23141816971349,-0.038257053546700386,6.124950816837329e-07
tight_replay,10.0,339.0,5.371927113367338,5.399015864544314,-0.027088751176975734,-649.874364763962,532.0738182874112,123.23761514960661,-0.03805342100662293,6.124951607893177e-07
tight_early,0.0,0.0,0.0,0.0,0.0,-0.0,-0.0,-0.0,-0.0,0.0
tight_early,1e-09,3.39e-08,9.534491879762019e-08,9.534558714056771e-08,-6.683429475214285e-13,-1.3065547927878373e-13,8.135842979364329e-14,1.540882318346295e-06,-1.4455366819086778e-06,2.2881547317791955e-28
tight_early,1.0659633549525106e-09,3.613615773289011e-08,1.0163769365931268e-07,1.0163489759851017e-07,2.79606080251766e-12,-1.4846092976106996e-13,9.244578340570592e-14,1.6425240070209597e-06,-1.5408890534073031e-06,2.371082098851896e-28
tight_early,1.1123388992314195e-09,3.770828868394512e-08,1.0605600485114015e-07,1.0605659771638524e-07,-5.928652450854867e-13,-1.616597391509251e-13,1.006646076535247e-13,1.713983202096989e-06,-1.6079265433854721e-06,2.608059585169767e-28
tight_early,1.1607320467395322e-09,3.934881638447014e-08,1.1066803716361738e-07,1.1067066696807243e-07,-2.629804455043776e-12,-1.7603197848582403e-13,1.0961412017958275e-13,1.7885512785273305e-06,-1.6778805451413998e-06,2.8335537867135336e-28
tight_early,1.2112305748356656e-09,4.106071648692906e-08,1.1548743290606708e-07,1.1548547449343569e-07,1.9584126313943027e-12,-1.9168197062218548e-13,1.1935928225287107e-13,1.8663634900974164e-06,-1.7508779432812922e-06,3.2211902376143844e-28
tight_early,1.2639260796992095e-09,4.28470941018032e-08,1.2050873498918826e-07,1.205097535358778e-07,-1.0185466895301468e-12,-2.0872331315354333e-13,1.299708304713351e-13,1.947560974870666e-06,-1.8270511425823056e-06,3.6335837423264727e-28
tight_early,1.3472988843281492e-09,4.5673432178724256e-08,1.2846132634097406e-07,1.284589742354948e-07,2.3521054792480426e-12,-2.371676767751571e-13,1.4768297601310946e-13,2.076028505135365e-06,-1.947569441415169e-06,3.576250622051079e-28
tight_early,1.405914144202508e-09,4.766048948846502e-08,1.3404469183919103e-07,1.3404767424709205e-07,-2.9824079010152443e-12,-2.5825289051994906e-13,1.6081262037702026e-13,2.166347607742728e-06,-2.0322998360553657e-06,3.6700919924113732e-28
tight_early,1.4670795054167427e-09,4.973399523362758e-08,1.3987998537159082e-07,1.398795144386061e-07,4.709329847264606e-13,-2.812126686635017e-13,1.751095456062679e-13,2.2605961032223067e-06,-2.1207164826805776e-06,3.679826297966145e-28
tight_early,1.5309059120638692e-09,5.1897710418965167e-08,1.4596265928701537e-07,1.4596507276771116e-07,-2.4134806957949538e-12,-3.062136678323025e-13,1.9067752787597346e-13,2.358944942063045e-06,-2.212979753759194e-06,3.74675314003428e-28
tight_early,1.5975091349438193e-09,5.415555967459547e-08,1.5231363177016268e-07,1.5231538739057814e-07,-1.7556204154631794e-12,-3.3343736111789043e-13,2.0762956949581815e-13,2.461572512019818e-06,-2.3092569988214485e-06,3.688762358584882e-28
tight_early,1.6670099815529875e-09,5.651163837464627e-08,1.5893926907330442e-07,1.589419766828374e-07,-2.7076095329814643e-12,-3.630813553210658e-13,2.260887191513761e-13,2.5686649616715742e-06,-2.4097228479961005e-06,3.76268114941136e-28
tight_early,1.7769715526755453e-09,6.023933563570098e-08,1.6942932821998406e-07,1.694263106227081e-07,3.0175972759775235e-12,-4.1256129119706087e-13,2.568995993286101e-13,2.7381025017865478e-06,-2.568676035502148e-06,3.7495141199514947e-28
tight_early,1.854280047888439e-09,6.286009362341808e-08,1.7680074368014577e-07,1.767973219086627e-07,3.4217714830564632e-12,-4.492397354456379e-13,2.7973906236181014e-13,2.857225567644215e-06,-2.6804280762348793e-06,3.599110433314527e-28
tight_early,1.934951907823229e-09,6.559486967520746e-08,1.8448775032587202e-07,1.8448901384344613e-07,-1.2635175741113072e-12,-4.891790474196122e-13,3.046090498620029e-13,2.9815311585840617e-06,-2.797041960170618e-06,3.825995421906658e-28
tight_early,2.0191334582132174e-09,6.844862423342807e-08,1.925149042050842e-07,1.925153378118814e-07,-4.3360679720704403e-13,-5.32669131834838e-13,3.316900839467618e-13,3.1112447430236785e-06,-2.918729204232749e-06,3.8428630308492088e-28
tight_early,2.106977390803719e-09,7.142653354824608e-08,2.0088857144419445e-07,2.00890852156557e-07,-2.28071236255581e-12,-5.800256671270808e-13,3.6117873589669775e-13,3.2466015984425383e-06,-3.0457105274390503e-06,3.9323403902868784e-28
tight_early,2.1986430403102457e-09,7.453399906651733e-08,2.096323985390324e-07,2.0963074858704488e-07,1.6499519875022963e-12,-6.315923968393746e-13,3.932890529913315e-13,3.3878472381226635e-06,-3.1782162512322747e-06,3.255732684928525e-28
tight_early,2.3436729115920977e-09,7.945051170297211e-08,2.234611737302672e-07,2.2345867504081193e-07,2.498689455261136e-12,-7.176644154637017e-13,4.4688562338970157e-13,3.6113206279199066e-06,-3.3878616821003026e-06,3.0630856159086234e-28
tight_early,2.4456361792615202e-09,8.290706647696553e-08,2.3317905660692731e-07,2.3318039876548907e-07,-1.3421585617595865e-12,-7.814678057831619e-13,4.866156427084805e-13,3.7684335921333146e-06,-3.5352528985156625e-06,3.0819876780742677e-28
tight_early,2.5520354362289396e-09,8.651400128816105e-08,2.433243959468885e-07,2.433250720835752e-07,-6.761366867295161e-13,-8.509435840519196e-13,5.298778273861214e-13,3.932381850232559e-06,-3.689056457083227e-06,2.428717055936212e-28
tight_early,2.6630636735734146e-09,9.027785853413875e-08,2.5390719565430846e-07,2.5391109561609315e-07,-3.89996178469158e-12,-9.265960489830558e-13,5.769862015995208e-13,4.103462774658683e-06,-3.849551329432743e-06,2.6195628912379993e-28
tight_early,2.7203762555603053e-09,9.222075506349434e-08,2.5937776331429017e-07,2.5937558185752075e-07,2.181456769422519e-12,-9.669082850045647e-13,6.020884097696172e-13,4.1917744379276635e-06,-3.932398491250267e-06,2.6195628912379993e-28
tight_early,2.7789222785972803e-09,9.42054652444478e-08,2.6495564947958905e-07,2.649576705062072e-07,-2.0210266181417522e-12,-1.0089743334905649e-12,6.282827075608104e-13,4.281986675070398e-06,-4.017028623872564e-06,2.8668780167252144e-28
tight_early,2.899821400110211e-09,9.830394546373616e-08,2.764861276899686e-07,2.7648483324560414e-07,1.294444364477914e-12,-1.0986763906265812e-12,6.841396875424385e-13,4.468277361170133e-06,-4.191792113387826e-06,3.11589095756262e-28
tight_early,3.091103348424567e-09,1.0478840351159282e-07,2.9472133685966074e-07,2.9472266387103157e-07,-1.327011370831166e-12,-1.2484015514555175e-12,7.773727277947745e-13,4.763019265586898e-06,-4.468296130687043e-06,1.5504502115663956e-28
tight_early,3.225584144166306e-09,1.0934730248723776e-07,3.075487318246869e-07,3.075447700790811e-07,3.961745605802961e-12,-1.3593896836170855e-12,8.46484433421689e-13,4.970237546366665e-06,-4.6626922633823336e-06,1.6939835074646055e-28
tight_early,3.3659156289290216e-09,1.1410453982069383e-07,3.209245415767396e-07,3.2092470935872303e-07,-1.6778198343439987e-13,-1.4802451212032278e-12,9.217404579338157e-13,5.186470972500786e-06,-4.865545704637399e-06,1.7885762174377815e-28
tight_early,3.5123523413762555e-09,1.1906874437265506e-07,3.3488423547408207e-07,3.3488675044897444e-07,-2.514974892372799e-12,-1.6118451079779937e-12,1.0036870565890653e-12,5.4121117508920094e-06,-5.077224392284983e-06,1.7397709961304965e-28
tight_early,3.6651598940691722e-09,1.2424892040894493e-07,3.494560068342285e-07,3.494562178999307e-07,-2.1106570219944394e-13,-1.7551448781745818e-12,1.0929190489445093e-12,5.6475691513610575e-06,-5.298112271235298e-06,3.306035390058114e-28
tight_early,3.8246154552448745e-09,1.2965446393280124e-07,3.646607729265533e-07,3.6465953800495647e-07,1.2349215968105493e-12,-1.911184590147446e-12,1.1900841364128553e-12,5.893270248951504e-06,-5.528609989846094e-06,6.2189314854124235e-28
tight_early,4.076899922076066e-09,1.3820690735837863e-07,3.8871572066274265e-07,3.8871364094482344e-07,2.0797179192098508e-12,-2.171636477065496e-12,1.3522661272794158e-12,6.282008976073835e-06,-5.893294515758662e-06,5.635710419278043e-28
tight_early,4.254268545470575e-09,1.442197036914525e-07,4.0562574985075285e-07,4.056248760522162e-07,8.737985366486229e-13,-2.364704008905689e-12,1.4724882460017513e-12,6.555311697630679e-06,-6.149685929362699e-06,8.954894040316774e-28
tight_early,4.439353725358049e-09,1.5049409128963787e-07,4.2326972296644247e-07,4.232718431179979e-07,-2.1201515554370776e-12,-2.5749360380044033e-12,1.603398608783554e-12,6.840504586371995e-06,-6.417231771716568e-06,1.149383430283702e-27
tight_early,4.6324911763816385e-09,1.5704145087933754e-07,4.416867466553413e-07,4.4168655035244793e-07,1.9630289339311936e-13,-2.8038585572921824e-12,1.7459474440401027e-12,7.138104926370899e-06,-6.696417318107338e-06,1.4347923845118183e-27
tight_early,4.834031218704682e-09,1.638736583140887e-07,4.609031944925393e-07,4.6090239847249925e-07,7.960200400341875e-13,-3.0531332264206728e-12,1.9011694592623106e-12,7.448652505943611e-06,-6.987748955507345e-06,1.6270287706145134e-27
tight_early,5.044339413434915e-09,1.710031061154436e-07,4.809518063585664e-07,4.809542412829679e-07,-2.434924401507405e-12,-3.3245694330363673e-12,2.0701913515281116e-12,7.77271059666089e-06,-7.2917551009998415e-06,2.197638367614863e-27
tight_early,5.377080964664283e-09,1.8228304470211918e-07,5.126826840604536e-07,5.126794859418077e-07,3.198118645976526e-12,-3.777634025303217e-12,2.3523122915629627e-12,8.285422664011649e-06,-7.772741752748107e-06,3.1332073600793508e-27
tight_early,5.611014950489881e-09,1.9021340682160695e-07,5.349822266537946e-07,5.349839146469009e-07,-1.6879931062987002e-12,-4.113481305481435e-12,2.561442636198848e-12,8.645884793645368e-06,-8.110899326959798e-06,3.741723106292654e-27
tight_early,5.855126411805224e-09,1.9848878536019707e-07,5.582621727080376e-07,5.582587072246548e-07,3.4654833828261656e-12,-4.479186772668505e-12,2.7891655257026554e-12,9.022028971148982e-06,-8.46376857390308e-06,4.174498826402566e-27
tight_early,6.1098581274010006e-09,2.0712419051889392e-07,5.825461662558275e-07,5.825460794504512e-07,8.680537628475191e-14,-4.8774049376400595e-12,3.0371339118503165e-12,9.414537444309529e-06,-8.831989524588053e-06,4.780447286491401e-27
tight_early,6.375672139495029e-09,2.1613528552888147e-07,6.078915023822125e-07,6.078900836720803e-07,1.4187101322616548e-12,-5.311026307216647e-12,3.3071477002291545e-12,9.824122141590264e-06,-9.216230054039578e-06,5.5133041490029355e-27
tight_early,6.653050591802267e-09,2.2553841506209682e-07,6.343400144883838e-07,6.343366887062028e-07,3.3257821810255152e-12,-5.783198365143229e-12,3.6011668149694797e-12,1.025152596331934e-05,-9.617187092581587e-06,6.860996744784794e-27
tight_early,7.0919081295063294e-09,2.4041568559026454e-07,6.761822971286864e-07,6.761794723833625e-07,2.8247453238516938e-12,-6.571318818084068e-12,4.0919253980540476e-12,1.0927747529056866e-05,-1.0251565577280084e-05,8.078957910008166e-27
tight_early,7.400446971816277e-09,2.5087515234457176e-07,7.05599280505963e-07,7.055970320029162e-07,2.2485030467282992e-12,-7.155535938810134e-12,4.455714436899936e-12,1.1403164920705423e-05,-1.0697565188881005e-05,9.88309029983591e-27
tight_early,7.55971418274358e-09,2.5627431079500736e-07,7.207811437227685e-07,7.207823202380605e-07,-1.1765152919948344e-12,-7.466842327605136e-12,4.649563353384647e-12,1.1648574463709869e-05,-1.0927789326192834e-05,1.0824996572858962e-26
tight_early,7.722409030484301e-09,2.617896661334178e-07,7.362958675635175e-07,7.362944123214343e-07,1.455242083165043e-12,-7.791692295336292e-12,4.8518457928743194e-12,1.1899265479597867e-05,-1.1162968127429929e-05,1.1649719987319573e-26
tight_early,8.058378292719424e-09,2.7317902412318847e-07,7.683257135665806e-07,7.683272917952097e-07,-1.5782286291281323e-12,-8.484405485642293e-12,5.283194824958055e-12,1.2416949022435083e-05,-1.1648618529429212e-05,1.292853803498215e-26
tight_early,8.408964152537145e-09,2.850638847710092e-07,8.017506587950994e-07,8.017537710188751e-07,-3.1122237756882058e-12,-9.23870362891295e-12,5.752892522312976e-12,1.2957154511332307e-05,-1.2155397254502325e-05,1.582090613404751e-26
tight_early,8.774802516101827e-09,2.9746580529585194e-07,8.366380000207285e-07,8.366344782986338e-07,3.5217220947015334e-12,-1.0060061862225127e-11,6.264348230693131e-12,1.3520861756710618e-05,-1.2684223482698353e-05,1.9298891703770388e-26
tight_early,9.353617929109635e-09,3.1708764779681663e-07,8.918192201682429e-07,8.918213603313831e-07,-2.140163140167489e-12,-1.143102219953419e-11,7.118038509650245e-12,1.4412737106280408e-05,-1.3520911432965336e-05,2.6224284668097066e-26
tight_early,9.760554171733797e-09,3.3088278642177567e-07,9.306180903445536e-07,9.306204792688655e-07,-2.3889243118726852e-12,-1.2447286175665432e-11,7.750861149577316e-12,1.5039769724764176e-05,-1.4109144549070284e-05,3.0470621766720273e-26
tight_early,1.0185194484250093e-08,3.4527809301607816e-07,9.711048863780721e-07,9.71107561461348e-07,-2.675083275900997e-12,-1.3553899990378988e-11,8.439944237080858e-12,1.5694081478091163e-05,-1.472296880267406e-05,3.5969068248835656e-26
tight_early,1.0628309095647482e-08,3.602996783424496e-07,1.0133550877667882e-06,1.0133560410917493e-06,-9.533249611885894e-13,-1.4758896080019018e-11,9.190289540722966e-12,1.6376859130615398e-05,-1.536349752091711e-05,4.089227567909662e-26
tight_early,1.1090701744311343e-08,3.759747891321545e-07,1.0574432637527746e-06,1.0574425469808423e-06,7.167719323094803e-13,-1.607102099200047e-11,1.0007343504184331e-11,1.7089341074654395e-05,-1.6031892463996066e-05,4.5585689676031665e-26
tight_early,1.1573211135875182e-08,3.9233185750616866e-07,1.1034485302227252e-06,1.1034470415572445e-06,1.4886654806443693e-12,-1.7499798871404025e-11,1.0897036779309422e-11,1.783281957632555e-05,-1.6729365932006212e-05,5.136147591678477e-26
tight_early,1.2336618969971315e-08,4.1821138308202754e-07,1.1762337585710534e-06,1.1762335278009756e-06,2.307700778737045e-13,-1.9884626207765457e-11,1.238205769753858e-11,1.9009121653479435e-05,-1.783288062310995e-05,5.960285295127125e-26
tight_early,1.2873332935452232e-08,4.3640598651183064e-07,1.2274018650555626e-06,1.2274060321880593e-06,-4.16713249668031e-12,-2.165244818121159e-11,1.3482872343587108e-11,1.9836120183822283e-05,-1.8608705982058385e-05,6.73862153804179e-26
tight_early,1.3433397049093174e-08,4.5539215996425855e-07,1.280807160973682e-06,1.2808047972322556e-06,2.3637414263572574e-12,-2.3577436232749254e-11,1.4681553683214557e-11,2.0699097225728265e-05,-1.941828353261346e-05,7.4168378349559e-26
tight_early,1.401782717680065e-08,4.7520434129354206e-07,1.3365278479754992e-06,1.336526674724434e-06,1.1732510651382537e-12,-2.5673562982977556e-11,1.5986802425021955e-11,2.1599617990582683e-05,-2.026308162909769e-05,8.223312438565759e-26
tight_early,1.4627683380497985e-08,4.958784665988816e-07,1.3946703207227085e-06,1.394672729767682e-06,-2.4090449735885165e-12,-2.795604326249451e-11,1.740809279981469e-11,2.25393157800528e-05,-2.1144632502334656e-05,8.64235587161621e-26
tight_early,1.526407184090652e-08,5.17452035406731e-07,1.4553473388980473e-06,1.455348424054242e-06,-1.0851561947996011e-12,-3.044144454754069e-11,1.8955741328947827e-11,2.3519894947924866e-05,-2.2064535038167407e-05,9.244552472874252e-26
tight_early,1.6270941229768892e-08,5.515849076891654e-07,1.5513455395290858e-06,1.5513470758337232e-06,-1.5363046373714203e-12,-3.4589921417879955e-11,2.153898007718815e-11,2.507132780968593e-05,-2.3519967682910866e-05,1.0254488507141573e-25
tight_early,1.69788208693033e-08,5.755820274693819e-07,1.6188404108055841e-06,1.6188388629871104e-06,1.5478184737492695e-12,-3.766509891600522e-11,2.3453880151714386e-11,2.6162061504384262e-05,-2.454320843017839e-05,1.0783939611279536e-25
tight_early,1.7717497349474722e-08,6.00623160147193e-07,1.6892681110676054e-06,1.6892668651677782e-06,1.2458998272037348e-12,-4.1013670890612455e-11,2.5539022036727754e-11,2.7300247201205773e-05,-2.561096486138914e-05,1.1500851987636175e-25
tight_early,1.848831051019414e-08,6.267537262955813e-07,1.7627595816432954e-06,1.76275881896764e-06,7.626756553234283e-13,-4.4659943014794846e-11,2.780954082238057e-11,2.8487949229308335e-05,-2.67251735599385e-05,1.2011095351568292e-25
tight_early,1.9292658482124116e-08,6.540211225440075e-07,1.8394484900415273e-06,1.8394480175404288e-06,4.725010985687179e-13,-4.863038180391147e-11,3.028191715475385e-11,2.9727321718617413e-05,-2.7887855352612336e-05,1.2246650072170373e-25
tight_early,2.0132000222662163e-08,6.824748075482473e-07,1.9194730487365304e-06,1.9194735524945366e-06,-5.037580062092922e-13,-5.2953806718814707e-11,3.297409685904884e-11,3.102061250583781e-05,-2.910111897363341e-05,1.2792073220386533e-25
tight_early,2.100785816225397e-08,7.121663917004096e-07,2.0029842003972254e-06,2.002980566109232e-06,3.6342879935847086e-12,-5.766159934720304e-11,3.5905621197449306e-11,3.237016721032483e-05,-3.0367164888237445e-05,1.3543987068911326e-25
tight_early,2.145997449925365e-08,7.274931355246987e-07,2.0460897562072866e-06,2.046086703392445e-06,3.0528148415197764e-12,-6.017019652876486e-11,3.746771515280569e-11,3.3066804317942034e-05,-3.1020694912068214e-05,1.3849566038261379e-25
tight_early,2.2393606967002722e-08,7.591432761813922e-07,2.135100847944095e-06,2.135101963101935e-06,-1.1151578398464095e-12,-6.551955135056056e-11,4.079873846228128e-11,3.450537734616654e-05,-3.2370250662251714e-05,1.4399197026414957e-25
tight_early,2.336785782341137e-08,7.921703802136455e-07,2.2279940656172397e-06,2.227989784293342e-06,4.281323897952562e-12,-7.134448222394496e-11,4.4425901714933555e-11,3.600653450731505e-05,-3.37785178044412e-05,1.517093142188983e-25
tight_early,2.438449420228684e-08,8.266343534575238e-07,2.324915792804673e-06,2.32491863551326e-06,-2.842708587039275e-12,-7.768726928691262e-11,4.8375532709590973e-11,3.7572998386871235e-05,-3.52480504396214e-05,1.5772474970410452e-25
tight_early,2.5445360117933006e-08,8.625977079979289e-07,2.426063340780896e-06,2.42606431376044e-06,-9.729795437663478e-13,-8.459395148003691e-11,5.267629985705828e-11,3.920761000205082e-05,-3.678151377063876e-05,1.6039768697752671e-25
tight_early,2.6552379809894702e-08,9.001256755554303e-07,2.5316085506058068e-06,2.531610263236456e-06,-1.7126306493445544e-12,-9.211466070886796e-11,5.735942026482727e-11,4.091333395280529e-05,-3.8381688934328386e-05,1.7320962890931073e-25
tight_early,2.8303863864128718e-08,9.595009849939636e-07,2.6985984056326776e-06,2.6986007031248226e-06,-2.2974921449567406e-12,-1.0466775357574371e-10,6.517619072987751e-11,4.3612059302698415e-05,-4.091341910801075e-05,1.916034630279669e-25
tight_early,2.9535244929712903e-08,1.0012448031172673e-06,2.8160015240256374e-06,2.8160031244116467e-06,-1.6003860093059656e-12,-1.1397308912665628e-10,7.097059444838864e-11,4.550939436452952e-05,-4.269334823762319e-05,2.0372970000733459e-25
tight_early,3.0820198162544575e-08,1.044804717710261e-06,2.9385169397895995e-06,2.938513027640875e-06,3.912148724377173e-12,-1.2410569857551495e-10,7.728014023550195e-11,4.748927081335115e-05,-4.4550710960151935e-05,2.069672433575214e-25
tight_early,3.216105426039375e-08,1.090259739427348e-06,3.066351029823666e-06,3.066352600043856e-06,-1.5702201900039798e-12,-1.3513912871977452e-10,8.415062571759016e-11,4.955527935359908e-05,-4.648887576505222e-05,2.213646875402677e-25
tight_early,3.3560245319804654e-08,1.1376923163413778e-06,3.1997565482869775e-06,3.199753688120785e-06,2.8601661923096527e-12,-1.471534647930594e-10,9.163192003004727e-11,5.1711166877483545e-05,-4.8511357667817994e-05,2.588864725660704e-25
tight_early,3.5020309247526626e-08,1.1871884834911526e-06,3.3389616853923583e-06,3.338958228704e-06,3.4566883585198857e-12,-1.6023591173559952e-10,9.977832577951985e-11,5.39608432575209e-05,-5.062182457123094e-05,2.9296641031771077e-25
tight_early,3.7330366336967985e-08,1.2654994188232146e-06,3.5592034735059594e-06,3.559201768429978e-06,1.7050759815462346e-12,-1.8207229799275772e-10,1.1337579059504381e-10,5.752018511958368e-05,-5.3960914654646305e-05,3.386260673111542e-25
tight_early,3.895445223913775e-08,1.3205559309067696e-06,3.7140422438591764e-06,3.714043618521486e-06,-1.3746623095747552e-12,-1.9825913154090229e-10,1.23455295529945e-10,6.002257368411325e-05,-5.6308455261755754e-05,3.7748820870813715e-25
tight_early,4.064919523033303e-08,1.3780077183082895e-06,3.875624292941302e-06,3.875621632510149e-06,2.660431153230934e-12,-2.1588502040076654e-10,1.3443089965498353e-10,6.263382427554155e-05,-5.875812118891065e-05,4.318972054056946e-25
tight_early,4.2417669300804534e-08,1.4379589892972737e-06,4.044231427735662e-06,4.0442288415552336e-06,2.5861804280337387e-12,-2.3507789955974463e-10,1.4638226840238364e-10,6.535867246029787e-05,-6.131435492311148e-05,4.692764143511139e-25
tight_early,4.4263082177080394e-08,1.5005184858030252e-06,4.2201709089534e-06,4.220171022651224e-06,-1.1369782458597487e-13,-2.5597707753941664e-10,1.5939614958186204e-10,6.820205977958412e-05,-6.398179217600494e-05,5.380100518630804e-25
tight_early,4.618878114026439e-08,1.5657996806549627e-06,4.403763626524556e-06,4.403767252908131e-06,-3.626383574871039e-12,-2.7873424749237906e-10,1.7356700300430985e-10,7.116914270605416e-05,-6.676527028590155e-05,6.008029476056344e-25
tight_early,4.923554810544357e-08,1.669085080774537e-06,4.6942430287585245e-06,4.694245223731667e-06,-2.1949731427242398e-12,-3.1671904627298423e-10,1.9722008527520238e-10,7.586353046716783e-05,-7.116916574447517e-05,7.025008643966663e-25
tight_early,5.1377577970402746e-08,1.741699893196653e-06,4.8984646057986056e-06,4.8984651084779695e-06,-5.026793639610725e-13,-3.448763293583952e-10,2.1475359361869988e-10,7.91639079032522e-05,-7.42653126720385e-05,7.554829140880507e-25
tight_early,5.36127984693435e-08,1.8174738681107445e-06,5.1115674587116566e-06,5.111569130772687e-06,-1.6720610305538544e-12,-3.75536861686366e-10,2.3384587857515293e-10,8.260785983123524e-05,-7.749614900947944e-05,8.285562826881065e-25
tight_early,5.5945263931481295e-08,1.8965444472772158e-06,5.33394425198611e-06,5.333943748567696e-06,5.034184146071119e-13,-4.0892318552173713e-10,2.546355183438224e-10,8.620163159686157e-05,-8.08675335606267e-05,8.876323267257258e-25
tight_early,5.8379205072699275e-08,1.9790550519645053e-06,5.565994904978868e-06,5.565992228294555e-06,2.6766843128021834e-12,-4.452776270948698e-10,2.7727341081386875e-10,8.995174016807759e-05,-8.438557993556676e-05,9.439701006480788e-25
tight_early,6.091903666938403e-08,2.0651553430921183e-06,5.808138413471635e-06,5.808135375723865e-06,3.0377477707496225e-12,-4.848640553454817e-10,3.019238687687537e-10,9.386498594449718e-05,-8.805666762858674e-05,1.0597668741480727e-24
tight_early,6.493746070857162e-08,2.201379918020578e-06,6.1912453736996275e-06,6.191243346541806e-06,2.0271578215553436e-12,-5.50939123667748e-10,3.4306881548754985e-10,0.00010005634372862613,-9.386489251177615e-05,1.1483409430011743e-24
tight_early,6.776261419106112e-08,2.2971526210769718e-06,6.460588222026256e-06,6.460586197857185e-06,2.0241690708831545e-12,-5.999190641522572e-10,3.7356864094969627e-10,0.00010440915693304425,-9.794834438476386e-05,1.1912195601254444e-24
tight_early,7.071067811865474e-08,2.3970919882223957e-06,6.7416479964238316e-06,6.741645939368259e-06,2.057055572293699e-12,-6.532534079280738e-10,4.067799688956093e-10,0.00010895132356662943,-0.00010220943115382214,1.2662055065286786e-24
tight_early,7.378699980349301e-08,2.501379293338413e-06,7.034930872795423e-06,7.0349322467362966e-06,-1.3739408738258868e-12,-7.113292633500814e-10,4.429438550000833e-10,0.00011369107990483593,-0.00010665587927269128,1.3374491812519034e-24
tight_early,7.699715919658696e-08,2.6102036967642976e-06,7.340979370148408e-06,7.340976944810701e-06,2.42533770675082e-12,-7.745681520823653e-10,4.823227846607523e-10,0.00011863702039850257,-0.00011129575120832445,1.4527815792138706e-24
tight_early,8.03469790089487e-08,2.7237625884033612e-06,7.660331420071865e-06,7.660334987051842e-06,-3.5669799769042984e-12,-8.434290682806404e-10,5.252025780359436e-10,0.0001237981132432255,-0.00011613746002968342,1.5702017400488436e-24
tight_early,8.564693530467791e-08,2.903431106828581e-06,8.165606920530147e-06,8.165608181134632e-06,-1.260604484974769e-12,-9.583670950569227e-10,5.967747012994712e-10,0.00013196374499476428,-0.0001237977752212359,1.721367258481742e-24
tight_early,8.937307018738398e-08,3.0297470793523168e-06,8.520835670500221e-06,8.520838478105394e-06,-2.8076051734009363e-12,-1.0435679581198894e-09,6.498294724116605e-10,0.00013770455578018535,-0.00012918332356359424,1.826078883206108e-24
tight_early,9.326131339439527e-08,3.1615585240699995e-06,8.891525032246076e-06,8.891521509842113e-06,3.522403963423853e-12,-1.1363432606282146e-09,7.076008965005411e-10,0.00014369509183533713,-0.0001348031415831309,1.874398919960846e-24
tight_early,9.73187175713181e-08,3.2991045256676836e-06,9.27833276214612e-06,9.278329399112223e-06,3.3630338978581954e-12,-1.237366364299113e-09,7.705082847148786e-10,0.0001499462147109017,-0.0001406674184537099,2.0439479063338515e-24
tight_early,1.0155264219445523e-07,3.442634570392032e-06,9.681967484472942e-06,9.681963495980771e-06,3.988492170678469e-12,-1.347370490364282e-09,8.390082241062453e-10,0.00015646925823681207,-0.00014678678637856504,2.129391175286986e-24
tight_early,1.0597076691970807e-07,3.5924089985781033e-06,1.0103158672395933e-05,1.0103155648174004e-05,3.024221928519524e-12,-1.467154040625398e-09,9.135978912550251e-10,0.00016327604904598202,-0.00015317233984165864,2.2286115122557087e-24
tight_early,1.1296095423262277e-07,3.829376348485912e-06,1.0769549686191865e-05,1.0769544801137192e-05,4.885054673262382e-12,-1.6670884956883205e-09,1.0380979329211512e-09,0.00017404540311163975,-0.0001632752293199398,2.2027019989303295e-24
tight_early,1.1787540622617764e-07,3.995976271067422e-06,1.1238048865767244e-05,1.1238046183576227e-05,2.6821910171408517e-12,-1.815295048208922e-09,1.1303868685087937e-09,0.00018161673342566545,-0.00017037800233390952,2.1854456538851665e-24
tight_early,1.2300366518127094e-07,4.169824249645085e-06,1.1726929419270672e-05,1.17269269209979e-05,2.4982727729404948e-12,-1.976677151344904e-09,1.230880357199241e-09,0.00018951740273053148,-0.00017778973001273944,2.0064244472696943e-24
tight_early,1.283550329319346e-07,4.351235616392583e-06,1.223707958396711e-05,1.2237073357895914e-05,6.226071196010477e-12,-2.1524060799626312e-09,1.3403077742002318e-09,0.0001977617340643467,-0.00018552384860814504,1.898045411522321e-24
tight_early,1.339392159955456e-07,4.5405394222489955e-06,1.2769414770972435e-05,1.2769410054755436e-05,4.716216998572743e-12,-2.343757228380857e-09,1.4594633332643014e-09,0.00020636467314677942,-0.00019359437879812888,1.8846608889577933e-24
tight_early,1.3976634317888127e-07,4.738079033764075e-06,1.332490211174408e-05,1.3324902011978317e-05,9.976576314206509e-14,-2.5521193657793105e-09,1.5892118505097196e-09,0.00021534181542904904,-0.00020201595050955545,1.7351536565777648e-24
tight_early,1.4898580008440482e-07,5.050618622861323e-06,1.420377538410199e-05,1.4203771400032758e-05,3.984069232290319e-12,-2.899902596714318e-09,1.8057790692637838e-09,0.0002295449505274387,-0.00021534008500387848,1.53996376451674e-24
tight_early,1.5546754032119794e-07,5.27034961688861e-06,1.4821659566529559e-05,1.482165428541522e-05,5.281114338429125e-12,-3.157705467218977e-09,1.9663150291769006e-09,0.00023953035276920006,-0.0002247075070933468,1.2263868120026277e-24
tight_early,1.6223127358332306e-07,5.499640174474651e-06,1.5466419443409442e-05,1.5466413067105752e-05,6.376303690369721e-12,-3.4384266361030095e-09,2.1411225713595216e-09,0.0002499500775896286,-0.0002344823672184581,1.1352810575319732e-24
tight_early,1.692892681912356e-07,5.738906191682887e-06,1.6139227000636213e-05,1.6139216519019974e-05,1.0481616239559934e-11,-3.744103436689904e-09,2.3314703982622347e-09,0.00026082301165120065,-0.00024468238249914225,9.991887122591922e-25
tight_early,1.7665432620797815e-07,5.988581658450459e-06,1.684129495831357e-05,1.6841284222306196e-05,1.073600737255603e-11,-4.076954302512913e-09,2.5387399914831216e-09,0.00027216886250803276,-0.00025532604007141553,8.33610768271886e-25
tight_early,1.8433980666005607e-07,6.2491194457759e-06,1.7573898581467595e-05,1.757388877232733e-05,9.809140265592273e-12,-4.439394864160291e-09,2.7644356364190566e-09,0.0002840081942496655,-0.0002664326305181104,6.619352538127921e-25
tight_early,1.9649947875865091e-07,6.661332329918266e-06,1.8732983148182104e-05,1.8732972708026684e-05,1.0440155420135978e-11,-5.044353664297307e-09,3.1411505539979895e-09,0.00030273966137944584,-0.00028400478546830886,8.795411335359562e-25
tight_early,2.0504833762477987e-07,6.951138645480037e-06,1.954786803318786e-05,1.954785593525786e-05,1.209793000167222e-11,-5.49279336025563e-09,3.4203996188010264e-09,0.00031590862418227027,-0.00029635869585327093,9.367065120653916e-25
tight_early,2.13969121080097e-07,7.253553204615288e-06,2.0398199815826567e-05,2.0398181738629385e-05,1.8077197182740645e-11,-5.9810978710335475e-09,3.7244733976910096e-09,0.00032965033903355586,-0.00030924990067045314,6.739334481024848e-25
tight_early,2.2327800998595562e-07,7.569124538523895e-06,2.128550812661769e-05,2.1285491255382683e-05,1.6871235006645554e-11,-6.51281088719492e-09,4.055578679420675e-09,0.000343989708534664,-0.00032270176004707356,6.739334481024848e-25
tight_early,2.329918891643554e-07,7.898425042671648e-06,2.2211408662298603e-05,2.221139260224174e-05,1.6060056862404574e-11,-7.091791085615662e-09,4.4161184137568236e-09,0.00035895271732734103,-0.0003367386490524274,1.2797571808723825e-25
tight_early,2.43128378024284e-07,8.242052015023226e-06,2.3177583147097344e-05,2.3177563783821587e-05,1.9363275756699482e-11,-7.722240124539069e-09,4.808709146681175e-09,0.00037456647904778105,-0.0003513860017329816,-9.893579589179702e-26
tight_early,2.5916594152292797e-07,8.785725417627258e-06,2.470620149922635e-05,2.4706177365239673e-05,2.4133986675838005e-11,-8.774536067020554e-09,5.463991980010441e-09,0.00039926950591568836,-0.00037456001800636167,1.6553837961498742e-25
tight_early,2.704411523834525e-07,9.167955065799038e-06,2.578087567676193e-05,2.5780847012863318e-05,2.8663898613337773e-11,-9.55457272623066e-09,5.9497352328601745e-09,0.0004166366289211883,-0.0003908521770708316,4.944188591747157e-25
tight_early,2.8220689984458985e-07,9.566813904731595e-06,2.6902289449111148e-05,2.690225254515041e-05,3.6903960739213685e-11,-1.040395021254785e-08,6.478659196063727e-09,0.000434759020021624,-0.0004078528421854571,-9.38294998536524e-26
tight_early,2.944845250732165e-07,9.983025399982038e-06,2.8072464418998296e-05,2.8072427082074158e-05,3.7336924137420244e-11,-1.1328832165668479e-08,7.054602283538815e-09,0.0004536695109657684,-0.0004255928096538121,-1.3388646885324885e-24
tight_early,3.0729629769986073e-07,1.0417344492025277e-05,2.929354074895267e-05,2.9293490778155317e-05,4.997079735340692e-11,-1.233593005455321e-08,7.681744087163196e-09,0.0004734023595022895,-0.00044410421453816676,-2.1099042611510594e-24
tight_early,3.206654562122184e-07,1.0870558965594203e-05,3.0567716173261795e-05,3.0567655896774346e-05,6.027648744851921e-11,-1.3432551862861296e-08,8.364635699415091e-09,0.0004939933112093319,-0.00046342058739639414,-2.1163174817359154e-24
tight_early,3.418176255213544e-07,1.1587617505173913e-05,3.258361906899803e-05,3.258354560146124e-05,7.346753679591048e-11,-1.526294068058437e-08,9.504463798412395e-09,0.0005265707123554563,-0.0004939814082771129,-2.7618539132203173e-24
tight_early,3.566886605846407e-07,1.2091745593819318e-05,3.400086350375495e-05,3.400078393113557e-05,7.957261938121643e-11,-1.661975052326089e-08,1.0349384858780067e-08,0.0005494736623653482,-0.0005154666080685481,-4.309445957423369e-24
tight_early,3.722066713078749e-07,1.2617806157336959e-05,3.547974588399426e-05,3.547965125356696e-05,9.463042730060295e-11,-1.8097168758762172e-08,1.126941398056856e-08,0.0005733724984267298,-0.0005378860194183847,-6.617638717741987e-24
tight_early,3.88399804857867e-07,1.316675338468169e-05,3.7022934153208935e-05,3.702282635489613e-05,1.0779831280410433e-10,-1.9705915564625413e-08,1.2271227361698023e-08,0.0005983105008682036,-0.0005612802398251045,-7.202910028412492e-24
tight_early,4.0529743296526775e-07,1.3739582977522576e-05,3.8633218930504416e-05,3.863310436848775e-05,1.1456201666568827e-10,-2.145766385774009e-08,1.3362094575089166e-08,0.0006243328288528628,-0.0005856916289150924,-8.57179269619079e-24
tight_early,4.2293020520015033e-07,1.4337333956285096e-05,4.031352706276591e-05,4.0313401822142446e-05,1.2524062346143958e-10,-2.3365123951948953e-08,1.4549931299410196e-08,0.0006514866017559006,-0.0006111643847411056,-1.1107476828974396e-23
tight_early,4.508281004459078e-07,1.5283072605116275e-05,4.297196954212187e-05,4.297182740764863e-05,1.4213447324488981e-10,-2.654888186492295e-08,1.6532566361249213e-08,0.0006944468485373506,-0.0006514650048141982,-1.387656107488652e-23
tight_early,4.704417189040546e-07,1.594797427084745e-05,4.4840930134562874e-05,4.484077805779526e-05,1.520767676149509e-10,-2.890889109213279e-08,1.8002230022352725e-08,0.0007246490207980822,-0.0006797973360792172,-1.37759526634124e-23
tight_early,4.909086427099419e-07,1.6641802987867028e-05,4.679115146467181e-05,4.67909900883286e-05,1.613763432102176e-10,-3.1478674404946145e-08,1.9602532354105297e-08,0.0007561642514399733,-0.0007093613852095939,-1.4515692336668594e-23
tight_early,5.122659955599452e-07,1.736581724948214e-05,4.882616341481635e-05,4.882599485184138e-05,1.6856297497272682e-10,-3.42768760556913e-08,2.1345084871911523e-08,0.0007890495855036979,-0.0007402106588606728,-1.2698512296795633e-23
tight_early,5.345525162450094e-07,1.8121330300705818e-05,5.0949656900622436e-05,5.094945899956069e-05,1.9790106174226744e-10,-3.7323797111238265e-08,2.3242531031267898e-08,0.0008233645426995329,-0.0007724010024338922,-1.3186718815043065e-23
tight_early,5.578086289165629e-07,1.890971252027148e-05,5.316546097657544e-05,5.316521735122218e-05,2.436253532557011e-10,-4.064154274350467e-08,2.5308637976771057e-08,0.0008591712244274438,-0.0008059906741714549,-1.0987248040438745e-23
tight_early,5.946035575013605e-07,2.015706059929612e-05,5.667109688025195e-05,5.667076339981188e-05,3.3348044006678394e-10,-4.617918874575112e-08,2.8757190322864152e-08,0.0009158207340626455,-0.0008591325486644108,-1.1932638177194494e-23
tight_early,6.20472236270838e-07,2.103400880958141e-05,5.91356345186729e-05,5.913523483519966e-05,3.996834732345996e-10,-5.02840293101093e-08,3.131347912147694e-08,0.0009556463836490265,-0.0008964921782636382,-6.798955209886964e-24
tight_early,6.474663515312956e-07,2.1949109316910917e-05,6.170730368707242e-05,6.17068349972375e-05,4.686898349217121e-10,-5.4753714457446916e-08,3.409698562615458e-08,0.0009972030992791586,-0.0009354756075530897,-5.457108445574558e-24
tight_early,6.756348662509042e-07,2.290402196590565e-05,6.439076281261825e-05,6.439021739184357e-05,5.454207746796551e-10,-5.962066773879267e-08,3.712790402978066e-08,0.0010405660526941736,-0.000976153342538621,4.988910150536124e-25
tight_early,7.050288735689039e-07,2.390047881398584e-05,6.719086097351443e-05,6.719023744553997e-05,6.235279744647637e-10,-6.492019356881362e-08,4.042822299930281e-08,0.0010858136737345453,-0.0010185989443184358,6.633735570353904e-24
tight_early,7.357016894703104e-07,2.494028727304352e-05,7.011266945849069e-05,7.0111961257326e-05,7.082011646905714e-10,-7.06907331113789e-08,4.402188509279636e-08,0.0011330277910068024,-0.0010628891609014578,1.738753593727663e-23
tight_early,7.842310411520022e-07,2.6585432295052874e-05,7.473521078873608e-05,7.473436687375785e-05,8.439149782365606e-10,-8.03222622569385e-08,5.002005266480487e-08,0.0012077239100913276,-0.0011329592410079777,2.7337583822290285e-23
tight_early,8.183496074281006e-07,2.774205169181261e-05,7.798491803590635e-05,7.798398027873319e-05,9.377571731563217e-10,-8.746168248779295e-08,5.446625193138766e-08,0.0012602359132294926,-0.001182218937520203,4.676384186417228e-23
tight_early,8.539525278086051e-07,2.8948990692711713e-05,8.137584549925413e-05,8.137482329867484e-05,1.0222005792948638e-09,-9.5235613887152e-08,5.930762894517777e-08,0.0013150297532632871,-0.0012336190019796704,6.373797683260642e-23
tight_early,8.911043802446944e-07,3.020843849029514e-05,8.491414310046231e-05,8.49130289486532e-05,1.1141518091147343e-09,-1.0370043810157122e-07,6.457930194552147e-08,0.0013722044616482436,-0.0012872523115634344,7.884342847816207e-23
tight_early,9.298725522002948e-07,3.152267951958999e-05,8.86061927993255e-05,8.86049963078621e-05,1.1964914633881812e-09,-1.1291754538148585e-07,7.031950932385639e-08,0.0014318633570448904,-0.0013432157627009708,1.085660315654585e-22
tight_early,9.703273628820635e-07,3.289409760170195e-05,9.245867906011423e-05,9.245740206109904e-05,1.2769990151851717e-09,-1.2295377932716224e-07,7.656988674476034e-08,0.001494114229982407,-0.0014016104440287254,1.4612073029008195e-22
tight_early,1.0343334111399887e-06,3.506390263764562e-05,9.855351840361541e-05,9.855215382271955e-05,1.3645808958571417e-09,-1.3970495388194027e-07,8.700228297115846e-08,0.0015925978170988936,-0.0014939929606052633,2.0576589295785372e-22
tight_early,1.0793328707223628e-06,3.6589384317488096e-05,0.00010283820077799622,0.00010283669139879523,1.5093792009849725e-09,-1.5212171959937425e-07,9.47353319255947e-08,0.0016618313236661361,-0.0015589372458796671,2.6167675002193967e-22
tight_early,1.1262900659254726e-06,3.818123323487352e-05,0.00010730903545316533,0.00010730732153093974,1.7139222255926337e-09,-1.6564189995821785e-07,1.0315563432638794e-07,0.0017340721450663488,-0.0016267023372697773,3.2694393335861365e-22
tight_early,1.1752901695224197e-06,3.9842336746810025e-05,0.00011197408972352932,0.00011197216838376321,1.9213397661060894e-09,-1.8036352687987936e-07,1.1232425635413232e-07,0.00180945069934481,-0.0016974104916905209,4.0283921045450304e-22
tight_early,1.2264220597924013e-06,4.15757078269624e-05,0.00011684179722185505,0.00011683966114181261,2.136080042434616e-09,-1.9639333859321528e-07,1.2230768859272228e-07,0.0018881030419406267,-0.0017711892951488136,4.650214470531592e-22
tight_early,1.2528162521468257e-06,4.247047094777739e-05,0.00011935436760518212,0.00011935213337871267,2.2342264694417708e-09,-2.0493473890173082e-07,1.2762733776564336e-07,0.0019287010020196927,-0.001809271561239844,4.964188919321221e-22
tight_early,1.279778481731563e-06,4.3384490530699986e-05,0.0001219209325387148,0.00012191859453160271,2.3380071120907052e-09,-2.1384755252938057e-07,1.3317832771771934e-07,0.0019701711077552246,-0.00184817184399881,5.33837576952123e-22
tight_early,1.36419696398261e-06,4.6246277079010476e-05,0.0001299562457902391,0.00012995362699949956,2.618790739545695e-09,-2.429794752177108e-07,1.5132213147631303e-07,0.0021000033246042237,-0.001969958040260983,6.566491426323402e-22
tight_early,1.423547387629347e-06,4.8258256440634865e-05,0.00013560495558622755,0.00013560218300801659,2.7725782109641953e-09,-2.6457314846926126e-07,1.647711404582867e-07,0.0021912725536598603,-0.0020555705686438326,7.20717825135956e-22
tight_early,1.4854798964734913e-06,5.0357768490451355e-05,0.0001414989642458167,0.00014149607558873326,2.888657083444015e-09,-2.8808547176222914e-07,1.7941525675007075e-07,0.0022865043196678933,-0.0021448995738641476,7.71032167773536e-22
tight_early,1.5501068260900396e-06,5.254862140445234e-05,0.00014764890122762945,0.00014764595140843604,2.9498191934072566e-09,-3.136868688894217e-07,1.953606533452409e-07,0.0023858702961289183,-0.002238106018504938,8.268934999658338e-22
tight_early,1.6175453992983843e-06,5.483478903621523e-05,0.00015406587280046525,0.00015406252837040163,3.3444300636190083e-09,-3.4156289603199367e-07,2.1272293300645665e-07,0.0024895495623291587,-0.0023353581939957314,8.548626442926211e-22
tight_early,1.6879179387855881e-06,5.7220418124831434e-05,0.00016076144787597105,0.00016075743806568928,4.009810281773232e-09,-3.719155867391852e-07,2.3162796666319564e-07,0.0025977289197083517,-0.0024368311940225866,9.042884800521912e-22
tight_early,1.7992586689124155e-06,6.099486887613088e-05,0.000171353730270984,0.0001713485572519117,5.1730190722926e-09,-4.2257483397158974e-07,2.6318126755362174e-07,0.0027688641580758755,-0.0025973562072575456,9.467014472098863e-22
tight_early,1.8775367820217315e-06,6.36484969105367e-05,0.00017879975412564842,0.00017879370705960271,6.047066045708309e-09,-4.6012471346443596e-07,2.865696739906027e-07,0.0028891646993447653,-0.0027101974372456886,9.748584642997886e-22
tight_early,1.9592204438149723e-06,6.641757304532756e-05,0.0001865689328982968,0.00018656195958980954,6.973308487259354e-09,-5.010103894085793e-07,3.1203612118389624e-07,0.0030146848485276194,-0.0028279339146695852,1.0250085018113306e-21
tight_early,2.0444578152707037e-06,6.930711993767685e-05,0.00019467526982199822,0.0001946673211680721,7.948653926113372e-09,-5.455280828809583e-07,3.3976518131537236e-07,0.0031456504507595385,-0.0029507773666899006,1.0787621525775258e-21
tight_early,2.1334035032232435e-06,7.232237875926794e-05,0.00020313336582737326,0.0002031244058397618,8.959987611448575e-09,-5.940003032749638e-07,3.699578120862468e-07,0.003282297069526097,-0.0030789486211951467,1.147747650057308e-21
tight_early,2.226218840794502e-06,7.546881870293362e-05,0.00021195841978489502,0.0002119484620516825,9.957733212512731e-09,-6.467781790420751e-07,4.028328102271021e-07,0.0034248704003213984,-0.003212677992900901,1.2767544109491412e-21
tight_early,2.3730677043917967e-06,8.044699517888191e-05,0.0002259189878793645,0.00022590761107082373,1.1376808540760393e-08,-7.348635380236777e-07,4.5770157958208267e-07,0.0036504065451763864,-0.003424221772147121,1.4957054481048094e-21
tight_early,2.4763098148176034e-06,8.394690272231675e-05,0.00023573242748071098,0.00023572022679283627,1.2200687874710722e-08,-8.001530573239964e-07,4.983714604236649e-07,0.0038089420019635036,-0.003572919993573767,1.672025475520621e-21
tight_early,2.5840435515655117e-06,8.759907639807084e-05,0.00024597145879221585,0.00024595859452557515,1.2864266640702591e-08,-8.71241266215599e-07,5.426541225306831e-07,0.003974350279290801,-0.003728063097621541,1.866779473700743e-21
tight_early,2.696464326245514e-06,9.141014065972293e-05,0.0002566545158813958,0.00025664031215342966,1.4203727966141319e-08,-9.486429077054994e-07,5.908703616014702e-07,0.004146928263233425,-0.0038899301785338914,2.2111952930300364e-21
tight_early,2.813776051997914e-06,9.538700816272928e-05,0.0002678007744557762,0.00026778479599867764,1.597845709856629e-08,-1.0329183947948658e-06,6.43369447955433e-07,0.004326985571604489,-0.004058811226658972,2.400994439706552e-21
tight_early,2.9361915133588506e-06,9.953689230286502e-05,0.00027943023852394,0.00027941250931863906,1.772920530095654e-08,-1.1246778295425682e-06,7.005316347589789e-07,0.004514845096833069,-0.004235008441319647,2.6219132714063235e-21
tight_early,3.1298725563630958e-06,0.00010610267966070895,0.00029782631450401653,0.0002978062082042536,2.0106299762926924e-08,-1.2778182910008117e-06,7.959337833472606e-07,0.00481200405598341,-0.004513715963271502,3.0822067130660854e-21
tight_early,3.2660400359022263e-06,0.00011071875721708547,0.0003107570309384117,0.00031073565570302695,2.1375235384761722e-08,-1.3913237249227973e-06,8.666461417995107e-07,0.005020874004927471,-0.00470961367164132,3.3222510228602234e-21
tight_early,3.40813158492027e-06,0.00011553566072879715,0.00032424798293097603,0.0003242257425723708,2.2240358605219064e-08,-1.5149070073983325e-06,9.43638434948772e-07,0.005238789126032143,-0.004913992114887323,3.460163528838597e-21
tight_early,3.481478994079562e-06,0.00011802213789929715,0.00033121105786883574,0.0003311885887438493,2.246912498643722e-08,-1.5807542513703098e-06,9.846618646561463e-07,0.00535125982789446,-0.005019475146763897,3.523618844522364e-21
tight_early,3.5564049345532504e-06,0.00012056212728135519,0.00033832333164342634,0.0003383008020375073,2.2529605919036598e-08,-1.649462301447023e-06,1.0274680678221789e-06,0.005466139321126681,-0.005127216524855548,3.583038054486881e-21
tight_early,3.711129028725749e-06,0.00012580727407380287,0.0003530084214934237,0.0003529835829214007,2.4838572023017178e-08,-1.7959630547833298e-06,1.1187418984560602e-06,0.005703331142442354,-0.005349670338364626,3.5384190449806805e-21
tight_early,3.87258451197177e-06,0.00013128061495584298,0.000368329450718352,0.0003683021340164733,2.731670187868917e-08,-1.955469003839142e-06,1.2181206108641304e-06,0.005950788493314628,-0.00558174901090518,3.544177108653626e-21
tight_early,4.128033178718567e-06,0.00013994032475855942,0.0003925636212813571,0.0003925329106830803,3.071059827681978e-08,-2.221663894094442e-06,1.3839759693861598e-06,0.006342194370763229,-0.00594882377215544,3.3712484384949905e-21
tight_early,4.307626393227331e-06,0.00014602853473040652,0.00040959694115942153,0.00040956448431373957,3.245684568195994e-08,-2.4189558966086056e-06,1.5069046067953331e-06,0.006617290677391475,-0.006206814141787922,2.9562335139661717e-21
tight_early,4.495032946752814e-06,0.0001523816168949204,0.00042736733534095526,0.0004273338610007631,3.347434019215648e-08,-2.6337578639650253e-06,1.6407469462646174e-06,0.00690428363233435,-0.006475956760415886,2.402139612436556e-21
tight_early,4.6905927645352715e-06,0.0001590110947177457,0.0004459066524969282,0.0004458701740884686,3.6478408459628044e-08,-2.867622478964507e-06,1.7864712413194768e-06,0.0072036846714303255,-0.006756733346104212,1.8941331538606643e-21
tight_early,4.894660560520366e-06,0.00016592899300164042,0.00046524791240915264,0.00046520832393956175,3.9588469590891035e-08,-3.1222399499485104e-06,1.94513157243754e-06,0.007516026961563826,-0.007049641529246754,1.173550535217428e-21
tight_early,9.999999999999999e-06,0.00033899999999999995,0.0009476313057663927,0.0009478836919771354,-2.523862107427048e-07,-1.2994965559418296e-05,8.100283699953792e-06,0.015303208226281664,-0.014350429852445064,5.225820951680925e-21
tight_early,1.4999999999999999e-05,0.0005085,0.0014174259847632871,0.0014179506280623255,-5.246432990383982e-07,-2.9168719184967743e-05,1.8190747171877764e-05,0.022881384746934998,-0.021452456146859582,4.487778233438993e-20
tight_early,1.9999999999999998e-05,0.0006779999999999999,0.001884809062966582,0.001885554464099087,-7.454011325051628e-07,-5.173556642864656e-05,3.227967055479233e-05,0.030415013583982912,-0.02851000322400997,4.385136171518284e-19
tight_early,2.4999999999999998e-05,0.0008474999999999998,0.002349945510423593,0.002350888407966122,-9.428975425288845e-07,-8.065453386068754e-05,5.034721699987067e-05,0.03790690699936013,-0.03552571127453319,5.581904460523683e-19
tight_early,2.9999999999999997e-05,0.001017,0.0028129790542300386,0.0028140960984009153,-1.1170441708767236e-06,-0.00011588690553713747,7.237487731797347e-05,0.045359504347559775,-0.042501896220939694,8.667548000850856e-19
tight_early,3.5e-05,0.0011864999999999998,0.0032740342085943023,0.0032753025112003745,-1.2683026060721601e-06,-0.00015739594156693673,9.83452971205471e-05,0.05277493017096415,-0.049440577015317386,1.4004248965289152e-19
tight_early,3.9999999999999996e-05,0.0013559999999999998,0.0037332194790820113,0.0037346155728973205,-1.3960938153091164e-06,-0.00020514663083347402,0.00012824212521985682,0.060155043940849036,-0.056343523862338096,-3.1042088962051182e-18
tight_early,4.4999999999999996e-05,0.0015254999999999997,0.004190629386308729,0.004192136580892898,-1.5071945841686404e-06,-0.00025910547970666055,0.00016204988426904757,0.06750148167798434,-0.06321228950165382,-3.960691262071633e-18
tight_early,4.9999999999999996e-05,0.0016949999999999997,0.004646346872481845,0.00464795816367125,-1.6112911894053741e-06,-0.00031924033165727476,0.00019975386043679288,0.07481569079693914,-0.07004824616204741,-1.2153336448833435e-18
tight_early,5.4999999999999995e-05,0.0018644999999999998,0.005100445647342861,0.005102154135981891,-1.708488639029851e-06,-0.0003855202208566574,0.00024134001398066083,0.0820989579787065,-0.07685262363584862,1.2128082812432732e-18
tight_early,5.9999999999999995e-05,0.002034,0.005552991275689669,0.005554786191598467,-1.7949159087978644e-06,-0.00045791525032893297,0.00028679490494918464,0.08935243195901317,-0.08362652542203496,1.3858350218223671e-18
tight_early,6.5e-05,0.0022034999999999997,0.006004041976229543,0.006005912852292628,-1.8708760630850932e-06,-0.0005363964824244486,0.00033610562651091596,0.09657714351439478,-0.09037093980618863,1.2416460713397886e-18
tight_early,7e-05,0.0023729999999999997,0.00645364969802991,0.0064555898840782675,-1.9401860483578975e-06,-0.0006209358419592109,0.000389259746088913,0.10377402272933324,-0.09708675674938468,6.7065782742877895e-19
tight_early,7.5e-05,0.0025424999999999996,0.006901861340597316,0.006903865133969191,-2.0037933718746945e-06,-0.0007115060357199354,0.00044624525655239744,0.110943913038441,-0.10377478712530427,-5.116915665283622e-19
tight_early,7.999999999999999e-05,0.0027119999999999996,0.007348719299183807,0.007350781079028908,-2.061779845101072e-06,-0.0008080804847649413,0.0005070505352772524,0.11808758275989811,-0.11043577173138151,-9.673286500533094e-19
tight_early,8.499999999999999e-05,0.0028814999999999995,0.007794262077303846,0.007796376588707215,-2.1145114033685464e-06,-0.0009106332645266974,0.0005716643080124686,0.12520573504917584,-0.1170703895039544,-1.2614741090377689e-18
tight_early,8.999999999999999e-05,0.0030509999999999995,0.008238524723458514,0.008240688024210394,-2.1633007518794684e-06,-0.0010191390520203744,0.0006400756171179891,0.13229901644970626,-0.1236792649905935,5.264688769462009e-19
tight_early,9.499999999999999e-05,0.0032204999999999994,0.008681539329698958,0.008683748804154501,-2.2094744555438417e-06,-0.001133573079922904,0.0007122737940208753,0.13936802413179927,-0.13026297604174275,1.671023667911078e-17
tight_early,9.999999999999999e-05,0.0033899999999999994,0.009123335488684462,0.009125588668309982,-2.253179625519991e-06,-0.001253911097204689,0.0007882484356928861,0.14641331191054083,-0.13682206058071908,2.924890781307578e-17
tight_early,0.00010499999999999999,0.0035594999999999997,0.009563940463335542,0.009566236186935487,-2.2957235999449682e-06,-0.0013801293340559078,0.0008679893837657041,0.15343539544966783,-0.14335701931244216,1.465698602423887e-17
tight_early,0.00010999999999999999,0.0037289999999999997,0.010003379633590445,0.010005715769346838,-2.3361357563925905e-06,-0.0015122044713799826,0.0009514867064488251,0.16043475662835424,-0.14986832309407624,3.802441831910381e-18
tight_early,0.00011499999999999999,0.0038984999999999996,0.010441676531196825,0.010444051315807983,-2.374784611158462e-06,-0.0016501136136899191,0.0010387306825265796,0.1674118473172145,-0.1563564130702432,1.0469738902224797e-17
tight_early,0.00011999999999999999,0.004068,0.010878853249852277,0.010881263380144432,-2.410130292155102e-06,-0.0017938342648377416,0.001129711787091401,0.17436709264691053,-0.16282170678901978,1.4714661604431897e-17
tight_early,0.000125,0.0042375,0.01131493032113073,0.011317373698222125,-2.443377091394111e-06,-0.0019433443057839074,0.0012244206785254018,0.18130089391166507,-0.16926459658618445,1.3503474420378238e-17
tight_early,0.00013000000000000002,0.004407,0.011749927117392254,0.011752401233579469,-2.4741161872149364e-06,-0.002098621974581647,0.001322848186831795,0.18821363110624081,-0.1756854560849115,1.2984394198640957e-17
tight_early,0.000135,0.0045765,0.012183861846247326,0.012186364913382028,-2.5030671347014977e-06,-0.0022596458490170513,0.0014249853035892502,0.19510566501286347,-0.18208463955405366,1.330737744772193e-17
tight_early,0.000145,0.0049155,0.01304861314354679,0.013051170066575758,-2.556923028968275e-06,-0.0025988481293669763,0.0016403530817946925,0.208828981116572,-0.19481931600242397,1.2857507922216286e-17
tight_early,0.00015000000000000001,0.005085,0.01347946152795957,0.013482044097349806,-2.5825693902355867e-06,-0.0027769852529608186,0.0017535664558401335,0.21566090442633082,-0.20115544153186035,1.2834437690139076e-17
tight_early,0.00015999999999999999,0.005423999999999999,0.014338177795413489,0.014340808179916743,-2.6303845032538825e-06,-0.0031502304133977583,0.0019910099410311555,0.22926678390595331,-0.21376675525366998,1.2130795611784096e-17
tight_early,0.000165,0.0055934999999999995,0.014766073239317746,0.014768725894457558,-2.6526551398127485e-06,-0.003345298843676166,0.0021152235275008987,0.2360413053936533,-0.2200425041830205,1.2442243744826467e-17
tight_early,0.000175,0.005932499999999999,0.015619003280488205,0.015621697911649815,-2.6946311616100893e-06,-0.0037522303080331576,0.0023745939324153033,0.24953484708251358,-0.23253551279524592,1.4391678355350923e-17
tight_early,0.00017999999999999998,0.006101999999999999,0.01604406213328423,0.016046776576033414,-2.7144427491854195e-06,-0.003964055235007259,0.0025097348907311624,0.25625437337869617,-0.23875327645838665,1.421865161477183e-17
tight_early,0.00019,0.006441,0.01689142475119068,0.01689417690610502,-2.7521549143399993e-06,-0.004404329946149739,0.0027908894233947125,0.26964013983594104,-0.251132522407081,1.4403213471389533e-17
tight_early,0.00019999999999999998,0.006779999999999999,0.017735185472321856,0.01773797318569366,-2.7877133718032243e-06,-0.004866648994338623,0.0030864900210228357,0.2829563750903778,-0.26343824293136836,1.4979969273319843e-17
tight_early,0.000205,0.0069495,0.018155740598977517,0.018158545363935366,-2.8047649578491485e-06,-0.005106030131310865,0.003239688895531839,0.28958896214810337,-0.269564075548389,1.440321347138953e-17
tight_early,0.000215,0.0072885,0.01899424851469439,0.018997085778868175,-2.837264173785603e-06,-0.005601147364759572,0.003556847138362862,0.30280410891613074,-0.28176272291086585,1.500303950539705e-17
tight_early,0.000225,0.0076275,0.0198293473442222,0.019832215333923833,-2.8679897016332945e-06,-0.006117955761561748,0.003888304759248818,0.31595386661102964,-0.2938920002747929,1.4195581382694612e-17
tight_early,0.000235,0.0079665,0.020661106271872613,0.020664003826552108,-2.8975546794950124e-06,-0.0066563193508574195,0.004234005276505793,0.32903974201161335,-0.30595342411070964,1.6594885518724712e-17
tight_early,0.00025,0.008475,0.0219026243531384,0.021905566396284347,-2.942043145947454e-06,-0.007503990171712089,0.004779140725320604,0.34855189356452676,-0.3239214777218509,2.074752729262296e-17
tight_early,0.00026,0.008813999999999999,0.022726312135238114,0.022729283584589994,-2.9714493518795404e-06,-0.00809566501366348,0.005160208721053181,0.36148419130803777,-0.3358194514308375,1.58104976280995e-17
tight_early,0.00027,0.009153,0.023546874669549397,0.0235498739986111,-2.9993290617015556e-06,-0.008708440497292984,0.005555330530152084,0.37435734481627236,-0.34765436085052037,1.585379793814336e-17
tight_early,0.000285,0.0096615,0.02477197760094258,0.02477501705434356,-3.0394534009797747e-06,-0.009666896293830465,0.006174251090550129,0.39355884182016104,-0.36529117956253715,2.1275302476288286e-17
tight_early,0.0003,0.010169999999999998,0.025990345747739334,0.025993421803045553,-3.0760553062191e-06,-0.010672139950366586,0.006824505363325563,0.41263392638651136,-0.3827928699964248,1.8645296019486062e-17
tight_early,0.00031,0.010509,0.026798930716150693,0.026802029588750963,-3.0988726002698086e-06,-0.011368098422170743,0.007275333304894158,0.42528225335108566,-0.39438745864505814,2.053705504981749e-17
tight_early,0.000325,0.0110175,0.028006432311053008,0.02800956282704855,-3.130515995541927e-06,-0.012450441537383016,0.007977441801321742,0.44415475856313025,-0.4116721960000204,2.0490914585663055e-17
tight_early,0.00033999999999999997,0.011525999999999998,0.029207613263087007,0.02921077365564208,-3.160392555073832e-06,-0.013578532981166262,0.008710448021631746,0.46291025767294347,-0.4288313990577669,1.8186731532052372e-17
tight_early,0.00035999999999999997,0.012203999999999998,0.0307995952288545,0.030802793349753624,-3.198120899123441e-06,-0.015153177995287547,0.009735582486468653,0.4877410677489734,-0.45152067889040093,1.4035684334805746e-17
tight_early,0.000375,0.0127125,0.03198655643074757,0.03198978095809159,-3.224527344018735e-06,-0.01638658614832962,0.010540079974238848,0.5062356756681652,-0.46839938853598284,1.4867807266237023e-17
tight_early,0.00039499999999999995,0.013390499999999998,0.033560037602402636,0.033563294985419455,-3.2573830168192153e-06,-0.018100362424290976,0.011659988765322168,0.530729205995573,-0.49072553735118485,2.393689962749941e-17
tight_early,0.00039999999999999996,0.013559999999999997,0.03395180564686772,0.03395507089176399,-3.2652448962722236e-06,-0.018541084761872238,0.011948366590994136,0.5368236215288436,-0.49627583246620144,2.2293232841796184e-17
tight_early,0.00041,0.013899,0.03473344804969438,0.0347367284892919,-3.2804395975194467e-06,-0.019437176236933914,0.012535165743816178,0.5489783647401937,-0.507339625757784,1.9424003601890126e-17
tight_early,0.00043,0.014577,0.03628926907090978,0.036292578737157535,-3.3096662477583028e-06,-0.021287605115540682,0.013748791628382447,0.5731540788592079,-0.5293226866348921,1.6500113435497962e-17
tight_early,0.00045,0.015255,0.03783534095245479,0.037838680852980276,-3.3399005254855507e-06,-0.02321505836287906,0.015015513387727952,0.597156144741744,-0.5511179189136127,1.8930310267551624e-17
tight_early,0.00047,0.015933,0.039371894352877516,0.03937526858448639,-3.374231608871403e-06,-0.02521879102685347,0.016335008755162167,0.6209899376985001,-0.5727308868423224,2.1522347723338434e-17
tight_early,0.000495,0.0167805,0.041279531362644964,0.04128294805386047,-3.4166912155075835e-06,-0.027829623811928494,0.018058111789583085,0.6505532509874145,-0.5994987909112086,1.0724383953055813e-17
tight_early,0.0005149999999999999,0.0174585,0.04279544617759915,0.042798895264541184,-3.449086942032553e-06,-0.030002368507604342,0.019495206974683224,0.6740265685805166,-0.6207205117830543,1.2238149808627452e-17
tight_early,0.00054,0.018306,0.044677911538066446,0.04468139969402188,-3.488155955432004e-06,-0.03282228090726867,0.021364349973417004,0.7031539082150118,-0.6470145775871383,2.838202911421692e-17
tight_early,0.000565,0.019153499999999997,0.04654689723421661,0.0465504189460974,-3.521711880789813e-06,-0.03575652599447725,0.023313819558169985,0.7320508081152729,-0.6730576827328683,4.970500102154415e-17
tight_early,0.0005949999999999999,0.020170499999999997,0.04877235333896295,0.04877591110375759,-3.557764794638596e-06,-0.03942678258549722,0.025758428962492304,0.7664337737146428,-0.7039895089878804,3.024608460182804e-17
tight_early,0.00062,0.021018,0.05061282588148932,0.05061641148093366,-3.5855994443417805e-06,-0.04260821504561762,0.027882670070868,0.7948502968809859,-0.7295083404253025,5.511209501991115e-18
tight_early,0.0006399999999999999,0.021695999999999997,0.05207620281184163,0.052079808673619846,-3.605861778215036e-06,-0.045232951635516314,0.02963866911101638,0.8174339720962673,-0.7497598808981476,1.3727798434543888e-17
tight_early,0.00065,0.022035,0.052804940053559055,0.052808556070359974,-3.616016800919719e-06,-0.0465716491103415,0.03053544548413675,0.8286770991553023,-0.7598323394587376,2.8957737918569233e-17
tight_early,0.0006799999999999999,0.023051999999999996,0.05497955154164076,0.05498319576857739,-3.6442269366263047e-06,-0.05069220234607227,0.03330048831829967,0.8622163597946708,-0.7898414499983208,3.7574644099004515e-17
tight_early,0.0007149999999999999,0.024238499999999996,0.0574950671679622,0.057498741185297075,-3.6740173348787097e-06,-0.05569557996885359,0.036667101368218,0.900995659707951,-0.8244684399220183,3.3421089540951744e-19
tight_early,0.000745,0.0252555,0.05963324214047323,0.05963693909693327,-3.6969564600336513e-06,-0.060150162439393584,0.03967242218106865,0.933946051715481,-0.8538313723602228,2.812930355894582e-17
tight_early,0.00078,0.026441999999999997,0.062107346747672466,0.062111068059091994,-3.721311419527251e-06,-0.06553833990406809,0.04331705871124503,0.9720634133298123,-0.8877310640778973,4.6283133209363133e-17
tight_early,0.00082,0.027798,0.06490865611723111,0.06491240275275689,-3.7466355257836925e-06,-0.07194504304411514,0.047663327983671885,1.0152138097616792,-0.926019691948479,-4.017939664613823e-18
tight_early,0.000855,0.028984499999999996,0.06733744918017488,0.06734121612371365,-3.766943538763279e-06,-0.07776567613360534,0.05162325541400849,1.0526232471220744,-0.959139610278764,7.56732128789612e-17
tight_early,0.0008799999999999999,0.029831999999999997,0.06905982492890085,0.06906360706398101,-3.782135080163118e-06,-0.08204452785996852,0.05454074141784564,1.0791524989932302,-0.9825851054871264,5.415611165510636e-17
tight_early,0.0009,0.03051,0.07043037479219615,0.0704341719108225,-3.7971186263585643e-06,-0.0855396784218535,0.056927773666032584,1.1002638224856798,-1.0012177458190363,-7.374624194276022e-17
tight_early,0.00094,0.031866,0.07315223678001902,0.07315607537989388,-3.838599874864124e-06,-0.09272027647396049,0.0618423519529998,1.1421955846434062,-1.0381615847425514,-2.2128460035220613e-16
tight_early,0.000985,0.0333915,0.07618435189740747,0.07618824102909277,-3.889131685308467e-06,-0.10109812512980332,0.06759339066668321,1.1889200235686999,-1.079227048076487,-6.09248732160505e-17
tight_early,0.0010299999999999999,0.034917,0.07918556574695021,0.07918950797205054,-3.94222510033404e-06,-0.10978869680109916,0.07357731864853884,1.2351873950264594,-1.1197865089018484,-6.102991075757233e-17
tight_early,0.00108,0.036612,0.0824850000350834,0.08248899743389417,-3.997398810767772e-06,-0.11980609006182709,0.08049641728792979,1.286080661483399,-1.1642819912756075,-9.162532280340663e-17
tight_early,0.00112,0.037967999999999995,0.08509851508505882,0.08510254806665506,-4.032981596235885e-06,-0.1280898324629326,0.0862345132067126,1.3264193187086648,-1.1994614513857895,-1.2242163963213649e-16
tight_early,0.00113,0.038306999999999994,0.08574834498240384,0.08575238643502169,-4.041452617842278e-06,-0.1301978516690322,0.08769700087504152,1.3364531514358384,-1.208199914206826,-1.1823491600891144e-16
tight_early,0.0011849999999999999,0.04017149999999999,0.08929751111523317,0.0893015930256668,-4.0819104336342615e-06,-0.14205424440670944,0.09593911170418536,1.3912855485532796,-1.2558688228250887,-6.578945487047007e-17
tight_early,0.00124,0.042036,0.09280541744978144,0.09280953453172253,-4.117081941090728e-06,-0.15434913630350672,0.10451415777514272,1.4455371380394892,-1.3028926249794026,-5.707956976334062e-17
tight_early,0.001295,0.043900499999999995,0.09627320623527362,0.0962773535739891,-4.1473387154822294e-06,-0.16707536969709094,0.11341827759739265,1.4992307363065436,-1.349296290632856,-4.7726510151590785e-17
tight_early,0.0013599999999999999,0.04610399999999999,0.10032124180629096,0.10032542108451334,-4.179278222382621e-06,-0.1826621694098839,0.124360445851306,1.561996075892971,-1.4033689312498796,-1.434084745174079e-16
tight_early,0.0014249999999999998,0.04830749999999999,0.10431639588219749,0.10432060209541047,-4.2062132129816465e-06,-0.19883088702035284,0.1357509221914048,1.6240432760461423,-1.4566427091217837,-1.389754036455182e-16
tight_early,0.0014899999999999998,0.05051099999999999,0.10826021638511923,0.10826444456235607,-4.228177236831332e-06,-0.21557104609051836,0.1475838191440794,1.685401532788847,-1.5091498612800518,-1.153933421511565e-16
tight_early,0.00156,0.052883999999999994,0.11245166245739026,0.11245591072754592,-4.248270155660094e-06,-0.23422644301819587,0.16081514498057614,1.750739902473684,-1.5648726937085182,-9.333401229502927e-17
tight_early,0.0015999999999999999,0.05423999999999999,0.11482145957979463,0.11482571771196061,-4.258132165979589e-06,-0.24517432092543595,0.16860060107497035,1.7877432886433227,-1.5963438510808963,-1.0128511905909775e-16
tight_early,0.001635,0.0554265,0.11688023146507232,0.11688449866522566,-4.267200153340589e-06,-0.25492315017278466,0.17554566188133028,1.8199280770429267,-1.6236660900862465,-1.0599005040607838e-16
tight_early,0.00171,0.05796899999999999,0.12124630578243535,0.12125058927904532,-4.283496609969184e-06,-0.27633915871342707,0.1908412319964863,1.8883047873485899,-1.6815562713526038,-1.0290352529642937e-16
tight_early,0.00179,0.06068099999999999,0.1258366449063648,0.12584094360679807,-4.298700433280622e-06,-0.29996033775828673,0.20777018711068207,1.960381447275013,-1.7423503530206101,-1.407486705227295e-16
tight_early,0.0018399999999999998,0.062375999999999994,0.1286715044675391,0.1286758115972132,-4.307129674085974e-06,-0.31512417268078974,0.21866831015464724,2.0049948894015146,-1.7798632152781588,-1.192117363806701e-16
tight_early,0.001875,0.0635625,0.13064062048440298,0.1306449332314926,-4.312747089618707e-06,-0.32591973299734506,0.22644082466152568,2.0360308232146567,-1.8059069816473445,-1.4813692141679716e-16
tight_early,0.0019649999999999997,0.06661349999999999,0.13564749395968476,0.1356518194308843,-4.3254711995510675e-06,-0.35435411540335376,0.24696529011895352,2.1151261094945286,-1.872085464779244,-1.4849747650713208e-16
tight_early,0.0020549999999999995,0.06966449999999998,0.14057499664383444,0.14057934642402253,-4.349780188095398e-06,-0.3837431186694012,0.2682542848005592,2.193230556060423,-1.9371623757675582,-4.60568848191311e-17
tight_early,0.00208,0.07051199999999999,0.1419300006205793,0.14193436427653428,-4.363655954964241e-06,-0.3920734371233984,0.2743018841925056,2.2147557636523048,-1.9550498464448776,-1.1431607463968946e-17
tight_early,0.002155,0.0730545,0.14595993403068258,0.1459643624167951,-4.4283861125316015e-06,-0.4174929365945676,0.2927902248602914,2.2788988655851616,-2.0082317914340906,9.995166564708979e-17
tight_early,0.0022549999999999996,0.07644449999999998,0.15125316089248297,0.15125767099561727,-4.5101031342920095e-06,-0.452370459179416,0.31823801937442,2.363441892578552,-2.0780517817779387,2.1006851898824987e-16
tight_early,0.0023199999999999996,0.07864799999999998,0.15464601572126005,0.15465059370636583,-4.5779851057803356e-06,-0.475633651015805,0.33526042206821005,2.4178131338969844,-2.122789311243024,2.423853771389197e-16
tight_early,0.0023599999999999997,0.08000399999999999,0.15671564482543135,0.15672025628827793,-4.611462846582093e-06,-0.4901781099002314,0.34592197941247466,2.451050728087825,-2.1500743413117904,2.5097607209454374e-16
tight_early,0.0024749999999999998,0.08390249999999999,0.16259005061347892,0.1625947573770981,-4.7067636191888695e-06,-0.5329484146399183,0.37735427547664474,2.5456946192680756,-2.227505722727704,2.7136876125402875e-16
tight_early,0.0025599999999999998,0.08678399999999999,0.16686153283142052,0.1668662852520078,-4.752420587283979e-06,-0.5654564878903479,0.40132080911224344,2.614802872135677,-2.2838009081055652,2.802803454635778e-16
tight_early,0.0025899999999999994,0.08780099999999998,0.16835515166879794,0.1683599195506858,-4.7678818878571505e-06,-0.5771086626740761,0.4099265856502104,2.639027150084714,-2.3034851535101626,2.798629872910317e-16
tight_early,0.0027099999999999997,0.09186899999999999,0.1742584940614894,0.17426330623490316,-4.812173413748511e-06,-0.6246347335102843,0.44510649810205544,2.735077695558286,-2.381286153915154,1.1348586489498124e-16
tight_early,0.0027999999999999995,0.09491999999999998,0.17861308007516669,0.1786179187494698,-4.838674303120349e-06,-0.6612267492499813,0.47227543943989453,2.8062511184283414,-2.4386818898687848,-5.0491953365038696e-17
tight_early,0.0028399999999999996,0.09627599999999999,0.18052887837058335,0.1805337322000366,-4.853829453255187e-06,-0.6777461384354386,0.48456323921149463,2.837652579507143,-2.4639359480831624,-6.799981651729417e-17
tight_early,0.0029749999999999993,0.10085249999999997,0.18690801578005325,0.18691290831437515,-4.892534321898623e-06,-0.7346428893102809,0.5269869520677254,2.942612453035972,-2.548043607479041,-9.233926035794645e-17
tight_early,0.0030399999999999997,0.10305599999999998,0.18993283079314047,0.18993773586951632,-4.905076375849582e-06,-0.7626570990548175,0.5479304097501059,2.9926016887787323,-2.587937263604504,-1.4596742896087786e-16
tight_early,0.0031149999999999997,0.10559849999999998,0.19338630692536823,0.19339123000017117,-4.923074802931637e-06,-0.7954725988598742,0.5725074966283306,3.0498523866888583,-2.6334960544571433,-2.839363706900625e-16
tight_early,0.0032599999999999994,0.11051399999999997,0.19995442292334473,0.19995936727971572,-4.944356370994996e-06,-0.8603816987807764,0.6212545554160958,3.159270497966037,-2.7201839873216405,-4.719570534087415e-16
tight_early,0.0032799999999999995,0.11119199999999997,0.20084937748810278,0.2008543234609203,-4.945972817527178e-06,-0.8694840059563325,0.6281040465264631,3.174234741051977,-2.7320004581611865,-5.007231898146767e-16
tight_early,0.0034149999999999996,0.11576849999999998,0.20682246460752496,0.20682742585102254,-4.9612434975809805e-06,-0.9318537183938556,0.6751229739979796,3.274455745648876,-2.810897575401977,-4.451816242314674e-16
tight_early,0.0035199999999999997,0.11932799999999999,0.2113883223521852,0.21139329587346778,-4.973521282591875e-06,-0.9814645324776501,0.7126256752170536,3.351480016314721,-2.8712478631806566,-3.2628513344547653e-16
tight_early,0.0035749999999999996,0.12119249999999998,0.21375277490240704,0.21375775280264395,-4.977900236902144e-06,-1.007828708393165,0.73259058644349,3.3915117080167465,-2.902515833264427,-4.67810188264203e-16
tight_early,0.0037449999999999996,0.12695549999999997,0.22094618603200022,0.22095117885528126,-4.992823281035896e-06,-1.0909265509243924,0.7956705064655691,3.5139199720058256,-2.99771274869172,-7.692598731234884e-16
tight_early,0.0037599999999999995,0.12746399999999997,0.22157272989253227,0.22157772391408256,-4.994021550297489e-06,-1.0983737415770929,0.8013345737312917,3.5246265344444057,-3.0060096426845213,-6.934232906539102e-16
tight_early,0.00392,0.13288799999999998,0.22817576388379895,0.2281807673847463,-5.003500947342587e-06,-1.1789475320413694,0.8627248533453394,3.6379078658812327,-3.093504419800456,-6.15481576721307e-16
tight_early,0.004,0.1356,0.23142348520169279,0.23142849267688995,-5.007475197160716e-06,-1.220002569166696,0.8940790717902765,3.69392986648355,-3.13657787643024,-6.447631288574548e-16
tight_early,0.004104999999999999,0.13915949999999996,0.23563318802868302,0.2356382012684077,-5.013239724682705e-06,-1.2746490001356237,0.9358868788092551,3.7668506385799545,-3.1924503159851776,-7.064733640273705e-16
tight_early,0.00424,0.14373599999999997,0.2409595886493148,0.24096463133100612,-5.042681691325157e-06,-1.346156052261331,0.9907157673708986,3.859617729747549,-3.2632128135261094,-1.3157323672462964e-15
tight_early,0.004299999999999999,0.14576999999999996,0.2432965183734723,0.24330158783525777,-5.069461785467411e-06,-1.378379772456909,1.0154670229418052,3.9004991772605995,-3.2942848399102367,-1.5689045887055152e-15
tight_early,0.00448,0.15187199999999998,0.250198401505091,0.2502035949929712,-5.193487880195136e-06,-1.476651833698491,1.0911088388773156,4.021894378748609,-3.3861477889344616,-5.624405976107202e-16
tight_early,0.0045049999999999995,0.15271949999999998,0.2511443335852893,0.2511495433237393,-5.209738449973855e-06,-1.4904878698853987,1.1017772176783787,4.038609618245865,-3.3987494227151056,-3.2474167824837313e-16
tight_early,0.004715,0.15983849999999997,0.2589719591725996,0.25897727726651126,-5.318093911688138e-06,-1.6084718870468273,1.1929261792444823,4.177662295321806,-3.5031393102529496,-7.201632353616347e-17
tight_early,0.004719999999999999,0.16000799999999998,0.2591558017527792,0.25916112230987076,-5.3205570915704214e-06,-1.6113188981835678,1.1951294404386894,4.180944067780875,-3.505593487726126,-8.754224072493417e-17
tight_early,0.004939999999999999,0.16746599999999995,0.2671320363370501,0.26713742812831737,-5.391791267239654e-06,-1.738290593858511,1.2935636906384245,4.324047774870304,-3.6121834435219005,1.76930086390253e-16
tight_early,0.004959999999999999,0.16814399999999996,0.26784639811568645,0.2678517945508887,-5.3964352022539686e-06,-1.7499964851478993,1.3026551645848126,4.336933856951501,-3.6217407418375256,2.44956871802907e-16
tight_early,0.005169999999999999,0.17526299999999997,0.2752424251035159,0.2752478546615768,-5.429558060932038e-06,-1.874509980053193,1.399523785497861,4.471034815828639,-3.72080076661173,3.9427059108472416e-16
tight_early,0.0052,0.17628,0.2762836645290928,0.27628909829886605,-5.433769773244279e-06,-1.8925331407055306,1.413569560738803,4.490015933907161,-3.734763255641568,3.547544245291918e-16
tight_early,0.005415,0.18356849999999997,0.28363716070126055,0.283642628225624,-5.467524363478304e-06,-2.0233818929358813,1.515716915342587,4.624797173246592,-3.833489567427674,1.3035791881102699e-16
tight_early,0.0054399999999999995,0.18441599999999997,0.28448006072643717,0.28448553222727047,-5.471500833298393e-06,-2.038785893570761,1.5277617041008649,4.640329522013109,-3.8448198003159426,1.0722231502870116e-16
tight_early,0.00567,0.192213,0.2921196038716516,0.29212511635788174,-5.512486230152547e-06,-2.182306665701467,1.6401736401609779,4.781900575788146,-3.947642433889776,2.2999224559551155e-16
tight_early,0.005679999999999999,0.19255199999999997,0.29244712865083616,0.292452642418845,-5.51376800883574e-06,-2.1886195352756674,1.6451258083681677,4.788002460378916,-3.952056091052572,2.5087045662619533e-16
tight_early,0.005919999999999999,0.20068799999999995,0.30019558508897815,0.3002011308037136,-5.545714735433194e-06,-2.341905986350526,1.765560876249682,4.933152531438368,-4.056606290533811,4.621235973303727e-16
tight_early,0.005939999999999999,0.20136599999999996,0.3008317393412012,0.30083728587533853,-5.546534137312875e-06,-2.3548318593656483,1.7757326952556978,4.945137963196085,-4.065201513210796,4.369067866724019e-16
tight_early,0.00616,0.20882399999999998,0.30773540552067324,0.3077409695292218,-5.564008548564203e-06,-2.4985237329705434,1.8889703823767405,5.07588859370033,-4.158594273577305,-3.376431003967031e-16
tight_early,0.006219999999999999,0.21085799999999996,0.3095888653729177,0.309594432428043,-5.567055125332843e-06,-2.5381850285799583,1.9202766055007228,5.1112074075106095,-4.183704552003331,-2.871496913627315e-16
tight_early,0.0063999999999999994,0.21695999999999996,0.3150758943450373,0.3150814715990155,-5.577253978206187e-06,-2.658357324417749,2.015261984796942,5.216311551741277,-4.258134740521454,4.1590100950958665e-16
tight_early,0.006514999999999999,0.22085849999999996,0.31852513998807386,0.31853072519289916,-5.585204825298007e-06,-2.7360515268780308,2.0767720408711776,5.282805542749103,-4.304995331549351,5.731018835975446e-16
tight_early,0.006639999999999999,0.22509599999999996,0.32222574429605894,0.32223133554860567,-5.591252546732761e-06,-2.821296924140835,2.144347262044162,5.354515187138965,-4.355334189493687,4.1383857601962505e-16
tight_early,0.006819999999999999,0.23119799999999996,0.327467938427125,0.3274735417686216,-5.6033414965739325e-06,-2.945476817914765,2.2429434599055886,5.456764267527854,-4.426757367750056,1.747317107875404e-16
tight_early,0.006879999999999999,0.23323199999999997,0.329193089912849,0.3291986949042134,-5.60499136437187e-06,-2.987237907189148,2.276141472923806,5.490586874874302,-4.450291745704747,2.161162171421307e-16
tight_early,0.00712,0.24136799999999997,0.3359855557912396,0.3359911706975413,-5.614906301687483e-06,-3.156080497275303,2.410563336353456,5.62460820699991,-4.5430998753805225,8.405627257655472e-16
tight_early,0.0071449999999999994,0.24221549999999997,0.3366833400188493,0.33668895591639453,-5.615897545219184e-06,-3.1738312533118562,2.4247135511247806,5.638453973553081,-4.552647315449612,8.461023734576196e-16
tight_early,0.007359999999999999,0.24950399999999998,0.3426103007407501,0.3426159225218654,-5.621781115294766e-06,-3.3277294382266893,2.547534829044369,5.756655538779989,-4.633845007075804,8.352471131242296e-16
tight_early,0.007479999999999999,0.25357199999999996,0.3458618972766838,0.34586752271812093,-5.625441437118184e-06,-3.414577684763138,2.6169531487427204,5.821961502774449,-4.678469444035912,1.325361665919031e-15
tight_early,0.007599999999999999,0.25764,0.3490740561485156,0.3490796851759038,-5.629027388209806e-06,-3.502093695895825,2.6869809992251796,5.886800467872668,-4.72260808602612,1.4255392808683126e-15
tight_early,0.007835,0.26560649999999997,0.3552532649180207,0.35525893043282286,-5.665514802188909e-06,-3.675372602890385,2.82585057623427,6.012455422107668,-4.80767446501873,-4.588340029186566e-16
tight_early,0.00784,0.26577599999999996,0.35538316832078326,0.3553888351795584,-5.6668587751218524e-06,-3.679086186307509,2.8288297944584064,6.015110257350867,-4.8094650303222055,-5.254779704034453e-16
tight_early,0.008079999999999999,0.27391199999999993,0.3615436209267639,0.3615493854317972,-5.764505033312162e-06,-3.8586235270532714,2.973011902183657,6.141648210955581,-4.894487200654169,-1.404507390848522e-15
tight_early,0.008204999999999999,0.27814949999999994,0.364695201361716,0.36470103481927213,-5.833457556114752e-06,-3.9531137229686397,3.0490085561088396,6.206871653864757,-4.938065452185684,8.23364057451561e-17
tight_early,0.00832,0.28204799999999997,0.36756104408249,0.3675669340769262,-5.889994436181212e-06,-4.040625813210002,3.119460603618629,6.266474000931119,-4.977741857262822,1.9084933730247256e-15
tight_early,0.00856,0.290184,0.3734407475911982,0.37344673363401343,-5.986042815209203e-06,-4.22501641476468,3.2681116395901277,6.389643955899097,-5.059292447090535,3.5219808777497564e-15
tight_early,0.008589999999999999,0.29120099999999993,0.37416628341855235,0.3741722861268037,-6.002708251351407e-06,-4.248229472751995,3.2868447617603476,6.404926458861272,-5.069369461742824,3.514805686574552e-15
tight_early,0.008799999999999999,0.29832,0.37918779225306065,0.3791939059571183,-6.1137040576753066e-06,-4.411721778170497,3.418903080113776,6.511211338079894,-5.139198734066056,1.9982135418583874e-15
tight_early,0.008995,0.3049305,0.3837628822479151,0.38376909927099456,-6.217023079457817e-06,-4.565075451212785,3.5429558738877303,6.608839712929266,-5.202951036333216,-1.3172913710501398e-15
tight_early,0.00904,0.30645599999999995,0.3848069423065117,0.3848131822994785,-6.239992966783348e-06,-4.600671255063628,3.5717752084914807,6.631226574192023,-5.2175173453203945,-2.20327753160675e-15
tight_early,0.009279999999999998,0.3145919999999999,0.39030270712826365,0.39030902814011537,-6.321011851717628e-06,-4.791796939825992,3.726670411143179,6.7497374693036605,-5.294301912480727,-5.331242084965244e-15
tight_early,0.00942,0.31933799999999996,0.39345331637422376,0.39345968883836857,-6.372464144810408e-06,-4.904265831831458,3.8179380176642286,6.818192251517887,-5.338404748512286,-4.432126904646887e-15
tight_early,0.009519999999999999,0.32272799999999996,0.3956793992163338,0.39568580410075044,-6.404884416610912e-06,-4.985033519656466,3.883533074948847,6.866789400119288,-5.3696031513109155,-2.952844945472017e-15
tight_early,0.00976,0.330864,0.40094108581761206,0.4009475517114138,-6.465893801710365e-06,-5.180318133246142,4.042309490028461,6.9824254927385105,-5.443469297809417,8.256519180045761e-16
tight_early,0.009864999999999999,0.33442349999999993,0.4032079119370355,0.40321440691142046,-6.4949743849851416e-06,-5.266383614966129,4.112362634600953,7.032581623385784,-5.47534623610919,1.9399327192166574e-15
tight_early,0.01,0.33899999999999997,0.4060916544430104,0.4060981797105509,-6.525267540524737e-06,-5.377590243337384,4.20294776054,7.096686778584688,-5.515946116076756,2.1850651392965667e-15
tight_early,0.01024,0.347136,0.41113479052162777,0.4111413651924755,-6.5746708477476545e-06,-5.5767915177288785,4.365397720868026,7.209612337146335,-5.587077175093005,-2.2906083134231742e-15
tight_early,0.01033,0.350187,0.41299899370424625,0.41300558876419685,-6.59505995059817e-06,-5.65197781500715,4.426773579152271,7.251622714869288,-5.613412890250206,-5.05503626512854e-15
tight_early,0.010480000000000001,0.35527200000000003,0.4160740100113353,0.4160806288902958,-6.618878960473751e-06,-5.777865716017653,4.529610855655833,7.321239429048482,-5.656903939796358,-8.468708156518346e-15
tight_early,0.01072,0.363408,0.4209126677857012,0.4209193369702818,-6.669184580587739e-06,-5.98075858779889,4.695540226700943,7.431603612902302,-5.725465914834065,-7.728370376622191e-15
tight_early,0.010820000000000001,0.366798,0.42289985730697444,0.42290654336054834,-6.686053573901063e-06,-6.065821533775725,4.765173140583467,7.477224084956253,-5.753669148403442,-5.8007131494680575e-15
tight_early,0.010960000000000001,0.37154400000000004,0.4256539484756101,0.42566065367039707,-6.705194786960078e-06,-6.185417774202671,4.863140402408069,7.5407388564792655,-5.792800831014263,-3.0878636419880437e-15
tight_early,0.011200000000000002,0.37968,0.43030090964603296,0.43030765304350005,-6.743397467090517e-06,-6.391792718085317,5.032367392569413,7.648677635870406,-5.858944657311003,7.735298003298505e-16
tight_early,0.011330000000000002,0.384087,0.43277966267571544,0.4327864189188413,-6.756243125849437e-06,-6.504278189974451,5.124696136189844,7.706655956924481,-5.894287484221033,2.3060783530949105e-16
tight_early,0.01144,0.387816,0.4348564566288923,0.43486322725282045,-6.770623928176178e-06,-6.599834578811005,5.2031785863304005,7.755451028086156,-5.923931808352729,-2.306160899692052e-15
tight_early,0.011680000000000001,0.395952,0.43932337749502776,0.4393301726124565,-6.795117428737285e-06,-6.809496152237056,5.3755326935305545,7.86108879614666,-5.987795164827692,-1.004462158217266e-14
tight_early,0.011865,0.4022235,0.4427078227844981,0.4427146339265005,-6.8111420024052904e-06,-6.972186924045728,5.509416761913928,7.941760860610688,-6.036276064552377,-1.1263767792435205e-14
tight_early,0.011920000000000002,0.40408800000000006,0.4437043342360666,0.4437111504268393,-6.816190772696018e-06,-7.020731796708089,5.549389689986427,7.9656194665446085,-6.050566209396096,-1.0776319614583944e-14
tight_early,0.01216,0.412224,0.4480018736264079,0.4480087058051995,-6.832178791604804e-06,-7.233497361983035,5.72471076483441,8.06907040215421,-6.11227509920038,-5.592107995606337e-15
tight_early,0.012400000000000001,0.42036,0.4522184408002102,0.4522252912474561,-6.850447245909663e-06,-7.447750123959027,5.901458271670982,8.171467868174158,-6.172950724638658,1.1856010665725788e-15
tight_early,0.012425000000000002,0.42120750000000007,0.4526531048503165,0.4526599568781674,-6.852027850889897e-06,-7.470151966408433,5.919950019245355,8.182074713935265,-6.179212809894021,1.6809826122648533e-15
tight_early,0.012640000000000002,0.42849600000000004,0.4563563693575296,0.4563632330942979,-6.8637367682811146e-06,-7.663448722128389,6.079595681635966,8.272837094197254,-6.232620820610533,6.227320757852392e-16
tight_early,0.01288,0.436632,0.4604179057399823,0.46042478398635744,-6.878246375130459e-06,-7.88055310106878,6.259087539229639,8.37320233135756,-6.291311985532052,-8.746881482064568e-15
tight_early,0.01301,0.441039,0.4625867707001158,0.46259365442486156,-6.883724745776476e-06,-7.998724492305917,6.356865606424313,8.427155921955276,-6.3227033816487985,-1.1903568365503122e-14
tight_early,0.013120000000000001,0.44476800000000005,0.4644051983349246,0.46441208831460296,-6.889979678348368e-06,-8.099024455439132,6.439899420537422,8.472586905233253,-6.3490497820169285,-1.2487948584563806e-14
tight_early,0.01336,0.452904,0.46832031251966255,0.46832721247890474,-6.899959242190334e-06,-8.318825177327332,6.621997893154586,8.571013265673352,-6.405858769021694,-8.299843974832013e-15
tight_early,0.013600000000000001,0.46104,0.47216523305743213,0.47217214338820196,-6.9103307698270555e-06,-8.53991880743373,6.805350478713011,8.668503032355309,-6.461762560246388,5.914745944581044e-16
tight_early,0.013625000000000002,0.46188750000000006,0.47256178628104595,0.4725686975727662,-6.911291720257395e-06,-8.563022311450604,6.824520547629418,8.678605201311084,-6.4675347399171335,1.460761709696607e-15
tight_early,0.013840000000000002,0.46917600000000004,0.4759418622271886,0.47594877972780536,-6.917500616765437e-06,-8.76226998793072,6.989925616673216,8.765077038102397,-6.51678388711709,2.3375102455880125e-15
tight_early,0.01408,0.477312,0.4796520349519445,0.47965896027138594,-6.925319441464239e-06,-8.985844418553267,7.175692630338468,8.860755368670965,-6.570944620184771,-9.498050550205911e-15
tight_early,0.014270000000000001,0.48375300000000004,0.48254328677441943,0.48255021633032275,-6.9295559033122345e-06,-9.163686373376006,7.323583750967649,8.935878310415475,-6.613225471676778,-1.736441385017794e-14
tight_early,0.014320000000000001,0.485448,0.48329751040406177,0.4833044414015142,-6.9309974524145446e-06,-9.210608814649614,7.362621694298722,8.955557400230187,-6.624265838477763,-1.844026274945675e-14
tight_early,0.01456,0.49358399999999997,0.48687998571305746,0.48688692233999165,-6.936626934184176e-06,-9.436530867353152,7.550683803391139,9.049501834420713,-6.676767848118692,-1.6451682587088463e-14
tight_early,0.0148,0.50172,0.49040109256970676,0.49040803434165425,-6.941771947488462e-06,-9.663579206144243,7.739850743359287,9.142606730914885,-6.72847023378827,-3.6741571630273226e-15
tight_early,0.014940000000000002,0.5064660000000001,0.49242735873596016,0.49243430322890086,-6.944492940696989e-06,-9.796532043047101,7.8506973946509255,9.196537180555143,-6.7582682289300715,4.388341572082941e-15
tight_early,0.015040000000000001,0.509856,0.4938624022117809,0.4938693479344526,-6.9457226716806986e-06,-9.891723362766754,7.930095062533099,9.234889538350226,-6.779391890182124,5.888722600061112e-15
tight_early,0.015280000000000002,0.517992,0.49726543127642203,0.4972723816534444,-6.950377022363341e-06,-10.1209337374737,8.121390045163473,9.326367122934679,-6.829551048971002,-4.629214034854019e-15
tight_early,0.01552,0.526128,0.5006116386007737,0.5006185930421405,-6.954441366779918e-06,-10.351181566492556,8.313709685686351,9.417055795661351,-6.878965321812987,-1.9117465163566652e-14
tight_early,0.01565,0.530535,0.5024009460298204,0.5024079054650201,-6.959435199682673e-06,-10.476322391665992,8.418301670612582,9.46585503198707,-6.905426405468616,-2.394909431685216e-14
tight_early,0.01576,0.534264,0.5039024407583802,0.5039094063089832,-6.965550602977544e-06,-10.582438890912423,8.50702866403239,9.506971337969397,-6.927651704780355,-2.5642464081856404e-14
tight_early,0.016,0.5424,0.5071391999845006,0.5071461870622508,-6.987077750153503e-06,-10.814678527202487,8.701322322137248,9.596129025802366,-6.975626633674857,-1.93849381342813e-14
tight_early,0.01624,0.550536,0.5103232305008142,0.5103302527591685,-7.0222583543610995e-06,-11.04787403949742,8.896566641737957,9.684543651994694,-7.022906001476053,-9.16232761932086e-15
tight_early,0.016385,0.5554515,0.5122218997546133,0.5122289501226618,-7.05036804848902e-06,-11.189215358509289,9.014977566164662,9.73760678718352,-7.051140044716223,-7.942713409717485e-15
tight_early,0.01648,0.5586720000000001,0.5134558011720657,0.5134628721779567,-7.071005891035043e-06,-11.281999713105453,9.092738223079984,9.772229547378299,-7.069505185174867,-5.692124730504317e-15
tight_early,0.01672,0.566808,0.5165381262351904,0.5165452520763013,-7.125841110955378e-06,-11.517030529564027,9.289814264758123,9.85920060044096,-7.115439083558759,3.843011831944096e-15
tight_early,0.01696,0.5749439999999999,0.5195713658281483,0.5195785343521698,-7.168524021494704e-06,-11.752942143505857,9.487772544893613,9.945470275519249,-7.160722142554848,1.34843818908342e-14
tight_early,0.01716,0.581724,0.5220623939226137,0.5220695883048583,-7.194382244612996e-06,-11.950190872892533,9.653396066940358,10.016835328799258,-7.19797093454224,1.4159997861491064e-14
tight_early,0.0172,0.5830799999999999,0.5225566672656888,0.5225638709898607,-7.203724171844783e-06,-11.989710859840862,9.686591402593844,10.031051630421636,-7.205368302184771,1.3409466529008704e-14
tight_early,0.01744,0.591216,0.5254951706282864,0.5255024314495702,-7.260821283772145e-06,-12.22731360547235,9.886249715773282,10.115957337644327,-7.249391016495692,3.98332755771919e-15
tight_early,0.01768,0.599352,0.5283879114989497,0.5283952253975138,-7.313898564120791e-06,-12.4657279140463,10.086726887941492,10.200199696230552,-7.29280344472822,-1.0513808918908393e-14
tight_early,0.017920000000000002,0.607488,0.5312359062845632,0.5312432581457337,-7.351861170512564e-06,-12.704931905904726,10.28800283180457,10.283790646824906,-7.335618314578999,-1.8953688416342436e-14
tight_early,0.01797,0.6091829999999999,0.5318237072956673,0.5318310700611864,-7.362765519047798e-06,-12.754863481797466,10.33003403554449,10.30112451744307,-7.3444640011288875,-1.883898741044485e-14
tight_early,0.01816,0.615624,0.5340402001591117,0.5340476035793441,-7.403420232421354e-06,-12.944904265701899,10.490057951273702,10.366741788005395,-7.3778478699978365,-1.7629192045727348e-14
tight_early,0.0184,0.62376,0.5368017313133752,0.5368091802903437,-7.448976968582599e-06,-13.18562422395577,10.692873126292215,10.449064389826843,-7.4195041118729295,-1.3901437273991135e-14
tight_early,0.01864,0.631896,0.5395214190461076,0.5395288967362636,-7.477690155965888e-06,-13.427071542429154,10.896429700421738,10.530769404728508,-7.4605986659848185,-9.84516798146249e-15
tight_early,0.01882,0.637998,0.541534281583922,0.5415417753795745,-7.493795652457891e-06,-13.608622476733972,11.049572704667082,10.591649290911217,-7.491057743464743,-9.604914657181119e-15
tight_early,0.01888,0.640032,0.5422001919799452,0.5422076939643637,-7.501984418567531e-06,-13.66922649561036,11.100709465717784,10.61186748074838,-7.501142756891431,-9.643235744943503e-15
tight_early,0.01912,0.6481680000000001,0.5448389476549171,0.544846479666591,-7.532011673916372e-06,-13.912069850116737,11.305694646160726,10.69236897577348,-7.5411472921508675,-1.0208081868276326e-14
tight_early,0.019360000000000002,0.656304,0.5474385135118212,0.5474460672164092,-7.553704588048049e-06,-14.155582854325234,11.51136788843272,10.772283965379179,-7.580622932270245,-1.0678142143695916e-14
tight_early,0.0196,0.6644399999999999,0.5499997077144486,0.5500072708625227,-7.563148074041237e-06,-14.399747222743917,11.7177122489859,10.851622253741667,-7.619580009121115,-1.053361547942744e-14
tight_early,0.019710000000000002,0.668169,0.5511610029170417,0.5511685750972997,-7.572180257930938e-06,-14.511868677340598,11.812506490016398,10.887795524819486,-7.637264762397977,-1.0173815557372432e-14
tight_early,0.01984,0.672576,0.5525233773366417,0.5525309598622304,-7.58252558874517e-06,-14.644545118375412,11.924711179667296,10.930393385549278,-7.658028486978923,-9.905762422011226e-15
tight_early,0.021,0.7119,0.5642561354207221,0.5642382128560195,1.7922564702566035e-05,-15.83609576610544,12.933903369875429,11.303429185007941,-7.836998575921897,-1.2400737378183398e-14
tight_early,0.022,0.7457999999999999,0.5737455660666237,0.5737030963720688,4.2469694554903015e-05,-16.873451641602987,13.81456582133748,11.61529340801637,-7.98270449137878,-1.395560122034898e-14
tight_early,0.023,0.7797,0.5826993601692239,0.5826332889068266,6.607126239721595e-05,-17.919100626529108,14.704066041339663,11.91874702471024,-8.121079150613957,-1.2603476221108719e-14
tight_early,0.024,0.8136,0.5911582143345404,0.5910694570261894,8.875730835100626e-05,-18.972086482929637,15.601504157440473,12.214293979430392,-8.252642196915028,-1.1496105081402516e-14
tight_early,0.025,0.8475,0.5991585280367404,0.5990479766274033,0.00011055140933713403,-20.031539873620453,16.506058497855054,12.502391643138644,-8.37786229074583,-1.2677300963755798e-14
tight_early,0.026000000000000002,0.8814000000000001,0.6067329591674245,0.6066014715173588,0.00013148765006576468,-21.096668925680024,17.41697744916166,12.783456570330069,-8.497163622294332,-1.3466093501280859e-14
tight_early,0.0275,0.9322499999999999,0.6173596068110825,0.6171982423001736,0.00016136451090886794,-22.70344086593303,18.793798730764586,13.192691360979325,-8.665850983510698,-9.954873978967672e-15
tight_early,0.028,0.9491999999999999,0.6207189355604364,0.6205480026200761,0.00017093294036030215,-23.241125783478342,19.255211237711396,13.32597884271111,-8.719516294324078,-1.0517648041974586e-14
tight_early,0.029,0.9831,0.6271811000479254,0.626991590714011,0.00018950933391437275,-24.319188566771857,20.18131337576682,13.588105561745055,-8.823238780025997,-9.234803538804499e-15
tight_early,0.03,1.017,0.633319258344908,0.6331118913894148,0.0002073669554931712,-25.40038522060818,21.111344375151532,13.844544906488238,-8.922392169642166,-1.0937316866264247e-14
tight_early,0.0315,1.06785,0.6419620681369674,0.6417291894809852,0.00023287865598220492,-27.026954970184438,22.512691054380902,14.219131361736139,-9.063138256451609,-9.003682419001155e-15
tight_early,0.033,1.1187,0.6499804003927382,0.6497234469951211,0.0002569533976171101,-28.657894600298487,23.920274898793625,14.582368022678194,-9.195024874178214,3.03317808163323e-15
tight_early,0.0345,1.16955,0.6574271004584525,0.6571473944549259,0.00027970600352666963,-30.291838730256654,25.332760575440272,14.935004646715907,-9.31877909744461,1.0821130032191891e-14
tight_early,0.036000000000000004,1.2204000000000002,0.6643490803939315,0.6640477708272211,0.0003013095667103727,-31.927579416776467,26.74895992380393,15.277715364374215,-9.43504810057447,1.2712749462846247e-14
tight_early,0.038,1.2882,0.6728323596373974,0.6725039565959628,0.0003284030414345551,-34.109529003920755,28.641188450655395,15.720266278994767,-9.579421769133452,7.660298838098199e-15
tight_early,0.0395,1.3390499999999999,0.6786820021936257,0.6783344775793683,0.00034752461425746617,-35.74550450663268,30.06212799821713,16.042085897049557,-9.68037491105464,6.151385605872439e-16
tight_early,0.0415,1.40685,0.6858577891709258,0.6854863202019116,0.00037146896901418813,-37.92461132796331,31.957520619991563,16.45864610585177,-9.806069077678124,1.54755162681183e-14
tight_early,0.043500000000000004,1.47465,0.6923812875002614,0.6919875084719646,0.00039377902829684786,-40.099684626716254,33.85228960541006,16.86182856304447,-9.922446033266315,7.425750269134531e-15
tight_early,0.0455,1.5424499999999999,0.6983109454573285,0.6978962868501338,0.0004146586071946956,-42.26928319541602,35.74496209912917,17.252559429926,-10.03034204678903,2.0273007742761903e-14
tight_early,0.0475,1.61025,0.7036979675626479,0.7032637607532336,0.0004342068094143059,-44.43217143492854,37.63426152988739,17.631668348367505,-10.130494682573135,1.5254042040177035e-14
tight_early,0.05,1.695,0.7097373701615286,0.7092804607858696,0.00045690937565900924,-47.12474633110788,39.98946896309305,18.090341665427264,-10.245783836626577,8.831847828589356e-15
tight_early,0.052000000000000005,1.7628000000000001,0.7140622603255107,0.7135884208216225,0.00047383950388812934,-49.2688924296016,41.86734861908149,18.44592286454969,-10.330790633207963,5.280288485792278e-15
tight_early,0.0545,1.84755,0.7188933470317231,0.7183997301257385,0.0004936169059845952,-51.935456706093085,44.2055149365638,18.87718467499767,-10.42884317534265,-6.251325272658688e-16
tight_early,0.057,1.9323,0.7231429063680496,0.7226309286741136,0.000511977693935961,-54.58576135018226,46.532231240490844,19.2947420779714,-10.518581039605866,-4.103983924832447e-15
tight_early,0.06,2.034,0.7275519093542174,0.727019544189997,0.0005323651642203941,-57.74327484973324,49.30759972840609,19.779044957180872,-10.616350291663709,-1.5444053616896458e-14
tight_early,0.0625,2.11875,0.7307079402188625,0.7301598056039369,0.0005481346149256439,-60.354565562062994,51.605408280580875,20.16964778578576,-10.690330698699688,-1.510219538312249e-14
tight_early,0.0655,2.22045,0.7339385305333085,0.7333728021077398,0.000565728425568679,-63.46322486570735,54.34364395319655,20.623921994889137,-10.770968280270578,-1.3856821649984232e-14
tight_early,0.0685,2.32215,0.736625480806251,0.7360434472715457,0.0005820335347053174,-66.54396697895731,57.060007458019996,21.063539458157724,-10.843536489948857,-2.581488207413469e-15
tight_early,0.07200000000000001,2.4408000000000003,0.7391536742031144,0.7385540617097843,0.0005996124933300706,-70.10209758138762,60.20034096570319,21.559304796436418,-10.91899411904219,-9.131479721862818e-15
tight_early,0.0755,2.55945,0.7411101304279545,0.7404943263504852,0.0006158040774693063,-73.62079461727406,63.30874625329409,22.038054174626208,-10.985511484295753,-1.0294934156998591e-15
tight_early,0.076,2.5764,0.7413475190621935,0.7407295052617401,0.0006180138004534541,-74.12022281291269,63.75015184762676,22.10513774178208,-10.994337271234405,-8.789621488088794e-15
tight_early,0.079,2.6780999999999997,0.742571350118499,0.7419405620094408,0.0006307881090581446,-77.09970209254192,66.38448945824389,22.50112580122733,-11.043972604919853,-1.1105453989609712e-14
tight_early,0.0825,2.79675,0.7436065304354801,0.7429611432408229,0.000645387194657232,-80.53868481650426,69.42707001727311,22.949719584451554,-11.095143641979535,-4.802132981922069e-14
tight_early,0.08650000000000001,2.93235,0.7443454695425601,0.7436840558175227,0.0006614137250373631,-84.42012341366821,72.86330900899033,23.44605206153339,-11.145553601037925,-6.250859796564772e-14
tight_early,0.0905,3.0679499999999997,0.7446873167844479,0.7440109331859452,0.000676383598502639,-88.24975937034398,76.25562434816948,23.926333207774892,-11.188187252414355,-8.748639286498897e-14
tight_early,0.095,3.2205,0.7446847538654606,0.7439934192695223,0.0006913345959382866,-92.49677220385935,80.01949085030289,24.44907510231852,-11.227800329492467,-6.70749683204879e-14
tight_early,0.0995,3.37305,0.7443581394856476,0.7436532404974083,0.000704898988239222,-96.67970639042957,83.72804662052343,24.95479501413853,-11.259482003734885,-9.282848141633188e-14
tight_early,0.1,3.39,0.7443053037065895,0.743598969223589,0.0007063344830005036,-97.1405657190079,84.13671341582913,25.010000928541693,-11.262549656139251,-9.231170821780232e-14
tight_early,0.10400000000000001,3.5256000000000003,0.7437843492379229,0.7430671631871643,0.0007171860507586558,-100.79961264408816,87.38177656333734,25.444965508585177,-11.284062264647106,-8.954216357112022e-14
tight_early,0.109,3.6951,0.7429373288179876,0.7422078544860718,0.0007294743319157249,-105.3047909957401,91.37797273569502,25.972958785782705,-11.303932671251467,-8.517000196475974e-14
tight_early,0.114,3.8646,0.741944700270231,0.7412042300319449,0.0007404702382860506,-109.7353265212116,95.3083689960756,26.484986791507687,-11.316825036339646,-9.271774430236123e-14
tight_early,0.11950000000000001,4.05105,0.7407628293405766,0.7400114914704952,0.0007513378700814144,-114.52485421305882,99.55726481280165,27.031479075131024,-11.32387818340327,-9.08170363785531e-14
tight_early,0.124,4.2036,0.739775169586354,0.739015828047837,0.0007593415385169777,-118.37971601839344,102.97674024910648,27.466708192112527,-11.324716594777653,-8.313982154196513e-14
tight_early,0.125,4.2375,0.7395570115685668,0.7387959889540496,0.0007610226145171595,-119.22869892356871,103.72978113368423,27.56206455164728,-11.324350772808659,-8.286269955768445e-14
tight_early,0.131,4.4409,0.7382845072280805,0.7375140857385695,0.0007704214895110084,-124.26535156922056,108.19668701970598,28.12448477222846,-11.318306136975218,-9.201529244979749e-14
tight_early,0.137,4.6443,0.7371180872082569,0.7363393110776745,0.0007787761305824148,-129.20617228204102,112.57737996133702,28.671436033953785,-11.306304402171973,-1.3001183233836152e-13
tight_early,0.14350000000000002,4.86465,0.736032655647126,0.7352458889603216,0.000786766686804441,-134.45422785106194,117.22874747317928,29.248229063574325,-11.287502796731218,-1.2398714411688727e-13
tight_early,0.148,5.0172,0.7354160647020866,0.7346243385795437,0.0007917261225429684,-138.02582581727097,120.39304650909847,29.63880849201603,-11.271404845263834,-1.4880708424036397e-13
tight_early,0.1505,5.1019499999999995,0.7351272888417207,0.7343329876546961,0.0007943011870246153,-139.98879050807253,122.13168664928202,29.852922109383137,-11.2614852629378,-1.3138612017177793e-13
tight_early,0.1575,5.33925,0.734542597853858,0.7337417061331466,0.0008008917207114052,-145.40641107378542,126.92827447279488,30.442273935899223,-11.230395628775408,-1.2994597929145158e-13
tight_early,0.165,5.5935,0.7343133681350511,0.7335063178053569,0.0008070503296941922,-151.08635969522538,131.9537766065982,31.058444704367407,-11.19235529793474,-1.3899748196145613e-13
tight_early,0.17200000000000001,5.8308,0.7344985751208679,0.7336864529204974,0.0008121222003705242,-156.2758794051974,136.54202240108378,31.620686250905496,-11.153142793871256,-1.2682688391461241e-13
tight_early,0.17250000000000001,5.8477500000000004,0.7345271477378119,0.7337146550426172,0.0008124926951946776,-156.642543574045,136.8660750277862,31.66040400153719,-11.150220800235653,-1.2366206687265007e-13
tight_early,0.181,6.1358999999999995,0.7353362639740589,0.7345160750426843,0.000820188931374588,-162.79628070255578,142.30196290068477,32.32720969596564,-11.09837581905192,-3.1917609830941143e-14
tight_early,0.1895,6.424049999999999,0.7367656944643395,0.735938726792809,0.0008269676715304541,-168.80443175766894,147.6040237687153,32.979308938113945,-11.042962222367395,-1.127922111159303e-13
tight_early,0.196,6.6444,0.7382849431277102,0.7374538354002781,0.0008311077274321121,-173.3047268389377,151.57179308965368,33.46898272330937,-10.998595138624932,-1.2714972756401664e-13
tight_early,0.198,6.7122,0.7388273847588833,0.7379950823176797,0.0008323024412035807,-174.6735012275951,152.77794901273938,33.61818833593239,-10.984641038758859,-1.365973402273639e-13
tight_early,0.20750000000000002,7.03425,0.7418872175811105,0.741049709229065,0.0008375083520455462,-181.0759548341965,158.41553526875558,34.31814043035114,-10.91667115568099,-1.6889371073998243e-13
tight_early,0.2175,7.37325,0.745969151772438,0.745126802359404,0.0008423494130340714,-187.64466645690132,164.19191036104954,35.040455753222744,-10.84257285501144,-1.1790624974036533e-13
tight_early,0.22,7.457999999999999,0.7471268376549177,0.7462833669906105,0.0008434706643072332,-189.2604884508057,165.6115867284442,35.21888982650224,-10.823704737149988,-1.4202513400804904e-13
tight_early,0.2275,7.71225,0.7509259095162772,0.7500796168145272,0.0008462927017500732,-194.0467682087653,169.81386079639105,35.749381643595655,-10.766394614406705,-1.90689070009762e-13
tight_early,0.23850000000000002,8.08515,0.757372542173457,0.7565225339452017,0.0008500082282552057,-200.90618732278875,175.82818588341556,36.515229584720764,-10.680705611402239,-1.274472601294381e-13
tight_early,0.244,8.2716,0.7609792813401443,0.7601276474336357,0.0008516339065085532,-204.26703994188316,178.77132487172335,36.8930977206315,-10.637255003037938,-1.248633941367904e-13
tight_early,0.2495,8.45805,0.7648370767693081,0.763983973686197,0.0008531030831111508,-207.5835498927988,181.67319111775493,37.26780625363402,-10.593463504903776,-1.7326978113730104e-13
tight_early,0.2615,8.86485,0.7741073616079797,0.7732514938611563,0.0008558677468233356,-214.67098390553974,187.86610297224598,38.07505751258679,-10.496925085431736,-1.3699959260649794e-13
tight_early,0.268,9.0852,0.7796058542308154,0.77874865715559,0.0008571970752253577,-218.4279470052887,191.14407333620983,38.50678405506784,-10.444161728833285,-9.287755347370529e-14
tight_early,0.2735,9.271650000000001,0.784513598002742,0.7836553803208632,0.0008582176818787701,-221.563447981493,193.8771750091322,38.86923109617177,-10.399302743490017,-8.97400019112044e-14
tight_early,0.28650000000000003,9.71235,0.7970173966488815,0.796156973224042,0.000860423424839496,-228.82183725398826,200.19454206907756,39.71609375328316,-10.292641595148254,-1.5779831785054204e-13
tight_early,0.292,9.8988,0.8026796815823037,0.8018176379784671,0.0008620436038366819,-231.83020854566047,202.80888754049613,40.07043897235149,-10.247300329208597,-8.627051820614612e-14
tight_early,0.3,10.17,0.8112990419594394,0.8104327481896555,0.0008662937697838657,-236.14209371976636,206.5518074830921,40.581892433349125,-10.181173448485135,-6.134753346508178e-14
tight_early,0.3145,10.66155,0.8280297087938336,0.827157292586968,0.0008724162068656227,-243.77141679954426,213.16192607073327,41.49757896883544,-10.060930947437305,-1.8620015398917328e-13
tight_early,0.316,10.712399999999999,0.8298392056312206,0.8289663865797191,0.0008728190515014944,-244.54740604008222,213.8333356751671,41.591508441128994,-10.048471689633963,-1.809037871029536e-13
tight_early,0.329,11.1531,0.8461158942222144,0.8452404030045677,0.00087549121764674,-251.17241032404598,219.55843863343236,42.39961150102756,-9.940399407409286,-7.926597694847322e-14
tight_early,0.34,11.526,0.8606910427706366,0.85981372274212,0.0008773200285165927,-256.6422410095808,224.2755678232549,43.07538570819028,-9.848898799122233,-3.147115686898832e-14
tight_early,0.34450000000000003,11.678550000000001,0.8668567298466169,0.8659787287872419,0.0008780010593749665,-258.8452345946666,226.1728728504176,43.34981282270415,-9.811472349667921,-1.4567803596994272e-14
tight_early,0.361,12.2379,0.8904248435931661,0.8895440842043809,0.0008807593887851795,-266.75719788737155,232.97469787353523,44.3464135785779,-9.674369480537266,5.661869621233618e-14
tight_early,0.364,12.339599999999999,0.8948657430767835,0.8939846981882678,0.000881044888515703,-268.16854892300336,234.18597165693552,44.526036743403964,-9.649474779147937,7.638275826190459e-14
tight_early,0.378,12.8142,0.9161906024067781,0.9153083143476399,0.0008822880591381477,-274.64845781010035,239.73914846559614,45.3581118548603,-9.53349419600854,9.147027124137042e-14
tight_early,0.388,13.1532,0.9320014344101877,0.931118393661958,0.0008830407482296465,-279.17289256904786,243.60849144434948,45.946411117299874,-9.450891598939686,1.4769984736763841e-13
tight_early,0.396,13.4244,0.9449787617372172,0.944095150337561,0.0008836113996562034,-282.7321769698827,246.64771459097895,46.41354073781343,-9.384983208572299,1.696780932979109e-13
tight_early,0.41200000000000003,13.966800000000001,0.9717586034547527,0.9708740962812521,0.0008845071735006371,-289.69582598298473,252.58168259802312,47.33872221335336,-9.253704732110604,1.0702576456134696e-13
tight_early,0.41450000000000004,14.05155,0.9760376920752262,0.9751530631196886,0.0008846289555375364,-290.76575402384236,253.49195866729616,47.482212270668036,-9.233263851002247,1.0208062360140916e-13
tight_early,0.434,14.7126,1.0102335385457457,1.0093482210674085,0.0008853174783371998,-298.9493851075217,260.4415076689653,48.591792123240886,-9.07456646361714,8.315534080171215e-14
tight_early,0.436,14.7804,1.013819259836149,1.0129338754750565,0.0008853843610925338,-299.77290252521607,261.1395607470476,48.70464441691421,-9.05836876327078,9.441249725797528e-14
tight_early,0.4545,15.40755,1.0476272469118664,1.046741402470908,0.0008858444409582944,-307.2562504717646,267.47194207544425,49.74034871188763,-8.909298913096428,5.06317579602483e-14
tight_early,0.46,15.594,1.0578898134929453,1.0570038854822883,0.0008859280106570111,-309.4354843168695,269.3122909219818,50.045455130257885,-8.8652578498879,2.4851258584297014e-14
tight_early,0.47600000000000003,16.136400000000002,1.088252628340576,1.08736649425937,0.0008861340812060803,-315.66080041483434,274.5602005842235,50.9258738382798,-8.737907513409574,6.489587445668996e-15
tight_early,0.484,16.4076,1.1037005658622001,1.102814363819944,0.0008862020422562011,-318.71139690957955,277.12675162808375,51.36213878878932,-8.67467914347353,-5.4528112462733994e-14
tight_early,0.4985,16.89915,1.1321166498180855,1.131230394487865,0.0008862553302204645,-324.13877018930367,281.68459891841013,52.14627382732412,-8.56087216194276,4.086500829601223e-14
tight_early,0.508,17.2212,1.1510052732915306,1.1501190161259995,0.0008862571655310347,-327.62546262938025,284.6070001791818,52.65546393362602,-8.486882467301589,2.7682747486931256e-14
tight_early,0.522,17.6958,1.1791998034964326,1.178313482755783,0.0008863207406495377,-332.6671772200369,288.82482699988697,53.39936434940733,-8.378700646501636,1.7466269299478485e-15
tight_early,0.532,18.0348,1.1995808771610108,1.198693932641546,0.0008869445194648051,-336.1999381870514,291.7746594525854,53.926040729209454,-8.302068062101732,-2.139309917450144e-13
tight_early,0.5465,18.526349999999997,1.2294596622637028,1.2285706785130701,0.0008889837506327325,-341.2243054272368,295.9619292355426,54.682869158312506,-8.191922288104989,-2.3180686181308856e-13
tight_early,0.556,18.8484,1.2492261837981424,1.2483362609098851,0.0008899228882572885,-344.4548762886099,298.6492416250797,55.17436407670748,-8.120393152267193,-1.855087450252423e-13
tight_early,0.5725,19.40775,1.2838798451694837,1.2829885451996337,0.0008912999698500457,-349.95429008071477,303.21476088256617,56.019894278958965,-7.997376535610591,-1.382992806419718e-13
tight_early,0.58,19.662,1.2997544298526231,1.2988627113260762,0.000891718526546903,-352.4084256438771,305.2484202674395,56.400845858748916,-7.941977770985084,-1.5958199216076718e-13
tight_early,0.5995,20.32305,1.3413440704205397,1.3404518795596008,0.0008921908609389462,-358.6601989212726,310.41860286517124,57.38152489468134,-7.799476959020191,-2.0636836027058787e-13
tight_early,0.604,20.4756,1.3510004308896466,1.3501081002735829,0.0008923306160637523,-360.0770823053545,311.5882610960912,57.605839127723954,-7.766909818186856,-1.793561199012296e-13
tight_early,0.6275000000000001,21.27225,1.4017328367851516,1.4008394627728447,0.0008933740123069356,-367.32441656910515,317.55883950723154,58.765207378571674,-7.598790853924953,-2.618296314973825e-13
tight_early,0.628,21.289199999999997,1.4028172462660282,1.4019238525970033,0.0008933936690249666,-367.475901189011,317.6834184873766,58.78965619754313,-7.595249643311505,-2.6688138412374466e-13
tight_early,0.652,22.1028,1.4550705758811777,1.4541765238489257,0.0008940520322520129,-374.61867435558986,323.54730305910374,59.952581991323676,-7.427034170988244,-3.860365021798993e-13
tight_early,0.6575,22.28925,1.4670940578685643,1.4661998467964137,0.0008942110721505969,-376.22084561133175,324.85984587362145,60.21617167991383,-7.388972095406714,-3.9808217197433326e-13
tight_early,0.676,22.9164,1.507640883504897,1.506746442845844,0.0008944406590529752,-381.5180825221675,329.1922256130414,61.09488383835449,-7.262280486382181,-3.492309446652276e-13
tight_early,0.6885,23.340149999999998,1.5351106608675775,1.534216118870066,0.0008945419975114888,-385.0190686419468,332.04937746474366,61.681750339602736,-7.177843043529145,-4.0810346198964297e-13
tight_early,0.7000000000000001,23.73,1.5604210116777988,1.5595264161527005,0.0008945955250982962,-388.1858243693777,334.6295212054352,62.21681859713445,-7.100989017038758,-4.736792813577956e-13
tight_early,0.721,24.441899999999997,1.6067002924937919,1.605805545298951,0.0008947471948408392,-393.838590961488,339.2250834364136,63.18200187213153,-6.962688801757749,-4.324863939005849e-13
tight_early,0.724,24.543599999999998,1.6133152917127764,1.6124205284590187,0.0008947632537577022,-394.6327272115973,339.8696563333063,63.31863772238397,-6.9431463156335305,-4.3017014260003276e-13
tight_early,0.748,25.3572,1.666237677816507,1.6653430302111476,0.0008946476053592889,-400.8688421354072,344.9223218755659,64.40059078070045,-6.788727490647768,-2.45713674766142e-13
tight_early,0.755,25.5945,1.6816675148635998,1.6807728703166704,0.0008946445469293351,-402.6493661232382,346.3620136582758,64.71245422849898,-6.744328893219643,-2.7541954104437955e-13
tight_early,0.772,26.1708,1.7191118456996204,1.7182173340113742,0.000894511688246169,-406.9035261410266,349.79651395167076,65.46292781161856,-6.637698288251075,-2.788103765608609e-13
tight_early,0.7905,26.797949999999997,1.7597926684594698,1.758898349560927,0.0008943188985428563,-411.42330984909796,353.4371922066426,66.26858325925882,-6.523567267242183,-3.253957580807919e-13
tight_early,0.796,26.9844,1.771869306092122,1.7709750823602057,0.0008942237319162771,-412.745513272834,354.5006044333021,66.50590082360223,-6.490016901709848,-2.903519286987563e-13
tight_early,0.8200000000000001,27.798000000000002,1.8244492391893399,1.8235553191706249,0.000893920018715022,-418.4029764314186,359.0424026063527,67.52976465044856,-6.34563550621181,-2.2196720206117797e-13
tight_early,0.8280000000000001,28.069200000000002,1.8419268150912056,1.8410330512734698,0.0008937638177357599,-420.2491307593919,360.52154593793335,67.86685061344555,-6.298232740713253,-2.77563746430629e-13
tight_early,0.844,28.6116,1.8767972170414686,1.875903726796174,0.0008934902452946147,-423.88358127715844,363.4292092345909,68.53477734445234,-6.204501575088406,-2.43797658906479e-13
tight_early,0.867,29.391299999999998,1.9267016950805256,1.925808613649283,0.0008930814312426705,-428.9765410851198,367.49412633241747,69.48046699944196,-6.072243633090152,-2.1184426342505093e-13
tight_early,0.868,29.4252,1.9288650149058102,1.9279719515808378,0.0008930633249724096,-429.19453339006884,367.66786408447064,69.52120023940775,-6.066558982228492,-2.1302531970772715e-13
tight_early,0.892,30.238799999999998,1.980609537498989,1.9797169867228315,0.0008925507761574636,-434.342619653579,371.76478780039514,70.48929778243479,-5.931748942527818,-2.874606665922377e-13
tight_early,0.908,30.7812,2.0149072811293203,2.014015078373515,0.0008922027558053713,-437.6873736453123,374.4203274510554,71.12464726014076,-5.843585987510123,-2.606513046654811e-13
tight_early,0.916,31.0524,2.031992667419442,2.0311006281252837,0.0008920392941584865,-439.3342446893155,375.7260188937119,71.43933721160899,-5.800010787879899,-2.2997180479374657e-13
tight_early,0.9400000000000001,31.866,2.0829804511484085,2.0820889801456595,0.0008914710027490003,-444.17546303432334,379.557246498581,72.3715881369599,-5.671282621071672,-2.062767147978982e-13
tight_early,0.9510000000000001,32.2389,2.106209402930509,2.105318180132432,0.0008912227980770737,-446.34566993205414,381.2712599722944,72.79299916562533,-5.613271025732916,-2.3552173483330005e-13
tight_early,0.964,32.6796,2.1335429288289736,2.132652019777105,0.0008909090518685048,-448.8720076432806,383.2638394477289,73.28632206581048,-5.545501850481436,-2.5553027154304827e-13
tight_early,0.988,33.4932,2.183653852564149,2.182763206252709,0.0008906463114399799,-453.42931521866893,386.8508721495164,74.1838119040181,-5.422605628612551,-3.26304236625764e-13
tight_early,0.9955,33.74745,2.199217366265742,2.1983265091837216,0.0008908570820205242,-454.82574260911787,387.94806694608764,74.46078436028961,-5.3847821880752855,-3.6956883092350856e-13
tight_early,1.012,34.306799999999996,2.233291101049945,2.232399141442347,0.0008919596075980252,-457.852548825162,390.3231477136394,75.0643314548612,-5.302531201895887,-3.8130067576185403e-13
tight_early,1.036,35.1204,2.282432591180752,2.281539207359885,0.0008933838208671219,-462.1466180155445,393.6852185424888,75.92815493183987,-5.185216251423982,-3.2548699201152196e-13
tight_early,1.0425,35.34075,2.2956540618935413,2.2947602326439136,0.0008938292496276645,-463.2879811120001,394.5773820387603,76.15926958403338,-5.153910278149305,-3.1501387444669135e-13
tight_early,1.06,35.934,2.3310596303692126,2.3301653405312663,0.0008942898379462605,-466.3161968281444,396.9414047420994,76.77555649578731,-5.070599069210717,-2.9678510325620945e-13
tight_early,1.084,36.7476,2.3791562196398757,2.3782617730721207,0.0008944465677549474,-470.36574014264966,400.09581084128075,77.60680982071028,-4.958618746268924,-3.324295962703142e-13
tight_early,1.092,37.0188,2.3950681487750614,2.3941737835872714,0.0008943651877899583,-471.68965362785735,401.1253420114095,77.88035294613891,-4.921867546103428,-3.466763756044293e-13
tight_early,1.108,37.5612,2.4267090681015286,2.425814815328388,0.0008942527731408134,-474.29949838859847,403.1523408184518,78.42218769508955,-4.849215309614142,-3.712944842828816e-13
tight_early,1.1320000000000001,38.3748,2.473706857967177,2.472812654908028,0.0008942030591487793,-478.12153081488225,406.11471164668154,79.22196165873152,-4.742329835622458,-3.2296345762146515e-13
tight_early,1.1435,38.764649999999996,2.4960268117558124,2.4951326722455462,0.0008941395102661787,-479.9144703970011,407.5018562657631,79.59973604085515,-4.6919892373713035,-2.9752488627912637e-13
tight_early,1.156,39.188399999999994,2.5201394318129635,2.519245169420299,0.0008942623926646576,-481.83571750640334,408.986465538248,80.00640167481174,-4.6379045372358,-3.1367272253624206e-13
tight_early,1.18,40.001999999999995,2.565997985629211,2.565103772408231,0.0008942132209801557,-485.4457703218046,411.77098106777373,80.7757758372745,-4.535882810835026,-3.540227052960356e-13
tight_early,1.1975,40.59525,2.5990703867170026,2.5981763565686453,0.0008940301483573165,-488.0144957871518,413.74821500994705,81.32743255901984,-4.46297542524607,-3.5526779982982067e-13
tight_early,1.204,40.815599999999996,2.6112752405584607,2.610381278065398,0.0008939624930626167,-488.95524288844337,414.4714833167895,81.53035011258154,-4.4362092628619045,-3.645730052528363e-13
tight_early,1.228,41.6292,2.6559653487021415,2.655071776508344,0.0008935721937977092,-492.3675397542306,417.0910531448013,82.2703881135323,-4.338829727594339,-3.24417301041362e-13
tight_early,1.252,42.4428,2.7000636744262194,2.699170518883402,0.0008931555428173255,-495.6859247765298,419.6326356693758,82.9961509020905,-4.243691276052848,-2.5426972947372913e-13
tight_early,1.254,42.5106,2.703711706753178,2.702818580053763,0.0008931266994149922,-495.95831685016515,419.8410031471336,83.0559948855353,-4.235862602449748,-2.604355998098249e-13
tight_early,1.276,43.2564,2.7435665812728356,2.7426738130230746,0.0008927682497610334,-498.9135288300019,422.0990480384684,83.70789681863977,-4.150742214082888,-3.359382644699839e-13
tight_early,1.3,44.07,2.7864713274886017,2.785578931188072,0.0008923963005296187,-502.05335691203413,424.49298657715326,84.40588133596194,-4.059932069892668,-3.235189965155772e-13
tight_early,1.313,44.51069999999999,2.809460928064851,2.8085687577940264,0.0008921702708244439,-503.718473062225,425.7603607985385,84.77829985932968,-4.011618837848865,-3.132911912089885e-13
tight_early,1.324,44.8836,2.828775997574819,2.827884028136698,0.0008919694381210874,-505.10829471216647,426.81703337956935,85.09035693598604,-3.97121157525192,-3.0253965673432777e-13
tight_early,1.348,45.6972,2.8704795589731673,2.869588069340871,0.0008914896322962385,-508.08111470037136,429.07366240382373,85.76157300654714,-3.884532640658479,-1.61870915439089e-13
tight_early,1.372,46.5108,2.911581756791199,2.910690762077054,0.0008909947141448882,-510.9744817803423,431.2652451177951,86.41977575563057,-3.7998483310062214,-9.368567832340762e-14
tight_early,1.375,46.6125,2.9166772619604613,2.9157863285741126,0.0008909333863487134,-511.3306948427043,431.5347336807828,86.50114823635921,-3.789400745863479,-9.68042851013771e-14
tight_early,1.3960000000000001,47.324400000000004,2.952082998088691,2.951192492320025,0.0008905057686661166,-513.7909585499343,433.39405574003354,87.0652081412363,-3.717112839015357,-1.3557343346509288e-13
tight_early,1.42,48.138,2.9919842918464803,2.9910942689675006,0.0008900228789796572,-516.5330102053697,435.46227611426207,87.69810981537071,-3.6362814552954488,-1.397551242428715e-13
tight_early,1.44,48.815999999999995,3.024778195893654,3.0238885764279786,0.0008896194656755618,-518.7629149765066,437.14102214369655,88.21612638799644,-3.5703449787582655,-1.0533094180589285e-13
tight_early,1.444,48.9516,3.0312872118341874,3.030397673452821,0.000889538381366517,-519.2030091231792,437.472000253409,88.31871708060292,-3.5573105373798284,-1.0910935722127056e-13
tight_early,1.468,49.7652,3.069993862400055,3.0691048132114536,0.0008890491886015539,-521.8032391502131,439.425238585233,88.92726285742899,-3.4801574792372216,-1.694099568111846e-13
tight_early,1.492,50.5788,3.108106838480865,3.1072182785386246,0.0008885599422403523,-524.3358996277852,441.32392192676264,89.52397666084653,-3.4047806812851324,-1.699845102896662e-13
tight_early,1.508,51.121199999999995,3.133187151835761,3.1322989171632454,0.00088823467251542,-525.9878507510426,442.56032152496454,89.91532433708984,-3.35549619384831,-1.9409465506338853e-13
tight_early,1.516,51.392399999999995,3.1456291785777974,3.144741102853608,0.0008880757241893633,-526.8031091721904,443.1699052105208,90.10908458507326,-3.331139520549881,-2.2188625047792617e-13
tight_early,1.54,52.205999999999996,3.1825643257176037,3.181676726332725,0.0008875993848787012,-529.2069092315427,444.9649709833427,90.68280929563863,-3.2591943211055647,-3.7243062522711284e-13
tight_early,1.564,53.0196,3.218916093246257,3.218028962772831,0.0008871304734259233,-531.5492674375588,446.7108326977762,91.24537002786658,-3.1889063253107497,-4.0519822540126925e-13
tight_early,1.5795000000000001,53.54505,3.242085165848991,3.241198332847982,0.000886833001009002,-533.0302781279793,447.8129929079627,91.60285851139176,-3.1443749585268153,-4.120606771464198e-13
tight_early,1.588,53.8332,3.254688637461218,3.253801968745576,0.000886668715641914,-533.8320807688254,448.4091378135079,91.79698259061071,-3.120237666547188,-4.228144139445297e-13
tight_early,1.612,54.6468,3.2898864289896057,3.289000214219616,0.0008862147699897349,-536.0571785405882,450.06147072376217,92.33785937442535,-3.053151343379268,-4.2446344693917966e-13
tight_early,1.6360000000000001,55.4604,3.324514224812047,3.3236284556022038,0.0008857692098431791,-538.2263252339122,451.6693555196201,92.86820936379809,-2.987611193903375,-3.9986686926782037e-13
tight_early,1.6540000000000001,56.0706,3.350114023479878,3.349228581179856,0.0008854423000221878,-539.8174936792037,452.8469842732727,93.2591874517823,-2.9394494646710334,-3.953227315469948e-13
tight_early,1.6600000000000001,56.274,3.3585770435443503,3.3576917112945845,0.0008853322497657246,-540.341223175773,453.2342586047879,93.3882381531152,-2.9235818708350507,-4.0526247305189136e-13
tight_early,1.684,57.087599999999995,3.3920801430731524,3.391195238769913,0.0008849043032395087,-542.4035150807601,454.75759117250516,93.89814796569802,-2.8610288186726702,-4.4673520831562113e-13
tight_early,1.708,57.901199999999996,3.425028997829511,3.4241445125668757,0.0008844852626355149,-544.4147864642841,456.24071155424417,94.39813767509062,-2.799918252483356,-4.2948524316375967e-13
tight_early,1.732,58.7148,3.457429203889218,3.456545202850533,0.0008840010386848007,-546.3765679384684,457.6849274506187,94.88840282824489,-2.7402171375442492,-4.4235280651876976e-13
tight_early,1.756,59.5284,3.4892865228407226,3.48840315635771,0.000883366483012793,-548.2903373998274,459.09149805424744,95.3691356707445,-2.6818931688063152,-4.893005964532921e-13
tight_early,1.78,60.342,3.5206069337386405,3.519724379770768,0.0008825539678727345,-550.1575221010067,460.46163605701884,95.84052517409927,-2.624914750340085,-5.048797184040541e-13
tight_early,1.804,61.1556,3.5513968093804777,3.550515026982011,0.0008817823984665907,-551.9795006179,461.79650955445504,96.30275706526147,-2.5692509748339356,-5.256137110271409e-13
tight_early,1.8135000000000001,61.477650000000004,3.5634393321701445,3.5625577972002183,0.0008815349699262676,-552.6885071824954,462.31540450746746,96.48323435872504,-2.5475738864963433,-5.29532610558755e-13
tight_early,1.828,61.9692,3.5816624127818724,3.580781376526585,0.0008810362552873485,-553.7576047218927,463.0972438543335,96.75601385701765,-2.514871612931352,-5.345703814461948e-13
tight_early,1.852,62.7828,3.611410213342342,3.610529820821372,0.0008803925209699415,-555.4931212228397,464.36492325855204,97.20047487725537,-2.4617470921458002,-5.369072563559394e-13
tight_early,1.8760000000000001,63.5964,3.6406466352285576,3.639766849040908,0.0008797861876495006,-557.187293651232,465.6005926838885,97.63631630229486,-2.4098484859098583,-5.741291599454983e-13
tight_early,1.8995,64.39305,3.6687848743448237,3.6679055557341567,0.0008793186106670348,-558.8072665211722,466.78047168309166,98.05489213029644,-2.360191736481137,-5.958752690297727e-13
tight_early,1.9000000000000001,64.41,3.6693783470871897,3.668499038447274,0.0008793086399156991,-558.8413239348126,466.8052592793978,98.06371118761253,-2.359147493749794,-5.964819463335651e-13
tight_early,1.924,65.22359999999999,3.6976118123656123,3.6967330357096584,0.0008787766559539278,-560.4563739477616,467.9798939155133,98.48282950186926,-2.3096164339107634,-5.638831427526841e-13
tight_early,1.948,66.0372,3.725353883311005,3.7244755523961905,0.0008783309148143736,-562.0335670225762,469.1254326366951,98.89383815989466,-2.261228221616831,-5.220642842079574e-13
tight_early,1.972,66.85079999999999,3.7526111211095077,3.751733347794012,0.0008777733154956557,-563.5739893790967,470.24277803227943,99.29690105750029,-2.213956362888497,-5.136220450643066e-13
tight_early,1.989,67.4271,3.7716288500786757,3.7707513945170668,0.0008774555616088975,-564.6434494916123,471.0176497743148,99.57768449211702,-2.1811333803019597,-5.202843790890131e-13
tight_early,1.996,67.6644,3.7793905166908326,3.7785132248566167,0.0008772918342159208,-565.0786915008481,471.33280055452286,99.69217910652814,-2.1677749353457627,-5.321966603364302e-13
tight_early,2.02,68.478,3.8056987181083626,3.804822015070336,0.0008767030380267826,-566.5486894518186,472.39633977888496,100.07983027015594,-2.122658582151355,-5.799077259535159e-13
tight_early,2.044,69.2916,3.831542790741723,3.8306665759697704,0.0008762147719525437,-567.9849661375298,473.4342056088095,100.46000959889696,-2.0785824942063047,-6.095401513882178e-13
tight_early,2.068,70.1052,3.8569294441170427,3.8560537749869734,0.000875669130069312,-569.3884725186026,474.4471794338384,100.83286926616326,-2.035522406411461,-6.254041383552551e-13
tight_early,2.083,70.61370000000001,3.8725669870703414,3.8716915763605066,0.0008754107098347674,-570.2494329504301,475.0679837319455,101.0622560136985,-2.0091152188527666,-6.264869542020474e-13
tight_early,2.092,70.9188,3.881865705541999,3.880990488870488,0.0008752166715111365,-570.7601287671201,475.4360152313256,101.19855860455242,-1.9934545798867673,-6.240949201348328e-13
tight_early,2.116,71.7324,3.9063583320897175,3.9054835890663293,0.0008747430233881914,-572.1008253852957,476.4014406304741,101.55722414195608,-1.9523557980675152,-6.314261163901812e-13
tight_early,2.14,72.546,3.930414257357165,3.9295399402054927,0.0008743171516725212,-573.4114242664746,477.3441579198404,101.90900963808637,-1.9122033512460799,-6.596247443512444e-13
tight_early,2.164,73.3596,3.9540402744994334,3.9531663903338563,0.000873884165577099,-574.6927597275799,478.2648450263304,102.25405612139551,-1.872975029811505,-6.969705291956346e-13
tight_early,2.1815,73.95285,3.9710004862865715,3.970126906298997,0.0008735799875747574,-575.6090826722314,478.92266722921875,102.5014835107489,-1.8449411614365998,-6.951873398557437e-13
tight_early,2.188,74.17320000000001,3.977243216758544,3.9763697667508846,0.000873450007659482,-575.9456394841891,479.16415643770404,102.59250192591941,-1.8346491126827824,-6.90178249708764e-13
tight_early,2.212,74.9868,4.0000299047080805,3.999156870165144,0.0008730345429364128,-577.1708456043144,480.0427241041439,102.92448272852103,-1.7972043581846606,-6.729562131348309e-13
tight_early,2.236,75.80040000000001,4.022407049370698,4.0215344685171335,0.000872580853564564,-578.3691354069136,480.9011582851115,103.25013158604648,-1.7606199957264839,-6.976473787577061e-13
tight_early,2.2600000000000002,76.614,4.044381488245297,4.0435092934908,0.0008721947544971798,-579.5412423420895,481.7400483783368,103.56957897238226,-1.724875715138016,-7.201588960481537e-13
tight_early,2.2840000000000003,77.4276,4.065959767591035,4.065088033271839,0.0008717343191957383,-580.6878768219806,482.55996370010524,103.88295281579656,-1.6899516606486935,-6.863587964745155e-13
tight_early,2.2845,77.44454999999999,4.066405151333353,4.065533426180356,0.0008717251529963832,-580.711499141968,482.57684747036956,103.88941775615504,-1.6892326583755228,-6.860093348084248e-13
tight_early,2.308,78.24119999999999,4.087148697823774,4.0862773313583025,0.0008713664654713682,-581.8097270318485,483.3614542462161,104.19037853597828,-1.6558284189869106,-6.581084873407534e-13
tight_early,2.332,79.05479999999999,4.107954710827697,4.107083779639874,0.0008709311878227766,-582.9074597006351,484.1450514129155,104.4919790813848,-1.622487014024688,-6.83910275238631e-13
tight_early,2.356,79.8684,4.1283844953579525,4.127513917454625,0.000870577903327785,-583.9817208482322,484.9112686950572,104.7878749664603,-1.5899088958299783,-7.074250160752054e-13
tight_early,2.38,80.68199999999999,4.148444384827339,4.147574226408002,0.0008701584193371303,-585.033136500809,485.66060235260176,105.07818430885645,-1.55807593424054,-7.140247114741104e-13
tight_early,2.392,81.08879999999999,4.158337699946259,4.157467704550289,0.0008699953959698803,-585.5504676028474,486.0290883490576,105.22128029210332,-1.5424333337624563,-7.105669199347269e-13
tight_early,2.404,81.4956,4.1681409371505875,4.167271128840981,0.0008698083096065901,-586.0623133797992,486.39353205128646,105.36302286663509,-1.526970409280655,-7.049625480003168e-13
tight_early,2.428,82.30919999999999,4.187480383687446,4.18661098348388,0.0008694002035660731,-587.0698395659967,487.1105214788749,105.64250407526497,-1.4965750046585486,-6.796709979447253e-13
tight_early,2.452,83.1228,4.206469133779385,4.20560008420635,0.000869049573035241,-588.056285135437,487.8120189336116,105.91673908457801,-1.4668727985456744,-6.617507902011426e-13
tight_early,2.476,83.93639999999999,4.2251133170082245,4.224244656283693,0.0008686607245316225,-589.0222027761446,488.49845789434426,106.18583679554472,-1.4378472574600316,-6.665280419657058e-13
tight_early,2.5,84.75,4.24341916643311,4.242550855633805,0.0008683107993050498,-589.9681283758047,489.1702575618109,106.44990389690064,-1.4094822272723775,-6.858484731966987e-13
tight_early,2.505,84.9195,4.247190848546543,4.246322621818951,0.0008682267275919031,-590.1627282888782,489.308411018819,106.50429440620586,-1.4036545143270742,-6.908864709336132e-13
tight_early,2.524,85.5636,4.261392714379529,4.260524765865064,0.0008679485144647003,-590.894581594733,489.8278233857603,106.7090449017181,-1.3817619268796153,-7.073326304471387e-13
tight_early,2.548,86.3772,4.279039992860099,4.278172397484086,0.0008675953760128863,-591.8020664098985,490.47154756359936,106.96336218367709,-1.3546709398931027,-7.17930660628688e-13
tight_early,2.572,87.1908,4.296366946271712,4.295499685836101,0.0008672604356103619,-592.6910716468544,491.1018095270649,107.21295601332292,-1.3281942076965958,-7.163315270965844e-13
tight_early,2.596,88.0044,4.313379386552907,4.312512489830816,0.0008668967220915036,-593.5620714842414,491.71897640235795,107.45792459395187,-1.3023170222368963,-6.985765856116276e-13
tight_early,2.62,88.818,4.3300831830303945,4.329216591365567,0.0008665916648276095,-594.4155259469677,492.3234034594177,107.69836409738268,-1.277025018466414,-6.978027887249528e-13
tight_early,2.6235,88.93665,4.332493694025497,4.331627155752886,0.0008665382726107396,-594.5385489788617,492.41050534650276,107.7330554389547,-1.2733846508421256,-7.005304597689709e-13
tight_early,2.644,89.6316,4.346483907434225,4.345617693012987,0.0008662144212374656,-595.251881374931,492.9154345372124,107.93436869938118,-1.2523041686488066,-7.332408049762346e-13
tight_early,2.668,90.4452,4.362587338979362,4.361721419182835,0.0008659197965270593,-596.0715708799858,493.49540245818383,108.16603061483221,-1.2281407738466923,-7.573597415937968e-13
tight_early,2.692,91.25880000000001,4.378398867735261,4.377533313139254,0.0008655545960074562,-596.8750147822202,494.06362942186627,108.39344013263882,-1.2045214591448885,-7.340859276327925e-13
tight_early,2.716,92.0724,4.393924106099999,4.393058838125366,0.0008652679746328218,-597.6626210334235,494.6204273863668,108.61668565030878,-1.181433165125996,-7.133405413076127e-13
tight_early,2.74,92.88600000000001,4.409168290431079,4.408303375913386,0.0008649145176935491,-598.4347856235719,495.16609843330707,108.8358537083472,-1.1588631421682738,-7.28401507884498e-13
tight_early,2.7475,93.14025,4.413875334408833,4.413010509758218,0.0008648246506153257,-598.6729813882464,495.33438524842745,108.90352096987235,-1.1519143202944473,-7.343471622040141e-13
tight_early,2.7640000000000002,93.6996,4.424136857042129,4.423272226838513,0.0008646302036154907,-599.1918929733141,495.70093511909107,109.05102902431571,-1.1367989432534171,-7.392096691275046e-13
tight_early,2.7880000000000003,94.5132,4.438834898300397,4.43797060995547,0.0008642883449265781,-599.9343163127185,496.22522081382624,109.26229452662118,-1.1152284177727394,-7.414744679191017e-13
tight_early,2.8120000000000003,95.3268,4.453267668291287,4.452403663227414,0.0008640050638728525,-600.6624180451478,496.7392300254701,109.4697313879501,-1.0941397050442545,-7.420569389291716e-13
tight_early,2.836,96.14039999999999,4.467440126859576,4.466576442426715,0.0008636844328613336,-601.3765501002971,497.24322871391195,109.67341905817324,-1.0735212293606406,-7.344116716040308e-13
tight_early,2.86,96.954,4.481357326732186,4.4804939227539355,0.0008634039782506875,-602.0770542718627,497.7374745901703,109.87343529698543,-1.053361692538338,-7.184837005500332e-13
tight_early,2.8770000000000002,97.5303,4.491063530783524,4.490200348590365,0.0008631821931590622,-602.565181100455,498.0818013556029,110.01293375538435,-1.0393536619412083,-7.0721571660823e-13
tight_early,2.884,97.76759999999999,4.495024106452751,4.494160996198092,0.0008631102546594605,-602.7642625467828,498.22221740647956,110.06985620603875,-1.0336500695367226,-7.054988629105404e-13
tight_early,2.908,98.5812,4.508445298924214,4.507582473858847,0.0008628250653677227,-603.4384974190039,498.6976992325049,110.26275626078767,-1.0143756004291327,-7.114628163660817e-13
tight_early,2.932,99.39479999999999,4.521625638236593,4.520763085672146,0.0008625525644463394,-604.1000721961943,499.16415472466866,110.45220834232352,-0.9955277851249822,-7.180092408316939e-13
tight_early,2.956,100.2084,4.534569734786804,4.533707480986045,0.0008622538007587721,-604.7492912917169,499.6218113815811,110.63828376845417,-0.9770963773316457,-7.05987585381425e-13
tight_early,2.98,101.02199999999999,4.547282236749399,4.54642023181474,0.0008620049346586001,-605.3864505099326,500.070889795026,110.82105232487432,-0.9590713781522574,-7.074645261154713e-13
tight_early,3.004,101.8356,4.5597675291275435,4.558905829195557,0.0008616999319865926,-606.0118373183692,500.511603886281,111.00058229536374,-0.9414430340792547,-7.505045250175416e-13
tight_early,3.013,102.1407,4.564391865517932,4.56353026866283,0.0008615968551017872,-606.2433795742846,500.6747577916622,111.067084769004,-0.9349327177179836,-7.690288936421922e-13
tight_early,3.028,102.6492,4.572030155439409,4.571168687440371,0.000861467999037302,-606.6257311132246,500.9441611371071,111.17694049143655,-0.9242018278779156,-7.798094927564246e-13
tight_early,3.052,103.4628,4.584074321366794,4.583213139834614,0.0008611815321799554,-607.2284034734814,501.3687628088447,111.3501922818037,-0.9073384773315851,-7.589159508971207e-13
tight_early,3.076,104.2764,4.595904400916135,4.595043439877584,0.0008609610385512667,-607.8201184080277,501.78560415385124,111.52040162098486,-0.8908439269300422,-7.445482447941561e-13
tight_early,3.1,105.09,4.607524442382024,4.606663765484501,0.0008606768975232271,-608.4011325929561,502.1948746205984,111.68763107847784,-0.874709340634914,-7.582676424758329e-13
tight_early,3.124,105.9036,4.618938668926753,4.6180782168842205,0.0008604520425326001,-608.9716956012343,502.59675805032623,111.85194186729454,-0.8589260995015182,-7.590910578114335e-13
tight_early,3.148,106.7172,4.6301509908545855,4.629290823221959,0.0008601676326263075,-609.5320501243541,502.9914328688908,112.01339387218766,-0.8434857935016592,-7.416431781697118e-13
tight_early,3.1550000000000002,106.95450000000001,4.633383823940848,4.632523717257738,0.0008601066831106507,-609.6935980361321,503.10521353722737,112.05995399924655,-0.8390457830833119,-7.368093519866803e-13
tight_early,3.172,107.5308,4.641165488010478,4.640305542911835,0.0008599450986430668,-610.0824321857817,503.37907227046793,112.17204567760665,-0.8283802193802825,-7.325493716516308e-13
tight_early,3.196,108.34440000000001,4.6519859523379585,4.651126256828569,0.0008596955093898018,-610.6230713485982,503.7598443920374,112.32795459361444,-0.8136013802243683,-7.325696889793952e-13
tight_early,3.22,109.158,4.662616263632299,4.6617567753342835,0.0008594882980155205,-611.1541909143323,504.13391248246506,112.48117668238281,-0.7991414751805869,-7.274869049644652e-13
tight_early,3.244,109.97160000000001,4.673060104546682,4.672200827595466,0.0008592769512159038,-611.6760081173999,504.50143506229074,112.63176678341873,-0.784992900713403,-7.214110085334706e-13
tight_early,3.2680000000000002,110.7852,4.683321127482682,4.682462070069204,0.0008590574134776929,-612.1887343105813,504.86256607913265,112.77977853892834,-0.7711482374098172,-7.141360891401416e-13
tight_early,3.2920000000000003,111.5988,4.6934029359865415,4.6925440932881886,0.0008588426983529018,-612.692575145864,505.21745506396076,112.92526442110051,-0.7576002459083676,-7.093259622948685e-13
tight_early,3.3040000000000003,112.0056,4.698377733794788,4.697519000467386,0.0008587333274023834,-612.9412263043897,505.39260435025545,112.99707624330254,-0.7509352887001882,-7.078087446294653e-13
tight_early,3.3160000000000003,112.4124,4.703309012417071,4.702450419613009,0.000858592804061864,-613.1877307475697,505.56624727507284,113.06827575666955,-0.7443418645589449,-7.049790139834448e-13
tight_early,3.34,113.22599999999998,4.7130428991242495,4.712184518533294,0.0008583805909552211,-613.6743958807585,505.9090838467232,113.20886275313094,-0.7313662005616097,-7.079910954376527e-13
tight_early,3.364,114.0396,4.722607941927171,4.721749786411245,0.0008581555159254961,-614.1527601131779,506.2461019215853,113.347074522089,-0.7186665440844257,-7.193873992739717e-13
tight_early,3.388,114.85319999999999,4.732007539737605,4.731149554169705,0.0008579855679000659,-614.623007973737,506.57743477645477,113.48295910015662,-0.706236348703949,-7.280918345508914e-13
tight_early,3.412,115.6668,4.741244886828288,4.74038707566555,0.0008578111627377538,-615.0853191039678,506.9032119468271,113.61656347223891,-0.6940692394319886,-7.202824981036279e-13
tight_early,3.436,116.48039999999999,4.75032318810119,4.749465520818969,0.0008576672822204756,-615.5398684064169,507.223559338998,113.74793359159756,-0.6821590033589773,-7.124009624813664e-13
tight_early,3.46,117.294,4.759245447997467,4.758388011963435,0.0008574360340318776,-615.9868261855959,507.5385993549327,113.8771144050999,-0.6704995624726066,-7.159624042904815e-13
tight_early,3.4605,117.31095,4.759429692548304,4.758572260821598,0.0008574317267058262,-615.9960582757735,507.54510710998625,113.87978270828772,-0.6702592816781329,-7.160563980362365e-13
tight_early,3.484,118.10759999999999,4.768014859532026,4.767157607730464,0.0008572518015617092,-616.426358284924,507.8484510099666,114.00414987750766,-0.6590849948190247,-7.146273280337498e-13
tight_early,3.508,118.9212,4.776634299625784,4.77577733094897,0.0008569686768140627,-616.8586262189668,508.15323004729487,114.12908301411767,-0.6479095114960246,-7.096840840229685e-13
tight_early,3.532,119.73479999999999,4.785106960787032,4.784250169051195,0.0008567917358366373,-617.2837873005498,508.4530490527668,114.25195588493986,-0.6369674681049937,-7.113339467978364e-13
tight_early,3.556,120.5484,4.793435650216646,4.792579018284235,0.0008566319324110339,-617.7019947674514,508.74801753647284,114.37280963827563,-0.6262533890120952,-7.153296857258045e-13
tight_early,3.58,121.362,4.801623242910153,4.800766716748802,0.0008565261613506792,-618.1133979022875,509.0382420281773,114.49168451994873,-0.61576192908904,-7.11853368200921e-13
tight_early,3.604,122.1756,4.809672466757752,4.808815995866529,0.0008564708912235375,-618.5181421510302,509.3238261571376,114.60861988935983,-0.6054878995999519,-7.042867150715735e-13
tight_early,3.6235,122.83664999999999,4.816112291777451,4.815255947798782,0.0008563439786684057,-618.842191677741,509.5525161110329,114.70222835681291,-0.597296842305354,-7.034938503435156e-13
tight_early,3.628,122.9892,4.817585814682594,4.816729515027995,0.0008562996545986579,-618.9163692357182,509.60487073515014,114.72365423668354,-0.5954262210867807,-7.041668632895097e-13
tight_early,3.652,123.8028,4.825366038203561,4.824509924076373,0.0008561141271883344,-619.3082172599428,509.8814738825726,114.83682521512672,-0.5855719136794453,-7.042673234988034e-13
tight_early,3.676,124.6164,4.833015647300483,4.8321598345309855,0.0008558127694975326,-619.6938208141228,510.1537311077486,114.94816965830572,-0.5759201173998851,-6.981781442344051e-13
tight_early,3.7,125.43,4.840537417644774,4.8396818924735525,0.0008555251712216716,-620.07331107476,510.4217354178283,115.05772360714667,-0.5664660577407301,-6.90058906696929e-13
tight_early,3.724,126.2436,4.847934068043506,4.847078658105696,0.0008554099378104141,-620.4468159035744,510.68557738841906,115.16552232496522,-0.5572051517035391,-6.90253658208426e-13
tight_early,3.748,127.05720000000001,4.855207912060213,4.854352611006519,0.0008553010536944683,-620.814459949237,510.9453451846948,115.27160029673975,-0.5481329211904058,-6.917437247262391e-13
tight_early,3.7720000000000002,127.8708,4.862361542225919,4.861506106669644,0.000855435556275097,-621.1763647389051,511.2011246406505,115.37599124824033,-0.5392450433153614,-6.888425199856785e-13
tight_early,3.795,128.6505,4.86910599832867,4.868250521829837,0.0008554764988328856,-621.517914309123,511.44258140033276,115.47448004494308,-0.5308966143223642,-6.901573836144026e-13
tight_early,3.7960000000000003,128.6844,4.869396792482113,4.868541324076231,0.0008554684058816875,-621.5326487731509,511.4529992834666,115.47872814805376,-0.5305373342925966,-6.90453792471696e-13
tight_early,3.8200000000000003,129.498,4.87631571609312,4.875460505719186,0.000855210373933879,-621.8834276067739,511.70105045521484,115.57984324146382,-0.5220055841848594,-6.934417247981189e-13
tight_early,3.844,130.3116,4.883120873861329,4.882265869726839,0.0008550041344896897,-622.2288139271341,511.94535743329106,115.67936808355236,-0.5136457199818201,-6.968420811478216e-13
tight_early,3.868,131.12519999999998,4.88981411675762,4.888959752016053,0.0008543647415670819,-622.5689176340378,512.1859975057196,115.77733356025684,-0.5054536799218531,-6.959021873151703e-13
tight_early,3.892,131.9388,4.896398738703499,4.89554460061453,0.0008541380889690586,-622.9038459118404,512.4230460926681,115.87376992307773,-0.4974255032901318,-6.93749135640548e-13
tight_early,3.916,132.7524,4.902876734732884,4.902022595648429,0.0008541390844554186,-623.2337033208336,512.6565766659908,115.96870676058255,-0.48955751009062304,-6.973386504433238e-13
tight_early,3.94,133.566,4.909250143036136,4.908395827527534,0.0008543155086018217,-623.5585918740551,512.886660775479,116.06217300495969,-0.48184607885532427,-7.065852536240178e-13
tight_early,3.964,134.37959999999998,4.915520972100431,4.914666027720924,0.0008549443795073941,-623.8786111151022,513.1133680522676,116.1541969240684,-0.474287833512103,-7.179232479584061e-13
tight_early,3.974,134.7186,4.918103523976434,4.9172485414247475,0.0008549825516865894,-624.0105385218518,513.2068489369071,116.19212111952244,-0.47118299315231155,-7.177958285510781e-13
tight_early,3.988,135.1932,4.921689600335608,4.920834772298445,0.000854828037162747,-624.193858192886,513.3367662084091,116.24480611973473,-0.46687936295874977,-7.139291607730254e-13
tight_early,4.0120000000000005,136.0068,4.927758577949339,4.926903922868671,0.0008546550806682873,-624.5044278996742,513.5569213648632,116.33402762347905,-0.4596171657987286,-7.048385482243044e-13
tight_early,4.0360000000000005,136.8204,4.933729170052371,4.93287546201138,0.0008537080409904974,-624.8104127380528,513.7738980813544,116.42188790338415,-0.4524977846736661,-7.128195262350111e-13
tight_early,4.0600000000000005,137.63400000000001,4.939604511351901,4.93875190057696,0.0008526107749418088,-625.111902969382,513.9877595402287,116.50841293333096,-0.44551760360000925,-7.254728213542472e-13
tight_early,4.0840000000000005,138.44760000000002,4.945388485062003,4.9445353782693955,0.0008531067926078606,-625.4089866823442,514.1985675221459,116.59362817799617,-0.43867363952776706,-7.189226087135126e-13
tight_early,4.108,139.26119999999997,4.951081530596841,4.9502275828455025,0.0008539477513389571,-625.7017499053494,514.4063819568273,116.67755845927553,-0.43196292790723684,-7.06844889709662e-13
tight_early,4.132,140.07479999999998,4.956685446497645,4.955829981971635,0.0008554645260101523,-625.9902766372102,514.6112612203709,116.76022804870863,-0.42538264989704383,-6.951053550963352e-13
tight_early,4.156,140.8884,4.962199114647075,4.961343734007112,0.0008553806399627106,-626.2746489132902,514.8132620857285,116.8416606489909,-0.4189300874214024,-6.991490694556214e-13
tight_early,4.1615,141.07485,4.9634501629072725,4.96259500874435,0.000855154162922922,-626.339240858404,514.8591543861121,116.86015050603778,-0.41746902500085814,-7.022896889288421e-13
tight_early,4.18,141.702,4.967625045684342,4.966770674964328,0.0008543707200132644,-626.5549468224783,515.0124401008667,116.92187948560657,-0.412602089029896,-7.125422593814267e-13
tight_early,4.204,142.51559999999998,4.972965716302691,4.972112647308082,0.0008530689946093517,-626.831248553038,515.2088496873968,117.00090733100843,-0.40639581805840735,-7.15249499219376e-13
tight_early,4.228,143.3292,4.978224563739989,4.977371596747995,0.0008529669919941085,-627.1036304654458,515.4025439649533,117.07876647451683,-0.40030837727565816,-7.070736039225572e-13
tight_early,4.252,144.1428,4.983402859290652,4.982549017860744,0.0008538414299081865,-627.3721671464375,515.5935747509227,117.15547872663774,-0.39433731326149557,-6.937205552373549e-13
tight_early,4.276,144.95639999999997,4.988501425321582,4.987646180836082,0.0008552444854998953,-627.6369314788722,515.7819923962527,117.23106538681937,-0.3884801233631167,-7.014200458792893e-13
tight_early,4.3,145.76999999999998,4.9935206018219205,4.992664242496057,0.0008563593258639202,-627.8979946658403,515.9678460356066,117.30554728696194,-0.3827344142314627,-7.173527972078858e-13
tight_early,4.324,146.5836,4.9984608369161,4.997604806539283,0.0008560303768163635,-628.1554262639227,516.1511837276907,117.37894483639381,-0.37709749362189665,-7.19986749796581e-13
tight_early,4.348,147.3972,5.0033246037548835,5.0024698476793805,0.0008547560755030048,-628.4092941998993,516.3320527317936,117.45127809067978,-0.3715667748940829,-6.893802749711395e-13
tight_early,4.358,147.73619999999997,5.005329316890546,5.0044751537698815,0.0008541631206648859,-628.5140365632822,516.406697233546,117.48110751851175,-0.36929303500500105,-6.73951756991654e-13
tight_early,4.372,148.21079999999998,5.008115296667045,5.007261410731965,0.0008538859350801786,-628.6596648396813,516.5104992728263,117.52256670876426,-0.3661397311766248,-6.663502188612684e-13
tight_early,4.396,149.02439999999999,5.012835148354727,5.011980482407938,0.0008546659467887352,-628.9066030615853,516.6865682713888,117.5928298790616,-0.3608146064564146,-6.802493287786919e-13
tight_early,4.42,149.838,5.017482851523018,5.016627564534312,0.000855286988705295,-629.1501723375665,516.8603029940783,117.66208623327674,-0.35558932525359926,-6.915266372416705e-13
tight_early,4.444,150.6516,5.022059096916786,5.021203934213429,0.0008551627033570597,-629.3904346700152,517.031746066871,117.73035410493135,-0.350461567573061,-6.877314784580776e-13
tight_early,4.468,151.46519999999998,5.026565910570076,5.025711258408494,0.0008546521615819813,-629.6274506461198,517.200939331753,117.79765147305348,-0.34542890027757167,-6.76482706319825e-13
tight_early,4.492,152.2788,5.031005591583604,5.0301512127995505,0.0008543787840533668,-629.8612794677579,517.3679239255852,117.86399598662946,-0.34048923165651757,-6.859729015770355e-13
tight_early,4.516,153.0924,5.035380284440379,5.034525238800969,0.0008550456394100792,-630.0919790253437,517.5327399217512,117.9294049078506,-0.33564056545639936,-7.10690659041659e-13
tight_early,4.54,153.906,5.039690470033937,5.038834041152639,0.0008564288812982213,-630.3196059531277,517.6954261735522,117.99389507240986,-0.3308812516809274,-7.197534826121301e-13
tight_early,4.564,154.71959999999999,5.043936195358791,5.0430783644418975,0.0008578309168933984,-630.5442156464798,517.8560204952566,118.05748293014982,-0.32620941448410545,-7.015931821356836e-13
tight_early,4.588,155.5332,5.048117328325359,5.047259343707308,0.0008579846180509776,-630.7658622644618,518.0145599773198,118.12018461108005,-0.321622980230018,-6.841759966101054e-13
tight_early,4.612,156.3468,5.052236481455324,5.051378810043525,0.0008576714117989326,-630.9845987260235,518.1710813444504,118.18201600531022,-0.31711981369290354,-6.963662571576606e-13
tight_early,4.636,157.1604,5.05629613415587,5.05543829648094,0.0008578376749301952,-631.2004767866437,518.3256205322214,118.24299267933064,-0.3126981284266907,-7.118948728062103e-13
tight_early,4.66,157.974,5.060297536671195,5.05943866564754,0.0008588710236550057,-631.4135470976196,518.4782124106414,118.3031298271619,-0.3083564745354603,-7.012988748110058e-13
tight_early,4.684,158.7876,5.064240349782471,5.06338042560986,0.0008599241726114926,-631.6238592434045,518.6288907198652,118.36244226072816,-0.30409331157836567,-7.056214200630956e-13
tight_early,4.708,159.6012,5.068124867840379,5.067264312404612,0.0008605554357670187,-631.8314617270582,518.7776885105994,118.42094448801126,-0.2999069591471112,-7.278174083049893e-13
tight_early,4.732,160.4148,5.071951889721442,5.0710918279502595,0.0008600617711822522,-632.0364019716151,518.9246384186526,118.4786507822986,-0.29579540138516774,-7.44354350598517e-13
tight_early,4.756,161.2284,5.07572399436158,5.074864638248734,0.0008593561128460436,-632.2387263432186,519.0697727174327,118.53557519628235,-0.2917569322470028,-7.266458335931255e-13
tight_early,4.7795000000000005,162.02505000000002,5.079367096914419,5.078507187238937,0.0008599096754817737,-632.4343445969986,519.2101544545388,118.59056930821147,-0.28787197851208457,-7.01501355359892e-13
tight_early,4.78,162.042,5.079444072478718,5.078584135106688,0.0008599373720299397,-632.438480218616,519.2131229262144,118.59173148696439,-0.28779005945544905,-7.010307837003759e-13
tight_early,4.804,162.8556,5.083111972056238,5.082250524529545,0.0008614475266925936,-632.6357080611906,519.354719334637,118.6471330175258,-0.2838937664419816,-7.021556411922837e-13
tight_early,4.828,163.6692,5.08672717207373,5.085863832418065,0.0008633396556652073,-632.8304534208789,519.4945912526915,118.70179280982934,-0.28006680922312804,-7.31212355274412e-13
tight_early,4.852,164.4828,5.090288126401159,5.089424991903634,0.0008631344975249533,-633.0227589079967,519.6327675070413,118.75572364769846,-0.27630725483867336,-7.423883732943136e-13
tight_early,4.876,165.2964,5.093796425094468,5.09293598478794,0.0008604403065284316,-633.2126661372126,519.7692772337292,118.80893824168011,-0.2726133534080084,-7.377742997967972e-13
tight_early,4.9,166.11,5.097254921605042,5.096397861994311,0.0008570596107304596,-633.4002158775519,519.9041486743906,118.8614489720228,-0.26898390686648804,-7.398996933678669e-13
tight_early,4.924,166.9236,5.1006620265699665,5.099811327742867,0.0008506988270990945,-633.5854480712691,520.0374092304705,118.9132679339291,-0.26541776538694795,-7.506476359794511e-13
tight_early,4.948,167.7372,5.104020291084608,5.103176918368145,0.0008433727164636196,-633.7684018428839,520.1690855293108,118.96440695371639,-0.2619137217743665,-7.541858456907944e-13
tight_early,4.972,168.5508,5.10733010928123,5.10649532157127,0.0008347877099605938,-633.9491154933055,520.2992036302201,119.01487761616205,-0.2584704315046034,-7.446879713380436e-13
tight_early,4.996,169.36440000000002,5.110593743663403,5.10976749232192,0.000826251341482731,-634.1276265074553,520.4277892453354,119.0646912983009,-0.2550865438583435,-7.374515918381479e-13
tight_early,5.005,169.6695,5.111806300628077,5.110982856039489,0.0008234445885877406,-634.1940077858569,520.4756189300474,119.08320433688003,-0.2538326250302964,-7.369413747609837e-13
tight_early,5.02,170.17799999999997,5.1138142327674245,5.112994472673661,0.0008197600937638327,-634.3039715845995,520.5548676449481,119.11385916410622,-0.25176075178043966,-7.387116549407084e-13
tight_early,5.044,170.99159999999998,5.116994069884808,5.116177042710892,0.0008170271739160739,-634.4781866686337,520.6804635021823,119.16239214590472,-0.2484919367416655,-7.414102129041993e-13
tight_early,5.068,171.80519999999999,5.120131491928252,5.119315820193886,0.0008156717343652531,-634.6503069803583,520.8046008614753,119.21030094031669,-0.24527900123899155,-7.353124108857392e-13
tight_early,5.092,172.6188,5.1232276492412,5.122411478953932,0.0008161702872682142,-634.8203670287016,520.9273032690212,119.25759602596032,-0.24212078732522269,-7.252153788670706e-13
tight_early,5.116,173.43239999999997,5.126282107578116,5.125464884852512,0.0008172227256038056,-634.9884006014393,521.0485939263983,119.30428769086798,-0.2390161309738114,-7.29073060897266e-13
tight_early,5.14,174.24599999999998,5.129294275078957,5.1284769949737585,0.0008172801051982148,-635.1544407964593,521.1684956461763,119.35038603470132,-0.23596388944382585,-7.438767444446395e-13
tight_early,5.164,175.0596,5.132266713355586,5.131448504334185,0.0008182090214008397,-635.3185200483347,521.2870306713331,119.39590094671037,-0.23296306537389208,-7.443763550223552e-13
tight_early,5.188,175.8732,5.135198233006309,5.1343798207676645,0.0008184122386447612,-635.480670155097,521.4042206169186,119.44084209447749,-0.2300127355307076,-7.225239561887752e-13
tight_early,5.212,176.68679999999998,5.138090122622288,5.137271422397362,0.0008187002249266939,-635.6409222822655,521.5200866222941,119.48521894203536,-0.22711185966592598,-7.098188228472026e-13
tight_early,5.236,177.50039999999998,5.140942768001143,5.140124153954411,0.0008186140467314473,-635.799306943757,521.6346496455158,119.52904079693633,-0.22425934473998693,-7.356331283284823e-13
tight_early,5.2415,177.68685,5.141590988045375,5.140772556574796,0.0008184314705790285,-635.8353435506696,521.6607223364103,119.53900610130879,-0.2236123304740275,-7.437834277919546e-13
tight_early,5.26,178.314,5.143757208501631,5.142939162515933,0.0008180459856976796,-635.9558540215288,521.7479304526571,119.57231682342349,-0.22145409203509045,-7.617154880660109e-13
tight_early,5.284,179.12759999999997,5.146535628800107,5.145717196566776,0.0008184322333315563,-636.1105928143559,521.8599492442136,119.61505599427463,-0.21869522756480936,-7.406110130408662e-13
tight_early,5.308,179.94119999999998,5.149277378616021,5.148458361565681,0.0008190170503397098,-636.2635520793655,521.9707254541107,119.65726705558025,-0.2159820687591248,-6.954669251789119e-13
tight_early,5.332,180.7548,5.151982599469394,5.151162737606206,0.00081986186318872,-636.4147600282746,522.080277958875,119.69895854774678,-0.21331374074021486,-7.076684712734467e-13
tight_early,5.356,181.5684,5.154649200200905,5.153831259319205,0.0008179408817001743,-636.5642442737319,522.1886257036182,119.74013889809402,-0.21068906866032627,-7.699730200301755e-13
tight_early,5.38,182.38199999999998,5.157280450277678,5.156465263590429,0.0008151866872490032,-636.7120318314404,522.2957877533333,119.78081644875546,-0.20810710705718885,-7.710030995754721e-13
tight_early,5.404,183.19559999999998,5.159877633680631,5.159065182044545,0.0008124516360865641,-636.8581492400257,522.4017823128513,119.82099931328686,-0.20556720406718654,-7.587060102843238e-13
tight_early,5.428,184.0092,5.162440983073943,5.161631279110319,0.000809703963624564,-637.002622543394,522.5066270243037,119.86069542673788,-0.2030686285365693,-7.597473932801259e-13
tight_early,5.452,184.8228,5.164969492136295,5.16416397529094,0.0008055168453555694,-637.1454772819533,522.6103392006422,119.89991257231475,-0.20061051571198124,-7.658531913549941e-13
tight_early,5.476,185.63639999999998,5.1674640397488085,5.166663913569949,0.0008001261788592728,-637.2867384850908,522.712935989459,119.93865840104922,-0.19819199184664185,-7.66500049388582e-13
tight_early,5.489,186.0771,5.168802891657978,5.168004647152552,0.0007982445054262044,-637.3625983084074,522.7680495502058,119.95945160074349,-0.19689819538852107,-7.649561109611952e-13
tight_early,5.5,186.45,5.169928737821611,5.169131849468338,0.0007968883532738502,-637.4264306776977,522.8144343430097,119.976940434534,-0.1958122503768987,-7.633671986687277e-13
tight_early,5.524,187.2636,5.172364267323389,5.171568328498758,0.0007959388246314703,-637.5645779185353,522.9148507932746,120.01476603991786,-0.19347058615762427,-7.66113804271404e-13
tight_early,5.548,188.0772,5.174769136540043,5.1739736915405885,0.0007954449994542756,-637.7012038250813,523.0142014315612,120.05214242928685,-0.19116634422542247,-7.741578146659205e-13
tight_early,5.572,188.89079999999998,5.177144544483003,5.1763483321335615,0.0007962123494413831,-637.836331572761,523.1125020140403,120.08907667433442,-0.1888987834793875,-7.777430343376114e-13
tight_early,5.596,189.7044,5.179489358866842,5.178692867586874,0.000796491279968059,-637.9699838827356,523.209768135921,120.12557572867144,-0.1866671142691393,-7.706002269228438e-13
tight_early,5.62,190.518,5.181804606626573,5.181008072821241,0.0007965338053317339,-638.1021830281232,523.3060152684998,120.1616464336988,-0.18447060125332684,-7.651922924620864e-13
tight_early,5.644,191.3316,5.18409160793558,5.183294469162748,0.0007971387728318291,-638.2329508679187,523.4012584790187,120.19729548903865,-0.18230863097510758,-7.730590311535729e-13
tight_early,5.668,192.1452,5.186349472776909,5.185552135729974,0.0007973370469347429,-638.3623088823928,523.495512287153,120.23252943838725,-0.1801807074167399,-7.834019949906406e-13
tight_early,5.692,192.9588,5.188578755900511,5.18778123945043,0.0007975164500804155,-638.4902781610235,523.5887908644444,120.26735469351877,-0.1780861574884113,-7.78742091219321e-13
tight_early,5.716,193.7724,5.190778590010414,5.18998256685495,0.0007960231554635655,-638.6168793638581,523.681108452566,120.30177758219345,-0.17602410404571342,-7.639990324684987e-13
tight_early,5.74,194.586,5.192950000812886,5.19215697661958,0.000793024193306735,-638.7421327309934,523.7724793270917,120.335804347487,-0.17399396696494987,-7.66247786343833e-13
tight_early,5.7485,194.87415,5.193712861668385,5.192920729726561,0.0007921319418242589,-638.7861738416501,523.804615421326,120.34776165519062,-0.17328250513922938,-7.699366822334105e-13
tight_early,5.764,195.3996,5.195094444182492,5.194304898964367,0.0007895452181250207,-638.8660581599132,523.8629172120462,120.36944108876472,-0.1719952419325773,-7.772634594802791e-13
tight_early,5.788,196.2132,5.197212560305294,5.196426361732849,0.0007861985724453291,-638.9886752127421,523.9524352809184,120.40269375716689,-0.17002746360953203,-7.766866380142172e-13
tight_early,5.812,197.0268,5.199304304105824,5.198521541323978,0.0007827627818457472,-639.1100030918504,524.0410464584506,120.43556819055952,-0.16809001583496966,-7.669178587984493e-13
tight_early,5.836,197.8404,5.2013700578401405,5.200590982089741,0.0007790757503993717,-639.2300606216845,524.1287636501601,120.46807014115598,-0.16618218754102362,-7.635802401377052e-13
tight_early,5.86,198.654,5.2034121141106455,5.202635404444391,0.0007767096662547601,-639.3488662532283,524.2155997579356,120.50020528009087,-0.16430338035303296,-7.702018546651122e-13
tight_early,5.884,199.4676,5.205431572727462,5.204655366089694,0.0007762066377674515,-639.4664381061856,524.3015673936553,120.53197916996213,-0.16245309134139166,-7.679287110446971e-13
tight_early,5.9079999999999995,200.28119999999998,5.207427172610707,5.20665099922772,0.0007761733829871886,-639.5827940054833,524.3866786886523,120.56339724737092,-0.16063093131147274,-7.527682318259628e-13
tight_early,5.9319999999999995,201.09479999999996,5.209399381448003,5.20862237717647,0.000777004271533599,-639.6979514681113,524.4709454242652,120.5944648363727,-0.1588364153493485,-7.445962756637343e-13
tight_early,5.9559999999999995,201.90839999999997,5.211347388781335,5.21057007709197,0.0007773116893652343,-639.8119276697566,524.5543793954248,120.62518718490507,-0.15706883348051234,-7.525591425790486e-13
tight_early,5.9799999999999995,202.72199999999998,5.213272429873697,5.212494915618466,0.0007775142552315373,-639.9247394392086,524.6369925331558,120.65556947966165,-0.15532765798962858,-7.529958887288151e-13
tight_early,6.004,203.5356,5.215175347341023,5.214397369492164,0.0007779778488590239,-640.0364033218798,524.718796391998,120.68561680035472,-0.1536125009800496,-7.330552805102423e-13
tight_early,6.0195,204.06105,5.21639200940554,5.215614003994821,0.0007780054107193735,-640.1079171716653,524.7712030375473,120.70484665114446,-0.15251851303082356,-7.227642881782352e-13
tight_early,6.0280000000000005,204.3492,5.217054937607108,5.216277193444949,0.000777744162158811,-640.1469356261616,524.7998018169966,120.71533408268864,-0.15192308007794406,-7.195783562933984e-13
tight_early,6.052,205.16279999999998,5.218911082041096,5.2181344595423615,0.0007766224987344472,-640.2563523631412,524.8800195147642,120.74472617991279,-0.15025887199266286,-7.175310935022863e-13
tight_early,6.0760000000000005,205.9764,5.22074395623641,5.21996963930737,0.0007743169290401752,-640.3646692316795,524.9594602638742,120.77379787752538,-0.14861927041202783,-7.195152233455368e-13
tight_early,6.1,206.79,5.2225546210776965,5.221783383034803,0.0007712380428932519,-640.471901629242,525.0381348734531,120.80255389417,-0.1470037553456425,-7.194505217691794e-13
tight_early,6.1240000000000006,207.6036,5.224344278847831,5.223576216237325,0.0007680626105059929,-640.5780646808428,525.1160539638736,120.83099886950691,-0.1454119362996826,-7.168992333007935e-13
tight_early,6.148,208.41719999999998,5.226113650812489,5.225348357930385,0.0007652928821038074,-640.6831732696752,525.1932277463956,120.85913734428712,-0.14384346307638998,-7.153209604532323e-13
tight_early,6.172,209.2308,5.227863136445388,5.227099888549821,0.0007632478955663657,-640.7872420297563,525.2696661344972,120.88697376453638,-0.14229798072681313,-7.154837585033073e-13
tight_early,6.196,210.0444,5.22959335511879,5.228831101686434,0.0007622534323559194,-640.8902853293845,525.3453789432813,120.91451250058793,-0.14077501279757612,-7.15158400385641e-13
tight_early,6.22,210.85799999999998,5.231303987382686,5.230542463003756,0.0007615243789302895,-640.9923172719595,525.4203759758759,120.94175785850666,-0.13927409941865704,-7.124548658355062e-13
tight_early,6.244,211.67159999999998,5.23299595185219,5.232234412453944,0.0007615393982458585,-641.0933517170656,525.4946669060301,120.96871407550067,-0.13779485201054886,-7.098086552315592e-13
tight_early,6.268,212.4852,5.234669218781362,5.233907137308034,0.0007620814733284575,-641.1934023016781,525.568261075473,120.99538530238277,-0.1363369388688393,-7.116877893439186e-13
tight_early,6.292,213.29879999999997,5.2363230055800285,5.235560637193051,0.0007623683869777409,-641.2924824425719,525.641167534857,121.02177560130755,-0.13490005639889635,-7.148805635467768e-13
tight_early,6.304,213.7056,5.237142812523611,5.236380241117554,0.0007625714060566224,-641.3416627235955,525.677365680904,121.0348666532197,-0.13418936940993875,-7.148920002800085e-13
tight_early,6.316,214.11239999999998,5.2379578496877155,5.2371951531503615,0.0007626965373539463,-641.3906053142335,525.7133952799994,121.04788896683449,-0.13348377944929618,-7.119196165933268e-13
tight_early,6.34,214.926,5.23957366330999,5.238811282538558,0.0007623807714320918,-641.4877838409819,525.7849534004469,121.07372934570282,-0.13208762262847373,-7.038225514355509e-13
tight_early,6.364,215.7396,5.241171801029147,5.240409646013719,0.0007621550154279788,-641.584030716645,525.855850954109,121.09930063434447,-0.13071122579405003,-7.032518275758468e-13
tight_early,6.388,216.55319999999998,5.24275208007313,5.241990347759138,0.0007617323139914589,-641.6793584503197,525.9260965411592,121.12460664054235,-0.12935438362197474,-7.127337132010394e-13
tight_early,6.412,217.36679999999998,5.244313931251976,5.243553110753948,0.0007608204980282807,-641.7737793744592,525.9956982707238,121.14965106727354,-0.12801685278345898,-7.14897368216634e-13
tight_early,6.436,218.1804,5.24585738830703,5.24509812452157,0.0007592637854596518,-641.8673055917029,526.0646643372822,121.1744375678045,-0.12669818886154438,-7.10482740983094e-13
tight_early,6.46,218.994,5.2473832533471265,5.246625989141158,0.0007572642059683332,-641.9599489679917,526.1330031169737,121.19896976159173,-0.12539792143177972,-7.082651025876496e-13
tight_early,6.484,219.80759999999998,5.248892168156287,5.2481372912449915,0.0007548769112952769,-642.0517211565189,526.2007229740915,121.22325122143528,-0.12411574776221206,-7.125158143634454e-13
tight_early,6.508,220.6212,5.250384989936913,5.249632292515077,0.000752697421836146,-642.1426336353389,526.267831939291,121.24728544525081,-0.12285145668707856,-7.157584190495564e-13
tight_early,6.532,221.4348,5.2518617462685295,5.251110891569865,0.0007508546986647602,-642.232697723412,526.3343375974401,121.27107584337202,-0.12160482582957738,-7.125937692130084e-13
tight_early,6.556,222.2484,5.253322180022424,5.252573068623095,0.0007491113993296494,-642.3219245528525,526.4002474046099,121.2946257639467,-0.12037554708032829,-7.088392280885526e-13
tight_early,6.58,223.06199999999998,5.2547664428895775,5.254019168985934,0.0007472739036433751,-642.4103250497669,526.465568910909,121.31793851400163,-0.11916320615709859,-7.089572325664306e-13
tight_early,6.6015,223.79084999999998,5.256046767017521,5.255301387996735,0.0007453790207856414,-642.4888242570624,526.5235927640745,121.33862413241259,-0.11809125142716033,-7.123604092122557e-13
tight_early,6.604,223.8756,5.256194953106585,5.255449691718053,0.0007452613885314818,-642.4979099409743,526.5303097295731,121.34101736091596,-0.11796745779599947,-7.126914987840074e-13
tight_early,6.628,224.6892,5.2576081849267355,5.256865002604257,0.0007431823224788303,-642.5846897780242,526.5944773383945,121.36386551916964,-0.1167880769350073,-7.132484953600012e-13
tight_early,6.652,225.5028,5.259006645483368,5.2582652080903225,0.0007414373930458851,-642.6706749619375,526.6580788794745,121.38648613377326,-0.11562484321922246,-7.098052429109224e-13
tight_early,6.676,226.3164,5.260390477546225,5.259650283998674,0.0007401935475508381,-642.7558757361974,526.721121262783,121.40888228545376,-0.11447752803996357,-7.092793136006458e-13
tight_early,6.699999999999999,227.12999999999997,5.2617600367632065,5.261020455391482,0.0007395813717243627,-642.8403021639922,526.7836114000633,121.4310570100101,-0.11334579068895939,-7.105640242887593e-13
tight_early,6.724,227.9436,5.263115183337707,5.262376120448121,0.0007390628895853624,-642.9239641281894,526.8455562610725,121.45301330514285,-0.11222931757713833,-7.070786599411591e-13
tight_early,6.747999999999999,228.75719999999995,5.264456715539591,5.263717613858766,0.0007391016808249162,-643.0068713518343,526.9069627238298,121.47475412204784,-0.11112788018384756,-6.997432051823223e-13
tight_early,6.772,229.5708,5.265784463186019,5.2650449731941125,0.000739489991906872,-643.0890334237331,526.9678373409779,121.49628234798402,-0.11004129203400398,-7.002527383958984e-13
tight_early,6.795999999999999,230.38439999999997,5.26709775504989,5.266358052139411,0.0007397029104785346,-643.1704597966594,527.0281864022222,121.51760080842394,-0.10896936184660327,-7.092919683055993e-13
tight_early,6.82,231.198,5.268396917129589,5.267657063726403,0.0007398534031866077,-643.2511597515546,527.0880162772731,121.53871229256664,-0.10791175455805768,-7.136839198155187e-13
tight_early,6.843999999999999,232.01159999999996,5.269682174210381,5.2689426524298755,0.0007395217805052923,-643.3311423856544,527.1473335688455,121.55961956826447,-0.10686809902499542,-7.037077794389973e-13
tight_early,6.868,232.8252,5.270954776468205,5.270215387272296,0.0007393891959086574,-643.4104166420115,527.2061448716807,121.58032536927968,-0.10583821167598187,-6.926943806070842e-13
tight_early,6.8919999999999995,233.63879999999997,5.272214354087039,5.271475127365186,0.0007392267218531146,-643.4889913726237,527.2644562019908,121.60083235475469,-0.10482205675594086,-6.978590254339252e-13
tight_early,6.9135,234.36765,5.2733309098041286,5.2725921831668305,0.000738726637298015,-643.55879439706,527.3162733750261,121.61903648362185,-0.10392327842044231,-6.978433175633021e-13
tight_early,6.916,234.4524,5.273460007821298,5.272721375180068,0.0007386326412301969,-643.5668753340823,527.3222730635795,121.62114310678763,-0.10381946110405227,-6.974746678605722e-13
tight_early,6.9399999999999995,235.26599999999996,5.274691884088714,5.2739543116738545,0.0007375724148594998,-643.6440771028454,527.379601274598,121.64126018504743,-0.10283004512555383,-6.923858620591945e-13
tight_early,6.964,236.0796,5.275910776195125,5.275174608839247,0.0007361673558774484,-643.7206050748608,527.4364469871363,121.66118613920422,-0.10185344263971792,-6.900857223863655e-13
tight_early,6.9879999999999995,236.89319999999998,5.277117416747603,5.27638283221858,0.0007345845290229747,-643.7964675047313,527.4928163455883,121.680923490017,-0.10088949865473294,-6.93357511156857e-13
tight_early,7.0120000000000005,237.70680000000002,5.2783122605162465,5.2775790888232885,0.0007331716929579457,-643.8716725509488,527.5487150880332,121.70047470039938,-0.09993814865978883,-6.948339330514846e-13
tight_early,7.036,238.52039999999997,5.279495416654972,5.278763087513018,0.0007323291419538691,-643.9462282861974,527.6041484702298,121.71984216413367,-0.09899926065233403,-6.922700465905138e-13
tight_early,7.0600000000000005,239.334,5.280666696454537,5.279934757980283,0.0007319384742539015,-644.020142647518,527.6591217537502,121.73902823756109,-0.09807258581234012,-6.914415662144562e-13
tight_early,7.084,240.14759999999998,5.281826372887044,5.281094582763684,0.0007317901233596658,-644.0934234120624,527.7136404806988,121.75803526089479,-0.0971577467668174,-6.922093692173e-13
tight_early,7.1080000000000005,240.96120000000002,5.282974928564946,5.2822431240323064,0.0007318045326396572,-644.1660782146122,527.7677103366403,121.77686555502231,-0.09625455301746438,-6.898385965899388e-13
tight_early,7.132,241.77479999999997,5.284112819696245,5.283380503494905,0.0007323162013399553,-644.2381145983412,527.8213366840625,121.79552139283179,-0.09536297505752922,-6.845253038613746e-13
tight_early,7.156000000000001,242.5884,5.28523909002183,5.284506223660421,0.0007328663614085684,-644.309540047229,527.8745242656737,121.814004972635,-0.09448296741859047,-6.847131318952193e-13
tight_early,7.18,243.402,5.2863528623904505,5.285619931868507,0.0007329305219432314,-644.3803619332184,527.9272777264206,121.8323184498072,-0.09361431114018103,-6.904325569099041e-13
tight_early,7.204,244.2156,5.287454680495319,5.286722326210686,0.000732354284632919,-644.4505874474372,527.9796022912134,121.85046398774932,-0.09275650531411056,-6.924135440430513e-13
tight_early,7.228,245.02919999999997,5.288545876850767,5.287814295245938,0.0007315816048292234,-644.5202236311629,528.031503496771,121.86844374579819,-0.09190931615967678,-6.907095973242832e-13
tight_early,7.24,245.436,5.289087581036474,5.288356488771853,0.0007310922646217577,-644.5548229011239,528.0572969930422,121.87737212111873,-0.09148972426449743,-6.906783836883714e-13
tight_early,7.252,245.84279999999998,5.2896268064598555,5.288896142103026,0.000730664356829891,-644.5892774472376,528.0829865349779,121.88625983913022,-0.09107278476678698,-6.91322391752246e-13
tight_early,7.276,246.6564,5.290697578039942,5.289967598941549,0.0007299790983932297,-644.6577558100423,528.1340559879175,121.9039143186372,-0.09024689757010931,-6.940841251978754e-13
tight_early,7.3,247.46999999999997,5.291757468861065,5.291028207164529,0.0007292616965361987,-644.7256655547792,528.1847161231135,121.92140917783263,-0.08943153900171062,-6.957194543355512e-13
tight_early,7.324,248.28359999999998,5.292806354278796,5.292078048961585,0.0007283053172111309,-644.7930133821865,528.2349714418526,121.93874639215427,-0.08862640285814005,-6.954094108974584e-13
tight_early,7.348,249.0972,5.293844859768103,5.2931176705385345,0.0007271892295683813,-644.8598058537317,528.2848267464738,121.95592793224165,-0.08783115444447603,-6.933855307100187e-13
tight_early,7.372,249.9108,5.2948741824268275,5.294147544275484,0.0007266381513435505,-644.9260494200585,528.3342868856223,121.97295575079454,-0.08704567208220673,-6.924102910666866e-13
tight_early,7.396,250.72439999999997,5.295894504199383,5.295167713443038,0.0007267907563450748,-644.9917504666419,528.3833563471567,121.98983175575393,-0.08626992282500977,-6.94462583021106e-13
tight_early,7.42,251.53799999999998,5.2969049935047545,5.296177862785576,0.0007271307191789589,-645.0569153182244,528.4320392514708,122.00655780253601,-0.08550387299615061,-6.957325755300454e-13
tight_early,7.444,252.3516,5.297905346174264,5.297177955330225,0.0007273908440383892,-645.1215501962384,528.4803397501765,122.0231357186479,-0.08474731725506933,-6.933373465162406e-13
tight_early,7.468,253.1652,5.298895943835523,5.2981686756211,0.0007272682144234821,-645.1856611837879,528.528262375946,122.03956733415198,-0.0839998506882905,-6.908122490641947e-13
tight_early,7.492,253.97879999999998,5.299877798761589,5.299150645850258,0.0007271529113310748,-645.2492542532451,528.5758117953781,122.05585447092508,-0.08326136720707901,-6.930944513907813e-13
tight_early,7.516,254.7924,5.300851242186794,5.300123624228414,0.0007276179583799447,-645.312335341098,528.6229921224398,122.07199889399497,-0.08253205110763823,-6.97406945950614e-13
tight_early,7.54,255.606,5.3018141853474265,5.301086684021281,0.0007275013261454077,-645.3749103797238,528.6698066440848,122.08800228146212,-0.08181186180114884,-6.944585675429427e-13
tight_early,7.564,256.4196,5.302767492716372,5.302040378803969,0.0007271139124025439,-645.436985126298,528.7162594307847,122.10386634151055,-0.08110026719253792,-6.942214170724303e-13
tight_early,7.582,257.02979999999997,5.303476988594625,5.302749962492076,0.0007270261025489333,-645.4832162575843,528.750864309455,122.11567398037522,-0.08057206975309954,-6.960432578894228e-13
tight_early,7.588,257.2332,5.303712513416244,5.302985433322173,0.0007270800940704092,-645.4985652078548,528.7623549277141,122.119592780369,-0.08039706690548057,-6.966141828772303e-13
tight_early,7.612,258.0468,5.304649359685967,5.303921917827395,0.0007274418585714315,-645.5596562019094,528.808097217442,122.13518326130809,-0.0797023590125279,-6.970288168583162e-13
tight_early,7.636,258.86039999999997,5.305577115455194,5.304849470401175,0.0007276450540194546,-645.6202636554441,528.8534898600002,122.1506393990064,-0.07901613316062796,-6.952947882027902e-13
tight_early,7.66,259.674,5.306495602316533,5.305768194013301,0.0007274083032315914,-645.6803930206767,528.8985365075557,122.16596279420244,-0.07833808706750445,-6.945762508108528e-13
tight_early,7.684,260.4876,5.307405644030255,5.306678708759336,0.000726935270918716,-645.740049619049,528.9432412520289,122.18115505175341,-0.0776679759732136,-6.958281377909044e-13
tight_early,7.708,261.3012,5.308308111993242,5.307581138702187,0.0007269732910542004,-645.799238709482,528.9876079984001,122.19621774269734,-0.07700589291258406,-6.964805165616564e-13
tight_early,7.731999999999999,262.11479999999995,5.309201919885921,5.308475005438229,0.0007269144476920175,-645.8579655456681,529.03163994528,122.21115237092292,-0.07635176509584612,-6.971674929327746e-13
tight_early,7.756,262.9284,5.310086835189606,5.309360396927531,0.0007264382620748577,-645.91623526933,529.075340602246,122.22596044621534,-0.075705382203165,-6.987713407784641e-13
tight_early,7.779999999999999,263.74199999999996,5.310963336109335,5.310237701250189,0.0007256348591457851,-645.9740529221606,529.1187136891647,122.24064346863126,-0.07506653438447074,-6.997716474867307e-13
tight_early,7.804,264.55559999999997,5.311832168903704,5.3111072551386895,0.0007249137650147119,-646.0314234683054,529.1617629252077,122.25520291756807,-0.07443511933090238,-6.982036076921641e-13
tight_early,7.827999999999999,265.3692,5.312693414505006,5.311969018725701,0.0007243957793043876,-646.0883518268365,529.2044917419202,122.26964023843847,-0.07381113479570835,-6.967397814954852e-13
tight_early,7.852,266.1828,5.3135467833374,5.312822827530992,0.0007239558064080498,-646.1448428652157,529.2469033584516,122.28395684751,-0.07319451321427638,-6.971922923416354e-13
tight_early,7.8759999999999994,266.9964,5.314392138875729,5.313668768624329,0.0007233702514000129,-646.2009013708747,529.289001063266,122.29815414582205,-0.07258506958834966,-6.987884698167647e-13
tight_early,7.9,267.81,5.3152298221686864,5.31450715588623,0.00072266628245643,-646.2565320427452,529.3307883052051,122.31223352418598,-0.071982630758981,-6.991397163947767e-13
tight_early,7.9239999999999995,268.62359999999995,5.316060244880858,5.3153382149429556,0.0007220299379024908,-646.311739512832,529.3722685000931,122.3261963548047,-0.07138712712217714,-6.971524001031315e-13
tight_early,7.9399999999999995,269.166,5.316609845569687,5.315888182701782,0.0007216628679049819,-646.3483116475174,529.3997529674853,122.33544082481812,-0.07099396208345055,-6.96115682413001e-13
tight_early,7.948,269.4372,5.316883474830533,5.316161927091294,0.00072154773923927,-646.3665283676967,529.4134448391029,122.34004398182768,-0.07079852614192085,-6.961287336942646e-13
tight_early,7.9719999999999995,270.25079999999997,5.317699468874919,5.3169782053113,0.0007212635636184572,-646.4209031421385,529.454320356937,122.3537777234939,-0.0702167329804405,-6.976821744142912e-13
tight_early,7.996,271.0644,5.31850821951069,5.31778717731292,0.0007210421977701387,-646.4748682929169,529.4948981893085,122.36739888464054,-0.06964160371855443,-6.960229295420397e-13
tight_early,8.02,271.878,5.319310008658468,5.318589124506151,0.0007208841523169696,-646.5284282017227,529.5351815674798,122.38090875853604,-0.06907299978624513,-6.900987701689787e-13
tight_early,8.044,272.6916,5.320105158795961,5.3193841508574415,0.0007210079385195911,-646.5815871987116,529.575173596834,122.39430861737496,-0.06851086463920412,-6.896542235244014e-13
tight_early,8.068,273.5052,5.3208932195777665,5.320172059407637,0.0007211601701291315,-646.6343495788044,529.6148771192968,122.40759970398405,-0.06795518506811411,-6.988136580541855e-13
tight_early,8.092,274.3188,5.321674073981037,5.320952764314659,0.0007213096663782892,-646.6867195768676,529.6542949468849,122.42078324119491,-0.06740584689679309,-7.022847990683356e-13
tight_early,8.116,275.13239999999996,5.3224476823427205,5.32172665765862,0.000721024684100513,-646.7387013352268,529.6934301851128,122.4338604495876,-0.06686264181430022,-6.885652110513898e-13
tight_early,8.14,275.946,5.323214766101276,5.322494046062055,0.0007207200392205237,-646.7902989357686,529.7322859429383,122.44683253791864,-0.06632549902560421,-6.790821104995587e-13
tight_early,8.164,276.7596,5.323975262026798,5.323254906356717,0.0007203556700812186,-646.8415164316285,529.7708650392553,122.45970068820934,-0.06579438947875184,-6.90482635566466e-13
tight_early,8.188,277.5732,5.324729254757794,5.324009134924883,0.0007201198329109815,-646.8923578295746,529.8091701766533,122.47246606040177,-0.06526927255487709,-7.009754658789857e-13
tight_early,8.212,278.3868,5.325476528623074,5.324756769343502,0.0007197592795726848,-646.9428270740804,529.8472040931173,122.48512979835783,-0.06475004805056672,-6.928647265378246e-13
tight_early,8.236,279.2004,5.326217213953212,5.325497999257266,0.0007192146959464907,-646.9929280447323,529.8849696037596,122.49769303499002,-0.06423659475941944,-6.838483788195677e-13
tight_early,8.26,280.01399999999995,5.326951599821078,5.326232983889481,0.0007186159315972773,-647.0426645709957,529.9224694722936,122.51015688965427,-0.06372880706201381,-6.900000530877753e-13
tight_early,8.284,280.8276,5.327679867748186,5.326961741921219,0.0007181258269666202,-647.0920404406635,529.9597063398478,122.52252246369659,-0.06322662095898855,-6.979893738243978e-13
tight_early,8.308,281.64119999999997,5.328402042150845,5.327684259378902,0.0007177827719431207,-647.1410593923792,529.9966828001926,122.53479084025817,-0.06272998869194173,-6.931251045168338e-13
tight_early,8.315,281.8785,5.328611522437533,5.327893826128563,0.000717696308969451,-647.1552898860036,530.0074189250487,122.53835096189681,-0.06258617481261058,-6.899773209136176e-13
tight_early,8.332,282.45480000000003,5.329118067433453,5.328400610458071,0.0007174569753818361,-647.1897251087648,530.0334014730088,122.54696308739842,-0.062238841183615785,-6.844571305038042e-13
tight_early,8.356,283.2684,5.329827970710762,5.329110929754453,0.0007170409563093116,-647.238041220577,530.0698649745646,122.55904026029945,-0.06175308453189273,-6.868771655835968e-13
tight_early,8.379999999999999,284.08199999999994,5.330531866886519,5.3298153123659455,0.000716554520573176,-647.2860113145725,530.1060758520971,122.57102340076474,-0.06127262592266299,-6.944718558294562e-13
tight_early,8.404,284.8956,5.33122990164087,5.330513790915338,0.0007161107255315713,-647.3336389343482,530.1420365823531,122.58291353566925,-0.060797392758087355,-6.935542131281073e-13
tight_early,8.428,285.7092,5.331922165133842,5.331206401786569,0.0007157633472729685,-647.3809275750883,530.1777496275704,122.59471167661886,-0.060327327313671984,-6.862075252072174e-13
tight_early,8.452,286.52279999999996,5.332608659442709,5.331893230250539,0.0007154291921702693,-647.4278806818619,530.213217459599,122.60641882102934,-0.05986236851525548,-6.854334963931787e-13
tight_early,8.475999999999999,287.33639999999997,5.3332894126435715,5.332574370844694,0.0007150417988777136,-647.4745016550777,530.2484425168647,122.61803595317544,-0.059402444117019726,-6.913662688180905e-13
tight_early,8.5,288.15,5.333964489853531,5.333249880375176,0.0007146094783552215,-647.5207938552479,530.2834271663766,122.62956404432697,-0.05894747507973772,-6.93447422067686e-13
tight_early,8.524000000000001,288.96360000000004,5.334634002732165,5.333919799953451,0.0007142027787141458,-647.5667606004343,530.3181737338493,122.64100405257427,-0.05849738603511815,-6.899221233225299e-13
tight_early,8.548,289.7772,5.335298051345711,5.3345841944842824,0.0007138568614282192,-647.6124051622968,530.352684547981,122.65235692292013,-0.0580521141193388,-6.886211815618844e-13
tight_early,8.572,290.59079999999994,5.33595668759266,5.335243147273112,0.0007135403195475121,-647.6577307677662,530.3869619322746,122.6636235874194,-0.057611604653994994,-6.926123991463466e-13
tight_early,8.596,291.4044,5.336609858856024,5.335896726824234,0.0007131320317901313,-647.7027406041477,530.421008163789,122.67480496528896,-0.05717579810530432,-6.941360790261906e-13
tight_early,8.62,292.21799999999996,5.337257280104715,5.336544989714171,0.0007122903905436573,-647.7474378204129,530.454825469888,122.68590196341069,-0.05674462317091985,-6.900750269795367e-13
tight_early,8.644,293.03159999999997,5.337899415232865,5.337187971059187,0.0007114441736781885,-647.7918255267579,530.488416034726,122.69691547659716,-0.056318013505435714,-6.860013141728085e-13
tight_early,8.668,293.8452,5.338536031754529,5.337825730278024,0.0007103014765048599,-647.8359067913424,530.5217820393297,122.70784638784595,-0.05589590555450975,-6.822076447774936e-13
tight_early,8.692,294.6588,5.33916840556163,5.3384583630777165,0.0007100424839139308,-647.8796846398973,530.5549256671253,122.7186955685083,-0.05547823265793046,-6.739419498133376e-13
tight_early,8.7075,295.18424999999996,5.339573905170498,5.3388642368967,0.0007096682737985915,-647.9077979804414,530.5762137464372,122.725659297304,-0.05521082640250008,-6.660715374620897e-13
tight_early,8.716,295.47239999999994,5.339795417065281,5.339085914867871,0.0007095021974095062,-647.9231620616277,530.587849055666,122.72946387814898,-0.05506495731866356,-6.624779794269728e-13
tight_early,8.74,296.286,5.340418257578017,5.339708412570918,0.0007098450070994744,-647.966342012604,530.620554280942,122.74015216456992,-0.05465602033637254,-6.587034429351657e-13
tight_early,8.764,297.09959999999995,5.341036276786569,5.3403259025057634,0.000710374280805226,-648.0092274090242,530.6530434054473,122.75076126425886,-0.05425135817551141,-6.674620348524681e-13
tight_early,8.788,297.9132,5.3416496167931315,5.3409384637010975,0.000711153092034067,-648.051821127765,530.6853184983736,122.76129200276097,-0.05385090966775181,-6.710187804783059e-13
tight_early,8.812,298.72679999999997,5.342258607241347,5.341546163894324,0.0007124433470231395,-648.0941260085443,530.7173815993679,122.77174519453074,-0.053454621459291224,-6.541909194138287e-13
tight_early,8.836,299.5404,5.342862393523587,5.342149038913275,0.000713354610311967,-648.1361448591716,530.749234696999,122.78212164364047,-0.053062442553923075,-6.413689810255171e-13
tight_early,8.86,300.354,5.34346184019275,5.3427471288640795,0.0007147113286700701,-648.17788045149,530.7808797513171,122.7924221435445,-0.05267431450691745,-6.638547291870358e-13
tight_early,8.884,301.1676,5.344055259531362,5.343340498920949,0.0007147606104123128,-648.2193355207888,530.812318719496,122.80264747772628,-0.05229017751182646,-7.078232704488147e-13
tight_early,8.908,301.98119999999994,5.344644039492951,5.343929220977806,0.0007148185151448772,-648.2605127664751,530.8435535441557,122.81279841964275,-0.05190997634479841,-7.365323504244413e-13
tight_early,8.932,302.7948,5.345227631331162,5.344513341473854,0.000714289857308259,-648.3014148563321,530.8745861358343,122.82287573249162,-0.05153367051918578,-7.467585725842663e-13
tight_early,8.956,303.60839999999996,5.345807304841538,5.345092911697534,0.0007143931440047879,-648.3420444274585,530.9054183745164,122.8328801693557,-0.05116120471532402,-7.714956164683341e-13
tight_early,8.98,304.422,5.346382266475396,5.345667973596474,0.0007142928789214409,-648.3824040840415,530.9360521190168,122.84281247348108,-0.050792534859151924,-8.162764867624722e-13
tight_early,9.004,305.2356,5.346953291605213,5.346238570293612,0.0007147213116009965,-648.4224964007668,530.966489205392,122.85267337836274,-0.05042761269348781,-8.289253137168741e-13
tight_early,9.028,306.0492,5.3475201761667845,5.346804745419252,0.0007154307475323307,-648.4623239199498,530.9967314473192,122.86246360784779,-0.05006638979722254,-7.785531596239701e-13
tight_early,9.052,306.8628,5.348082684186172,5.347366552771903,0.0007161314142694053,-648.5018891516847,531.0267806464462,122.87218387648606,-0.04970881847491586,-7.479288168769014e-13
tight_early,9.076,307.6764,5.34864119967651,5.347924045680244,0.0007171539962653739,-648.5411945745533,531.0566385823932,122.8818348894838,-0.04935485164269245,-8.216847297209517e-13
tight_early,9.1,308.48999999999995,5.349194440992474,5.348477263702649,0.0007171772898253437,-648.5802426368838,531.086307000754,122.89141734366058,-0.0490044438272119,-9.409403085801565e-13
tight_early,9.1185,309.11715,5.349618098844893,5.3489008092117665,0.000717289633126228,-648.6101680590178,531.109048144324,122.89875746079824,-0.04873673689162272,-1.0016225585751582e-12
tight_early,9.124,309.3036,5.349743417383153,5.349026245305323,0.0007171720778300639,-648.6190357559756,531.1157876218691,122.90093192704252,-0.04865754762973297,-1.008151312146589e-12
tight_early,9.148,310.11719999999997,5.350287486027708,5.349571034761106,0.000716451266601581,-648.6575763208424,531.1450821536772,122.91037931877251,-0.048314116845208505,-1.0114298445904627e-12
tight_early,9.172,310.93080000000003,5.350827791445147,5.350111680982358,0.000716110462789743,-648.6958666918179,531.1741922881853,122.91976018930225,-0.047974104686332106,-9.8821205773893e-13
tight_early,9.196,311.7444,5.351363622728012,5.350648226708058,0.0007153960199541842,-648.7339092008983,531.2031196976785,122.92907520057526,-0.04763747064643331,-9.557185676002562e-13
tight_early,9.22,312.558,5.351896206258051,5.351180721933519,0.0007154843245320563,-648.771706153416,531.2318660380695,122.93832500612481,-0.047304168843910005,-9.205333144307288e-13
tight_early,9.244,313.3716,5.352424888325018,5.351709208639852,0.0007156796851663927,-648.8092598265346,531.2604329455464,122.9475102511484,-0.04697416151950948,-8.955754068838185e-13
tight_early,9.268,314.1852,5.35294995480857,5.352233726663967,0.0007162281446024821,-648.846572471323,531.2888220337676,122.9566315727437,-0.04664740852340371,-8.766727941979422e-13
tight_early,9.292,314.99879999999996,5.353471604405107,5.352754317667176,0.0007172867379310333,-648.8836463111373,531.3170348976038,122.96568959988544,-0.04632386868383543,-8.60782389818658e-13
tight_early,9.316,315.8124,5.353988902352345,5.353271021096824,0.000717881255520858,-648.9204835413648,531.3450731116936,122.97468495385522,-0.046003503086406224,-8.492149272677726e-13
tight_early,9.34,316.626,5.354502010596726,5.353783877424478,0.0007181331722483364,-648.9570863297727,531.3729382306343,122.98361824822781,-0.04568627166413022,-8.44816276424768e-13
tight_early,9.364,317.4396,5.35501115595168,5.354292927859682,0.0007182280919986184,-648.9934568190612,531.4006317913478,122.99249008896811,-0.045372133394196656,-8.443647978043431e-13
tight_early,9.388,318.2532,5.355516220402092,5.354798212068911,0.0007180083331812526,-649.029597126703,531.4281553129612,123.00130107459351,-0.04506104878189004,-8.411075327420494e-13
tight_early,9.412,319.0668,5.356017476117889,5.355299768333636,0.0007177077842523971,-649.065509346812,531.4555102989215,123.01005179623812,-0.0447529800131631,-8.344032837679232e-13
tight_early,9.436,319.8804,5.356515062779256,5.355797636403357,0.0007174263758997768,-649.1011955519928,531.4826982389242,123.01874283773338,-0.0444478882606062,-8.336596842755485e-13
tight_early,9.46,320.694,5.357009046076267,5.356291852844113,0.00071719323215369,-649.1366577915588,531.5097206073901,123.0273747756991,-0.04414573868544891,-8.431875592569874e-13
tight_early,9.484,321.50759999999997,5.357499561329013,5.356782456207629,0.0007171051213843427,-649.1718980896367,531.5365788623003,123.03594817952637,-0.0438464959815286,-8.465517639311427e-13
tight_early,9.508,322.3212,5.357986644444361,5.357269483031089,0.0007171614132719384,-649.2069184476713,531.5632744462519,123.0444636115481,-0.04355012709668847,-8.291872665495845e-13
tight_early,9.532,323.1348,5.358470244863478,5.357752963682515,0.0007172811809628143,-649.2417208419841,531.589808779221,123.05292162716536,-0.043256600718899675,-8.157622398239136e-13
tight_early,9.5495,323.72805,5.358820652855764,5.35810328333373,0.0007173695220341614,-649.2669612984354,531.6090558777507,123.05905304830354,-0.043044344284337954,-8.299568921475211e-13
tight_early,9.556,323.94839999999994,5.358950338229149,5.358232929732922,0.0007174084962269234,-649.2763072245332,531.6161832623014,123.06132277489631,-0.042965882930799275,-8.396289686782949e-13
tight_early,9.58,324.762,5.359426946694878,5.358709421432947,0.000717525261930696,-649.3106795218577,531.6423992819432,123.06966759662296,-0.04267793527469366,-8.702705827332037e-13
tight_early,9.604,325.57559999999995,5.35990003181821,5.359182475728596,0.000717556089614213,-649.3448396350792,531.6684582072374,123.07795662765339,-0.04239272408219409,-8.417346957830374e-13
tight_early,9.628,326.3892,5.3603696779884045,5.359652127142887,0.0007175508455175006,-649.3787894470825,531.694361390575,123.08619039704574,-0.04211021339457466,-7.788156693761443e-13
tight_early,9.652,327.20279999999997,5.360835895145212,5.360118405803847,0.0007174893413646188,-649.4125308232717,531.7201101684308,123.09436942776577,-0.04183036712019366,-7.987733088522151e-13
tight_early,9.676,328.0164,5.361298368213269,5.360581345873472,0.000717022339797424,-649.4460656080789,531.7457058696004,123.10249423647367,-0.04155315212079592,-9.234549365528454e-13
tight_early,9.7,328.83,5.361757748397277,5.361040994471427,0.0007167539258503552,-649.4793956243653,531.7711498180354,123.11056533345676,-0.0412785326543524,-1.0268516122528375e-12
tight_early,9.724,329.6436,5.3622137763985265,5.361497382977413,0.0007163934211131817,-649.5125226757517,531.7964433209063,123.11858322295272,-0.04100648512883073,-1.0587755147418942e-12
tight_early,9.748,330.45719999999994,5.362666881660312,5.361950540665749,0.0007163409945629695,-649.5454485461743,531.8215876637563,123.12654840310628,-0.040736980021455406,-1.1139632646477111e-12
tight_early,9.772,331.2708,5.36311703014656,5.362400498496573,0.0007165316499868624,-649.5781749986085,531.8465841196,123.13446136601314,-0.04046998850690114,-1.2447976588832073e-12
tight_early,9.796,332.08439999999996,5.363564063896366,5.362847289338949,0.0007167745574170326,-649.6107037704493,531.8714339457679,123.14232259764621,-0.040205483624545915,-1.3184504088740267e-12
tight_early,9.82,332.89799999999997,5.364008350524888,5.363290946313671,0.000717404211217243,-649.6430365781524,531.8961383838454,123.15013257805705,-0.03994343743512902,-1.2036057247382762e-12
tight_early,9.844,333.7116,5.364449302126394,5.363731486496385,0.0007178156300087224,-649.6751751238486,531.9206986533158,123.15789178184836,-0.03968382481806773,-1.0750302207409384e-12
tight_early,9.868,334.5252,5.364887516174047,5.364168926419927,0.0007185897541202024,-649.7071210909867,531.9451159553709,123.16560067797612,-0.03942661593915446,-1.2112908575033306e-12
tight_early,9.892,335.3388,5.365322264447417,5.364603313907821,0.0007189505395954754,-649.7388761395812,531.969391490857,123.17325972985934,-0.039171767225869396,-1.461318497416612e-12
tight_early,9.916,336.1524,5.365754407887403,5.365034695639139,0.0007197122482640594,-649.7704419074765,531.9935264574791,123.18086939546491,-0.03891924982699792,-1.3408927489023086e-12
tight_early,9.94,336.96599999999995,5.366183168918781,5.365463091215942,0.0007200777028391059,-649.8018200204672,532.0175220313346,123.18843012766962,-0.03866904732022826,-8.523858718515236e-13
tight_early,9.964,337.7796,5.366609164649234,5.365888509940998,0.0007206547082363457,-649.8330120980492,532.041379362848,123.19594237462785,-0.03842112948489226,-8.371367950097577e-13
tight_early,9.988,338.59319999999997,5.367031884296071,5.366310974074194,0.0007209102218768138,-649.8640197376046,532.0650995974302,123.20340657906877,-0.03817546481835618,-1.7595445432724042e-12
tight_early,10.0,339.0,5.367241977928161,5.3665211162473625,0.0007208616807981016,-649.8794548832142,532.0769086652986,123.20712080206489,-0.038053467899609034,-2.301285454325352e-12
