sample_id,variety,observable_id,species_id,source_species_code,source_value,source_unit,source_basis,canonical_value,canonical_unit,canonical_basis,uncertainty_value,uncertainty_type,uncertainty_scope,uncertainty_status,source_derived,protected_target,source_path,source_row_lineage
A1,Arabica,bioactives,3_caffeoylquinic_acid,3CQA,2.95,g/L,directly_reported_beverage_volumetric_concentration,2.95,kg/m^3,beverage_volume,,,VARIETY_LEVEL_RANGE_METADATA_ONLY,VARIETY_RANGE_ONLY_NOT_CONDITION_SPECIFIC,False,True,puckworks/data/angeloni2023/bioactives.csv,A1
A1,Arabica,bioactives,3_5_dicaffeoylquinic_acid,3_5diCQA,0.3,g/L,directly_reported_beverage_volumetric_concentration,0.3,kg/m^3,beverage_volume,,,VARIETY_LEVEL_RANGE_METADATA_ONLY,VARIETY_RANGE_ONLY_NOT_CONDITION_SPECIFIC,False,True,puckworks/data/angeloni2023/bioactives.csv,A1
A1,Arabica,bioactives,5_caffeoylquinic_acid,5CQA,5.89,g/L,directly_reported_beverage_volumetric_concentration,5.89,kg/m^3,beverage_volume,,,VARIETY_LEVEL_RANGE_METADATA_ONLY,VARIETY_RANGE_ONLY_NOT_CONDITION_SPECIFIC,False,True,puckworks/data/angeloni2023/bioactives.csv,A1
A1,Arabica,bioactives,acetic_acid,AA,7.27,g/L,directly_reported_beverage_volumetric_concentration,7.27,kg/m^3,beverage_volume,,,VARIETY_LEVEL_RANGE_METADATA_ONLY,VARIETY_RANGE_ONLY_NOT_CONDITION_SPECIFIC,False,True,puckworks/data/angeloni2023/bioactives.csv,A1
A1,Arabica,bioactives,citric_acid,CA,16.18,g/L,directly_reported_beverage_volumetric_concentration,16.18,kg/m^3,beverage_volume,,,VARIETY_LEVEL_RANGE_METADATA_ONLY,VARIETY_RANGE_ONLY_NOT_CONDITION_SPECIFIC,False,True,puckworks/data/angeloni2023/bioactives.csv,A1
A1,Arabica,bioactives,caffeine,CF,5.27,g/L,directly_reported_beverage_volumetric_concentration,5.27,kg/m^3,beverage_volume,,,VARIETY_LEVEL_RANGE_METADATA_ONLY,VARIETY_RANGE_ONLY_NOT_CONDITION_SPECIFIC,False,True,puckworks/data/angeloni2023/bioactives.csv,A1
A1,Arabica,bioactives,ferulic_acid,FA,0.27,g/L,directly_reported_beverage_volumetric_concentration,0.27,kg/m^3,beverage_volume,,,VARIETY_LEVEL_RANGE_METADATA_ONLY,VARIETY_RANGE_ONLY_NOT_CONDITION_SPECIFIC,False,True,puckworks/data/angeloni2023/bioactives.csv,A1
A1,Arabica,bioactives,tartaric_acid,TA,3.45,g/L,directly_reported_beverage_volumetric_concentration,3.45,kg/m^3,beverage_volume,,,VARIETY_LEVEL_RANGE_METADATA_ONLY,VARIETY_RANGE_ONLY_NOT_CONDITION_SPECIFIC,False,True,puckworks/data/angeloni2023/bioactives.csv,A1
A1,Arabica,bioactives,trigonelline,TR,3.41,g/L,directly_reported_beverage_volumetric_concentration,3.41,kg/m^3,beverage_volume,,,VARIETY_LEVEL_RANGE_METADATA_ONLY,VARIETY_RANGE_ONLY_NOT_CONDITION_SPECIFIC,False,True,puckworks/data/angeloni2023/bioactives.csv,A1
A1,Arabica,bioactives,total_chlorogenic_acids,totCQA,9.13,g/L,directly_reported_beverage_volumetric_concentration,9.13,kg/m^3,beverage_volume,,,VARIETY_LEVEL_RANGE_METADATA_ONLY,VARIETY_RANGE_ONLY_NOT_CONDITION_SPECIFIC,False,True,puckworks/data/angeloni2023/bioactives.csv,A1
A1,Arabica,bioactives,total_organic_acids,totOA,26.89,g/L,directly_reported_beverage_volumetric_concentration,26.89,kg/m^3,beverage_volume,,,VARIETY_LEVEL_RANGE_METADATA_ONLY,VARIETY_RANGE_ONLY_NOT_CONDITION_SPECIFIC,False,True,puckworks/data/angeloni2023/bioactives.csv,A1
A1,Arabica,lipids,total_lipids,LP,0.45,g/100 mL,directly_reported_beverage_volumetric_concentration,4.5,kg/m^3,beverage_volume,6.6,RSD_PERCENT,CONDITION_LEVEL,CONDITION_LEVEL_RSD_RETAINED,False,True,puckworks/data/angeloni2023/lipids.csv,A1
A1,Arabica,total_solids,,,10.03,g/100 mL,directly_reported_beverage_volumetric_concentration,100.3,kg/m^3,beverage_volume,2.9,RSD_PERCENT,CONDITION_LEVEL,CONDITION_LEVEL_RSD_RETAINED,False,True,puckworks/data/angeloni2023/total_solids.csv,A1
A10,Arabica,bioactives,3_caffeoylquinic_acid,3CQA,2.66,g/L,directly_reported_beverage_volumetric_concentration,2.66,kg/m^3,beverage_volume,,,VARIETY_LEVEL_RANGE_METADATA_ONLY,VARIETY_RANGE_ONLY_NOT_CONDITION_SPECIFIC,False,True,puckworks/data/angeloni2023/bioactives.csv,A10
A10,Arabica,bioactives,3_5_dicaffeoylquinic_acid,3_5diCQA,0.28,g/L,directly_reported_beverage_volumetric_concentration,0.28,kg/m^3,beverage_volume,,,VARIETY_LEVEL_RANGE_METADATA_ONLY,VARIETY_RANGE_ONLY_NOT_CONDITION_SPECIFIC,False,True,puckworks/data/angeloni2023/bioactives.csv,A10
A10,Arabica,bioactives,5_caffeoylquinic_acid,5CQA,5.0,g/L,directly_reported_beverage_volumetric_concentration,5.0,kg/m^3,beverage_volume,,,VARIETY_LEVEL_RANGE_METADATA_ONLY,VARIETY_RANGE_ONLY_NOT_CONDITION_SPECIFIC,False,True,puckworks/data/angeloni2023/bioactives.csv,A10
A10,Arabica,bioactives,acetic_acid,AA,6.5,g/L,directly_reported_beverage_volumetric_concentration,6.5,kg/m^3,beverage_volume,,,VARIETY_LEVEL_RANGE_METADATA_ONLY,VARIETY_RANGE_ONLY_NOT_CONDITION_SPECIFIC,False,True,puckworks/data/angeloni2023/bioactives.csv,A10
A10,Arabica,bioactives,citric_acid,CA,13.01,g/L,directly_reported_beverage_volumetric_concentration,13.01,kg/m^3,beverage_volume,,,VARIETY_LEVEL_RANGE_METADATA_ONLY,VARIETY_RANGE_ONLY_NOT_CONDITION_SPECIFIC,False,True,puckworks/data/angeloni2023/bioactives.csv,A10
A10,Arabica,bioactives,caffeine,CF,4.85,g/L,directly_reported_beverage_volumetric_concentration,4.85,kg/m^3,beverage_volume,,,VARIETY_LEVEL_RANGE_METADATA_ONLY,VARIETY_RANGE_ONLY_NOT_CONDITION_SPECIFIC,False,True,puckworks/data/angeloni2023/bioactives.csv,A10
A10,Arabica,bioactives,ferulic_acid,FA,0.27,g/L,directly_reported_beverage_volumetric_concentration,0.27,kg/m^3,beverage_volume,,,VARIETY_LEVEL_RANGE_METADATA_ONLY,VARIETY_RANGE_ONLY_NOT_CONDITION_SPECIFIC,False,True,puckworks/data/angeloni2023/bioactives.csv,A10
A10,Arabica,bioactives,tartaric_acid,TA,3.19,g/L,directly_reported_beverage_volumetric_concentration,3.19,kg/m^3,beverage_volume,,,VARIETY_LEVEL_RANGE_METADATA_ONLY,VARIETY_RANGE_ONLY_NOT_CONDITION_SPECIFIC,False,True,puckworks/data/angeloni2023/bioactives.csv,A10
A10,Arabica,bioactives,trigonelline,TR,3.19,g/L,directly_reported_beverage_volumetric_concentration,3.19,kg/m^3,beverage_volume,,,VARIETY_LEVEL_RANGE_METADATA_ONLY,VARIETY_RANGE_ONLY_NOT_CONDITION_SPECIFIC,False,True,puckworks/data/angeloni2023/bioactives.csv,A10
A10,Arabica,bioactives,total_chlorogenic_acids,totCQA,7.94,g/L,directly_reported_beverage_volumetric_concentration,7.94,kg/m^3,beverage_volume,,,VARIETY_LEVEL_RANGE_METADATA_ONLY,VARIETY_RANGE_ONLY_NOT_CONDITION_SPECIFIC,False,True,puckworks/data/angeloni2023/bioactives.csv,A10
A10,Arabica,bioactives,total_organic_acids,totOA,22.7,g/L,directly_reported_beverage_volumetric_concentration,22.7,kg/m^3,beverage_volume,,,VARIETY_LEVEL_RANGE_METADATA_ONLY,VARIETY_RANGE_ONLY_NOT_CONDITION_SPECIFIC,False,True,puckworks/data/angeloni2023/bioactives.csv,A10
A10,Arabica,lipids,total_lipids,LP,0.3,g/100 mL,directly_reported_beverage_volumetric_concentration,3.0,kg/m^3,beverage_volume,14.5,RSD_PERCENT,CONDITION_LEVEL,CONDITION_LEVEL_RSD_RETAINED,False,True,puckworks/data/angeloni2023/lipids.csv,A10
A10,Arabica,total_solids,,,9.57,g/100 mL,directly_reported_beverage_volumetric_concentration,95.7,kg/m^3,beverage_volume,0.4,RSD_PERCENT,CONDITION_LEVEL,CONDITION_LEVEL_RSD_RETAINED,False,True,puckworks/data/angeloni2023/total_solids.csv,A10
A11,Arabica,bioactives,3_caffeoylquinic_acid,3CQA,3.18,g/L,directly_reported_beverage_volumetric_concentration,3.18,kg/m^3,beverage_volume,,,VARIETY_LEVEL_RANGE_METADATA_ONLY,VARIETY_RANGE_ONLY_NOT_CONDITION_SPECIFIC,False,True,puckworks/data/angeloni2023/bioactives.csv,A11
A11,Arabica,bioactives,3_5_dicaffeoylquinic_acid,3_5diCQA,0.32,g/L,directly_reported_beverage_volumetric_concentration,0.32,kg/m^3,beverage_volume,,,VARIETY_LEVEL_RANGE_METADATA_ONLY,VARIETY_RANGE_ONLY_NOT_CONDITION_SPECIFIC,False,True,puckworks/data/angeloni2023/bioactives.csv,A11
A11,Arabica,bioactives,5_caffeoylquinic_acid,5CQA,5.93,g/L,directly_reported_beverage_volumetric_concentration,5.93,kg/m^3,beverage_volume,,,VARIETY_LEVEL_RANGE_METADATA_ONLY,VARIETY_RANGE_ONLY_NOT_CONDITION_SPECIFIC,False,True,puckworks/data/angeloni2023/bioactives.csv,A11
A11,Arabica,bioactives,acetic_acid,AA,4.67,g/L,directly_reported_beverage_volumetric_concentration,4.67,kg/m^3,beverage_volume,,,VARIETY_LEVEL_RANGE_METADATA_ONLY,VARIETY_RANGE_ONLY_NOT_CONDITION_SPECIFIC,False,True,puckworks/data/angeloni2023/bioactives.csv,A11
A11,Arabica,bioactives,citric_acid,CA,8.89,g/L,directly_reported_beverage_volumetric_concentration,8.89,kg/m^3,beverage_volume,,,VARIETY_LEVEL_RANGE_METADATA_ONLY,VARIETY_RANGE_ONLY_NOT_CONDITION_SPECIFIC,False,True,puckworks/data/angeloni2023/bioactives.csv,A11
A11,Arabica,bioactives,caffeine,CF,5.8,g/L,directly_reported_beverage_volumetric_concentration,5.8,kg/m^3,beverage_volume,,,VARIETY_LEVEL_RANGE_METADATA_ONLY,VARIETY_RANGE_ONLY_NOT_CONDITION_SPECIFIC,False,True,puckworks/data/angeloni2023/bioactives.csv,A11
A11,Arabica,bioactives,ferulic_acid,FA,0.32,g/L,directly_reported_beverage_volumetric_concentration,0.32,kg/m^3,beverage_volume,,,VARIETY_LEVEL_RANGE_METADATA_ONLY,VARIETY_RANGE_ONLY_NOT_CONDITION_SPECIFIC,False,True,puckworks/data/angeloni2023/bioactives.csv,A11
A11,Arabica,bioactives,tartaric_acid,TA,3.84,g/L,directly_reported_beverage_volumetric_concentration,3.84,kg/m^3,beverage_volume,,,VARIETY_LEVEL_RANGE_METADATA_ONLY,VARIETY_RANGE_ONLY_NOT_CONDITION_SPECIFIC,False,True,puckworks/data/angeloni2023/bioactives.csv,A11
A11,Arabica,bioactives,trigonelline,TR,3.86,g/L,directly_reported_beverage_volumetric_concentration,3.86,kg/m^3,beverage_volume,,,VARIETY_LEVEL_RANGE_METADATA_ONLY,VARIETY_RANGE_ONLY_NOT_CONDITION_SPECIFIC,False,True,puckworks/data/angeloni2023/bioactives.csv,A11
A11,Arabica,bioactives,total_chlorogenic_acids,totCQA,9.42,g/L,directly_reported_beverage_volumetric_concentration,9.42,kg/m^3,beverage_volume,,,VARIETY_LEVEL_RANGE_METADATA_ONLY,VARIETY_RANGE_ONLY_NOT_CONDITION_SPECIFIC,False,True,puckworks/data/angeloni2023/bioactives.csv,A11
A11,Arabica,bioactives,total_organic_acids,totOA,17.4,g/L,directly_reported_beverage_volumetric_concentration,17.4,kg/m^3,beverage_volume,,,VARIETY_LEVEL_RANGE_METADATA_ONLY,VARIETY_RANGE_ONLY_NOT_CONDITION_SPECIFIC,False,True,puckworks/data/angeloni2023/bioactives.csv,A11
A11,Arabica,lipids,total_lipids,LP,0.29,g/100 mL,directly_reported_beverage_volumetric_concentration,2.9,kg/m^3,beverage_volume,19.2,RSD_PERCENT,CONDITION_LEVEL,CONDITION_LEVEL_RSD_RETAINED,False,True,puckworks/data/angeloni2023/lipids.csv,A11
A11,Arabica,total_solids,,,10.21,g/100 mL,directly_reported_beverage_volumetric_concentration,102.10000000000001,kg/m^3,beverage_volume,4.5,RSD_PERCENT,CONDITION_LEVEL,CONDITION_LEVEL_RSD_RETAINED,False,True,puckworks/data/angeloni2023/total_solids.csv,A11
A12,Arabica,bioactives,3_caffeoylquinic_acid,3CQA,2.47,g/L,directly_reported_beverage_volumetric_concentration,2.47,kg/m^3,beverage_volume,,,VARIETY_LEVEL_RANGE_METADATA_ONLY,VARIETY_RANGE_ONLY_NOT_CONDITION_SPECIFIC,False,True,puckworks/data/angeloni2023/bioactives.csv,A12
A12,Arabica,bioactives,3_5_dicaffeoylquinic_acid,3_5diCQA,0.27,g/L,directly_reported_beverage_volumetric_concentration,0.27,kg/m^3,beverage_volume,,,VARIETY_LEVEL_RANGE_METADATA_ONLY,VARIETY_RANGE_ONLY_NOT_CONDITION_SPECIFIC,False,True,puckworks/data/angeloni2023/bioactives.csv,A12
A12,Arabica,bioactives,5_caffeoylquinic_acid,5CQA,4.53,g/L,directly_reported_beverage_volumetric_concentration,4.53,kg/m^3,beverage_volume,,,VARIETY_LEVEL_RANGE_METADATA_ONLY,VARIETY_RANGE_ONLY_NOT_CONDITION_SPECIFIC,False,True,puckworks/data/angeloni2023/bioactives.csv,A12
A12,Arabica,bioactives,acetic_acid,AA,6.83,g/L,directly_reported_beverage_volumetric_concentration,6.83,kg/m^3,beverage_volume,,,VARIETY_LEVEL_RANGE_METADATA_ONLY,VARIETY_RANGE_ONLY_NOT_CONDITION_SPECIFIC,False,True,puckworks/data/angeloni2023/bioactives.csv,A12
A12,Arabica,bioactives,citric_acid,CA,12.98,g/L,directly_reported_beverage_volumetric_concentration,12.98,kg/m^3,beverage_volume,,,VARIETY_LEVEL_RANGE_METADATA_ONLY,VARIETY_RANGE_ONLY_NOT_CONDITION_SPECIFIC,False,True,puckworks/data/angeloni2023/bioactives.csv,A12
A12,Arabica,bioactives,caffeine,CF,4.76,g/L,directly_reported_beverage_volumetric_concentration,4.76,kg/m^3,beverage_volume,,,VARIETY_LEVEL_RANGE_METADATA_ONLY,VARIETY_RANGE_ONLY_NOT_CONDITION_SPECIFIC,False,True,puckworks/data/angeloni2023/bioactives.csv,A12
A12,Arabica,bioactives,ferulic_acid,FA,0.25,g/L,directly_reported_beverage_volumetric_concentration,0.25,kg/m^3,beverage_volume,,,VARIETY_LEVEL_RANGE_METADATA_ONLY,VARIETY_RANGE_ONLY_NOT_CONDITION_SPECIFIC,False,True,puckworks/data/angeloni2023/bioactives.csv,A12
A12,Arabica,bioactives,tartaric_acid,TA,3.17,g/L,directly_reported_beverage_volumetric_concentration,3.17,kg/m^3,beverage_volume,,,VARIETY_LEVEL_RANGE_METADATA_ONLY,VARIETY_RANGE_ONLY_NOT_CONDITION_SPECIFIC,False,True,puckworks/data/angeloni2023/bioactives.csv,A12
A12,Arabica,bioactives,trigonelline,TR,3.13,g/L,directly_reported_beverage_volumetric_concentration,3.13,kg/m^3,beverage_volume,,,VARIETY_LEVEL_RANGE_METADATA_ONLY,VARIETY_RANGE_ONLY_NOT_CONDITION_SPECIFIC,False,True,puckworks/data/angeloni2023/bioactives.csv,A12
A12,Arabica,bioactives,total_chlorogenic_acids,totCQA,7.26,g/L,directly_reported_beverage_volumetric_concentration,7.26,kg/m^3,beverage_volume,,,VARIETY_LEVEL_RANGE_METADATA_ONLY,VARIETY_RANGE_ONLY_NOT_CONDITION_SPECIFIC,False,True,puckworks/data/angeloni2023/bioactives.csv,A12
A12,Arabica,bioactives,total_organic_acids,totOA,22.98,g/L,directly_reported_beverage_volumetric_concentration,22.98,kg/m^3,beverage_volume,,,VARIETY_LEVEL_RANGE_METADATA_ONLY,VARIETY_RANGE_ONLY_NOT_CONDITION_SPECIFIC,False,True,puckworks/data/angeloni2023/bioactives.csv,A12
A12,Arabica,lipids,total_lipids,LP,0.33,g/100 mL,directly_reported_beverage_volumetric_concentration,3.3000000000000003,kg/m^3,beverage_volume,11.5,RSD_PERCENT,CONDITION_LEVEL,CONDITION_LEVEL_RSD_RETAINED,False,True,puckworks/data/angeloni2023/lipids.csv,A12
A12,Arabica,total_solids,,,8.79,g/100 mL,directly_reported_beverage_volumetric_concentration,87.89999999999999,kg/m^3,beverage_volume,2.2,RSD_PERCENT,CONDITION_LEVEL,CONDITION_LEVEL_RSD_RETAINED,False,True,puckworks/data/angeloni2023/total_solids.csv,A12
A13,Arabica,bioactives,3_caffeoylquinic_acid,3CQA,2.58,g/L,directly_reported_beverage_volumetric_concentration,2.58,kg/m^3,beverage_volume,,,VARIETY_LEVEL_RANGE_METADATA_ONLY,VARIETY_RANGE_ONLY_NOT_CONDITION_SPECIFIC,False,True,puckworks/data/angeloni2023/bioactives.csv,A13
A13,Arabica,bioactives,3_5_dicaffeoylquinic_acid,3_5diCQA,0.27,g/L,directly_reported_beverage_volumetric_concentration,0.27,kg/m^3,beverage_volume,,,VARIETY_LEVEL_RANGE_METADATA_ONLY,VARIETY_RANGE_ONLY_NOT_CONDITION_SPECIFIC,False,True,puckworks/data/angeloni2023/bioactives.csv,A13
A13,Arabica,bioactives,5_caffeoylquinic_acid,5CQA,4.79,g/L,directly_reported_beverage_volumetric_concentration,4.79,kg/m^3,beverage_volume,,,VARIETY_LEVEL_RANGE_METADATA_ONLY,VARIETY_RANGE_ONLY_NOT_CONDITION_SPECIFIC,False,True,puckworks/data/angeloni2023/bioactives.csv,A13
A13,Arabica,bioactives,acetic_acid,AA,10.97,g/L,directly_reported_beverage_volumetric_concentration,10.97,kg/m^3,beverage_volume,,,VARIETY_LEVEL_RANGE_METADATA_ONLY,VARIETY_RANGE_ONLY_NOT_CONDITION_SPECIFIC,False,True,puckworks/data/angeloni2023/bioactives.csv,A13
A13,Arabica,bioactives,citric_acid,CA,16.04,g/L,directly_reported_beverage_volumetric_concentration,16.04,kg/m^3,beverage_volume,,,VARIETY_LEVEL_RANGE_METADATA_ONLY,VARIETY_RANGE_ONLY_NOT_CONDITION_SPECIFIC,False,True,puckworks/data/angeloni2023/bioactives.csv,A13
A13,Arabica,bioactives,caffeine,CF,5.0,g/L,directly_reported_beverage_volumetric_concentration,5.0,kg/m^3,beverage_volume,,,VARIETY_LEVEL_RANGE_METADATA_ONLY,VARIETY_RANGE_ONLY_NOT_CONDITION_SPECIFIC,False,True,puckworks/data/angeloni2023/bioactives.csv,A13
A13,Arabica,bioactives,ferulic_acid,FA,0.27,g/L,directly_reported_beverage_volumetric_concentration,0.27,kg/m^3,beverage_volume,,,VARIETY_LEVEL_RANGE_METADATA_ONLY,VARIETY_RANGE_ONLY_NOT_CONDITION_SPECIFIC,False,True,puckworks/data/angeloni2023/bioactives.csv,A13
A13,Arabica,bioactives,tartaric_acid,TA,3.38,g/L,directly_reported_beverage_volumetric_concentration,3.38,kg/m^3,beverage_volume,,,VARIETY_LEVEL_RANGE_METADATA_ONLY,VARIETY_RANGE_ONLY_NOT_CONDITION_SPECIFIC,False,True,puckworks/data/angeloni2023/bioactives.csv,A13
A13,Arabica,bioactives,trigonelline,TR,3.37,g/L,directly_reported_beverage_volumetric_concentration,3.37,kg/m^3,beverage_volume,,,VARIETY_LEVEL_RANGE_METADATA_ONLY,VARIETY_RANGE_ONLY_NOT_CONDITION_SPECIFIC,False,True,puckworks/data/angeloni2023/bioactives.csv,A13
A13,Arabica,bioactives,total_chlorogenic_acids,totCQA,7.65,g/L,directly_reported_beverage_volumetric_concentration,7.65,kg/m^3,beverage_volume,,,VARIETY_LEVEL_RANGE_METADATA_ONLY,VARIETY_RANGE_ONLY_NOT_CONDITION_SPECIFIC,False,True,puckworks/data/angeloni2023/bioactives.csv,A13
A13,Arabica,bioactives,total_organic_acids,totOA,30.39,g/L,directly_reported_beverage_volumetric_concentration,30.39,kg/m^3,beverage_volume,,,VARIETY_LEVEL_RANGE_METADATA_ONLY,VARIETY_RANGE_ONLY_NOT_CONDITION_SPECIFIC,False,True,puckworks/data/angeloni2023/bioactives.csv,A13
A13,Arabica,lipids,total_lipids,LP,0.34,g/100 mL,directly_reported_beverage_volumetric_concentration,3.4000000000000004,kg/m^3,beverage_volume,9.0,RSD_PERCENT,CONDITION_LEVEL,CONDITION_LEVEL_RSD_RETAINED,False,True,puckworks/data/angeloni2023/lipids.csv,A13
A13,Arabica,total_solids,,,10.08,g/100 mL,directly_reported_beverage_volumetric_concentration,100.8,kg/m^3,beverage_volume,11.2,RSD_PERCENT,CONDITION_LEVEL,CONDITION_LEVEL_RSD_RETAINED,False,True,puckworks/data/angeloni2023/total_solids.csv,A13
A14,Arabica,bioactives,3_caffeoylquinic_acid,3CQA,2.73,g/L,directly_reported_beverage_volumetric_concentration,2.73,kg/m^3,beverage_volume,,,VARIETY_LEVEL_RANGE_METADATA_ONLY,VARIETY_RANGE_ONLY_NOT_CONDITION_SPECIFIC,False,True,puckworks/data/angeloni2023/bioactives.csv,A14
A14,Arabica,bioactives,3_5_dicaffeoylquinic_acid,3_5diCQA,0.29,g/L,directly_reported_beverage_volumetric_concentration,0.29,kg/m^3,beverage_volume,,,VARIETY_LEVEL_RANGE_METADATA_ONLY,VARIETY_RANGE_ONLY_NOT_CONDITION_SPECIFIC,False,True,puckworks/data/angeloni2023/bioactives.csv,A14
A14,Arabica,bioactives,5_caffeoylquinic_acid,5CQA,5.0,g/L,directly_reported_beverage_volumetric_concentration,5.0,kg/m^3,beverage_volume,,,VARIETY_LEVEL_RANGE_METADATA_ONLY,VARIETY_RANGE_ONLY_NOT_CONDITION_SPECIFIC,False,True,puckworks/data/angeloni2023/bioactives.csv,A14
A14,Arabica,bioactives,acetic_acid,AA,7.12,g/L,directly_reported_beverage_volumetric_concentration,7.12,kg/m^3,beverage_volume,,,VARIETY_LEVEL_RANGE_METADATA_ONLY,VARIETY_RANGE_ONLY_NOT_CONDITION_SPECIFIC,False,True,puckworks/data/angeloni2023/bioactives.csv,A14
A14,Arabica,bioactives,citric_acid,CA,10.73,g/L,directly_reported_beverage_volumetric_concentration,10.73,kg/m^3,beverage_volume,,,VARIETY_LEVEL_RANGE_METADATA_ONLY,VARIETY_RANGE_ONLY_NOT_CONDITION_SPECIFIC,False,True,puckworks/data/angeloni2023/bioactives.csv,A14
A14,Arabica,bioactives,caffeine,CF,5.24,g/L,directly_reported_beverage_volumetric_concentration,5.24,kg/m^3,beverage_volume,,,VARIETY_LEVEL_RANGE_METADATA_ONLY,VARIETY_RANGE_ONLY_NOT_CONDITION_SPECIFIC,False,True,puckworks/data/angeloni2023/bioactives.csv,A14
A14,Arabica,bioactives,ferulic_acid,FA,0.27,g/L,directly_reported_beverage_volumetric_concentration,0.27,kg/m^3,beverage_volume,,,VARIETY_LEVEL_RANGE_METADATA_ONLY,VARIETY_RANGE_ONLY_NOT_CONDITION_SPECIFIC,False,True,puckworks/data/angeloni2023/bioactives.csv,A14
A14,Arabica,bioactives,tartaric_acid,TA,3.53,g/L,directly_reported_beverage_volumetric_concentration,3.53,kg/m^3,beverage_volume,,,VARIETY_LEVEL_RANGE_METADATA_ONLY,VARIETY_RANGE_ONLY_NOT_CONDITION_SPECIFIC,False,True,puckworks/data/angeloni2023/bioactives.csv,A14
A14,Arabica,bioactives,trigonelline,TR,3.53,g/L,directly_reported_beverage_volumetric_concentration,3.53,kg/m^3,beverage_volume,,,VARIETY_LEVEL_RANGE_METADATA_ONLY,VARIETY_RANGE_ONLY_NOT_CONDITION_SPECIFIC,False,True,puckworks/data/angeloni2023/bioactives.csv,A14
A14,Arabica,bioactives,total_chlorogenic_acids,totCQA,8.02,g/L,directly_reported_beverage_volumetric_concentration,8.02,kg/m^3,beverage_volume,,,VARIETY_LEVEL_RANGE_METADATA_ONLY,VARIETY_RANGE_ONLY_NOT_CONDITION_SPECIFIC,False,True,puckworks/data/angeloni2023/bioactives.csv,A14
A14,Arabica,bioactives,total_organic_acids,totOA,21.38,g/L,directly_reported_beverage_volumetric_concentration,21.38,kg/m^3,beverage_volume,,,VARIETY_LEVEL_RANGE_METADATA_ONLY,VARIETY_RANGE_ONLY_NOT_CONDITION_SPECIFIC,False,True,puckworks/data/angeloni2023/bioactives.csv,A14
A14,Arabica,lipids,total_lipids,LP,0.44,g/100 mL,directly_reported_beverage_volumetric_concentration,4.4,kg/m^3,beverage_volume,12.1,RSD_PERCENT,CONDITION_LEVEL,CONDITION_LEVEL_RSD_RETAINED,False,True,puckworks/data/angeloni2023/lipids.csv,A14
A14,Arabica,total_solids,,,10.38,g/100 mL,directly_reported_beverage_volumetric_concentration,103.80000000000001,kg/m^3,beverage_volume,14.4,RSD_PERCENT,CONDITION_LEVEL,CONDITION_LEVEL_RSD_RETAINED,False,True,puckworks/data/angeloni2023/total_solids.csv,A14
A15,Arabica,bioactives,3_caffeoylquinic_acid,3CQA,2.44,g/L,directly_reported_beverage_volumetric_concentration,2.44,kg/m^3,beverage_volume,,,VARIETY_LEVEL_RANGE_METADATA_ONLY,VARIETY_RANGE_ONLY_NOT_CONDITION_SPECIFIC,False,True,puckworks/data/angeloni2023/bioactives.csv,A15
A15,Arabica,bioactives,3_5_dicaffeoylquinic_acid,3_5diCQA,0.27,g/L,directly_reported_beverage_volumetric_concentration,0.27,kg/m^3,beverage_volume,,,VARIETY_LEVEL_RANGE_METADATA_ONLY,VARIETY_RANGE_ONLY_NOT_CONDITION_SPECIFIC,False,True,puckworks/data/angeloni2023/bioactives.csv,A15
A15,Arabica,bioactives,5_caffeoylquinic_acid,5CQA,4.62,g/L,directly_reported_beverage_volumetric_concentration,4.62,kg/m^3,beverage_volume,,,VARIETY_LEVEL_RANGE_METADATA_ONLY,VARIETY_RANGE_ONLY_NOT_CONDITION_SPECIFIC,False,True,puckworks/data/angeloni2023/bioactives.csv,A15
A15,Arabica,bioactives,acetic_acid,AA,3.8,g/L,directly_reported_beverage_volumetric_concentration,3.8,kg/m^3,beverage_volume,,,VARIETY_LEVEL_RANGE_METADATA_ONLY,VARIETY_RANGE_ONLY_NOT_CONDITION_SPECIFIC,False,True,puckworks/data/angeloni2023/bioactives.csv,A15
A15,Arabica,bioactives,citric_acid,CA,6.32,g/L,directly_reported_beverage_volumetric_concentration,6.32,kg/m^3,beverage_volume,,,VARIETY_LEVEL_RANGE_METADATA_ONLY,VARIETY_RANGE_ONLY_NOT_CONDITION_SPECIFIC,False,True,puckworks/data/angeloni2023/bioactives.csv,A15
A15,Arabica,bioactives,caffeine,CF,4.85,g/L,directly_reported_beverage_volumetric_concentration,4.85,kg/m^3,beverage_volume,,,VARIETY_LEVEL_RANGE_METADATA_ONLY,VARIETY_RANGE_ONLY_NOT_CONDITION_SPECIFIC,False,True,puckworks/data/angeloni2023/bioactives.csv,A15
A15,Arabica,bioactives,ferulic_acid,FA,0.25,g/L,directly_reported_beverage_volumetric_concentration,0.25,kg/m^3,beverage_volume,,,VARIETY_LEVEL_RANGE_METADATA_ONLY,VARIETY_RANGE_ONLY_NOT_CONDITION_SPECIFIC,False,True,puckworks/data/angeloni2023/bioactives.csv,A15
A15,Arabica,bioactives,tartaric_acid,TA,3.21,g/L,directly_reported_beverage_volumetric_concentration,3.21,kg/m^3,beverage_volume,,,VARIETY_LEVEL_RANGE_METADATA_ONLY,VARIETY_RANGE_ONLY_NOT_CONDITION_SPECIFIC,False,True,puckworks/data/angeloni2023/bioactives.csv,A15
A15,Arabica,bioactives,trigonelline,TR,3.2,g/L,directly_reported_beverage_volumetric_concentration,3.2,kg/m^3,beverage_volume,,,VARIETY_LEVEL_RANGE_METADATA_ONLY,VARIETY_RANGE_ONLY_NOT_CONDITION_SPECIFIC,False,True,puckworks/data/angeloni2023/bioactives.csv,A15
A15,Arabica,bioactives,total_chlorogenic_acids,totCQA,7.32,g/L,directly_reported_beverage_volumetric_concentration,7.32,kg/m^3,beverage_volume,,,VARIETY_LEVEL_RANGE_METADATA_ONLY,VARIETY_RANGE_ONLY_NOT_CONDITION_SPECIFIC,False,True,puckworks/data/angeloni2023/bioactives.csv,A15
A15,Arabica,bioactives,total_organic_acids,totOA,13.33,g/L,directly_reported_beverage_volumetric_concentration,13.33,kg/m^3,beverage_volume,,,VARIETY_LEVEL_RANGE_METADATA_ONLY,VARIETY_RANGE_ONLY_NOT_CONDITION_SPECIFIC,False,True,puckworks/data/angeloni2023/bioactives.csv,A15
A15,Arabica,lipids,total_lipids,LP,0.43,g/100 mL,directly_reported_beverage_volumetric_concentration,4.3,kg/m^3,beverage_volume,17.9,RSD_PERCENT,CONDITION_LEVEL,CONDITION_LEVEL_RSD_RETAINED,False,True,puckworks/data/angeloni2023/lipids.csv,A15
A15,Arabica,total_solids,,,9.15,g/100 mL,directly_reported_beverage_volumetric_concentration,91.5,kg/m^3,beverage_volume,8.9,RSD_PERCENT,CONDITION_LEVEL,CONDITION_LEVEL_RSD_RETAINED,False,True,puckworks/data/angeloni2023/total_solids.csv,A15
A16,Arabica,bioactives,3_caffeoylquinic_acid,3CQA,2.37,g/L,directly_reported_beverage_volumetric_concentration,2.37,kg/m^3,beverage_volume,,,VARIETY_LEVEL_RANGE_METADATA_ONLY,VARIETY_RANGE_ONLY_NOT_CONDITION_SPECIFIC,False,True,puckworks/data/angeloni2023/bioactives.csv,A16
A16,Arabica,bioactives,3_5_dicaffeoylquinic_acid,3_5diCQA,0.25,g/L,directly_reported_beverage_volumetric_concentration,0.25,kg/m^3,beverage_volume,,,VARIETY_LEVEL_RANGE_METADATA_ONLY,VARIETY_RANGE_ONLY_NOT_CONDITION_SPECIFIC,False,True,puckworks/data/angeloni2023/bioactives.csv,A16
A16,Arabica,bioactives,5_caffeoylquinic_acid,5CQA,4.37,g/L,directly_reported_beverage_volumetric_concentration,4.37,kg/m^3,beverage_volume,,,VARIETY_LEVEL_RANGE_METADATA_ONLY,VARIETY_RANGE_ONLY_NOT_CONDITION_SPECIFIC,False,True,puckworks/data/angeloni2023/bioactives.csv,A16
A16,Arabica,bioactives,acetic_acid,AA,8.04,g/L,directly_reported_beverage_volumetric_concentration,8.04,kg/m^3,beverage_volume,,,VARIETY_LEVEL_RANGE_METADATA_ONLY,VARIETY_RANGE_ONLY_NOT_CONDITION_SPECIFIC,False,True,puckworks/data/angeloni2023/bioactives.csv,A16
A16,Arabica,bioactives,citric_acid,CA,10.5,g/L,directly_reported_beverage_volumetric_concentration,10.5,kg/m^3,beverage_volume,,,VARIETY_LEVEL_RANGE_METADATA_ONLY,VARIETY_RANGE_ONLY_NOT_CONDITION_SPECIFIC,False,True,puckworks/data/angeloni2023/bioactives.csv,A16
A16,Arabica,bioactives,caffeine,CF,4.61,g/L,directly_reported_beverage_volumetric_concentration,4.61,kg/m^3,beverage_volume,,,VARIETY_LEVEL_RANGE_METADATA_ONLY,VARIETY_RANGE_ONLY_NOT_CONDITION_SPECIFIC,False,True,puckworks/data/angeloni2023/bioactives.csv,A16
A16,Arabica,bioactives,ferulic_acid,FA,0.23,g/L,directly_reported_beverage_volumetric_concentration,0.23,kg/m^3,beverage_volume,,,VARIETY_LEVEL_RANGE_METADATA_ONLY,VARIETY_RANGE_ONLY_NOT_CONDITION_SPECIFIC,False,True,puckworks/data/angeloni2023/bioactives.csv,A16
A16,Arabica,bioactives,tartaric_acid,TA,3.11,g/L,directly_reported_beverage_volumetric_concentration,3.11,kg/m^3,beverage_volume,,,VARIETY_LEVEL_RANGE_METADATA_ONLY,VARIETY_RANGE_ONLY_NOT_CONDITION_SPECIFIC,False,True,puckworks/data/angeloni2023/bioactives.csv,A16
A16,Arabica,bioactives,trigonelline,TR,3.12,g/L,directly_reported_beverage_volumetric_concentration,3.12,kg/m^3,beverage_volume,,,VARIETY_LEVEL_RANGE_METADATA_ONLY,VARIETY_RANGE_ONLY_NOT_CONDITION_SPECIFIC,False,True,puckworks/data/angeloni2023/bioactives.csv,A16
A16,Arabica,bioactives,total_chlorogenic_acids,totCQA,7.0,g/L,directly_reported_beverage_volumetric_concentration,7.0,kg/m^3,beverage_volume,,,VARIETY_LEVEL_RANGE_METADATA_ONLY,VARIETY_RANGE_ONLY_NOT_CONDITION_SPECIFIC,False,True,puckworks/data/angeloni2023/bioactives.csv,A16
A16,Arabica,bioactives,total_organic_acids,totOA,21.65,g/L,directly_reported_beverage_volumetric_concentration,21.65,kg/m^3,beverage_volume,,,VARIETY_LEVEL_RANGE_METADATA_ONLY,VARIETY_RANGE_ONLY_NOT_CONDITION_SPECIFIC,False,True,puckworks/data/angeloni2023/bioactives.csv,A16
A16,Arabica,lipids,total_lipids,LP,0.52,g/100 mL,directly_reported_beverage_volumetric_concentration,5.2,kg/m^3,beverage_volume,8.3,RSD_PERCENT,CONDITION_LEVEL,CONDITION_LEVEL_RSD_RETAINED,False,True,puckworks/data/angeloni2023/lipids.csv,A16
A16,Arabica,total_solids,,,9.38,g/100 mL,directly_reported_beverage_volumetric_concentration,93.80000000000001,kg/m^3,beverage_volume,0.9,RSD_PERCENT,CONDITION_LEVEL,CONDITION_LEVEL_RSD_RETAINED,False,True,puckworks/data/angeloni2023/total_solids.csv,A16
A17,Arabica,bioactives,3_caffeoylquinic_acid,3CQA,2.45,g/L,directly_reported_beverage_volumetric_concentration,2.45,kg/m^3,beverage_volume,,,VARIETY_LEVEL_RANGE_METADATA_ONLY,VARIETY_RANGE_ONLY_NOT_CONDITION_SPECIFIC,False,True,puckworks/data/angeloni2023/bioactives.csv,A17
A17,Arabica,bioactives,3_5_dicaffeoylquinic_acid,3_5diCQA,0.21,g/L,directly_reported_beverage_volumetric_concentration,0.21,kg/m^3,beverage_volume,,,VARIETY_LEVEL_RANGE_METADATA_ONLY,VARIETY_RANGE_ONLY_NOT_CONDITION_SPECIFIC,False,True,puckworks/data/angeloni2023/bioactives.csv,A17
A17,Arabica,bioactives,5_caffeoylquinic_acid,5CQA,5.76,g/L,directly_reported_beverage_volumetric_concentration,5.76,kg/m^3,beverage_volume,,,VARIETY_LEVEL_RANGE_METADATA_ONLY,VARIETY_RANGE_ONLY_NOT_CONDITION_SPECIFIC,False,True,puckworks/data/angeloni2023/bioactives.csv,A17
A17,Arabica,bioactives,acetic_acid,AA,5.92,g/L,directly_reported_beverage_volumetric_concentration,5.92,kg/m^3,beverage_volume,,,VARIETY_LEVEL_RANGE_METADATA_ONLY,VARIETY_RANGE_ONLY_NOT_CONDITION_SPECIFIC,False,True,puckworks/data/angeloni2023/bioactives.csv,A17
A17,Arabica,bioactives,citric_acid,CA,13.1,g/L,directly_reported_beverage_volumetric_concentration,13.1,kg/m^3,beverage_volume,,,VARIETY_LEVEL_RANGE_METADATA_ONLY,VARIETY_RANGE_ONLY_NOT_CONDITION_SPECIFIC,False,True,puckworks/data/angeloni2023/bioactives.csv,A17
A17,Arabica,bioactives,caffeine,CF,4.79,g/L,directly_reported_beverage_volumetric_concentration,4.79,kg/m^3,beverage_volume,,,VARIETY_LEVEL_RANGE_METADATA_ONLY,VARIETY_RANGE_ONLY_NOT_CONDITION_SPECIFIC,False,True,puckworks/data/angeloni2023/bioactives.csv,A17
A17,Arabica,bioactives,ferulic_acid,FA,0.23,g/L,directly_reported_beverage_volumetric_concentration,0.23,kg/m^3,beverage_volume,,,VARIETY_LEVEL_RANGE_METADATA_ONLY,VARIETY_RANGE_ONLY_NOT_CONDITION_SPECIFIC,False,True,puckworks/data/angeloni2023/bioactives.csv,A17
A17,Arabica,bioactives,tartaric_acid,TA,3.18,g/L,directly_reported_beverage_volumetric_concentration,3.18,kg/m^3,beverage_volume,,,VARIETY_LEVEL_RANGE_METADATA_ONLY,VARIETY_RANGE_ONLY_NOT_CONDITION_SPECIFIC,False,True,puckworks/data/angeloni2023/bioactives.csv,A17
A17,Arabica,bioactives,trigonelline,TR,3.19,g/L,directly_reported_beverage_volumetric_concentration,3.19,kg/m^3,beverage_volume,,,VARIETY_LEVEL_RANGE_METADATA_ONLY,VARIETY_RANGE_ONLY_NOT_CONDITION_SPECIFIC,False,True,puckworks/data/angeloni2023/bioactives.csv,A17
A17,Arabica,bioactives,total_chlorogenic_acids,totCQA,8.42,g/L,directly_reported_beverage_volumetric_concentration,8.42,kg/m^3,beverage_volume,,,VARIETY_LEVEL_RANGE_METADATA_ONLY,VARIETY_RANGE_ONLY_NOT_CONDITION_SPECIFIC,False,True,puckworks/data/angeloni2023/bioactives.csv,A17
A17,Arabica,bioactives,total_organic_acids,totOA,22.19,g/L,directly_reported_beverage_volumetric_concentration,22.19,kg/m^3,beverage_volume,,,VARIETY_LEVEL_RANGE_METADATA_ONLY,VARIETY_RANGE_ONLY_NOT_CONDITION_SPECIFIC,False,True,puckworks/data/angeloni2023/bioactives.csv,A17
A17,Arabica,lipids,total_lipids,LP,0.55,g/100 mL,directly_reported_beverage_volumetric_concentration,5.5,kg/m^3,beverage_volume,12.9,RSD_PERCENT,CONDITION_LEVEL,CONDITION_LEVEL_RSD_RETAINED,False,True,puckworks/data/angeloni2023/lipids.csv,A17
A17,Arabica,total_solids,,,9.49,g/100 mL,directly_reported_beverage_volumetric_concentration,94.9,kg/m^3,beverage_volume,4.5,RSD_PERCENT,CONDITION_LEVEL,CONDITION_LEVEL_RSD_RETAINED,False,True,puckworks/data/angeloni2023/total_solids.csv,A17
A18,Arabica,bioactives,3_caffeoylquinic_acid,3CQA,2.43,g/L,directly_reported_beverage_volumetric_concentration,2.43,kg/m^3,beverage_volume,,,VARIETY_LEVEL_RANGE_METADATA_ONLY,VARIETY_RANGE_ONLY_NOT_CONDITION_SPECIFIC,False,True,puckworks/data/angeloni2023/bioactives.csv,A18
A18,Arabica,bioactives,3_5_dicaffeoylquinic_acid,3_5diCQA,0.25,g/L,directly_reported_beverage_volumetric_concentration,0.25,kg/m^3,beverage_volume,,,VARIETY_LEVEL_RANGE_METADATA_ONLY,VARIETY_RANGE_ONLY_NOT_CONDITION_SPECIFIC,False,True,puckworks/data/angeloni2023/bioactives.csv,A18
A18,Arabica,bioactives,5_caffeoylquinic_acid,5CQA,4.51,g/L,directly_reported_beverage_volumetric_concentration,4.51,kg/m^3,beverage_volume,,,VARIETY_LEVEL_RANGE_METADATA_ONLY,VARIETY_RANGE_ONLY_NOT_CONDITION_SPECIFIC,False,True,puckworks/data/angeloni2023/bioactives.csv,A18
A18,Arabica,bioactives,acetic_acid,AA,11.69,g/L,directly_reported_beverage_volumetric_concentration,11.69,kg/m^3,beverage_volume,,,VARIETY_LEVEL_RANGE_METADATA_ONLY,VARIETY_RANGE_ONLY_NOT_CONDITION_SPECIFIC,False,True,puckworks/data/angeloni2023/bioactives.csv,A18
A18,Arabica,bioactives,citric_acid,CA,15.9,g/L,directly_reported_beverage_volumetric_concentration,15.9,kg/m^3,beverage_volume,,,VARIETY_LEVEL_RANGE_METADATA_ONLY,VARIETY_RANGE_ONLY_NOT_CONDITION_SPECIFIC,False,True,puckworks/data/angeloni2023/bioactives.csv,A18
A18,Arabica,bioactives,caffeine,CF,4.71,g/L,directly_reported_beverage_volumetric_concentration,4.71,kg/m^3,beverage_volume,,,VARIETY_LEVEL_RANGE_METADATA_ONLY,VARIETY_RANGE_ONLY_NOT_CONDITION_SPECIFIC,False,True,puckworks/data/angeloni2023/bioactives.csv,A18
A18,Arabica,bioactives,ferulic_acid,FA,0.25,g/L,directly_reported_beverage_volumetric_concentration,0.25,kg/m^3,beverage_volume,,,VARIETY_LEVEL_RANGE_METADATA_ONLY,VARIETY_RANGE_ONLY_NOT_CONDITION_SPECIFIC,False,True,puckworks/data/angeloni2023/bioactives.csv,A18
A18,Arabica,bioactives,tartaric_acid,TA,3.21,g/L,directly_reported_beverage_volumetric_concentration,3.21,kg/m^3,beverage_volume,,,VARIETY_LEVEL_RANGE_METADATA_ONLY,VARIETY_RANGE_ONLY_NOT_CONDITION_SPECIFIC,False,True,puckworks/data/angeloni2023/bioactives.csv,A18
A18,Arabica,bioactives,trigonelline,TR,3.23,g/L,directly_reported_beverage_volumetric_concentration,3.23,kg/m^3,beverage_volume,,,VARIETY_LEVEL_RANGE_METADATA_ONLY,VARIETY_RANGE_ONLY_NOT_CONDITION_SPECIFIC,False,True,puckworks/data/angeloni2023/bioactives.csv,A18
A18,Arabica,bioactives,total_chlorogenic_acids,totCQA,7.19,g/L,directly_reported_beverage_volumetric_concentration,7.19,kg/m^3,beverage_volume,,,VARIETY_LEVEL_RANGE_METADATA_ONLY,VARIETY_RANGE_ONLY_NOT_CONDITION_SPECIFIC,False,True,puckworks/data/angeloni2023/bioactives.csv,A18
A18,Arabica,bioactives,total_organic_acids,totOA,30.8,g/L,directly_reported_beverage_volumetric_concentration,30.8,kg/m^3,beverage_volume,,,VARIETY_LEVEL_RANGE_METADATA_ONLY,VARIETY_RANGE_ONLY_NOT_CONDITION_SPECIFIC,False,True,puckworks/data/angeloni2023/bioactives.csv,A18
A18,Arabica,lipids,total_lipids,LP,0.29,g/100 mL,directly_reported_beverage_volumetric_concentration,2.9,kg/m^3,beverage_volume,3.5,RSD_PERCENT,CONDITION_LEVEL,CONDITION_LEVEL_RSD_RETAINED,False,True,puckworks/data/angeloni2023/lipids.csv,A18
A18,Arabica,total_solids,,,9.59,g/100 mL,directly_reported_beverage_volumetric_concentration,95.9,kg/m^3,beverage_volume,6.8,RSD_PERCENT,CONDITION_LEVEL,CONDITION_LEVEL_RSD_RETAINED,False,True,puckworks/data/angeloni2023/total_solids.csv,A18
A19,Arabica,bioactives,3_caffeoylquinic_acid,3CQA,2.26,g/L,directly_reported_beverage_volumetric_concentration,2.26,kg/m^3,beverage_volume,,,VARIETY_LEVEL_RANGE_METADATA_ONLY,VARIETY_RANGE_ONLY_NOT_CONDITION_SPECIFIC,False,True,puckworks/data/angeloni2023/bioactives.csv,A19
A19,Arabica,bioactives,3_5_dicaffeoylquinic_acid,3_5diCQA,0.23,g/L,directly_reported_beverage_volumetric_concentration,0.23,kg/m^3,beverage_volume,,,VARIETY_LEVEL_RANGE_METADATA_ONLY,VARIETY_RANGE_ONLY_NOT_CONDITION_SPECIFIC,False,True,puckworks/data/angeloni2023/bioactives.csv,A19
A19,Arabica,bioactives,5_caffeoylquinic_acid,5CQA,4.14,g/L,directly_reported_beverage_volumetric_concentration,4.14,kg/m^3,beverage_volume,,,VARIETY_LEVEL_RANGE_METADATA_ONLY,VARIETY_RANGE_ONLY_NOT_CONDITION_SPECIFIC,False,True,puckworks/data/angeloni2023/bioactives.csv,A19
A19,Arabica,bioactives,acetic_acid,AA,7.55,g/L,directly_reported_beverage_volumetric_concentration,7.55,kg/m^3,beverage_volume,,,VARIETY_LEVEL_RANGE_METADATA_ONLY,VARIETY_RANGE_ONLY_NOT_CONDITION_SPECIFIC,False,True,puckworks/data/angeloni2023/bioactives.csv,A19
A19,Arabica,bioactives,citric_acid,CA,13.53,g/L,directly_reported_beverage_volumetric_concentration,13.53,kg/m^3,beverage_volume,,,VARIETY_LEVEL_RANGE_METADATA_ONLY,VARIETY_RANGE_ONLY_NOT_CONDITION_SPECIFIC,False,True,puckworks/data/angeloni2023/bioactives.csv,A19
A19,Arabica,bioactives,caffeine,CF,4.41,g/L,directly_reported_beverage_volumetric_concentration,4.41,kg/m^3,beverage_volume,,,VARIETY_LEVEL_RANGE_METADATA_ONLY,VARIETY_RANGE_ONLY_NOT_CONDITION_SPECIFIC,False,True,puckworks/data/angeloni2023/bioactives.csv,A19
A19,Arabica,bioactives,ferulic_acid,FA,0.23,g/L,directly_reported_beverage_volumetric_concentration,0.23,kg/m^3,beverage_volume,,,VARIETY_LEVEL_RANGE_METADATA_ONLY,VARIETY_RANGE_ONLY_NOT_CONDITION_SPECIFIC,False,True,puckworks/data/angeloni2023/bioactives.csv,A19
A19,Arabica,bioactives,tartaric_acid,TA,2.98,g/L,directly_reported_beverage_volumetric_concentration,2.98,kg/m^3,beverage_volume,,,VARIETY_LEVEL_RANGE_METADATA_ONLY,VARIETY_RANGE_ONLY_NOT_CONDITION_SPECIFIC,False,True,puckworks/data/angeloni2023/bioactives.csv,A19
A19,Arabica,bioactives,trigonelline,TR,2.99,g/L,directly_reported_beverage_volumetric_concentration,2.99,kg/m^3,beverage_volume,,,VARIETY_LEVEL_RANGE_METADATA_ONLY,VARIETY_RANGE_ONLY_NOT_CONDITION_SPECIFIC,False,True,puckworks/data/angeloni2023/bioactives.csv,A19
A19,Arabica,bioactives,total_chlorogenic_acids,totCQA,6.64,g/L,directly_reported_beverage_volumetric_concentration,6.64,kg/m^3,beverage_volume,,,VARIETY_LEVEL_RANGE_METADATA_ONLY,VARIETY_RANGE_ONLY_NOT_CONDITION_SPECIFIC,False,True,puckworks/data/angeloni2023/bioactives.csv,A19
A19,Arabica,bioactives,total_organic_acids,totOA,24.07,g/L,directly_reported_beverage_volumetric_concentration,24.07,kg/m^3,beverage_volume,,,VARIETY_LEVEL_RANGE_METADATA_ONLY,VARIETY_RANGE_ONLY_NOT_CONDITION_SPECIFIC,False,True,puckworks/data/angeloni2023/bioactives.csv,A19
A19,Arabica,lipids,total_lipids,LP,0.65,g/100 mL,directly_reported_beverage_volumetric_concentration,6.5,kg/m^3,beverage_volume,1.1,RSD_PERCENT,CONDITION_LEVEL,CONDITION_LEVEL_RSD_RETAINED,False,True,puckworks/data/angeloni2023/lipids.csv,A19
A19,Arabica,total_solids,,,9.05,g/100 mL,directly_reported_beverage_volumetric_concentration,90.5,kg/m^3,beverage_volume,1.2,RSD_PERCENT,CONDITION_LEVEL,CONDITION_LEVEL_RSD_RETAINED,False,True,puckworks/data/angeloni2023/total_solids.csv,A19
A2,Arabica,bioactives,3_caffeoylquinic_acid,3CQA,3.05,g/L,directly_reported_beverage_volumetric_concentration,3.05,kg/m^3,beverage_volume,,,VARIETY_LEVEL_RANGE_METADATA_ONLY,VARIETY_RANGE_ONLY_NOT_CONDITION_SPECIFIC,False,True,puckworks/data/angeloni2023/bioactives.csv,A2
A2,Arabica,bioactives,3_5_dicaffeoylquinic_acid,3_5diCQA,0.32,g/L,directly_reported_beverage_volumetric_concentration,0.32,kg/m^3,beverage_volume,,,VARIETY_LEVEL_RANGE_METADATA_ONLY,VARIETY_RANGE_ONLY_NOT_CONDITION_SPECIFIC,False,True,puckworks/data/angeloni2023/bioactives.csv,A2
A2,Arabica,bioactives,5_caffeoylquinic_acid,5CQA,5.74,g/L,directly_reported_beverage_volumetric_concentration,5.74,kg/m^3,beverage_volume,,,VARIETY_LEVEL_RANGE_METADATA_ONLY,VARIETY_RANGE_ONLY_NOT_CONDITION_SPECIFIC,False,True,puckworks/data/angeloni2023/bioactives.csv,A2
A2,Arabica,bioactives,acetic_acid,AA,6.98,g/L,directly_reported_beverage_volumetric_concentration,6.98,kg/m^3,beverage_volume,,,VARIETY_LEVEL_RANGE_METADATA_ONLY,VARIETY_RANGE_ONLY_NOT_CONDITION_SPECIFIC,False,True,puckworks/data/angeloni2023/bioactives.csv,A2
A2,Arabica,bioactives,citric_acid,CA,17.92,g/L,directly_reported_beverage_volumetric_concentration,17.92,kg/m^3,beverage_volume,,,VARIETY_LEVEL_RANGE_METADATA_ONLY,VARIETY_RANGE_ONLY_NOT_CONDITION_SPECIFIC,False,True,puckworks/data/angeloni2023/bioactives.csv,A2
A2,Arabica,bioactives,caffeine,CF,5.45,g/L,directly_reported_beverage_volumetric_concentration,5.45,kg/m^3,beverage_volume,,,VARIETY_LEVEL_RANGE_METADATA_ONLY,VARIETY_RANGE_ONLY_NOT_CONDITION_SPECIFIC,False,True,puckworks/data/angeloni2023/bioactives.csv,A2
A2,Arabica,bioactives,ferulic_acid,FA,0.32,g/L,directly_reported_beverage_volumetric_concentration,0.32,kg/m^3,beverage_volume,,,VARIETY_LEVEL_RANGE_METADATA_ONLY,VARIETY_RANGE_ONLY_NOT_CONDITION_SPECIFIC,False,True,puckworks/data/angeloni2023/bioactives.csv,A2
A2,Arabica,bioactives,tartaric_acid,TA,3.53,g/L,directly_reported_beverage_volumetric_concentration,3.53,kg/m^3,beverage_volume,,,VARIETY_LEVEL_RANGE_METADATA_ONLY,VARIETY_RANGE_ONLY_NOT_CONDITION_SPECIFIC,False,True,puckworks/data/angeloni2023/bioactives.csv,A2
A2,Arabica,bioactives,trigonelline,TR,3.55,g/L,directly_reported_beverage_volumetric_concentration,3.55,kg/m^3,beverage_volume,,,VARIETY_LEVEL_RANGE_METADATA_ONLY,VARIETY_RANGE_ONLY_NOT_CONDITION_SPECIFIC,False,True,puckworks/data/angeloni2023/bioactives.csv,A2
A2,Arabica,bioactives,total_chlorogenic_acids,totCQA,9.11,g/L,directly_reported_beverage_volumetric_concentration,9.11,kg/m^3,beverage_volume,,,VARIETY_LEVEL_RANGE_METADATA_ONLY,VARIETY_RANGE_ONLY_NOT_CONDITION_SPECIFIC,False,True,puckworks/data/angeloni2023/bioactives.csv,A2
A2,Arabica,bioactives,total_organic_acids,totOA,28.43,g/L,directly_reported_beverage_volumetric_concentration,28.43,kg/m^3,beverage_volume,,,VARIETY_LEVEL_RANGE_METADATA_ONLY,VARIETY_RANGE_ONLY_NOT_CONDITION_SPECIFIC,False,True,puckworks/data/angeloni2023/bioactives.csv,A2
A2,Arabica,lipids,total_lipids,LP,0.53,g/100 mL,directly_reported_beverage_volumetric_concentration,5.300000000000001,kg/m^3,beverage_volume,14.8,RSD_PERCENT,CONDITION_LEVEL,CONDITION_LEVEL_RSD_RETAINED,False,True,puckworks/data/angeloni2023/lipids.csv,A2
A2,Arabica,total_solids,,,9.65,g/100 mL,directly_reported_beverage_volumetric_concentration,96.5,kg/m^3,beverage_volume,2.6,RSD_PERCENT,CONDITION_LEVEL,CONDITION_LEVEL_RSD_RETAINED,False,True,puckworks/data/angeloni2023/total_solids.csv,A2
A20,Arabica,bioactives,3_caffeoylquinic_acid,3CQA,2.55,g/L,directly_reported_beverage_volumetric_concentration,2.55,kg/m^3,beverage_volume,,,VARIETY_LEVEL_RANGE_METADATA_ONLY,VARIETY_RANGE_ONLY_NOT_CONDITION_SPECIFIC,False,True,puckworks/data/angeloni2023/bioactives.csv,A20
A20,Arabica,bioactives,3_5_dicaffeoylquinic_acid,3_5diCQA,0.27,g/L,directly_reported_beverage_volumetric_concentration,0.27,kg/m^3,beverage_volume,,,VARIETY_LEVEL_RANGE_METADATA_ONLY,VARIETY_RANGE_ONLY_NOT_CONDITION_SPECIFIC,False,True,puckworks/data/angeloni2023/bioactives.csv,A20
A20,Arabica,bioactives,5_caffeoylquinic_acid,5CQA,4.77,g/L,directly_reported_beverage_volumetric_concentration,4.77,kg/m^3,beverage_volume,,,VARIETY_LEVEL_RANGE_METADATA_ONLY,VARIETY_RANGE_ONLY_NOT_CONDITION_SPECIFIC,False,True,puckworks/data/angeloni2023/bioactives.csv,A20
A20,Arabica,bioactives,acetic_acid,AA,4.57,g/L,directly_reported_beverage_volumetric_concentration,4.57,kg/m^3,beverage_volume,,,VARIETY_LEVEL_RANGE_METADATA_ONLY,VARIETY_RANGE_ONLY_NOT_CONDITION_SPECIFIC,False,True,puckworks/data/angeloni2023/bioactives.csv,A20
A20,Arabica,bioactives,citric_acid,CA,11.46,g/L,directly_reported_beverage_volumetric_concentration,11.46,kg/m^3,beverage_volume,,,VARIETY_LEVEL_RANGE_METADATA_ONLY,VARIETY_RANGE_ONLY_NOT_CONDITION_SPECIFIC,False,True,puckworks/data/angeloni2023/bioactives.csv,A20
A20,Arabica,bioactives,caffeine,CF,5.0,g/L,directly_reported_beverage_volumetric_concentration,5.0,kg/m^3,beverage_volume,,,VARIETY_LEVEL_RANGE_METADATA_ONLY,VARIETY_RANGE_ONLY_NOT_CONDITION_SPECIFIC,False,True,puckworks/data/angeloni2023/bioactives.csv,A20
A20,Arabica,bioactives,ferulic_acid,FA,0.24,g/L,directly_reported_beverage_volumetric_concentration,0.24,kg/m^3,beverage_volume,,,VARIETY_LEVEL_RANGE_METADATA_ONLY,VARIETY_RANGE_ONLY_NOT_CONDITION_SPECIFIC,False,True,puckworks/data/angeloni2023/bioactives.csv,A20
A20,Arabica,bioactives,tartaric_acid,TA,3.37,g/L,directly_reported_beverage_volumetric_concentration,3.37,kg/m^3,beverage_volume,,,VARIETY_LEVEL_RANGE_METADATA_ONLY,VARIETY_RANGE_ONLY_NOT_CONDITION_SPECIFIC,False,True,puckworks/data/angeloni2023/bioactives.csv,A20
A20,Arabica,bioactives,trigonelline,TR,3.39,g/L,directly_reported_beverage_volumetric_concentration,3.39,kg/m^3,beverage_volume,,,VARIETY_LEVEL_RANGE_METADATA_ONLY,VARIETY_RANGE_ONLY_NOT_CONDITION_SPECIFIC,False,True,puckworks/data/angeloni2023/bioactives.csv,A20
A20,Arabica,bioactives,total_chlorogenic_acids,totCQA,7.59,g/L,directly_reported_beverage_volumetric_concentration,7.59,kg/m^3,beverage_volume,,,VARIETY_LEVEL_RANGE_METADATA_ONLY,VARIETY_RANGE_ONLY_NOT_CONDITION_SPECIFIC,False,True,puckworks/data/angeloni2023/bioactives.csv,A20
A20,Arabica,bioactives,total_organic_acids,totOA,19.4,g/L,directly_reported_beverage_volumetric_concentration,19.4,kg/m^3,beverage_volume,,,VARIETY_LEVEL_RANGE_METADATA_ONLY,VARIETY_RANGE_ONLY_NOT_CONDITION_SPECIFIC,False,True,puckworks/data/angeloni2023/bioactives.csv,A20
A20,Arabica,lipids,total_lipids,LP,0.43,g/100 mL,directly_reported_beverage_volumetric_concentration,4.3,kg/m^3,beverage_volume,18.2,RSD_PERCENT,CONDITION_LEVEL,CONDITION_LEVEL_RSD_RETAINED,False,True,puckworks/data/angeloni2023/lipids.csv,A20
A20,Arabica,total_solids,,,9.79,g/100 mL,directly_reported_beverage_volumetric_concentration,97.89999999999999,kg/m^3,beverage_volume,0.9,RSD_PERCENT,CONDITION_LEVEL,CONDITION_LEVEL_RSD_RETAINED,False,True,puckworks/data/angeloni2023/total_solids.csv,A20
A21,Arabica,bioactives,3_caffeoylquinic_acid,3CQA,2.53,g/L,directly_reported_beverage_volumetric_concentration,2.53,kg/m^3,beverage_volume,,,VARIETY_LEVEL_RANGE_METADATA_ONLY,VARIETY_RANGE_ONLY_NOT_CONDITION_SPECIFIC,False,True,puckworks/data/angeloni2023/bioactives.csv,A21
A21,Arabica,bioactives,3_5_dicaffeoylquinic_acid,3_5diCQA,0.26,g/L,directly_reported_beverage_volumetric_concentration,0.26,kg/m^3,beverage_volume,,,VARIETY_LEVEL_RANGE_METADATA_ONLY,VARIETY_RANGE_ONLY_NOT_CONDITION_SPECIFIC,False,True,puckworks/data/angeloni2023/bioactives.csv,A21
A21,Arabica,bioactives,5_caffeoylquinic_acid,5CQA,4.83,g/L,directly_reported_beverage_volumetric_concentration,4.83,kg/m^3,beverage_volume,,,VARIETY_LEVEL_RANGE_METADATA_ONLY,VARIETY_RANGE_ONLY_NOT_CONDITION_SPECIFIC,False,True,puckworks/data/angeloni2023/bioactives.csv,A21
A21,Arabica,bioactives,acetic_acid,AA,13.09,g/L,directly_reported_beverage_volumetric_concentration,13.09,kg/m^3,beverage_volume,,,VARIETY_LEVEL_RANGE_METADATA_ONLY,VARIETY_RANGE_ONLY_NOT_CONDITION_SPECIFIC,False,True,puckworks/data/angeloni2023/bioactives.csv,A21
A21,Arabica,bioactives,citric_acid,CA,16.42,g/L,directly_reported_beverage_volumetric_concentration,16.42,kg/m^3,beverage_volume,,,VARIETY_LEVEL_RANGE_METADATA_ONLY,VARIETY_RANGE_ONLY_NOT_CONDITION_SPECIFIC,False,True,puckworks/data/angeloni2023/bioactives.csv,A21
A21,Arabica,bioactives,caffeine,CF,4.82,g/L,directly_reported_beverage_volumetric_concentration,4.82,kg/m^3,beverage_volume,,,VARIETY_LEVEL_RANGE_METADATA_ONLY,VARIETY_RANGE_ONLY_NOT_CONDITION_SPECIFIC,False,True,puckworks/data/angeloni2023/bioactives.csv,A21
A21,Arabica,bioactives,ferulic_acid,FA,0.27,g/L,directly_reported_beverage_volumetric_concentration,0.27,kg/m^3,beverage_volume,,,VARIETY_LEVEL_RANGE_METADATA_ONLY,VARIETY_RANGE_ONLY_NOT_CONDITION_SPECIFIC,False,True,puckworks/data/angeloni2023/bioactives.csv,A21
A21,Arabica,bioactives,tartaric_acid,TA,3.31,g/L,directly_reported_beverage_volumetric_concentration,3.31,kg/m^3,beverage_volume,,,VARIETY_LEVEL_RANGE_METADATA_ONLY,VARIETY_RANGE_ONLY_NOT_CONDITION_SPECIFIC,False,True,puckworks/data/angeloni2023/bioactives.csv,A21
A21,Arabica,bioactives,trigonelline,TR,3.32,g/L,directly_reported_beverage_volumetric_concentration,3.32,kg/m^3,beverage_volume,,,VARIETY_LEVEL_RANGE_METADATA_ONLY,VARIETY_RANGE_ONLY_NOT_CONDITION_SPECIFIC,False,True,puckworks/data/angeloni2023/bioactives.csv,A21
A21,Arabica,bioactives,total_chlorogenic_acids,totCQA,7.62,g/L,directly_reported_beverage_volumetric_concentration,7.62,kg/m^3,beverage_volume,,,VARIETY_LEVEL_RANGE_METADATA_ONLY,VARIETY_RANGE_ONLY_NOT_CONDITION_SPECIFIC,False,True,puckworks/data/angeloni2023/bioactives.csv,A21
A21,Arabica,bioactives,total_organic_acids,totOA,32.81,g/L,directly_reported_beverage_volumetric_concentration,32.81,kg/m^3,beverage_volume,,,VARIETY_LEVEL_RANGE_METADATA_ONLY,VARIETY_RANGE_ONLY_NOT_CONDITION_SPECIFIC,False,True,puckworks/data/angeloni2023/bioactives.csv,A21
A21,Arabica,lipids,total_lipids,LP,0.36,g/100 mL,directly_reported_beverage_volumetric_concentration,3.5999999999999996,kg/m^3,beverage_volume,0.0,RSD_PERCENT,CONDITION_LEVEL,PRINTED_ZERO_RSD_VARIANCE_FLOOR_REQUIRED,False,True,puckworks/data/angeloni2023/lipids.csv,A21
A21,Arabica,total_solids,,,8.8,g/100 mL,directly_reported_beverage_volumetric_concentration,88.0,kg/m^3,beverage_volume,6.4,RSD_PERCENT,CONDITION_LEVEL,CONDITION_LEVEL_RSD_RETAINED,False,True,puckworks/data/angeloni2023/total_solids.csv,A21
A22,Arabica,bioactives,3_caffeoylquinic_acid,3CQA,2.37,g/L,directly_reported_beverage_volumetric_concentration,2.37,kg/m^3,beverage_volume,,,VARIETY_LEVEL_RANGE_METADATA_ONLY,VARIETY_RANGE_ONLY_NOT_CONDITION_SPECIFIC,False,True,puckworks/data/angeloni2023/bioactives.csv,A22
A22,Arabica,bioactives,3_5_dicaffeoylquinic_acid,3_5diCQA,0.25,g/L,directly_reported_beverage_volumetric_concentration,0.25,kg/m^3,beverage_volume,,,VARIETY_LEVEL_RANGE_METADATA_ONLY,VARIETY_RANGE_ONLY_NOT_CONDITION_SPECIFIC,False,True,puckworks/data/angeloni2023/bioactives.csv,A22
A22,Arabica,bioactives,5_caffeoylquinic_acid,5CQA,4.43,g/L,directly_reported_beverage_volumetric_concentration,4.43,kg/m^3,beverage_volume,,,VARIETY_LEVEL_RANGE_METADATA_ONLY,VARIETY_RANGE_ONLY_NOT_CONDITION_SPECIFIC,False,True,puckworks/data/angeloni2023/bioactives.csv,A22
A22,Arabica,bioactives,acetic_acid,AA,6.64,g/L,directly_reported_beverage_volumetric_concentration,6.64,kg/m^3,beverage_volume,,,VARIETY_LEVEL_RANGE_METADATA_ONLY,VARIETY_RANGE_ONLY_NOT_CONDITION_SPECIFIC,False,True,puckworks/data/angeloni2023/bioactives.csv,A22
A22,Arabica,bioactives,citric_acid,CA,10.19,g/L,directly_reported_beverage_volumetric_concentration,10.19,kg/m^3,beverage_volume,,,VARIETY_LEVEL_RANGE_METADATA_ONLY,VARIETY_RANGE_ONLY_NOT_CONDITION_SPECIFIC,False,True,puckworks/data/angeloni2023/bioactives.csv,A22
A22,Arabica,bioactives,caffeine,CF,4.45,g/L,directly_reported_beverage_volumetric_concentration,4.45,kg/m^3,beverage_volume,,,VARIETY_LEVEL_RANGE_METADATA_ONLY,VARIETY_RANGE_ONLY_NOT_CONDITION_SPECIFIC,False,True,puckworks/data/angeloni2023/bioactives.csv,A22
A22,Arabica,bioactives,ferulic_acid,FA,0.24,g/L,directly_reported_beverage_volumetric_concentration,0.24,kg/m^3,beverage_volume,,,VARIETY_LEVEL_RANGE_METADATA_ONLY,VARIETY_RANGE_ONLY_NOT_CONDITION_SPECIFIC,False,True,puckworks/data/angeloni2023/bioactives.csv,A22
A22,Arabica,bioactives,tartaric_acid,TA,3.01,g/L,directly_reported_beverage_volumetric_concentration,3.01,kg/m^3,beverage_volume,,,VARIETY_LEVEL_RANGE_METADATA_ONLY,VARIETY_RANGE_ONLY_NOT_CONDITION_SPECIFIC,False,True,puckworks/data/angeloni2023/bioactives.csv,A22
A22,Arabica,bioactives,trigonelline,TR,3.0,g/L,directly_reported_beverage_volumetric_concentration,3.0,kg/m^3,beverage_volume,,,VARIETY_LEVEL_RANGE_METADATA_ONLY,VARIETY_RANGE_ONLY_NOT_CONDITION_SPECIFIC,False,True,puckworks/data/angeloni2023/bioactives.csv,A22
A22,Arabica,bioactives,total_chlorogenic_acids,totCQA,7.05,g/L,directly_reported_beverage_volumetric_concentration,7.05,kg/m^3,beverage_volume,,,VARIETY_LEVEL_RANGE_METADATA_ONLY,VARIETY_RANGE_ONLY_NOT_CONDITION_SPECIFIC,False,True,puckworks/data/angeloni2023/bioactives.csv,A22
A22,Arabica,bioactives,total_organic_acids,totOA,19.84,g/L,directly_reported_beverage_volumetric_concentration,19.84,kg/m^3,beverage_volume,,,VARIETY_LEVEL_RANGE_METADATA_ONLY,VARIETY_RANGE_ONLY_NOT_CONDITION_SPECIFIC,False,True,puckworks/data/angeloni2023/bioactives.csv,A22
A22,Arabica,lipids,total_lipids,LP,0.35,g/100 mL,directly_reported_beverage_volumetric_concentration,3.5,kg/m^3,beverage_volume,12.1,RSD_PERCENT,CONDITION_LEVEL,CONDITION_LEVEL_RSD_RETAINED,False,True,puckworks/data/angeloni2023/lipids.csv,A22
A22,Arabica,total_solids,,,9.22,g/100 mL,directly_reported_beverage_volumetric_concentration,92.2,kg/m^3,beverage_volume,1.2,RSD_PERCENT,CONDITION_LEVEL,CONDITION_LEVEL_RSD_RETAINED,False,True,puckworks/data/angeloni2023/total_solids.csv,A22
A23,Arabica,bioactives,3_caffeoylquinic_acid,3CQA,2.97,g/L,directly_reported_beverage_volumetric_concentration,2.97,kg/m^3,beverage_volume,,,VARIETY_LEVEL_RANGE_METADATA_ONLY,VARIETY_RANGE_ONLY_NOT_CONDITION_SPECIFIC,False,True,puckworks/data/angeloni2023/bioactives.csv,A23
A23,Arabica,bioactives,3_5_dicaffeoylquinic_acid,3_5diCQA,0.32,g/L,directly_reported_beverage_volumetric_concentration,0.32,kg/m^3,beverage_volume,,,VARIETY_LEVEL_RANGE_METADATA_ONLY,VARIETY_RANGE_ONLY_NOT_CONDITION_SPECIFIC,False,True,puckworks/data/angeloni2023/bioactives.csv,A23
A23,Arabica,bioactives,5_caffeoylquinic_acid,5CQA,5.51,g/L,directly_reported_beverage_volumetric_concentration,5.51,kg/m^3,beverage_volume,,,VARIETY_LEVEL_RANGE_METADATA_ONLY,VARIETY_RANGE_ONLY_NOT_CONDITION_SPECIFIC,False,True,puckworks/data/angeloni2023/bioactives.csv,A23
A23,Arabica,bioactives,acetic_acid,AA,5.42,g/L,directly_reported_beverage_volumetric_concentration,5.42,kg/m^3,beverage_volume,,,VARIETY_LEVEL_RANGE_METADATA_ONLY,VARIETY_RANGE_ONLY_NOT_CONDITION_SPECIFIC,False,True,puckworks/data/angeloni2023/bioactives.csv,A23
A23,Arabica,bioactives,citric_acid,CA,11.4,g/L,directly_reported_beverage_volumetric_concentration,11.4,kg/m^3,beverage_volume,,,VARIETY_LEVEL_RANGE_METADATA_ONLY,VARIETY_RANGE_ONLY_NOT_CONDITION_SPECIFIC,False,True,puckworks/data/angeloni2023/bioactives.csv,A23
A23,Arabica,bioactives,caffeine,CF,5.43,g/L,directly_reported_beverage_volumetric_concentration,5.43,kg/m^3,beverage_volume,,,VARIETY_LEVEL_RANGE_METADATA_ONLY,VARIETY_RANGE_ONLY_NOT_CONDITION_SPECIFIC,False,True,puckworks/data/angeloni2023/bioactives.csv,A23
A23,Arabica,bioactives,ferulic_acid,FA,0.3,g/L,directly_reported_beverage_volumetric_concentration,0.3,kg/m^3,beverage_volume,,,VARIETY_LEVEL_RANGE_METADATA_ONLY,VARIETY_RANGE_ONLY_NOT_CONDITION_SPECIFIC,False,True,puckworks/data/angeloni2023/bioactives.csv,A23
A23,Arabica,bioactives,tartaric_acid,TA,3.5,g/L,directly_reported_beverage_volumetric_concentration,3.5,kg/m^3,beverage_volume,,,VARIETY_LEVEL_RANGE_METADATA_ONLY,VARIETY_RANGE_ONLY_NOT_CONDITION_SPECIFIC,False,True,puckworks/data/angeloni2023/bioactives.csv,A23
A23,Arabica,bioactives,trigonelline,TR,3.48,g/L,directly_reported_beverage_volumetric_concentration,3.48,kg/m^3,beverage_volume,,,VARIETY_LEVEL_RANGE_METADATA_ONLY,VARIETY_RANGE_ONLY_NOT_CONDITION_SPECIFIC,False,True,puckworks/data/angeloni2023/bioactives.csv,A23
A23,Arabica,bioactives,total_chlorogenic_acids,totCQA,8.8,g/L,directly_reported_beverage_volumetric_concentration,8.8,kg/m^3,beverage_volume,,,VARIETY_LEVEL_RANGE_METADATA_ONLY,VARIETY_RANGE_ONLY_NOT_CONDITION_SPECIFIC,False,True,puckworks/data/angeloni2023/bioactives.csv,A23
A23,Arabica,bioactives,total_organic_acids,totOA,20.32,g/L,directly_reported_beverage_volumetric_concentration,20.32,kg/m^3,beverage_volume,,,VARIETY_LEVEL_RANGE_METADATA_ONLY,VARIETY_RANGE_ONLY_NOT_CONDITION_SPECIFIC,False,True,puckworks/data/angeloni2023/bioactives.csv,A23
A23,Arabica,lipids,total_lipids,LP,0.52,g/100 mL,directly_reported_beverage_volumetric_concentration,5.2,kg/m^3,beverage_volume,12.2,RSD_PERCENT,CONDITION_LEVEL,CONDITION_LEVEL_RSD_RETAINED,False,True,puckworks/data/angeloni2023/lipids.csv,A23
A23,Arabica,total_solids,,,10.73,g/100 mL,directly_reported_beverage_volumetric_concentration,107.30000000000001,kg/m^3,beverage_volume,5.0,RSD_PERCENT,CONDITION_LEVEL,CONDITION_LEVEL_RSD_RETAINED,False,True,puckworks/data/angeloni2023/total_solids.csv,A23
A24,Arabica,bioactives,3_caffeoylquinic_acid,3CQA,2.96,g/L,directly_reported_beverage_volumetric_concentration,2.96,kg/m^3,beverage_volume,,,VARIETY_LEVEL_RANGE_METADATA_ONLY,VARIETY_RANGE_ONLY_NOT_CONDITION_SPECIFIC,False,True,puckworks/data/angeloni2023/bioactives.csv,A24
A24,Arabica,bioactives,3_5_dicaffeoylquinic_acid,3_5diCQA,0.32,g/L,directly_reported_beverage_volumetric_concentration,0.32,kg/m^3,beverage_volume,,,VARIETY_LEVEL_RANGE_METADATA_ONLY,VARIETY_RANGE_ONLY_NOT_CONDITION_SPECIFIC,False,True,puckworks/data/angeloni2023/bioactives.csv,A24
A24,Arabica,bioactives,5_caffeoylquinic_acid,5CQA,5.64,g/L,directly_reported_beverage_volumetric_concentration,5.64,kg/m^3,beverage_volume,,,VARIETY_LEVEL_RANGE_METADATA_ONLY,VARIETY_RANGE_ONLY_NOT_CONDITION_SPECIFIC,False,True,puckworks/data/angeloni2023/bioactives.csv,A24
A24,Arabica,bioactives,acetic_acid,AA,4.47,g/L,directly_reported_beverage_volumetric_concentration,4.47,kg/m^3,beverage_volume,,,VARIETY_LEVEL_RANGE_METADATA_ONLY,VARIETY_RANGE_ONLY_NOT_CONDITION_SPECIFIC,False,True,puckworks/data/angeloni2023/bioactives.csv,A24
A24,Arabica,bioactives,citric_acid,CA,7.94,g/L,directly_reported_beverage_volumetric_concentration,7.94,kg/m^3,beverage_volume,,,VARIETY_LEVEL_RANGE_METADATA_ONLY,VARIETY_RANGE_ONLY_NOT_CONDITION_SPECIFIC,False,True,puckworks/data/angeloni2023/bioactives.csv,A24
A24,Arabica,bioactives,caffeine,CF,5.53,g/L,directly_reported_beverage_volumetric_concentration,5.53,kg/m^3,beverage_volume,,,VARIETY_LEVEL_RANGE_METADATA_ONLY,VARIETY_RANGE_ONLY_NOT_CONDITION_SPECIFIC,False,True,puckworks/data/angeloni2023/bioactives.csv,A24
A24,Arabica,bioactives,ferulic_acid,FA,0.32,g/L,directly_reported_beverage_volumetric_concentration,0.32,kg/m^3,beverage_volume,,,VARIETY_LEVEL_RANGE_METADATA_ONLY,VARIETY_RANGE_ONLY_NOT_CONDITION_SPECIFIC,False,True,puckworks/data/angeloni2023/bioactives.csv,A24
A24,Arabica,bioactives,tartaric_acid,TA,3.54,g/L,directly_reported_beverage_volumetric_concentration,3.54,kg/m^3,beverage_volume,,,VARIETY_LEVEL_RANGE_METADATA_ONLY,VARIETY_RANGE_ONLY_NOT_CONDITION_SPECIFIC,False,True,puckworks/data/angeloni2023/bioactives.csv,A24
A24,Arabica,bioactives,trigonelline,TR,3.54,g/L,directly_reported_beverage_volumetric_concentration,3.54,kg/m^3,beverage_volume,,,VARIETY_LEVEL_RANGE_METADATA_ONLY,VARIETY_RANGE_ONLY_NOT_CONDITION_SPECIFIC,False,True,puckworks/data/angeloni2023/bioactives.csv,A24
A24,Arabica,bioactives,total_chlorogenic_acids,totCQA,8.93,g/L,directly_reported_beverage_volumetric_concentration,8.93,kg/m^3,beverage_volume,,,VARIETY_LEVEL_RANGE_METADATA_ONLY,VARIETY_RANGE_ONLY_NOT_CONDITION_SPECIFIC,False,True,puckworks/data/angeloni2023/bioactives.csv,A24
A24,Arabica,bioactives,total_organic_acids,totOA,15.95,g/L,directly_reported_beverage_volumetric_concentration,15.95,kg/m^3,beverage_volume,,,VARIETY_LEVEL_RANGE_METADATA_ONLY,VARIETY_RANGE_ONLY_NOT_CONDITION_SPECIFIC,False,True,puckworks/data/angeloni2023/bioactives.csv,A24
A24,Arabica,lipids,total_lipids,LP,0.45,g/100 mL,directly_reported_beverage_volumetric_concentration,4.5,kg/m^3,beverage_volume,8.7,RSD_PERCENT,CONDITION_LEVEL,CONDITION_LEVEL_RSD_RETAINED,False,True,puckworks/data/angeloni2023/lipids.csv,A24
A24,Arabica,total_solids,,,10.84,g/100 mL,directly_reported_beverage_volumetric_concentration,108.4,kg/m^3,beverage_volume,7.6,RSD_PERCENT,CONDITION_LEVEL,CONDITION_LEVEL_RSD_RETAINED,False,True,puckworks/data/angeloni2023/total_solids.csv,A24
A25,Arabica,bioactives,3_caffeoylquinic_acid,3CQA,2.93,g/L,directly_reported_beverage_volumetric_concentration,2.93,kg/m^3,beverage_volume,,,VARIETY_LEVEL_RANGE_METADATA_ONLY,VARIETY_RANGE_ONLY_NOT_CONDITION_SPECIFIC,False,True,puckworks/data/angeloni2023/bioactives.csv,A25
A25,Arabica,bioactives,3_5_dicaffeoylquinic_acid,3_5diCQA,0.32,g/L,directly_reported_beverage_volumetric_concentration,0.32,kg/m^3,beverage_volume,,,VARIETY_LEVEL_RANGE_METADATA_ONLY,VARIETY_RANGE_ONLY_NOT_CONDITION_SPECIFIC,False,True,puckworks/data/angeloni2023/bioactives.csv,A25
A25,Arabica,bioactives,5_caffeoylquinic_acid,5CQA,5.5,g/L,directly_reported_beverage_volumetric_concentration,5.5,kg/m^3,beverage_volume,,,VARIETY_LEVEL_RANGE_METADATA_ONLY,VARIETY_RANGE_ONLY_NOT_CONDITION_SPECIFIC,False,True,puckworks/data/angeloni2023/bioactives.csv,A25
A25,Arabica,bioactives,acetic_acid,AA,8.04,g/L,directly_reported_beverage_volumetric_concentration,8.04,kg/m^3,beverage_volume,,,VARIETY_LEVEL_RANGE_METADATA_ONLY,VARIETY_RANGE_ONLY_NOT_CONDITION_SPECIFIC,False,True,puckworks/data/angeloni2023/bioactives.csv,A25
A25,Arabica,bioactives,citric_acid,CA,16.56,g/L,directly_reported_beverage_volumetric_concentration,16.56,kg/m^3,beverage_volume,,,VARIETY_LEVEL_RANGE_METADATA_ONLY,VARIETY_RANGE_ONLY_NOT_CONDITION_SPECIFIC,False,True,puckworks/data/angeloni2023/bioactives.csv,A25
A25,Arabica,bioactives,caffeine,CF,5.44,g/L,directly_reported_beverage_volumetric_concentration,5.44,kg/m^3,beverage_volume,,,VARIETY_LEVEL_RANGE_METADATA_ONLY,VARIETY_RANGE_ONLY_NOT_CONDITION_SPECIFIC,False,True,puckworks/data/angeloni2023/bioactives.csv,A25
A25,Arabica,bioactives,ferulic_acid,FA,0.31,g/L,directly_reported_beverage_volumetric_concentration,0.31,kg/m^3,beverage_volume,,,VARIETY_LEVEL_RANGE_METADATA_ONLY,VARIETY_RANGE_ONLY_NOT_CONDITION_SPECIFIC,False,True,puckworks/data/angeloni2023/bioactives.csv,A25
A25,Arabica,bioactives,tartaric_acid,TA,3.48,g/L,directly_reported_beverage_volumetric_concentration,3.48,kg/m^3,beverage_volume,,,VARIETY_LEVEL_RANGE_METADATA_ONLY,VARIETY_RANGE_ONLY_NOT_CONDITION_SPECIFIC,False,True,puckworks/data/angeloni2023/bioactives.csv,A25
A25,Arabica,bioactives,trigonelline,TR,3.49,g/L,directly_reported_beverage_volumetric_concentration,3.49,kg/m^3,beverage_volume,,,VARIETY_LEVEL_RANGE_METADATA_ONLY,VARIETY_RANGE_ONLY_NOT_CONDITION_SPECIFIC,False,True,puckworks/data/angeloni2023/bioactives.csv,A25
A25,Arabica,bioactives,total_chlorogenic_acids,totCQA,8.75,g/L,directly_reported_beverage_volumetric_concentration,8.75,kg/m^3,beverage_volume,,,VARIETY_LEVEL_RANGE_METADATA_ONLY,VARIETY_RANGE_ONLY_NOT_CONDITION_SPECIFIC,False,True,puckworks/data/angeloni2023/bioactives.csv,A25
A25,Arabica,bioactives,total_organic_acids,totOA,28.08,g/L,directly_reported_beverage_volumetric_concentration,28.08,kg/m^3,beverage_volume,,,VARIETY_LEVEL_RANGE_METADATA_ONLY,VARIETY_RANGE_ONLY_NOT_CONDITION_SPECIFIC,False,True,puckworks/data/angeloni2023/bioactives.csv,A25
A25,Arabica,lipids,total_lipids,LP,0.45,g/100 mL,directly_reported_beverage_volumetric_concentration,4.5,kg/m^3,beverage_volume,2.1,RSD_PERCENT,CONDITION_LEVEL,CONDITION_LEVEL_RSD_RETAINED,False,True,puckworks/data/angeloni2023/lipids.csv,A25
A25,Arabica,total_solids,,,10.5,g/100 mL,directly_reported_beverage_volumetric_concentration,105.0,kg/m^3,beverage_volume,2.3,RSD_PERCENT,CONDITION_LEVEL,CONDITION_LEVEL_RSD_RETAINED,False,True,puckworks/data/angeloni2023/total_solids.csv,A25
A26,Arabica,bioactives,3_caffeoylquinic_acid,3CQA,2.99,g/L,directly_reported_beverage_volumetric_concentration,2.99,kg/m^3,beverage_volume,,,VARIETY_LEVEL_RANGE_METADATA_ONLY,VARIETY_RANGE_ONLY_NOT_CONDITION_SPECIFIC,False,True,puckworks/data/angeloni2023/bioactives.csv,A26
A26,Arabica,bioactives,3_5_dicaffeoylquinic_acid,3_5diCQA,0.33,g/L,directly_reported_beverage_volumetric_concentration,0.33,kg/m^3,beverage_volume,,,VARIETY_LEVEL_RANGE_METADATA_ONLY,VARIETY_RANGE_ONLY_NOT_CONDITION_SPECIFIC,False,True,puckworks/data/angeloni2023/bioactives.csv,A26
A26,Arabica,bioactives,5_caffeoylquinic_acid,5CQA,5.64,g/L,directly_reported_beverage_volumetric_concentration,5.64,kg/m^3,beverage_volume,,,VARIETY_LEVEL_RANGE_METADATA_ONLY,VARIETY_RANGE_ONLY_NOT_CONDITION_SPECIFIC,False,True,puckworks/data/angeloni2023/bioactives.csv,A26
A26,Arabica,bioactives,acetic_acid,AA,5.53,g/L,directly_reported_beverage_volumetric_concentration,5.53,kg/m^3,beverage_volume,,,VARIETY_LEVEL_RANGE_METADATA_ONLY,VARIETY_RANGE_ONLY_NOT_CONDITION_SPECIFIC,False,True,puckworks/data/angeloni2023/bioactives.csv,A26
A26,Arabica,bioactives,citric_acid,CA,18.06,g/L,directly_reported_beverage_volumetric_concentration,18.06,kg/m^3,beverage_volume,,,VARIETY_LEVEL_RANGE_METADATA_ONLY,VARIETY_RANGE_ONLY_NOT_CONDITION_SPECIFIC,False,True,puckworks/data/angeloni2023/bioactives.csv,A26
A26,Arabica,bioactives,caffeine,CF,5.5,g/L,directly_reported_beverage_volumetric_concentration,5.5,kg/m^3,beverage_volume,,,VARIETY_LEVEL_RANGE_METADATA_ONLY,VARIETY_RANGE_ONLY_NOT_CONDITION_SPECIFIC,False,True,puckworks/data/angeloni2023/bioactives.csv,A26
A26,Arabica,bioactives,ferulic_acid,FA,0.33,g/L,directly_reported_beverage_volumetric_concentration,0.33,kg/m^3,beverage_volume,,,VARIETY_LEVEL_RANGE_METADATA_ONLY,VARIETY_RANGE_ONLY_NOT_CONDITION_SPECIFIC,False,True,puckworks/data/angeloni2023/bioactives.csv,A26
A26,Arabica,bioactives,tartaric_acid,TA,3.49,g/L,directly_reported_beverage_volumetric_concentration,3.49,kg/m^3,beverage_volume,,,VARIETY_LEVEL_RANGE_METADATA_ONLY,VARIETY_RANGE_ONLY_NOT_CONDITION_SPECIFIC,False,True,puckworks/data/angeloni2023/bioactives.csv,A26
A26,Arabica,bioactives,trigonelline,TR,3.49,g/L,directly_reported_beverage_volumetric_concentration,3.49,kg/m^3,beverage_volume,,,VARIETY_LEVEL_RANGE_METADATA_ONLY,VARIETY_RANGE_ONLY_NOT_CONDITION_SPECIFIC,False,True,puckworks/data/angeloni2023/bioactives.csv,A26
A26,Arabica,bioactives,total_chlorogenic_acids,totCQA,8.95,g/L,directly_reported_beverage_volumetric_concentration,8.95,kg/m^3,beverage_volume,,,VARIETY_LEVEL_RANGE_METADATA_ONLY,VARIETY_RANGE_ONLY_NOT_CONDITION_SPECIFIC,False,True,puckworks/data/angeloni2023/bioactives.csv,A26
A26,Arabica,bioactives,total_organic_acids,totOA,27.09,g/L,directly_reported_beverage_volumetric_concentration,27.09,kg/m^3,beverage_volume,,,VARIETY_LEVEL_RANGE_METADATA_ONLY,VARIETY_RANGE_ONLY_NOT_CONDITION_SPECIFIC,False,True,puckworks/data/angeloni2023/bioactives.csv,A26
A26,Arabica,lipids,total_lipids,LP,0.41,g/100 mL,directly_reported_beverage_volumetric_concentration,4.1,kg/m^3,beverage_volume,12.8,RSD_PERCENT,CONDITION_LEVEL,CONDITION_LEVEL_RSD_RETAINED,False,True,puckworks/data/angeloni2023/lipids.csv,A26
A26,Arabica,total_solids,,,10.9,g/100 mL,directly_reported_beverage_volumetric_concentration,109.0,kg/m^3,beverage_volume,9.9,RSD_PERCENT,CONDITION_LEVEL,CONDITION_LEVEL_RSD_RETAINED,False,True,puckworks/data/angeloni2023/total_solids.csv,A26
A27,Arabica,bioactives,3_caffeoylquinic_acid,3CQA,3.2,g/L,directly_reported_beverage_volumetric_concentration,3.2,kg/m^3,beverage_volume,,,VARIETY_LEVEL_RANGE_METADATA_ONLY,VARIETY_RANGE_ONLY_NOT_CONDITION_SPECIFIC,False,True,puckworks/data/angeloni2023/bioactives.csv,A27
A27,Arabica,bioactives,3_5_dicaffeoylquinic_acid,3_5diCQA,0.32,g/L,directly_reported_beverage_volumetric_concentration,0.32,kg/m^3,beverage_volume,,,VARIETY_LEVEL_RANGE_METADATA_ONLY,VARIETY_RANGE_ONLY_NOT_CONDITION_SPECIFIC,False,True,puckworks/data/angeloni2023/bioactives.csv,A27
A27,Arabica,bioactives,5_caffeoylquinic_acid,5CQA,5.99,g/L,directly_reported_beverage_volumetric_concentration,5.99,kg/m^3,beverage_volume,,,VARIETY_LEVEL_RANGE_METADATA_ONLY,VARIETY_RANGE_ONLY_NOT_CONDITION_SPECIFIC,False,True,puckworks/data/angeloni2023/bioactives.csv,A27
A27,Arabica,bioactives,acetic_acid,AA,7.07,g/L,directly_reported_beverage_volumetric_concentration,7.07,kg/m^3,beverage_volume,,,VARIETY_LEVEL_RANGE_METADATA_ONLY,VARIETY_RANGE_ONLY_NOT_CONDITION_SPECIFIC,False,True,puckworks/data/angeloni2023/bioactives.csv,A27
A27,Arabica,bioactives,citric_acid,CA,20.49,g/L,directly_reported_beverage_volumetric_concentration,20.49,kg/m^3,beverage_volume,,,VARIETY_LEVEL_RANGE_METADATA_ONLY,VARIETY_RANGE_ONLY_NOT_CONDITION_SPECIFIC,False,True,puckworks/data/angeloni2023/bioactives.csv,A27
A27,Arabica,bioactives,caffeine,CF,5.98,g/L,directly_reported_beverage_volumetric_concentration,5.98,kg/m^3,beverage_volume,,,VARIETY_LEVEL_RANGE_METADATA_ONLY,VARIETY_RANGE_ONLY_NOT_CONDITION_SPECIFIC,False,True,puckworks/data/angeloni2023/bioactives.csv,A27
A27,Arabica,bioactives,ferulic_acid,FA,0.33,g/L,directly_reported_beverage_volumetric_concentration,0.33,kg/m^3,beverage_volume,,,VARIETY_LEVEL_RANGE_METADATA_ONLY,VARIETY_RANGE_ONLY_NOT_CONDITION_SPECIFIC,False,True,puckworks/data/angeloni2023/bioactives.csv,A27
A27,Arabica,bioactives,tartaric_acid,TA,3.72,g/L,directly_reported_beverage_volumetric_concentration,3.72,kg/m^3,beverage_volume,,,VARIETY_LEVEL_RANGE_METADATA_ONLY,VARIETY_RANGE_ONLY_NOT_CONDITION_SPECIFIC,False,True,puckworks/data/angeloni2023/bioactives.csv,A27
A27,Arabica,bioactives,trigonelline,TR,3.71,g/L,directly_reported_beverage_volumetric_concentration,3.71,kg/m^3,beverage_volume,,,VARIETY_LEVEL_RANGE_METADATA_ONLY,VARIETY_RANGE_ONLY_NOT_CONDITION_SPECIFIC,False,True,puckworks/data/angeloni2023/bioactives.csv,A27
A27,Arabica,bioactives,total_chlorogenic_acids,totCQA,9.51,g/L,directly_reported_beverage_volumetric_concentration,9.51,kg/m^3,beverage_volume,,,VARIETY_LEVEL_RANGE_METADATA_ONLY,VARIETY_RANGE_ONLY_NOT_CONDITION_SPECIFIC,False,True,puckworks/data/angeloni2023/bioactives.csv,A27
A27,Arabica,bioactives,total_organic_acids,totOA,31.28,g/L,directly_reported_beverage_volumetric_concentration,31.28,kg/m^3,beverage_volume,,,VARIETY_LEVEL_RANGE_METADATA_ONLY,VARIETY_RANGE_ONLY_NOT_CONDITION_SPECIFIC,False,True,puckworks/data/angeloni2023/bioactives.csv,A27
A27,Arabica,lipids,total_lipids,LP,0.68,g/100 mL,directly_reported_beverage_volumetric_concentration,6.800000000000001,kg/m^3,beverage_volume,4.6,RSD_PERCENT,CONDITION_LEVEL,CONDITION_LEVEL_RSD_RETAINED,False,True,puckworks/data/angeloni2023/lipids.csv,A27
A27,Arabica,total_solids,,,11.61,g/100 mL,directly_reported_beverage_volumetric_concentration,116.1,kg/m^3,beverage_volume,2.3,RSD_PERCENT,CONDITION_LEVEL,CONDITION_LEVEL_RSD_RETAINED,False,True,puckworks/data/angeloni2023/total_solids.csv,A27
A28,Arabica,bioactives,3_caffeoylquinic_acid,3CQA,2.98,g/L,directly_reported_beverage_volumetric_concentration,2.98,kg/m^3,beverage_volume,,,VARIETY_LEVEL_RANGE_METADATA_ONLY,VARIETY_RANGE_ONLY_NOT_CONDITION_SPECIFIC,False,True,puckworks/data/angeloni2023/bioactives.csv,A28
A28,Arabica,bioactives,3_5_dicaffeoylquinic_acid,3_5diCQA,0.31,g/L,directly_reported_beverage_volumetric_concentration,0.31,kg/m^3,beverage_volume,,,VARIETY_LEVEL_RANGE_METADATA_ONLY,VARIETY_RANGE_ONLY_NOT_CONDITION_SPECIFIC,False,True,puckworks/data/angeloni2023/bioactives.csv,A28
A28,Arabica,bioactives,5_caffeoylquinic_acid,5CQA,5.54,g/L,directly_reported_beverage_volumetric_concentration,5.54,kg/m^3,beverage_volume,,,VARIETY_LEVEL_RANGE_METADATA_ONLY,VARIETY_RANGE_ONLY_NOT_CONDITION_SPECIFIC,False,True,puckworks/data/angeloni2023/bioactives.csv,A28
A28,Arabica,bioactives,acetic_acid,AA,13.28,g/L,directly_reported_beverage_volumetric_concentration,13.28,kg/m^3,beverage_volume,,,VARIETY_LEVEL_RANGE_METADATA_ONLY,VARIETY_RANGE_ONLY_NOT_CONDITION_SPECIFIC,False,True,puckworks/data/angeloni2023/bioactives.csv,A28
A28,Arabica,bioactives,citric_acid,CA,17.08,g/L,directly_reported_beverage_volumetric_concentration,17.08,kg/m^3,beverage_volume,,,VARIETY_LEVEL_RANGE_METADATA_ONLY,VARIETY_RANGE_ONLY_NOT_CONDITION_SPECIFIC,False,True,puckworks/data/angeloni2023/bioactives.csv,A28
A28,Arabica,bioactives,caffeine,CF,5.41,g/L,directly_reported_beverage_volumetric_concentration,5.41,kg/m^3,beverage_volume,,,VARIETY_LEVEL_RANGE_METADATA_ONLY,VARIETY_RANGE_ONLY_NOT_CONDITION_SPECIFIC,False,True,puckworks/data/angeloni2023/bioactives.csv,A28
A28,Arabica,bioactives,ferulic_acid,FA,0.32,g/L,directly_reported_beverage_volumetric_concentration,0.32,kg/m^3,beverage_volume,,,VARIETY_LEVEL_RANGE_METADATA_ONLY,VARIETY_RANGE_ONLY_NOT_CONDITION_SPECIFIC,False,True,puckworks/data/angeloni2023/bioactives.csv,A28
A28,Arabica,bioactives,tartaric_acid,TA,3.49,g/L,directly_reported_beverage_volumetric_concentration,3.49,kg/m^3,beverage_volume,,,VARIETY_LEVEL_RANGE_METADATA_ONLY,VARIETY_RANGE_ONLY_NOT_CONDITION_SPECIFIC,False,True,puckworks/data/angeloni2023/bioactives.csv,A28
A28,Arabica,bioactives,trigonelline,TR,3.48,g/L,directly_reported_beverage_volumetric_concentration,3.48,kg/m^3,beverage_volume,,,VARIETY_LEVEL_RANGE_METADATA_ONLY,VARIETY_RANGE_ONLY_NOT_CONDITION_SPECIFIC,False,True,puckworks/data/angeloni2023/bioactives.csv,A28
A28,Arabica,bioactives,total_chlorogenic_acids,totCQA,8.84,g/L,directly_reported_beverage_volumetric_concentration,8.84,kg/m^3,beverage_volume,,,VARIETY_LEVEL_RANGE_METADATA_ONLY,VARIETY_RANGE_ONLY_NOT_CONDITION_SPECIFIC,False,True,puckworks/data/angeloni2023/bioactives.csv,A28
A28,Arabica,bioactives,total_organic_acids,totOA,33.86,g/L,directly_reported_beverage_volumetric_concentration,33.86,kg/m^3,beverage_volume,,,VARIETY_LEVEL_RANGE_METADATA_ONLY,VARIETY_RANGE_ONLY_NOT_CONDITION_SPECIFIC,False,True,puckworks/data/angeloni2023/bioactives.csv,A28
A28,Arabica,lipids,total_lipids,LP,0.69,g/100 mL,directly_reported_beverage_volumetric_concentration,6.8999999999999995,kg/m^3,beverage_volume,18.2,RSD_PERCENT,CONDITION_LEVEL,CONDITION_LEVEL_RSD_RETAINED,False,True,puckworks/data/angeloni2023/lipids.csv,A28
A28,Arabica,total_solids,,,10.93,g/100 mL,directly_reported_beverage_volumetric_concentration,109.3,kg/m^3,beverage_volume,3.5,RSD_PERCENT,CONDITION_LEVEL,CONDITION_LEVEL_RSD_RETAINED,False,True,puckworks/data/angeloni2023/total_solids.csv,A28
A29,Arabica,bioactives,3_caffeoylquinic_acid,3CQA,2.87,g/L,directly_reported_beverage_volumetric_concentration,2.87,kg/m^3,beverage_volume,,,VARIETY_LEVEL_RANGE_METADATA_ONLY,VARIETY_RANGE_ONLY_NOT_CONDITION_SPECIFIC,False,True,puckworks/data/angeloni2023/bioactives.csv,A29
A29,Arabica,bioactives,3_5_dicaffeoylquinic_acid,3_5diCQA,0.3,g/L,directly_reported_beverage_volumetric_concentration,0.3,kg/m^3,beverage_volume,,,VARIETY_LEVEL_RANGE_METADATA_ONLY,VARIETY_RANGE_ONLY_NOT_CONDITION_SPECIFIC,False,True,puckworks/data/angeloni2023/bioactives.csv,A29
A29,Arabica,bioactives,5_caffeoylquinic_acid,5CQA,5.3,g/L,directly_reported_beverage_volumetric_concentration,5.3,kg/m^3,beverage_volume,,,VARIETY_LEVEL_RANGE_METADATA_ONLY,VARIETY_RANGE_ONLY_NOT_CONDITION_SPECIFIC,False,True,puckworks/data/angeloni2023/bioactives.csv,A29
A29,Arabica,bioactives,acetic_acid,AA,9.53,g/L,directly_reported_beverage_volumetric_concentration,9.53,kg/m^3,beverage_volume,,,VARIETY_LEVEL_RANGE_METADATA_ONLY,VARIETY_RANGE_ONLY_NOT_CONDITION_SPECIFIC,False,True,puckworks/data/angeloni2023/bioactives.csv,A29
A29,Arabica,bioactives,citric_acid,CA,16.36,g/L,directly_reported_beverage_volumetric_concentration,16.36,kg/m^3,beverage_volume,,,VARIETY_LEVEL_RANGE_METADATA_ONLY,VARIETY_RANGE_ONLY_NOT_CONDITION_SPECIFIC,False,True,puckworks/data/angeloni2023/bioactives.csv,A29
A29,Arabica,bioactives,caffeine,CF,5.65,g/L,directly_reported_beverage_volumetric_concentration,5.65,kg/m^3,beverage_volume,,,VARIETY_LEVEL_RANGE_METADATA_ONLY,VARIETY_RANGE_ONLY_NOT_CONDITION_SPECIFIC,False,True,puckworks/data/angeloni2023/bioactives.csv,A29
A29,Arabica,bioactives,ferulic_acid,FA,0.3,g/L,directly_reported_beverage_volumetric_concentration,0.3,kg/m^3,beverage_volume,,,VARIETY_LEVEL_RANGE_METADATA_ONLY,VARIETY_RANGE_ONLY_NOT_CONDITION_SPECIFIC,False,True,puckworks/data/angeloni2023/bioactives.csv,A29
A29,Arabica,bioactives,tartaric_acid,TA,3.35,g/L,directly_reported_beverage_volumetric_concentration,3.35,kg/m^3,beverage_volume,,,VARIETY_LEVEL_RANGE_METADATA_ONLY,VARIETY_RANGE_ONLY_NOT_CONDITION_SPECIFIC,False,True,puckworks/data/angeloni2023/bioactives.csv,A29
A29,Arabica,bioactives,trigonelline,TR,3.38,g/L,directly_reported_beverage_volumetric_concentration,3.38,kg/m^3,beverage_volume,,,VARIETY_LEVEL_RANGE_METADATA_ONLY,VARIETY_RANGE_ONLY_NOT_CONDITION_SPECIFIC,False,True,puckworks/data/angeloni2023/bioactives.csv,A29
A29,Arabica,bioactives,total_chlorogenic_acids,totCQA,8.47,g/L,directly_reported_beverage_volumetric_concentration,8.47,kg/m^3,beverage_volume,,,VARIETY_LEVEL_RANGE_METADATA_ONLY,VARIETY_RANGE_ONLY_NOT_CONDITION_SPECIFIC,False,True,puckworks/data/angeloni2023/bioactives.csv,A29
A29,Arabica,bioactives,total_organic_acids,totOA,29.24,g/L,directly_reported_beverage_volumetric_concentration,29.24,kg/m^3,beverage_volume,,,VARIETY_LEVEL_RANGE_METADATA_ONLY,VARIETY_RANGE_ONLY_NOT_CONDITION_SPECIFIC,False,True,puckworks/data/angeloni2023/bioactives.csv,A29
A29,Arabica,lipids,total_lipids,LP,0.66,g/100 mL,directly_reported_beverage_volumetric_concentration,6.6000000000000005,kg/m^3,beverage_volume,19.5,RSD_PERCENT,CONDITION_LEVEL,CONDITION_LEVEL_RSD_RETAINED,False,True,puckworks/data/angeloni2023/lipids.csv,A29
A29,Arabica,total_solids,,,10.87,g/100 mL,directly_reported_beverage_volumetric_concentration,108.69999999999999,kg/m^3,beverage_volume,6.2,RSD_PERCENT,CONDITION_LEVEL,CONDITION_LEVEL_RSD_RETAINED,False,True,puckworks/data/angeloni2023/total_solids.csv,A29
A3,Arabica,bioactives,3_caffeoylquinic_acid,3CQA,3.11,g/L,directly_reported_beverage_volumetric_concentration,3.11,kg/m^3,beverage_volume,,,VARIETY_LEVEL_RANGE_METADATA_ONLY,VARIETY_RANGE_ONLY_NOT_CONDITION_SPECIFIC,False,True,puckworks/data/angeloni2023/bioactives.csv,A3
A3,Arabica,bioactives,3_5_dicaffeoylquinic_acid,3_5diCQA,0.32,g/L,directly_reported_beverage_volumetric_concentration,0.32,kg/m^3,beverage_volume,,,VARIETY_LEVEL_RANGE_METADATA_ONLY,VARIETY_RANGE_ONLY_NOT_CONDITION_SPECIFIC,False,True,puckworks/data/angeloni2023/bioactives.csv,A3
A3,Arabica,bioactives,5_caffeoylquinic_acid,5CQA,6.01,g/L,directly_reported_beverage_volumetric_concentration,6.01,kg/m^3,beverage_volume,,,VARIETY_LEVEL_RANGE_METADATA_ONLY,VARIETY_RANGE_ONLY_NOT_CONDITION_SPECIFIC,False,True,puckworks/data/angeloni2023/bioactives.csv,A3
A3,Arabica,bioactives,acetic_acid,AA,7.94,g/L,directly_reported_beverage_volumetric_concentration,7.94,kg/m^3,beverage_volume,,,VARIETY_LEVEL_RANGE_METADATA_ONLY,VARIETY_RANGE_ONLY_NOT_CONDITION_SPECIFIC,False,True,puckworks/data/angeloni2023/bioactives.csv,A3
A3,Arabica,bioactives,citric_acid,CA,17.4,g/L,directly_reported_beverage_volumetric_concentration,17.4,kg/m^3,beverage_volume,,,VARIETY_LEVEL_RANGE_METADATA_ONLY,VARIETY_RANGE_ONLY_NOT_CONDITION_SPECIFIC,False,True,puckworks/data/angeloni2023/bioactives.csv,A3
A3,Arabica,bioactives,caffeine,CF,5.4,g/L,directly_reported_beverage_volumetric_concentration,5.4,kg/m^3,beverage_volume,,,VARIETY_LEVEL_RANGE_METADATA_ONLY,VARIETY_RANGE_ONLY_NOT_CONDITION_SPECIFIC,False,True,puckworks/data/angeloni2023/bioactives.csv,A3
A3,Arabica,bioactives,ferulic_acid,FA,0.29,g/L,directly_reported_beverage_volumetric_concentration,0.29,kg/m^3,beverage_volume,,,VARIETY_LEVEL_RANGE_METADATA_ONLY,VARIETY_RANGE_ONLY_NOT_CONDITION_SPECIFIC,False,True,puckworks/data/angeloni2023/bioactives.csv,A3
A3,Arabica,bioactives,tartaric_acid,TA,3.56,g/L,directly_reported_beverage_volumetric_concentration,3.56,kg/m^3,beverage_volume,,,VARIETY_LEVEL_RANGE_METADATA_ONLY,VARIETY_RANGE_ONLY_NOT_CONDITION_SPECIFIC,False,True,puckworks/data/angeloni2023/bioactives.csv,A3
A3,Arabica,bioactives,trigonelline,TR,3.55,g/L,directly_reported_beverage_volumetric_concentration,3.55,kg/m^3,beverage_volume,,,VARIETY_LEVEL_RANGE_METADATA_ONLY,VARIETY_RANGE_ONLY_NOT_CONDITION_SPECIFIC,False,True,puckworks/data/angeloni2023/bioactives.csv,A3
A3,Arabica,bioactives,total_chlorogenic_acids,totCQA,9.44,g/L,directly_reported_beverage_volumetric_concentration,9.44,kg/m^3,beverage_volume,,,VARIETY_LEVEL_RANGE_METADATA_ONLY,VARIETY_RANGE_ONLY_NOT_CONDITION_SPECIFIC,False,True,puckworks/data/angeloni2023/bioactives.csv,A3
A3,Arabica,bioactives,total_organic_acids,totOA,28.89,g/L,directly_reported_beverage_volumetric_concentration,28.89,kg/m^3,beverage_volume,,,VARIETY_LEVEL_RANGE_METADATA_ONLY,VARIETY_RANGE_ONLY_NOT_CONDITION_SPECIFIC,False,True,puckworks/data/angeloni2023/bioactives.csv,A3
A3,Arabica,lipids,total_lipids,LP,0.55,g/100 mL,directly_reported_beverage_volumetric_concentration,5.5,kg/m^3,beverage_volume,16.9,RSD_PERCENT,CONDITION_LEVEL,CONDITION_LEVEL_RSD_RETAINED,False,True,puckworks/data/angeloni2023/lipids.csv,A3
A3,Arabica,total_solids,,,10.42,g/100 mL,directly_reported_beverage_volumetric_concentration,104.2,kg/m^3,beverage_volume,1.0,RSD_PERCENT,CONDITION_LEVEL,CONDITION_LEVEL_RSD_RETAINED,False,True,puckworks/data/angeloni2023/total_solids.csv,A3
A30,Arabica,bioactives,3_caffeoylquinic_acid,3CQA,2.96,g/L,directly_reported_beverage_volumetric_concentration,2.96,kg/m^3,beverage_volume,,,VARIETY_LEVEL_RANGE_METADATA_ONLY,VARIETY_RANGE_ONLY_NOT_CONDITION_SPECIFIC,False,True,puckworks/data/angeloni2023/bioactives.csv,A30
A30,Arabica,bioactives,3_5_dicaffeoylquinic_acid,3_5diCQA,0.3,g/L,directly_reported_beverage_volumetric_concentration,0.3,kg/m^3,beverage_volume,,,VARIETY_LEVEL_RANGE_METADATA_ONLY,VARIETY_RANGE_ONLY_NOT_CONDITION_SPECIFIC,False,True,puckworks/data/angeloni2023/bioactives.csv,A30
A30,Arabica,bioactives,5_caffeoylquinic_acid,5CQA,5.53,g/L,directly_reported_beverage_volumetric_concentration,5.53,kg/m^3,beverage_volume,,,VARIETY_LEVEL_RANGE_METADATA_ONLY,VARIETY_RANGE_ONLY_NOT_CONDITION_SPECIFIC,False,True,puckworks/data/angeloni2023/bioactives.csv,A30
A30,Arabica,bioactives,acetic_acid,AA,5.53,g/L,directly_reported_beverage_volumetric_concentration,5.53,kg/m^3,beverage_volume,,,VARIETY_LEVEL_RANGE_METADATA_ONLY,VARIETY_RANGE_ONLY_NOT_CONDITION_SPECIFIC,False,True,puckworks/data/angeloni2023/bioactives.csv,A30
A30,Arabica,bioactives,citric_acid,CA,16.51,g/L,directly_reported_beverage_volumetric_concentration,16.51,kg/m^3,beverage_volume,,,VARIETY_LEVEL_RANGE_METADATA_ONLY,VARIETY_RANGE_ONLY_NOT_CONDITION_SPECIFIC,False,True,puckworks/data/angeloni2023/bioactives.csv,A30
A30,Arabica,bioactives,caffeine,CF,5.49,g/L,directly_reported_beverage_volumetric_concentration,5.49,kg/m^3,beverage_volume,,,VARIETY_LEVEL_RANGE_METADATA_ONLY,VARIETY_RANGE_ONLY_NOT_CONDITION_SPECIFIC,False,True,puckworks/data/angeloni2023/bioactives.csv,A30
A30,Arabica,bioactives,ferulic_acid,FA,0.29,g/L,directly_reported_beverage_volumetric_concentration,0.29,kg/m^3,beverage_volume,,,VARIETY_LEVEL_RANGE_METADATA_ONLY,VARIETY_RANGE_ONLY_NOT_CONDITION_SPECIFIC,False,True,puckworks/data/angeloni2023/bioactives.csv,A30
A30,Arabica,bioactives,tartaric_acid,TA,3.45,g/L,directly_reported_beverage_volumetric_concentration,3.45,kg/m^3,beverage_volume,,,VARIETY_LEVEL_RANGE_METADATA_ONLY,VARIETY_RANGE_ONLY_NOT_CONDITION_SPECIFIC,False,True,puckworks/data/angeloni2023/bioactives.csv,A30
A30,Arabica,bioactives,trigonelline,TR,3.46,g/L,directly_reported_beverage_volumetric_concentration,3.46,kg/m^3,beverage_volume,,,VARIETY_LEVEL_RANGE_METADATA_ONLY,VARIETY_RANGE_ONLY_NOT_CONDITION_SPECIFIC,False,True,puckworks/data/angeloni2023/bioactives.csv,A30
A30,Arabica,bioactives,total_chlorogenic_acids,totCQA,8.8,g/L,directly_reported_beverage_volumetric_concentration,8.8,kg/m^3,beverage_volume,,,VARIETY_LEVEL_RANGE_METADATA_ONLY,VARIETY_RANGE_ONLY_NOT_CONDITION_SPECIFIC,False,True,puckworks/data/angeloni2023/bioactives.csv,A30
A30,Arabica,bioactives,total_organic_acids,totOA,25.49,g/L,directly_reported_beverage_volumetric_concentration,25.49,kg/m^3,beverage_volume,,,VARIETY_LEVEL_RANGE_METADATA_ONLY,VARIETY_RANGE_ONLY_NOT_CONDITION_SPECIFIC,False,True,puckworks/data/angeloni2023/bioactives.csv,A30
A30,Arabica,lipids,total_lipids,LP,0.47,g/100 mL,directly_reported_beverage_volumetric_concentration,4.699999999999999,kg/m^3,beverage_volume,8.4,RSD_PERCENT,CONDITION_LEVEL,CONDITION_LEVEL_RSD_RETAINED,False,True,puckworks/data/angeloni2023/lipids.csv,A30
A30,Arabica,total_solids,,,10.65,g/100 mL,directly_reported_beverage_volumetric_concentration,106.5,kg/m^3,beverage_volume,0.6,RSD_PERCENT,CONDITION_LEVEL,CONDITION_LEVEL_RSD_RETAINED,False,True,puckworks/data/angeloni2023/total_solids.csv,A30
A31,Arabica,bioactives,3_caffeoylquinic_acid,3CQA,3.15,g/L,directly_reported_beverage_volumetric_concentration,3.15,kg/m^3,beverage_volume,,,VARIETY_LEVEL_RANGE_METADATA_ONLY,VARIETY_RANGE_ONLY_NOT_CONDITION_SPECIFIC,False,True,puckworks/data/angeloni2023/bioactives.csv,A31
A31,Arabica,bioactives,3_5_dicaffeoylquinic_acid,3_5diCQA,0.33,g/L,directly_reported_beverage_volumetric_concentration,0.33,kg/m^3,beverage_volume,,,VARIETY_LEVEL_RANGE_METADATA_ONLY,VARIETY_RANGE_ONLY_NOT_CONDITION_SPECIFIC,False,True,puckworks/data/angeloni2023/bioactives.csv,A31
A31,Arabica,bioactives,5_caffeoylquinic_acid,5CQA,5.91,g/L,directly_reported_beverage_volumetric_concentration,5.91,kg/m^3,beverage_volume,,,VARIETY_LEVEL_RANGE_METADATA_ONLY,VARIETY_RANGE_ONLY_NOT_CONDITION_SPECIFIC,False,True,puckworks/data/angeloni2023/bioactives.csv,A31
A31,Arabica,bioactives,acetic_acid,AA,6.25,g/L,directly_reported_beverage_volumetric_concentration,6.25,kg/m^3,beverage_volume,,,VARIETY_LEVEL_RANGE_METADATA_ONLY,VARIETY_RANGE_ONLY_NOT_CONDITION_SPECIFIC,False,True,puckworks/data/angeloni2023/bioactives.csv,A31
A31,Arabica,bioactives,citric_acid,CA,18.78,g/L,directly_reported_beverage_volumetric_concentration,18.78,kg/m^3,beverage_volume,,,VARIETY_LEVEL_RANGE_METADATA_ONLY,VARIETY_RANGE_ONLY_NOT_CONDITION_SPECIFIC,False,True,puckworks/data/angeloni2023/bioactives.csv,A31
A31,Arabica,bioactives,caffeine,CF,5.83,g/L,directly_reported_beverage_volumetric_concentration,5.83,kg/m^3,beverage_volume,,,VARIETY_LEVEL_RANGE_METADATA_ONLY,VARIETY_RANGE_ONLY_NOT_CONDITION_SPECIFIC,False,True,puckworks/data/angeloni2023/bioactives.csv,A31
A31,Arabica,bioactives,ferulic_acid,FA,0.34,g/L,directly_reported_beverage_volumetric_concentration,0.34,kg/m^3,beverage_volume,,,VARIETY_LEVEL_RANGE_METADATA_ONLY,VARIETY_RANGE_ONLY_NOT_CONDITION_SPECIFIC,False,True,puckworks/data/angeloni2023/bioactives.csv,A31
A31,Arabica,bioactives,tartaric_acid,TA,3.69,g/L,directly_reported_beverage_volumetric_concentration,3.69,kg/m^3,beverage_volume,,,VARIETY_LEVEL_RANGE_METADATA_ONLY,VARIETY_RANGE_ONLY_NOT_CONDITION_SPECIFIC,False,True,puckworks/data/angeloni2023/bioactives.csv,A31
A31,Arabica,bioactives,trigonelline,TR,3.7,g/L,directly_reported_beverage_volumetric_concentration,3.7,kg/m^3,beverage_volume,,,VARIETY_LEVEL_RANGE_METADATA_ONLY,VARIETY_RANGE_ONLY_NOT_CONDITION_SPECIFIC,False,True,puckworks/data/angeloni2023/bioactives.csv,A31
A31,Arabica,bioactives,total_chlorogenic_acids,totCQA,9.38,g/L,directly_reported_beverage_volumetric_concentration,9.38,kg/m^3,beverage_volume,,,VARIETY_LEVEL_RANGE_METADATA_ONLY,VARIETY_RANGE_ONLY_NOT_CONDITION_SPECIFIC,False,True,puckworks/data/angeloni2023/bioactives.csv,A31
A31,Arabica,bioactives,total_organic_acids,totOA,28.73,g/L,directly_reported_beverage_volumetric_concentration,28.73,kg/m^3,beverage_volume,,,VARIETY_LEVEL_RANGE_METADATA_ONLY,VARIETY_RANGE_ONLY_NOT_CONDITION_SPECIFIC,False,True,puckworks/data/angeloni2023/bioactives.csv,A31
A31,Arabica,lipids,total_lipids,LP,0.62,g/100 mL,directly_reported_beverage_volumetric_concentration,6.2,kg/m^3,beverage_volume,17.8,RSD_PERCENT,CONDITION_LEVEL,CONDITION_LEVEL_RSD_RETAINED,False,True,puckworks/data/angeloni2023/lipids.csv,A31
A31,Arabica,total_solids,,,11.52,g/100 mL,directly_reported_beverage_volumetric_concentration,115.19999999999999,kg/m^3,beverage_volume,5.6,RSD_PERCENT,CONDITION_LEVEL,CONDITION_LEVEL_RSD_RETAINED,False,True,puckworks/data/angeloni2023/total_solids.csv,A31
A32,Arabica,bioactives,3_caffeoylquinic_acid,3CQA,3.17,g/L,directly_reported_beverage_volumetric_concentration,3.17,kg/m^3,beverage_volume,,,VARIETY_LEVEL_RANGE_METADATA_ONLY,VARIETY_RANGE_ONLY_NOT_CONDITION_SPECIFIC,False,True,puckworks/data/angeloni2023/bioactives.csv,A32
A32,Arabica,bioactives,3_5_dicaffeoylquinic_acid,3_5diCQA,0.32,g/L,directly_reported_beverage_volumetric_concentration,0.32,kg/m^3,beverage_volume,,,VARIETY_LEVEL_RANGE_METADATA_ONLY,VARIETY_RANGE_ONLY_NOT_CONDITION_SPECIFIC,False,True,puckworks/data/angeloni2023/bioactives.csv,A32
A32,Arabica,bioactives,5_caffeoylquinic_acid,5CQA,5.88,g/L,directly_reported_beverage_volumetric_concentration,5.88,kg/m^3,beverage_volume,,,VARIETY_LEVEL_RANGE_METADATA_ONLY,VARIETY_RANGE_ONLY_NOT_CONDITION_SPECIFIC,False,True,puckworks/data/angeloni2023/bioactives.csv,A32
A32,Arabica,bioactives,acetic_acid,AA,5.68,g/L,directly_reported_beverage_volumetric_concentration,5.68,kg/m^3,beverage_volume,,,VARIETY_LEVEL_RANGE_METADATA_ONLY,VARIETY_RANGE_ONLY_NOT_CONDITION_SPECIFIC,False,True,puckworks/data/angeloni2023/bioactives.csv,A32
A32,Arabica,bioactives,citric_acid,CA,18.44,g/L,directly_reported_beverage_volumetric_concentration,18.44,kg/m^3,beverage_volume,,,VARIETY_LEVEL_RANGE_METADATA_ONLY,VARIETY_RANGE_ONLY_NOT_CONDITION_SPECIFIC,False,True,puckworks/data/angeloni2023/bioactives.csv,A32
A32,Arabica,bioactives,caffeine,CF,5.73,g/L,directly_reported_beverage_volumetric_concentration,5.73,kg/m^3,beverage_volume,,,VARIETY_LEVEL_RANGE_METADATA_ONLY,VARIETY_RANGE_ONLY_NOT_CONDITION_SPECIFIC,False,True,puckworks/data/angeloni2023/bioactives.csv,A32
A32,Arabica,bioactives,ferulic_acid,FA,0.3,g/L,directly_reported_beverage_volumetric_concentration,0.3,kg/m^3,beverage_volume,,,VARIETY_LEVEL_RANGE_METADATA_ONLY,VARIETY_RANGE_ONLY_NOT_CONDITION_SPECIFIC,False,True,puckworks/data/angeloni2023/bioactives.csv,A32
A32,Arabica,bioactives,tartaric_acid,TA,3.69,g/L,directly_reported_beverage_volumetric_concentration,3.69,kg/m^3,beverage_volume,,,VARIETY_LEVEL_RANGE_METADATA_ONLY,VARIETY_RANGE_ONLY_NOT_CONDITION_SPECIFIC,False,True,puckworks/data/angeloni2023/bioactives.csv,A32
A32,Arabica,bioactives,trigonelline,TR,3.71,g/L,directly_reported_beverage_volumetric_concentration,3.71,kg/m^3,beverage_volume,,,VARIETY_LEVEL_RANGE_METADATA_ONLY,VARIETY_RANGE_ONLY_NOT_CONDITION_SPECIFIC,False,True,puckworks/data/angeloni2023/bioactives.csv,A32
A32,Arabica,bioactives,total_chlorogenic_acids,totCQA,9.37,g/L,directly_reported_beverage_volumetric_concentration,9.37,kg/m^3,beverage_volume,,,VARIETY_LEVEL_RANGE_METADATA_ONLY,VARIETY_RANGE_ONLY_NOT_CONDITION_SPECIFIC,False,True,puckworks/data/angeloni2023/bioactives.csv,A32
A32,Arabica,bioactives,total_organic_acids,totOA,27.8,g/L,directly_reported_beverage_volumetric_concentration,27.8,kg/m^3,beverage_volume,,,VARIETY_LEVEL_RANGE_METADATA_ONLY,VARIETY_RANGE_ONLY_NOT_CONDITION_SPECIFIC,False,True,puckworks/data/angeloni2023/bioactives.csv,A32
A32,Arabica,lipids,total_lipids,LP,0.59,g/100 mL,directly_reported_beverage_volumetric_concentration,5.8999999999999995,kg/m^3,beverage_volume,4.8,RSD_PERCENT,CONDITION_LEVEL,CONDITION_LEVEL_RSD_RETAINED,False,True,puckworks/data/angeloni2023/lipids.csv,A32
A32,Arabica,total_solids,,,11.42,g/100 mL,directly_reported_beverage_volumetric_concentration,114.2,kg/m^3,beverage_volume,4.5,RSD_PERCENT,CONDITION_LEVEL,CONDITION_LEVEL_RSD_RETAINED,False,True,puckworks/data/angeloni2023/total_solids.csv,A32
A33,Arabica,bioactives,3_caffeoylquinic_acid,3CQA,2.36,g/L,directly_reported_beverage_volumetric_concentration,2.36,kg/m^3,beverage_volume,,,VARIETY_LEVEL_RANGE_METADATA_ONLY,VARIETY_RANGE_ONLY_NOT_CONDITION_SPECIFIC,False,True,puckworks/data/angeloni2023/bioactives.csv,A33
A33,Arabica,bioactives,3_5_dicaffeoylquinic_acid,3_5diCQA,0.26,g/L,directly_reported_beverage_volumetric_concentration,0.26,kg/m^3,beverage_volume,,,VARIETY_LEVEL_RANGE_METADATA_ONLY,VARIETY_RANGE_ONLY_NOT_CONDITION_SPECIFIC,False,True,puckworks/data/angeloni2023/bioactives.csv,A33
A33,Arabica,bioactives,5_caffeoylquinic_acid,5CQA,4.52,g/L,directly_reported_beverage_volumetric_concentration,4.52,kg/m^3,beverage_volume,,,VARIETY_LEVEL_RANGE_METADATA_ONLY,VARIETY_RANGE_ONLY_NOT_CONDITION_SPECIFIC,False,True,puckworks/data/angeloni2023/bioactives.csv,A33
A33,Arabica,bioactives,acetic_acid,AA,4.67,g/L,directly_reported_beverage_volumetric_concentration,4.67,kg/m^3,beverage_volume,,,VARIETY_LEVEL_RANGE_METADATA_ONLY,VARIETY_RANGE_ONLY_NOT_CONDITION_SPECIFIC,False,True,puckworks/data/angeloni2023/bioactives.csv,A33
A33,Arabica,bioactives,citric_acid,CA,14.02,g/L,directly_reported_beverage_volumetric_concentration,14.02,kg/m^3,beverage_volume,,,VARIETY_LEVEL_RANGE_METADATA_ONLY,VARIETY_RANGE_ONLY_NOT_CONDITION_SPECIFIC,False,True,puckworks/data/angeloni2023/bioactives.csv,A33
A33,Arabica,bioactives,caffeine,CF,4.4,g/L,directly_reported_beverage_volumetric_concentration,4.4,kg/m^3,beverage_volume,,,VARIETY_LEVEL_RANGE_METADATA_ONLY,VARIETY_RANGE_ONLY_NOT_CONDITION_SPECIFIC,False,True,puckworks/data/angeloni2023/bioactives.csv,A33
A33,Arabica,bioactives,ferulic_acid,FA,0.24,g/L,directly_reported_beverage_volumetric_concentration,0.24,kg/m^3,beverage_volume,,,VARIETY_LEVEL_RANGE_METADATA_ONLY,VARIETY_RANGE_ONLY_NOT_CONDITION_SPECIFIC,False,True,puckworks/data/angeloni2023/bioactives.csv,A33
A33,Arabica,bioactives,tartaric_acid,TA,2.77,g/L,directly_reported_beverage_volumetric_concentration,2.77,kg/m^3,beverage_volume,,,VARIETY_LEVEL_RANGE_METADATA_ONLY,VARIETY_RANGE_ONLY_NOT_CONDITION_SPECIFIC,False,True,puckworks/data/angeloni2023/bioactives.csv,A33
A33,Arabica,bioactives,trigonelline,TR,2.75,g/L,directly_reported_beverage_volumetric_concentration,2.75,kg/m^3,beverage_volume,,,VARIETY_LEVEL_RANGE_METADATA_ONLY,VARIETY_RANGE_ONLY_NOT_CONDITION_SPECIFIC,False,True,puckworks/data/angeloni2023/bioactives.csv,A33
A33,Arabica,bioactives,total_chlorogenic_acids,totCQA,7.14,g/L,directly_reported_beverage_volumetric_concentration,7.14,kg/m^3,beverage_volume,,,VARIETY_LEVEL_RANGE_METADATA_ONLY,VARIETY_RANGE_ONLY_NOT_CONDITION_SPECIFIC,False,True,puckworks/data/angeloni2023/bioactives.csv,A33
A33,Arabica,bioactives,total_organic_acids,totOA,21.46,g/L,directly_reported_beverage_volumetric_concentration,21.46,kg/m^3,beverage_volume,,,VARIETY_LEVEL_RANGE_METADATA_ONLY,VARIETY_RANGE_ONLY_NOT_CONDITION_SPECIFIC,False,True,puckworks/data/angeloni2023/bioactives.csv,A33
A33,Arabica,lipids,total_lipids,LP,0.47,g/100 mL,directly_reported_beverage_volumetric_concentration,4.699999999999999,kg/m^3,beverage_volume,14.8,RSD_PERCENT,CONDITION_LEVEL,CONDITION_LEVEL_RSD_RETAINED,False,True,puckworks/data/angeloni2023/lipids.csv,A33
A33,Arabica,total_solids,,,10.31,g/100 mL,directly_reported_beverage_volumetric_concentration,103.10000000000001,kg/m^3,beverage_volume,1.9,RSD_PERCENT,CONDITION_LEVEL,CONDITION_LEVEL_RSD_RETAINED,False,True,puckworks/data/angeloni2023/total_solids.csv,A33
A4,Arabica,bioactives,3_caffeoylquinic_acid,3CQA,2.94,g/L,directly_reported_beverage_volumetric_concentration,2.94,kg/m^3,beverage_volume,,,VARIETY_LEVEL_RANGE_METADATA_ONLY,VARIETY_RANGE_ONLY_NOT_CONDITION_SPECIFIC,False,True,puckworks/data/angeloni2023/bioactives.csv,A4
A4,Arabica,bioactives,3_5_dicaffeoylquinic_acid,3_5diCQA,0.3,g/L,directly_reported_beverage_volumetric_concentration,0.3,kg/m^3,beverage_volume,,,VARIETY_LEVEL_RANGE_METADATA_ONLY,VARIETY_RANGE_ONLY_NOT_CONDITION_SPECIFIC,False,True,puckworks/data/angeloni2023/bioactives.csv,A4
A4,Arabica,bioactives,5_caffeoylquinic_acid,5CQA,5.95,g/L,directly_reported_beverage_volumetric_concentration,5.95,kg/m^3,beverage_volume,,,VARIETY_LEVEL_RANGE_METADATA_ONLY,VARIETY_RANGE_ONLY_NOT_CONDITION_SPECIFIC,False,True,puckworks/data/angeloni2023/bioactives.csv,A4
A4,Arabica,bioactives,acetic_acid,AA,7.55,g/L,directly_reported_beverage_volumetric_concentration,7.55,kg/m^3,beverage_volume,,,VARIETY_LEVEL_RANGE_METADATA_ONLY,VARIETY_RANGE_ONLY_NOT_CONDITION_SPECIFIC,False,True,puckworks/data/angeloni2023/bioactives.csv,A4
A4,Arabica,bioactives,citric_acid,CA,16.56,g/L,directly_reported_beverage_volumetric_concentration,16.56,kg/m^3,beverage_volume,,,VARIETY_LEVEL_RANGE_METADATA_ONLY,VARIETY_RANGE_ONLY_NOT_CONDITION_SPECIFIC,False,True,puckworks/data/angeloni2023/bioactives.csv,A4
A4,Arabica,bioactives,caffeine,CF,5.44,g/L,directly_reported_beverage_volumetric_concentration,5.44,kg/m^3,beverage_volume,,,VARIETY_LEVEL_RANGE_METADATA_ONLY,VARIETY_RANGE_ONLY_NOT_CONDITION_SPECIFIC,False,True,puckworks/data/angeloni2023/bioactives.csv,A4
A4,Arabica,bioactives,ferulic_acid,FA,0.3,g/L,directly_reported_beverage_volumetric_concentration,0.3,kg/m^3,beverage_volume,,,VARIETY_LEVEL_RANGE_METADATA_ONLY,VARIETY_RANGE_ONLY_NOT_CONDITION_SPECIFIC,False,True,puckworks/data/angeloni2023/bioactives.csv,A4
A4,Arabica,bioactives,tartaric_acid,TA,3.54,g/L,directly_reported_beverage_volumetric_concentration,3.54,kg/m^3,beverage_volume,,,VARIETY_LEVEL_RANGE_METADATA_ONLY,VARIETY_RANGE_ONLY_NOT_CONDITION_SPECIFIC,False,True,puckworks/data/angeloni2023/bioactives.csv,A4
A4,Arabica,bioactives,trigonelline,TR,3.54,g/L,directly_reported_beverage_volumetric_concentration,3.54,kg/m^3,beverage_volume,,,VARIETY_LEVEL_RANGE_METADATA_ONLY,VARIETY_RANGE_ONLY_NOT_CONDITION_SPECIFIC,False,True,puckworks/data/angeloni2023/bioactives.csv,A4
A4,Arabica,bioactives,total_chlorogenic_acids,totCQA,9.2,g/L,directly_reported_beverage_volumetric_concentration,9.2,kg/m^3,beverage_volume,,,VARIETY_LEVEL_RANGE_METADATA_ONLY,VARIETY_RANGE_ONLY_NOT_CONDITION_SPECIFIC,False,True,puckworks/data/angeloni2023/bioactives.csv,A4
A4,Arabica,bioactives,total_organic_acids,totOA,27.66,g/L,directly_reported_beverage_volumetric_concentration,27.66,kg/m^3,beverage_volume,,,VARIETY_LEVEL_RANGE_METADATA_ONLY,VARIETY_RANGE_ONLY_NOT_CONDITION_SPECIFIC,False,True,puckworks/data/angeloni2023/bioactives.csv,A4
A4,Arabica,lipids,total_lipids,LP,0.59,g/100 mL,directly_reported_beverage_volumetric_concentration,5.8999999999999995,kg/m^3,beverage_volume,19.2,RSD_PERCENT,CONDITION_LEVEL,CONDITION_LEVEL_RSD_RETAINED,False,True,puckworks/data/angeloni2023/lipids.csv,A4
A4,Arabica,total_solids,,,9.69,g/100 mL,directly_reported_beverage_volumetric_concentration,96.89999999999999,kg/m^3,beverage_volume,4.7,RSD_PERCENT,CONDITION_LEVEL,CONDITION_LEVEL_RSD_RETAINED,False,True,puckworks/data/angeloni2023/total_solids.csv,A4
A5,Arabica,bioactives,3_caffeoylquinic_acid,3CQA,2.86,g/L,directly_reported_beverage_volumetric_concentration,2.86,kg/m^3,beverage_volume,,,VARIETY_LEVEL_RANGE_METADATA_ONLY,VARIETY_RANGE_ONLY_NOT_CONDITION_SPECIFIC,False,True,puckworks/data/angeloni2023/bioactives.csv,A5
A5,Arabica,bioactives,3_5_dicaffeoylquinic_acid,3_5diCQA,0.3,g/L,directly_reported_beverage_volumetric_concentration,0.3,kg/m^3,beverage_volume,,,VARIETY_LEVEL_RANGE_METADATA_ONLY,VARIETY_RANGE_ONLY_NOT_CONDITION_SPECIFIC,False,True,puckworks/data/angeloni2023/bioactives.csv,A5
A5,Arabica,bioactives,5_caffeoylquinic_acid,5CQA,5.44,g/L,directly_reported_beverage_volumetric_concentration,5.44,kg/m^3,beverage_volume,,,VARIETY_LEVEL_RANGE_METADATA_ONLY,VARIETY_RANGE_ONLY_NOT_CONDITION_SPECIFIC,False,True,puckworks/data/angeloni2023/bioactives.csv,A5
A5,Arabica,bioactives,acetic_acid,AA,7.75,g/L,directly_reported_beverage_volumetric_concentration,7.75,kg/m^3,beverage_volume,,,VARIETY_LEVEL_RANGE_METADATA_ONLY,VARIETY_RANGE_ONLY_NOT_CONDITION_SPECIFIC,False,True,puckworks/data/angeloni2023/bioactives.csv,A5
A5,Arabica,bioactives,citric_acid,CA,14.86,g/L,directly_reported_beverage_volumetric_concentration,14.86,kg/m^3,beverage_volume,,,VARIETY_LEVEL_RANGE_METADATA_ONLY,VARIETY_RANGE_ONLY_NOT_CONDITION_SPECIFIC,False,True,puckworks/data/angeloni2023/bioactives.csv,A5
A5,Arabica,bioactives,caffeine,CF,5.19,g/L,directly_reported_beverage_volumetric_concentration,5.19,kg/m^3,beverage_volume,,,VARIETY_LEVEL_RANGE_METADATA_ONLY,VARIETY_RANGE_ONLY_NOT_CONDITION_SPECIFIC,False,True,puckworks/data/angeloni2023/bioactives.csv,A5
A5,Arabica,bioactives,ferulic_acid,FA,0.3,g/L,directly_reported_beverage_volumetric_concentration,0.3,kg/m^3,beverage_volume,,,VARIETY_LEVEL_RANGE_METADATA_ONLY,VARIETY_RANGE_ONLY_NOT_CONDITION_SPECIFIC,False,True,puckworks/data/angeloni2023/bioactives.csv,A5
A5,Arabica,bioactives,tartaric_acid,TA,3.47,g/L,directly_reported_beverage_volumetric_concentration,3.47,kg/m^3,beverage_volume,,,VARIETY_LEVEL_RANGE_METADATA_ONLY,VARIETY_RANGE_ONLY_NOT_CONDITION_SPECIFIC,False,True,puckworks/data/angeloni2023/bioactives.csv,A5
A5,Arabica,bioactives,trigonelline,TR,3.47,g/L,directly_reported_beverage_volumetric_concentration,3.47,kg/m^3,beverage_volume,,,VARIETY_LEVEL_RANGE_METADATA_ONLY,VARIETY_RANGE_ONLY_NOT_CONDITION_SPECIFIC,False,True,puckworks/data/angeloni2023/bioactives.csv,A5
A5,Arabica,bioactives,total_chlorogenic_acids,totCQA,8.59,g/L,directly_reported_beverage_volumetric_concentration,8.59,kg/m^3,beverage_volume,,,VARIETY_LEVEL_RANGE_METADATA_ONLY,VARIETY_RANGE_ONLY_NOT_CONDITION_SPECIFIC,False,True,puckworks/data/angeloni2023/bioactives.csv,A5
A5,Arabica,bioactives,total_organic_acids,totOA,26.07,g/L,directly_reported_beverage_volumetric_concentration,26.07,kg/m^3,beverage_volume,,,VARIETY_LEVEL_RANGE_METADATA_ONLY,VARIETY_RANGE_ONLY_NOT_CONDITION_SPECIFIC,False,True,puckworks/data/angeloni2023/bioactives.csv,A5
A5,Arabica,lipids,total_lipids,LP,0.38,g/100 mL,directly_reported_beverage_volumetric_concentration,3.8,kg/m^3,beverage_volume,17.4,RSD_PERCENT,CONDITION_LEVEL,CONDITION_LEVEL_RSD_RETAINED,False,True,puckworks/data/angeloni2023/lipids.csv,A5
A5,Arabica,total_solids,,,9.59,g/100 mL,directly_reported_beverage_volumetric_concentration,95.9,kg/m^3,beverage_volume,2.4,RSD_PERCENT,CONDITION_LEVEL,CONDITION_LEVEL_RSD_RETAINED,False,True,puckworks/data/angeloni2023/total_solids.csv,A5
A6,Arabica,bioactives,3_caffeoylquinic_acid,3CQA,2.69,g/L,directly_reported_beverage_volumetric_concentration,2.69,kg/m^3,beverage_volume,,,VARIETY_LEVEL_RANGE_METADATA_ONLY,VARIETY_RANGE_ONLY_NOT_CONDITION_SPECIFIC,False,True,puckworks/data/angeloni2023/bioactives.csv,A6
A6,Arabica,bioactives,3_5_dicaffeoylquinic_acid,3_5diCQA,0.28,g/L,directly_reported_beverage_volumetric_concentration,0.28,kg/m^3,beverage_volume,,,VARIETY_LEVEL_RANGE_METADATA_ONLY,VARIETY_RANGE_ONLY_NOT_CONDITION_SPECIFIC,False,True,puckworks/data/angeloni2023/bioactives.csv,A6
A6,Arabica,bioactives,5_caffeoylquinic_acid,5CQA,5.21,g/L,directly_reported_beverage_volumetric_concentration,5.21,kg/m^3,beverage_volume,,,VARIETY_LEVEL_RANGE_METADATA_ONLY,VARIETY_RANGE_ONLY_NOT_CONDITION_SPECIFIC,False,True,puckworks/data/angeloni2023/bioactives.csv,A6
A6,Arabica,bioactives,acetic_acid,AA,5.34,g/L,directly_reported_beverage_volumetric_concentration,5.34,kg/m^3,beverage_volume,,,VARIETY_LEVEL_RANGE_METADATA_ONLY,VARIETY_RANGE_ONLY_NOT_CONDITION_SPECIFIC,False,True,puckworks/data/angeloni2023/bioactives.csv,A6
A6,Arabica,bioactives,citric_acid,CA,15.58,g/L,directly_reported_beverage_volumetric_concentration,15.58,kg/m^3,beverage_volume,,,VARIETY_LEVEL_RANGE_METADATA_ONLY,VARIETY_RANGE_ONLY_NOT_CONDITION_SPECIFIC,False,True,puckworks/data/angeloni2023/bioactives.csv,A6
A6,Arabica,bioactives,caffeine,CF,4.77,g/L,directly_reported_beverage_volumetric_concentration,4.77,kg/m^3,beverage_volume,,,VARIETY_LEVEL_RANGE_METADATA_ONLY,VARIETY_RANGE_ONLY_NOT_CONDITION_SPECIFIC,False,True,puckworks/data/angeloni2023/bioactives.csv,A6
A6,Arabica,bioactives,ferulic_acid,FA,0.3,g/L,directly_reported_beverage_volumetric_concentration,0.3,kg/m^3,beverage_volume,,,VARIETY_LEVEL_RANGE_METADATA_ONLY,VARIETY_RANGE_ONLY_NOT_CONDITION_SPECIFIC,False,True,puckworks/data/angeloni2023/bioactives.csv,A6
A6,Arabica,bioactives,tartaric_acid,TA,3.29,g/L,directly_reported_beverage_volumetric_concentration,3.29,kg/m^3,beverage_volume,,,VARIETY_LEVEL_RANGE_METADATA_ONLY,VARIETY_RANGE_ONLY_NOT_CONDITION_SPECIFIC,False,True,puckworks/data/angeloni2023/bioactives.csv,A6
A6,Arabica,bioactives,trigonelline,TR,3.28,g/L,directly_reported_beverage_volumetric_concentration,3.28,kg/m^3,beverage_volume,,,VARIETY_LEVEL_RANGE_METADATA_ONLY,VARIETY_RANGE_ONLY_NOT_CONDITION_SPECIFIC,False,True,puckworks/data/angeloni2023/bioactives.csv,A6
A6,Arabica,bioactives,total_chlorogenic_acids,totCQA,8.17,g/L,directly_reported_beverage_volumetric_concentration,8.17,kg/m^3,beverage_volume,,,VARIETY_LEVEL_RANGE_METADATA_ONLY,VARIETY_RANGE_ONLY_NOT_CONDITION_SPECIFIC,False,True,puckworks/data/angeloni2023/bioactives.csv,A6
A6,Arabica,bioactives,total_organic_acids,totOA,24.21,g/L,directly_reported_beverage_volumetric_concentration,24.21,kg/m^3,beverage_volume,,,VARIETY_LEVEL_RANGE_METADATA_ONLY,VARIETY_RANGE_ONLY_NOT_CONDITION_SPECIFIC,False,True,puckworks/data/angeloni2023/bioactives.csv,A6
A6,Arabica,lipids,total_lipids,LP,0.47,g/100 mL,directly_reported_beverage_volumetric_concentration,4.699999999999999,kg/m^3,beverage_volume,15.8,RSD_PERCENT,CONDITION_LEVEL,CONDITION_LEVEL_RSD_RETAINED,False,True,puckworks/data/angeloni2023/lipids.csv,A6
A6,Arabica,total_solids,,,9.94,g/100 mL,directly_reported_beverage_volumetric_concentration,99.39999999999999,kg/m^3,beverage_volume,5.4,RSD_PERCENT,CONDITION_LEVEL,CONDITION_LEVEL_RSD_RETAINED,False,True,puckworks/data/angeloni2023/total_solids.csv,A6
A7,Arabica,bioactives,3_caffeoylquinic_acid,3CQA,3.02,g/L,directly_reported_beverage_volumetric_concentration,3.02,kg/m^3,beverage_volume,,,VARIETY_LEVEL_RANGE_METADATA_ONLY,VARIETY_RANGE_ONLY_NOT_CONDITION_SPECIFIC,False,True,puckworks/data/angeloni2023/bioactives.csv,A7
A7,Arabica,bioactives,3_5_dicaffeoylquinic_acid,3_5diCQA,0.31,g/L,directly_reported_beverage_volumetric_concentration,0.31,kg/m^3,beverage_volume,,,VARIETY_LEVEL_RANGE_METADATA_ONLY,VARIETY_RANGE_ONLY_NOT_CONDITION_SPECIFIC,False,True,puckworks/data/angeloni2023/bioactives.csv,A7
A7,Arabica,bioactives,5_caffeoylquinic_acid,5CQA,5.71,g/L,directly_reported_beverage_volumetric_concentration,5.71,kg/m^3,beverage_volume,,,VARIETY_LEVEL_RANGE_METADATA_ONLY,VARIETY_RANGE_ONLY_NOT_CONDITION_SPECIFIC,False,True,puckworks/data/angeloni2023/bioactives.csv,A7
A7,Arabica,bioactives,acetic_acid,AA,4.52,g/L,directly_reported_beverage_volumetric_concentration,4.52,kg/m^3,beverage_volume,,,VARIETY_LEVEL_RANGE_METADATA_ONLY,VARIETY_RANGE_ONLY_NOT_CONDITION_SPECIFIC,False,True,puckworks/data/angeloni2023/bioactives.csv,A7
A7,Arabica,bioactives,citric_acid,CA,11.25,g/L,directly_reported_beverage_volumetric_concentration,11.25,kg/m^3,beverage_volume,,,VARIETY_LEVEL_RANGE_METADATA_ONLY,VARIETY_RANGE_ONLY_NOT_CONDITION_SPECIFIC,False,True,puckworks/data/angeloni2023/bioactives.csv,A7
A7,Arabica,bioactives,caffeine,CF,5.34,g/L,directly_reported_beverage_volumetric_concentration,5.34,kg/m^3,beverage_volume,,,VARIETY_LEVEL_RANGE_METADATA_ONLY,VARIETY_RANGE_ONLY_NOT_CONDITION_SPECIFIC,False,True,puckworks/data/angeloni2023/bioactives.csv,A7
A7,Arabica,bioactives,ferulic_acid,FA,0.34,g/L,directly_reported_beverage_volumetric_concentration,0.34,kg/m^3,beverage_volume,,,VARIETY_LEVEL_RANGE_METADATA_ONLY,VARIETY_RANGE_ONLY_NOT_CONDITION_SPECIFIC,False,True,puckworks/data/angeloni2023/bioactives.csv,A7
A7,Arabica,bioactives,tartaric_acid,TA,3.53,g/L,directly_reported_beverage_volumetric_concentration,3.53,kg/m^3,beverage_volume,,,VARIETY_LEVEL_RANGE_METADATA_ONLY,VARIETY_RANGE_ONLY_NOT_CONDITION_SPECIFIC,False,True,puckworks/data/angeloni2023/bioactives.csv,A7
A7,Arabica,bioactives,trigonelline,TR,3.52,g/L,directly_reported_beverage_volumetric_concentration,3.52,kg/m^3,beverage_volume,,,VARIETY_LEVEL_RANGE_METADATA_ONLY,VARIETY_RANGE_ONLY_NOT_CONDITION_SPECIFIC,False,True,puckworks/data/angeloni2023/bioactives.csv,A7
A7,Arabica,bioactives,total_chlorogenic_acids,totCQA,9.04,g/L,directly_reported_beverage_volumetric_concentration,9.04,kg/m^3,beverage_volume,,,VARIETY_LEVEL_RANGE_METADATA_ONLY,VARIETY_RANGE_ONLY_NOT_CONDITION_SPECIFIC,False,True,puckworks/data/angeloni2023/bioactives.csv,A7
A7,Arabica,bioactives,total_organic_acids,totOA,19.31,g/L,directly_reported_beverage_volumetric_concentration,19.31,kg/m^3,beverage_volume,,,VARIETY_LEVEL_RANGE_METADATA_ONLY,VARIETY_RANGE_ONLY_NOT_CONDITION_SPECIFIC,False,True,puckworks/data/angeloni2023/bioactives.csv,A7
A7,Arabica,lipids,total_lipids,LP,0.39,g/100 mL,directly_reported_beverage_volumetric_concentration,3.9000000000000004,kg/m^3,beverage_volume,16.0,RSD_PERCENT,CONDITION_LEVEL,CONDITION_LEVEL_RSD_RETAINED,False,True,puckworks/data/angeloni2023/lipids.csv,A7
A7,Arabica,total_solids,,,9.87,g/100 mL,directly_reported_beverage_volumetric_concentration,98.69999999999999,kg/m^3,beverage_volume,10.7,RSD_PERCENT,CONDITION_LEVEL,CONDITION_LEVEL_RSD_RETAINED,False,True,puckworks/data/angeloni2023/total_solids.csv,A7
A8,Arabica,bioactives,3_caffeoylquinic_acid,3CQA,2.82,g/L,directly_reported_beverage_volumetric_concentration,2.82,kg/m^3,beverage_volume,,,VARIETY_LEVEL_RANGE_METADATA_ONLY,VARIETY_RANGE_ONLY_NOT_CONDITION_SPECIFIC,False,True,puckworks/data/angeloni2023/bioactives.csv,A8
A8,Arabica,bioactives,3_5_dicaffeoylquinic_acid,3_5diCQA,0.3,g/L,directly_reported_beverage_volumetric_concentration,0.3,kg/m^3,beverage_volume,,,VARIETY_LEVEL_RANGE_METADATA_ONLY,VARIETY_RANGE_ONLY_NOT_CONDITION_SPECIFIC,False,True,puckworks/data/angeloni2023/bioactives.csv,A8
A8,Arabica,bioactives,5_caffeoylquinic_acid,5CQA,5.24,g/L,directly_reported_beverage_volumetric_concentration,5.24,kg/m^3,beverage_volume,,,VARIETY_LEVEL_RANGE_METADATA_ONLY,VARIETY_RANGE_ONLY_NOT_CONDITION_SPECIFIC,False,True,puckworks/data/angeloni2023/bioactives.csv,A8
A8,Arabica,bioactives,acetic_acid,AA,6.11,g/L,directly_reported_beverage_volumetric_concentration,6.11,kg/m^3,beverage_volume,,,VARIETY_LEVEL_RANGE_METADATA_ONLY,VARIETY_RANGE_ONLY_NOT_CONDITION_SPECIFIC,False,True,puckworks/data/angeloni2023/bioactives.csv,A8
A8,Arabica,bioactives,citric_acid,CA,14.08,g/L,directly_reported_beverage_volumetric_concentration,14.08,kg/m^3,beverage_volume,,,VARIETY_LEVEL_RANGE_METADATA_ONLY,VARIETY_RANGE_ONLY_NOT_CONDITION_SPECIFIC,False,True,puckworks/data/angeloni2023/bioactives.csv,A8
A8,Arabica,bioactives,caffeine,CF,5.2,g/L,directly_reported_beverage_volumetric_concentration,5.2,kg/m^3,beverage_volume,,,VARIETY_LEVEL_RANGE_METADATA_ONLY,VARIETY_RANGE_ONLY_NOT_CONDITION_SPECIFIC,False,True,puckworks/data/angeloni2023/bioactives.csv,A8
A8,Arabica,bioactives,ferulic_acid,FA,0.28,g/L,directly_reported_beverage_volumetric_concentration,0.28,kg/m^3,beverage_volume,,,VARIETY_LEVEL_RANGE_METADATA_ONLY,VARIETY_RANGE_ONLY_NOT_CONDITION_SPECIFIC,False,True,puckworks/data/angeloni2023/bioactives.csv,A8
A8,Arabica,bioactives,tartaric_acid,TA,3.38,g/L,directly_reported_beverage_volumetric_concentration,3.38,kg/m^3,beverage_volume,,,VARIETY_LEVEL_RANGE_METADATA_ONLY,VARIETY_RANGE_ONLY_NOT_CONDITION_SPECIFIC,False,True,puckworks/data/angeloni2023/bioactives.csv,A8
A8,Arabica,bioactives,trigonelline,TR,3.39,g/L,directly_reported_beverage_volumetric_concentration,3.39,kg/m^3,beverage_volume,,,VARIETY_LEVEL_RANGE_METADATA_ONLY,VARIETY_RANGE_ONLY_NOT_CONDITION_SPECIFIC,False,True,puckworks/data/angeloni2023/bioactives.csv,A8
A8,Arabica,bioactives,total_chlorogenic_acids,totCQA,8.36,g/L,directly_reported_beverage_volumetric_concentration,8.36,kg/m^3,beverage_volume,,,VARIETY_LEVEL_RANGE_METADATA_ONLY,VARIETY_RANGE_ONLY_NOT_CONDITION_SPECIFIC,False,True,puckworks/data/angeloni2023/bioactives.csv,A8
A8,Arabica,bioactives,total_organic_acids,totOA,23.57,g/L,directly_reported_beverage_volumetric_concentration,23.57,kg/m^3,beverage_volume,,,VARIETY_LEVEL_RANGE_METADATA_ONLY,VARIETY_RANGE_ONLY_NOT_CONDITION_SPECIFIC,False,True,puckworks/data/angeloni2023/bioactives.csv,A8
A8,Arabica,lipids,total_lipids,LP,0.41,g/100 mL,directly_reported_beverage_volumetric_concentration,4.1,kg/m^3,beverage_volume,12.3,RSD_PERCENT,CONDITION_LEVEL,CONDITION_LEVEL_RSD_RETAINED,False,True,puckworks/data/angeloni2023/lipids.csv,A8
A8,Arabica,total_solids,,,9.8,g/100 mL,directly_reported_beverage_volumetric_concentration,98.0,kg/m^3,beverage_volume,3.2,RSD_PERCENT,CONDITION_LEVEL,CONDITION_LEVEL_RSD_RETAINED,False,True,puckworks/data/angeloni2023/total_solids.csv,A8
A9,Arabica,bioactives,3_caffeoylquinic_acid,3CQA,2.81,g/L,directly_reported_beverage_volumetric_concentration,2.81,kg/m^3,beverage_volume,,,VARIETY_LEVEL_RANGE_METADATA_ONLY,VARIETY_RANGE_ONLY_NOT_CONDITION_SPECIFIC,False,True,puckworks/data/angeloni2023/bioactives.csv,A9
A9,Arabica,bioactives,3_5_dicaffeoylquinic_acid,3_5diCQA,0.3,g/L,directly_reported_beverage_volumetric_concentration,0.3,kg/m^3,beverage_volume,,,VARIETY_LEVEL_RANGE_METADATA_ONLY,VARIETY_RANGE_ONLY_NOT_CONDITION_SPECIFIC,False,True,puckworks/data/angeloni2023/bioactives.csv,A9
A9,Arabica,bioactives,5_caffeoylquinic_acid,5CQA,5.2,g/L,directly_reported_beverage_volumetric_concentration,5.2,kg/m^3,beverage_volume,,,VARIETY_LEVEL_RANGE_METADATA_ONLY,VARIETY_RANGE_ONLY_NOT_CONDITION_SPECIFIC,False,True,puckworks/data/angeloni2023/bioactives.csv,A9
A9,Arabica,bioactives,acetic_acid,AA,7.02,g/L,directly_reported_beverage_volumetric_concentration,7.02,kg/m^3,beverage_volume,,,VARIETY_LEVEL_RANGE_METADATA_ONLY,VARIETY_RANGE_ONLY_NOT_CONDITION_SPECIFIC,False,True,puckworks/data/angeloni2023/bioactives.csv,A9
A9,Arabica,bioactives,citric_acid,CA,13.65,g/L,directly_reported_beverage_volumetric_concentration,13.65,kg/m^3,beverage_volume,,,VARIETY_LEVEL_RANGE_METADATA_ONLY,VARIETY_RANGE_ONLY_NOT_CONDITION_SPECIFIC,False,True,puckworks/data/angeloni2023/bioactives.csv,A9
A9,Arabica,bioactives,caffeine,CF,5.1,g/L,directly_reported_beverage_volumetric_concentration,5.1,kg/m^3,beverage_volume,,,VARIETY_LEVEL_RANGE_METADATA_ONLY,VARIETY_RANGE_ONLY_NOT_CONDITION_SPECIFIC,False,True,puckworks/data/angeloni2023/bioactives.csv,A9
A9,Arabica,bioactives,ferulic_acid,FA,0.28,g/L,directly_reported_beverage_volumetric_concentration,0.28,kg/m^3,beverage_volume,,,VARIETY_LEVEL_RANGE_METADATA_ONLY,VARIETY_RANGE_ONLY_NOT_CONDITION_SPECIFIC,False,True,puckworks/data/angeloni2023/bioactives.csv,A9
A9,Arabica,bioactives,tartaric_acid,TA,3.35,g/L,directly_reported_beverage_volumetric_concentration,3.35,kg/m^3,beverage_volume,,,VARIETY_LEVEL_RANGE_METADATA_ONLY,VARIETY_RANGE_ONLY_NOT_CONDITION_SPECIFIC,False,True,puckworks/data/angeloni2023/bioactives.csv,A9
A9,Arabica,bioactives,trigonelline,TR,3.36,g/L,directly_reported_beverage_volumetric_concentration,3.36,kg/m^3,beverage_volume,,,VARIETY_LEVEL_RANGE_METADATA_ONLY,VARIETY_RANGE_ONLY_NOT_CONDITION_SPECIFIC,False,True,puckworks/data/angeloni2023/bioactives.csv,A9
A9,Arabica,bioactives,total_chlorogenic_acids,totCQA,8.31,g/L,directly_reported_beverage_volumetric_concentration,8.31,kg/m^3,beverage_volume,,,VARIETY_LEVEL_RANGE_METADATA_ONLY,VARIETY_RANGE_ONLY_NOT_CONDITION_SPECIFIC,False,True,puckworks/data/angeloni2023/bioactives.csv,A9
A9,Arabica,bioactives,total_organic_acids,totOA,24.02,g/L,directly_reported_beverage_volumetric_concentration,24.02,kg/m^3,beverage_volume,,,VARIETY_LEVEL_RANGE_METADATA_ONLY,VARIETY_RANGE_ONLY_NOT_CONDITION_SPECIFIC,False,True,puckworks/data/angeloni2023/bioactives.csv,A9
A9,Arabica,lipids,total_lipids,LP,0.38,g/100 mL,directly_reported_beverage_volumetric_concentration,3.8,kg/m^3,beverage_volume,18.1,RSD_PERCENT,CONDITION_LEVEL,CONDITION_LEVEL_RSD_RETAINED,False,True,puckworks/data/angeloni2023/lipids.csv,A9
A9,Arabica,total_solids,,,9.38,g/100 mL,directly_reported_beverage_volumetric_concentration,93.80000000000001,kg/m^3,beverage_volume,1.9,RSD_PERCENT,CONDITION_LEVEL,CONDITION_LEVEL_RSD_RETAINED,False,True,puckworks/data/angeloni2023/total_solids.csv,A9
R1,Robusta,bioactives,3_caffeoylquinic_acid,3CQA,2.28,g/L,directly_reported_beverage_volumetric_concentration,2.28,kg/m^3,beverage_volume,,,VARIETY_LEVEL_RANGE_METADATA_ONLY,VARIETY_RANGE_ONLY_NOT_CONDITION_SPECIFIC,False,True,puckworks/data/angeloni2023/bioactives.csv,R1
R1,Robusta,bioactives,3_5_dicaffeoylquinic_acid,3_5diCQA,0.45,g/L,directly_reported_beverage_volumetric_concentration,0.45,kg/m^3,beverage_volume,,,VARIETY_LEVEL_RANGE_METADATA_ONLY,VARIETY_RANGE_ONLY_NOT_CONDITION_SPECIFIC,False,True,puckworks/data/angeloni2023/bioactives.csv,R1
R1,Robusta,bioactives,5_caffeoylquinic_acid,5CQA,3.41,g/L,directly_reported_beverage_volumetric_concentration,3.41,kg/m^3,beverage_volume,,,VARIETY_LEVEL_RANGE_METADATA_ONLY,VARIETY_RANGE_ONLY_NOT_CONDITION_SPECIFIC,False,True,puckworks/data/angeloni2023/bioactives.csv,R1
R1,Robusta,bioactives,acetic_acid,AA,15.06,g/L,directly_reported_beverage_volumetric_concentration,15.06,kg/m^3,beverage_volume,,,VARIETY_LEVEL_RANGE_METADATA_ONLY,VARIETY_RANGE_ONLY_NOT_CONDITION_SPECIFIC,False,True,puckworks/data/angeloni2023/bioactives.csv,R1
R1,Robusta,bioactives,citric_acid,CA,18.93,g/L,directly_reported_beverage_volumetric_concentration,18.93,kg/m^3,beverage_volume,,,VARIETY_LEVEL_RANGE_METADATA_ONLY,VARIETY_RANGE_ONLY_NOT_CONDITION_SPECIFIC,False,True,puckworks/data/angeloni2023/bioactives.csv,R1
R1,Robusta,bioactives,caffeine,CF,7.88,g/L,directly_reported_beverage_volumetric_concentration,7.88,kg/m^3,beverage_volume,,,VARIETY_LEVEL_RANGE_METADATA_ONLY,VARIETY_RANGE_ONLY_NOT_CONDITION_SPECIFIC,False,True,puckworks/data/angeloni2023/bioactives.csv,R1
R1,Robusta,bioactives,ferulic_acid,FA,0.39,g/L,directly_reported_beverage_volumetric_concentration,0.39,kg/m^3,beverage_volume,,,VARIETY_LEVEL_RANGE_METADATA_ONLY,VARIETY_RANGE_ONLY_NOT_CONDITION_SPECIFIC,False,True,puckworks/data/angeloni2023/bioactives.csv,R1
R1,Robusta,bioactives,tartaric_acid,TA,2.75,g/L,directly_reported_beverage_volumetric_concentration,2.75,kg/m^3,beverage_volume,,,VARIETY_LEVEL_RANGE_METADATA_ONLY,VARIETY_RANGE_ONLY_NOT_CONDITION_SPECIFIC,False,True,puckworks/data/angeloni2023/bioactives.csv,R1
R1,Robusta,bioactives,trigonelline,TR,2.83,g/L,directly_reported_beverage_volumetric_concentration,2.83,kg/m^3,beverage_volume,,,VARIETY_LEVEL_RANGE_METADATA_ONLY,VARIETY_RANGE_ONLY_NOT_CONDITION_SPECIFIC,False,True,puckworks/data/angeloni2023/bioactives.csv,R1
R1,Robusta,bioactives,total_chlorogenic_acids,totCQA,6.14,g/L,directly_reported_beverage_volumetric_concentration,6.14,kg/m^3,beverage_volume,,,VARIETY_LEVEL_RANGE_METADATA_ONLY,VARIETY_RANGE_ONLY_NOT_CONDITION_SPECIFIC,False,True,puckworks/data/angeloni2023/bioactives.csv,R1
R1,Robusta,bioactives,total_organic_acids,totOA,36.74,g/L,directly_reported_beverage_volumetric_concentration,36.74,kg/m^3,beverage_volume,,,VARIETY_LEVEL_RANGE_METADATA_ONLY,VARIETY_RANGE_ONLY_NOT_CONDITION_SPECIFIC,False,True,puckworks/data/angeloni2023/bioactives.csv,R1
R1,Robusta,lipids,total_lipids,LP,0.07,g/100 mL,directly_reported_beverage_volumetric_concentration,0.7000000000000001,kg/m^3,beverage_volume,16.8,RSD_PERCENT,CONDITION_LEVEL,CONDITION_LEVEL_RSD_RETAINED,False,True,puckworks/data/angeloni2023/lipids.csv,R1
R1,Robusta,total_solids,,,9.78,g/100 mL,directly_reported_beverage_volumetric_concentration,97.8,kg/m^3,beverage_volume,17.9,RSD_PERCENT,CONDITION_LEVEL,CONDITION_LEVEL_RSD_RETAINED,False,True,puckworks/data/angeloni2023/total_solids.csv,R1
R10,Robusta,bioactives,3_caffeoylquinic_acid,3CQA,2.02,g/L,directly_reported_beverage_volumetric_concentration,2.02,kg/m^3,beverage_volume,,,VARIETY_LEVEL_RANGE_METADATA_ONLY,VARIETY_RANGE_ONLY_NOT_CONDITION_SPECIFIC,False,True,puckworks/data/angeloni2023/bioactives.csv,R10
R10,Robusta,bioactives,3_5_dicaffeoylquinic_acid,3_5diCQA,0.48,g/L,directly_reported_beverage_volumetric_concentration,0.48,kg/m^3,beverage_volume,,,VARIETY_LEVEL_RANGE_METADATA_ONLY,VARIETY_RANGE_ONLY_NOT_CONDITION_SPECIFIC,False,True,puckworks/data/angeloni2023/bioactives.csv,R10
R10,Robusta,bioactives,5_caffeoylquinic_acid,5CQA,3.47,g/L,directly_reported_beverage_volumetric_concentration,3.47,kg/m^3,beverage_volume,,,VARIETY_LEVEL_RANGE_METADATA_ONLY,VARIETY_RANGE_ONLY_NOT_CONDITION_SPECIFIC,False,True,puckworks/data/angeloni2023/bioactives.csv,R10
R10,Robusta,bioactives,acetic_acid,AA,8.9,g/L,directly_reported_beverage_volumetric_concentration,8.9,kg/m^3,beverage_volume,,,VARIETY_LEVEL_RANGE_METADATA_ONLY,VARIETY_RANGE_ONLY_NOT_CONDITION_SPECIFIC,False,True,puckworks/data/angeloni2023/bioactives.csv,R10
R10,Robusta,bioactives,citric_acid,CA,19.19,g/L,directly_reported_beverage_volumetric_concentration,19.19,kg/m^3,beverage_volume,,,VARIETY_LEVEL_RANGE_METADATA_ONLY,VARIETY_RANGE_ONLY_NOT_CONDITION_SPECIFIC,False,True,puckworks/data/angeloni2023/bioactives.csv,R10
R10,Robusta,bioactives,caffeine,CF,6.92,g/L,directly_reported_beverage_volumetric_concentration,6.92,kg/m^3,beverage_volume,,,VARIETY_LEVEL_RANGE_METADATA_ONLY,VARIETY_RANGE_ONLY_NOT_CONDITION_SPECIFIC,False,True,puckworks/data/angeloni2023/bioactives.csv,R10
R10,Robusta,bioactives,ferulic_acid,FA,0.39,g/L,directly_reported_beverage_volumetric_concentration,0.39,kg/m^3,beverage_volume,,,VARIETY_LEVEL_RANGE_METADATA_ONLY,VARIETY_RANGE_ONLY_NOT_CONDITION_SPECIFIC,False,True,puckworks/data/angeloni2023/bioactives.csv,R10
R10,Robusta,bioactives,tartaric_acid,TA,2.41,g/L,directly_reported_beverage_volumetric_concentration,2.41,kg/m^3,beverage_volume,,,VARIETY_LEVEL_RANGE_METADATA_ONLY,VARIETY_RANGE_ONLY_NOT_CONDITION_SPECIFIC,False,True,puckworks/data/angeloni2023/bioactives.csv,R10
R10,Robusta,bioactives,trigonelline,TR,2.45,g/L,directly_reported_beverage_volumetric_concentration,2.45,kg/m^3,beverage_volume,,,VARIETY_LEVEL_RANGE_METADATA_ONLY,VARIETY_RANGE_ONLY_NOT_CONDITION_SPECIFIC,False,True,puckworks/data/angeloni2023/bioactives.csv,R10
R10,Robusta,bioactives,total_chlorogenic_acids,totCQA,5.97,g/L,directly_reported_beverage_volumetric_concentration,5.97,kg/m^3,beverage_volume,,,VARIETY_LEVEL_RANGE_METADATA_ONLY,VARIETY_RANGE_ONLY_NOT_CONDITION_SPECIFIC,False,True,puckworks/data/angeloni2023/bioactives.csv,R10
R10,Robusta,bioactives,total_organic_acids,totOA,30.5,g/L,directly_reported_beverage_volumetric_concentration,30.5,kg/m^3,beverage_volume,,,VARIETY_LEVEL_RANGE_METADATA_ONLY,VARIETY_RANGE_ONLY_NOT_CONDITION_SPECIFIC,False,True,puckworks/data/angeloni2023/bioactives.csv,R10
R10,Robusta,lipids,total_lipids,LP,0.03,g/100 mL,directly_reported_beverage_volumetric_concentration,0.3,kg/m^3,beverage_volume,19.0,RSD_PERCENT,CONDITION_LEVEL,CONDITION_LEVEL_RSD_RETAINED,False,True,puckworks/data/angeloni2023/lipids.csv,R10
R10,Robusta,total_solids,,,12.09,g/100 mL,directly_reported_beverage_volumetric_concentration,120.9,kg/m^3,beverage_volume,16.9,RSD_PERCENT,CONDITION_LEVEL,CONDITION_LEVEL_RSD_RETAINED,False,True,puckworks/data/angeloni2023/total_solids.csv,R10
R11,Robusta,bioactives,3_caffeoylquinic_acid,3CQA,2.39,g/L,directly_reported_beverage_volumetric_concentration,2.39,kg/m^3,beverage_volume,,,VARIETY_LEVEL_RANGE_METADATA_ONLY,VARIETY_RANGE_ONLY_NOT_CONDITION_SPECIFIC,False,True,puckworks/data/angeloni2023/bioactives.csv,R11
R11,Robusta,bioactives,3_5_dicaffeoylquinic_acid,3_5diCQA,0.51,g/L,directly_reported_beverage_volumetric_concentration,0.51,kg/m^3,beverage_volume,,,VARIETY_LEVEL_RANGE_METADATA_ONLY,VARIETY_RANGE_ONLY_NOT_CONDITION_SPECIFIC,False,True,puckworks/data/angeloni2023/bioactives.csv,R11
R11,Robusta,bioactives,5_caffeoylquinic_acid,5CQA,3.46,g/L,directly_reported_beverage_volumetric_concentration,3.46,kg/m^3,beverage_volume,,,VARIETY_LEVEL_RANGE_METADATA_ONLY,VARIETY_RANGE_ONLY_NOT_CONDITION_SPECIFIC,False,True,puckworks/data/angeloni2023/bioactives.csv,R11
R11,Robusta,bioactives,acetic_acid,AA,16.94,g/L,directly_reported_beverage_volumetric_concentration,16.94,kg/m^3,beverage_volume,,,VARIETY_LEVEL_RANGE_METADATA_ONLY,VARIETY_RANGE_ONLY_NOT_CONDITION_SPECIFIC,False,True,puckworks/data/angeloni2023/bioactives.csv,R11
R11,Robusta,bioactives,citric_acid,CA,23.81,g/L,directly_reported_beverage_volumetric_concentration,23.81,kg/m^3,beverage_volume,,,VARIETY_LEVEL_RANGE_METADATA_ONLY,VARIETY_RANGE_ONLY_NOT_CONDITION_SPECIFIC,False,True,puckworks/data/angeloni2023/bioactives.csv,R11
R11,Robusta,bioactives,caffeine,CF,8.12,g/L,directly_reported_beverage_volumetric_concentration,8.12,kg/m^3,beverage_volume,,,VARIETY_LEVEL_RANGE_METADATA_ONLY,VARIETY_RANGE_ONLY_NOT_CONDITION_SPECIFIC,False,True,puckworks/data/angeloni2023/bioactives.csv,R11
R11,Robusta,bioactives,ferulic_acid,FA,0.46,g/L,directly_reported_beverage_volumetric_concentration,0.46,kg/m^3,beverage_volume,,,VARIETY_LEVEL_RANGE_METADATA_ONLY,VARIETY_RANGE_ONLY_NOT_CONDITION_SPECIFIC,False,True,puckworks/data/angeloni2023/bioactives.csv,R11
R11,Robusta,bioactives,tartaric_acid,TA,2.86,g/L,directly_reported_beverage_volumetric_concentration,2.86,kg/m^3,beverage_volume,,,VARIETY_LEVEL_RANGE_METADATA_ONLY,VARIETY_RANGE_ONLY_NOT_CONDITION_SPECIFIC,False,True,puckworks/data/angeloni2023/bioactives.csv,R11
R11,Robusta,bioactives,trigonelline,TR,2.93,g/L,directly_reported_beverage_volumetric_concentration,2.93,kg/m^3,beverage_volume,,,VARIETY_LEVEL_RANGE_METADATA_ONLY,VARIETY_RANGE_ONLY_NOT_CONDITION_SPECIFIC,False,True,puckworks/data/angeloni2023/bioactives.csv,R11
R11,Robusta,bioactives,total_chlorogenic_acids,totCQA,6.35,g/L,directly_reported_beverage_volumetric_concentration,6.35,kg/m^3,beverage_volume,,,VARIETY_LEVEL_RANGE_METADATA_ONLY,VARIETY_RANGE_ONLY_NOT_CONDITION_SPECIFIC,False,True,puckworks/data/angeloni2023/bioactives.csv,R11
R11,Robusta,bioactives,total_organic_acids,totOA,43.6,g/L,directly_reported_beverage_volumetric_concentration,43.6,kg/m^3,beverage_volume,,,VARIETY_LEVEL_RANGE_METADATA_ONLY,VARIETY_RANGE_ONLY_NOT_CONDITION_SPECIFIC,False,True,puckworks/data/angeloni2023/bioactives.csv,R11
R11,Robusta,lipids,total_lipids,LP,0.07,g/100 mL,directly_reported_beverage_volumetric_concentration,0.7000000000000001,kg/m^3,beverage_volume,6.5,RSD_PERCENT,CONDITION_LEVEL,CONDITION_LEVEL_RSD_RETAINED,False,True,puckworks/data/angeloni2023/lipids.csv,R11
R11,Robusta,total_solids,,,9.83,g/100 mL,directly_reported_beverage_volumetric_concentration,98.3,kg/m^3,beverage_volume,14.5,RSD_PERCENT,CONDITION_LEVEL,CONDITION_LEVEL_RSD_RETAINED,False,True,puckworks/data/angeloni2023/total_solids.csv,R11
R12,Robusta,bioactives,3_caffeoylquinic_acid,3CQA,1.93,g/L,directly_reported_beverage_volumetric_concentration,1.93,kg/m^3,beverage_volume,,,VARIETY_LEVEL_RANGE_METADATA_ONLY,VARIETY_RANGE_ONLY_NOT_CONDITION_SPECIFIC,False,True,puckworks/data/angeloni2023/bioactives.csv,R12
R12,Robusta,bioactives,3_5_dicaffeoylquinic_acid,3_5diCQA,0.4,g/L,directly_reported_beverage_volumetric_concentration,0.4,kg/m^3,beverage_volume,,,VARIETY_LEVEL_RANGE_METADATA_ONLY,VARIETY_RANGE_ONLY_NOT_CONDITION_SPECIFIC,False,True,puckworks/data/angeloni2023/bioactives.csv,R12
R12,Robusta,bioactives,5_caffeoylquinic_acid,5CQA,2.79,g/L,directly_reported_beverage_volumetric_concentration,2.79,kg/m^3,beverage_volume,,,VARIETY_LEVEL_RANGE_METADATA_ONLY,VARIETY_RANGE_ONLY_NOT_CONDITION_SPECIFIC,False,True,puckworks/data/angeloni2023/bioactives.csv,R12
R12,Robusta,bioactives,acetic_acid,AA,13.38,g/L,directly_reported_beverage_volumetric_concentration,13.38,kg/m^3,beverage_volume,,,VARIETY_LEVEL_RANGE_METADATA_ONLY,VARIETY_RANGE_ONLY_NOT_CONDITION_SPECIFIC,False,True,puckworks/data/angeloni2023/bioactives.csv,R12
R12,Robusta,bioactives,citric_acid,CA,18.44,g/L,directly_reported_beverage_volumetric_concentration,18.44,kg/m^3,beverage_volume,,,VARIETY_LEVEL_RANGE_METADATA_ONLY,VARIETY_RANGE_ONLY_NOT_CONDITION_SPECIFIC,False,True,puckworks/data/angeloni2023/bioactives.csv,R12
R12,Robusta,bioactives,caffeine,CF,6.82,g/L,directly_reported_beverage_volumetric_concentration,6.82,kg/m^3,beverage_volume,,,VARIETY_LEVEL_RANGE_METADATA_ONLY,VARIETY_RANGE_ONLY_NOT_CONDITION_SPECIFIC,False,True,puckworks/data/angeloni2023/bioactives.csv,R12
R12,Robusta,bioactives,ferulic_acid,FA,0.33,g/L,directly_reported_beverage_volumetric_concentration,0.33,kg/m^3,beverage_volume,,,VARIETY_LEVEL_RANGE_METADATA_ONLY,VARIETY_RANGE_ONLY_NOT_CONDITION_SPECIFIC,False,True,puckworks/data/angeloni2023/bioactives.csv,R12
R12,Robusta,bioactives,tartaric_acid,TA,2.43,g/L,directly_reported_beverage_volumetric_concentration,2.43,kg/m^3,beverage_volume,,,VARIETY_LEVEL_RANGE_METADATA_ONLY,VARIETY_RANGE_ONLY_NOT_CONDITION_SPECIFIC,False,True,puckworks/data/angeloni2023/bioactives.csv,R12
R12,Robusta,bioactives,trigonelline,TR,2.5,g/L,directly_reported_beverage_volumetric_concentration,2.5,kg/m^3,beverage_volume,,,VARIETY_LEVEL_RANGE_METADATA_ONLY,VARIETY_RANGE_ONLY_NOT_CONDITION_SPECIFIC,False,True,puckworks/data/angeloni2023/bioactives.csv,R12
R12,Robusta,bioactives,total_chlorogenic_acids,totCQA,5.12,g/L,directly_reported_beverage_volumetric_concentration,5.12,kg/m^3,beverage_volume,,,VARIETY_LEVEL_RANGE_METADATA_ONLY,VARIETY_RANGE_ONLY_NOT_CONDITION_SPECIFIC,False,True,puckworks/data/angeloni2023/bioactives.csv,R12
R12,Robusta,bioactives,total_organic_acids,totOA,34.25,g/L,directly_reported_beverage_volumetric_concentration,34.25,kg/m^3,beverage_volume,,,VARIETY_LEVEL_RANGE_METADATA_ONLY,VARIETY_RANGE_ONLY_NOT_CONDITION_SPECIFIC,False,True,puckworks/data/angeloni2023/bioactives.csv,R12
R12,Robusta,lipids,total_lipids,LP,0.11,g/100 mL,directly_reported_beverage_volumetric_concentration,1.1,kg/m^3,beverage_volume,20.0,RSD_PERCENT,CONDITION_LEVEL,CONDITION_LEVEL_RSD_RETAINED,False,True,puckworks/data/angeloni2023/lipids.csv,R12
R12,Robusta,total_solids,,,9.46,g/100 mL,directly_reported_beverage_volumetric_concentration,94.60000000000001,kg/m^3,beverage_volume,3.6,RSD_PERCENT,CONDITION_LEVEL,CONDITION_LEVEL_RSD_RETAINED,False,True,puckworks/data/angeloni2023/total_solids.csv,R12
R13,Robusta,bioactives,3_caffeoylquinic_acid,3CQA,2.23,g/L,directly_reported_beverage_volumetric_concentration,2.23,kg/m^3,beverage_volume,,,VARIETY_LEVEL_RANGE_METADATA_ONLY,VARIETY_RANGE_ONLY_NOT_CONDITION_SPECIFIC,False,True,puckworks/data/angeloni2023/bioactives.csv,R13
R13,Robusta,bioactives,3_5_dicaffeoylquinic_acid,3_5diCQA,0.36,g/L,directly_reported_beverage_volumetric_concentration,0.36,kg/m^3,beverage_volume,,,VARIETY_LEVEL_RANGE_METADATA_ONLY,VARIETY_RANGE_ONLY_NOT_CONDITION_SPECIFIC,False,True,puckworks/data/angeloni2023/bioactives.csv,R13
R13,Robusta,bioactives,5_caffeoylquinic_acid,5CQA,2.65,g/L,directly_reported_beverage_volumetric_concentration,2.65,kg/m^3,beverage_volume,,,VARIETY_LEVEL_RANGE_METADATA_ONLY,VARIETY_RANGE_ONLY_NOT_CONDITION_SPECIFIC,False,True,puckworks/data/angeloni2023/bioactives.csv,R13
R13,Robusta,bioactives,acetic_acid,AA,12.85,g/L,directly_reported_beverage_volumetric_concentration,12.85,kg/m^3,beverage_volume,,,VARIETY_LEVEL_RANGE_METADATA_ONLY,VARIETY_RANGE_ONLY_NOT_CONDITION_SPECIFIC,False,True,puckworks/data/angeloni2023/bioactives.csv,R13
R13,Robusta,bioactives,citric_acid,CA,18.5,g/L,directly_reported_beverage_volumetric_concentration,18.5,kg/m^3,beverage_volume,,,VARIETY_LEVEL_RANGE_METADATA_ONLY,VARIETY_RANGE_ONLY_NOT_CONDITION_SPECIFIC,False,True,puckworks/data/angeloni2023/bioactives.csv,R13
R13,Robusta,bioactives,caffeine,CF,6.44,g/L,directly_reported_beverage_volumetric_concentration,6.44,kg/m^3,beverage_volume,,,VARIETY_LEVEL_RANGE_METADATA_ONLY,VARIETY_RANGE_ONLY_NOT_CONDITION_SPECIFIC,False,True,puckworks/data/angeloni2023/bioactives.csv,R13
R13,Robusta,bioactives,ferulic_acid,FA,0.36,g/L,directly_reported_beverage_volumetric_concentration,0.36,kg/m^3,beverage_volume,,,VARIETY_LEVEL_RANGE_METADATA_ONLY,VARIETY_RANGE_ONLY_NOT_CONDITION_SPECIFIC,False,True,puckworks/data/angeloni2023/bioactives.csv,R13
R13,Robusta,bioactives,tartaric_acid,TA,2.4,g/L,directly_reported_beverage_volumetric_concentration,2.4,kg/m^3,beverage_volume,,,VARIETY_LEVEL_RANGE_METADATA_ONLY,VARIETY_RANGE_ONLY_NOT_CONDITION_SPECIFIC,False,True,puckworks/data/angeloni2023/bioactives.csv,R13
R13,Robusta,bioactives,trigonelline,TR,2.48,g/L,directly_reported_beverage_volumetric_concentration,2.48,kg/m^3,beverage_volume,,,VARIETY_LEVEL_RANGE_METADATA_ONLY,VARIETY_RANGE_ONLY_NOT_CONDITION_SPECIFIC,False,True,puckworks/data/angeloni2023/bioactives.csv,R13
R13,Robusta,bioactives,total_chlorogenic_acids,totCQA,5.24,g/L,directly_reported_beverage_volumetric_concentration,5.24,kg/m^3,beverage_volume,,,VARIETY_LEVEL_RANGE_METADATA_ONLY,VARIETY_RANGE_ONLY_NOT_CONDITION_SPECIFIC,False,True,puckworks/data/angeloni2023/bioactives.csv,R13
R13,Robusta,bioactives,total_organic_acids,totOA,33.74,g/L,directly_reported_beverage_volumetric_concentration,33.74,kg/m^3,beverage_volume,,,VARIETY_LEVEL_RANGE_METADATA_ONLY,VARIETY_RANGE_ONLY_NOT_CONDITION_SPECIFIC,False,True,puckworks/data/angeloni2023/bioactives.csv,R13
R13,Robusta,lipids,total_lipids,LP,0.1,g/100 mL,directly_reported_beverage_volumetric_concentration,1.0,kg/m^3,beverage_volume,8.5,RSD_PERCENT,CONDITION_LEVEL,CONDITION_LEVEL_RSD_RETAINED,False,True,puckworks/data/angeloni2023/lipids.csv,R13
R13,Robusta,total_solids,,,8.62,g/100 mL,directly_reported_beverage_volumetric_concentration,86.19999999999999,kg/m^3,beverage_volume,17.1,RSD_PERCENT,CONDITION_LEVEL,CONDITION_LEVEL_RSD_RETAINED,False,True,puckworks/data/angeloni2023/total_solids.csv,R13
R14,Robusta,bioactives,3_caffeoylquinic_acid,3CQA,2.23,g/L,directly_reported_beverage_volumetric_concentration,2.23,kg/m^3,beverage_volume,,,VARIETY_LEVEL_RANGE_METADATA_ONLY,VARIETY_RANGE_ONLY_NOT_CONDITION_SPECIFIC,False,True,puckworks/data/angeloni2023/bioactives.csv,R14
R14,Robusta,bioactives,3_5_dicaffeoylquinic_acid,3_5diCQA,0.44,g/L,directly_reported_beverage_volumetric_concentration,0.44,kg/m^3,beverage_volume,,,VARIETY_LEVEL_RANGE_METADATA_ONLY,VARIETY_RANGE_ONLY_NOT_CONDITION_SPECIFIC,False,True,puckworks/data/angeloni2023/bioactives.csv,R14
R14,Robusta,bioactives,5_caffeoylquinic_acid,5CQA,3.15,g/L,directly_reported_beverage_volumetric_concentration,3.15,kg/m^3,beverage_volume,,,VARIETY_LEVEL_RANGE_METADATA_ONLY,VARIETY_RANGE_ONLY_NOT_CONDITION_SPECIFIC,False,True,puckworks/data/angeloni2023/bioactives.csv,R14
R14,Robusta,bioactives,acetic_acid,AA,12.32,g/L,directly_reported_beverage_volumetric_concentration,12.32,kg/m^3,beverage_volume,,,VARIETY_LEVEL_RANGE_METADATA_ONLY,VARIETY_RANGE_ONLY_NOT_CONDITION_SPECIFIC,False,True,puckworks/data/angeloni2023/bioactives.csv,R14
R14,Robusta,bioactives,citric_acid,CA,15.64,g/L,directly_reported_beverage_volumetric_concentration,15.64,kg/m^3,beverage_volume,,,VARIETY_LEVEL_RANGE_METADATA_ONLY,VARIETY_RANGE_ONLY_NOT_CONDITION_SPECIFIC,False,True,puckworks/data/angeloni2023/bioactives.csv,R14
R14,Robusta,bioactives,caffeine,CF,7.37,g/L,directly_reported_beverage_volumetric_concentration,7.37,kg/m^3,beverage_volume,,,VARIETY_LEVEL_RANGE_METADATA_ONLY,VARIETY_RANGE_ONLY_NOT_CONDITION_SPECIFIC,False,True,puckworks/data/angeloni2023/bioactives.csv,R14
R14,Robusta,bioactives,ferulic_acid,FA,0.37,g/L,directly_reported_beverage_volumetric_concentration,0.37,kg/m^3,beverage_volume,,,VARIETY_LEVEL_RANGE_METADATA_ONLY,VARIETY_RANGE_ONLY_NOT_CONDITION_SPECIFIC,False,True,puckworks/data/angeloni2023/bioactives.csv,R14
R14,Robusta,bioactives,tartaric_acid,TA,2.64,g/L,directly_reported_beverage_volumetric_concentration,2.64,kg/m^3,beverage_volume,,,VARIETY_LEVEL_RANGE_METADATA_ONLY,VARIETY_RANGE_ONLY_NOT_CONDITION_SPECIFIC,False,True,puckworks/data/angeloni2023/bioactives.csv,R14
R14,Robusta,bioactives,trigonelline,TR,2.67,g/L,directly_reported_beverage_volumetric_concentration,2.67,kg/m^3,beverage_volume,,,VARIETY_LEVEL_RANGE_METADATA_ONLY,VARIETY_RANGE_ONLY_NOT_CONDITION_SPECIFIC,False,True,puckworks/data/angeloni2023/bioactives.csv,R14
R14,Robusta,bioactives,total_chlorogenic_acids,totCQA,5.82,g/L,directly_reported_beverage_volumetric_concentration,5.82,kg/m^3,beverage_volume,,,VARIETY_LEVEL_RANGE_METADATA_ONLY,VARIETY_RANGE_ONLY_NOT_CONDITION_SPECIFIC,False,True,puckworks/data/angeloni2023/bioactives.csv,R14
R14,Robusta,bioactives,total_organic_acids,totOA,30.59,g/L,directly_reported_beverage_volumetric_concentration,30.59,kg/m^3,beverage_volume,,,VARIETY_LEVEL_RANGE_METADATA_ONLY,VARIETY_RANGE_ONLY_NOT_CONDITION_SPECIFIC,False,True,puckworks/data/angeloni2023/bioactives.csv,R14
R14,Robusta,lipids,total_lipids,LP,0.12,g/100 mL,directly_reported_beverage_volumetric_concentration,1.2,kg/m^3,beverage_volume,19.9,RSD_PERCENT,CONDITION_LEVEL,CONDITION_LEVEL_RSD_RETAINED,False,True,puckworks/data/angeloni2023/lipids.csv,R14
R14,Robusta,total_solids,,,10.86,g/100 mL,directly_reported_beverage_volumetric_concentration,108.6,kg/m^3,beverage_volume,0.7,RSD_PERCENT,CONDITION_LEVEL,CONDITION_LEVEL_RSD_RETAINED,False,True,puckworks/data/angeloni2023/total_solids.csv,R14
R15,Robusta,bioactives,3_caffeoylquinic_acid,3CQA,2.21,g/L,directly_reported_beverage_volumetric_concentration,2.21,kg/m^3,beverage_volume,,,VARIETY_LEVEL_RANGE_METADATA_ONLY,VARIETY_RANGE_ONLY_NOT_CONDITION_SPECIFIC,False,True,puckworks/data/angeloni2023/bioactives.csv,R15
R15,Robusta,bioactives,3_5_dicaffeoylquinic_acid,3_5diCQA,0.42,g/L,directly_reported_beverage_volumetric_concentration,0.42,kg/m^3,beverage_volume,,,VARIETY_LEVEL_RANGE_METADATA_ONLY,VARIETY_RANGE_ONLY_NOT_CONDITION_SPECIFIC,False,True,puckworks/data/angeloni2023/bioactives.csv,R15
R15,Robusta,bioactives,5_caffeoylquinic_acid,5CQA,3.13,g/L,directly_reported_beverage_volumetric_concentration,3.13,kg/m^3,beverage_volume,,,VARIETY_LEVEL_RANGE_METADATA_ONLY,VARIETY_RANGE_ONLY_NOT_CONDITION_SPECIFIC,False,True,puckworks/data/angeloni2023/bioactives.csv,R15
R15,Robusta,bioactives,acetic_acid,AA,11.84,g/L,directly_reported_beverage_volumetric_concentration,11.84,kg/m^3,beverage_volume,,,VARIETY_LEVEL_RANGE_METADATA_ONLY,VARIETY_RANGE_ONLY_NOT_CONDITION_SPECIFIC,False,True,puckworks/data/angeloni2023/bioactives.csv,R15
R15,Robusta,bioactives,citric_acid,CA,21.81,g/L,directly_reported_beverage_volumetric_concentration,21.81,kg/m^3,beverage_volume,,,VARIETY_LEVEL_RANGE_METADATA_ONLY,VARIETY_RANGE_ONLY_NOT_CONDITION_SPECIFIC,False,True,puckworks/data/angeloni2023/bioactives.csv,R15
R15,Robusta,bioactives,caffeine,CF,7.22,g/L,directly_reported_beverage_volumetric_concentration,7.22,kg/m^3,beverage_volume,,,VARIETY_LEVEL_RANGE_METADATA_ONLY,VARIETY_RANGE_ONLY_NOT_CONDITION_SPECIFIC,False,True,puckworks/data/angeloni2023/bioactives.csv,R15
R15,Robusta,bioactives,ferulic_acid,FA,0.37,g/L,directly_reported_beverage_volumetric_concentration,0.37,kg/m^3,beverage_volume,,,VARIETY_LEVEL_RANGE_METADATA_ONLY,VARIETY_RANGE_ONLY_NOT_CONDITION_SPECIFIC,False,True,puckworks/data/angeloni2023/bioactives.csv,R15
R15,Robusta,bioactives,tartaric_acid,TA,2.69,g/L,directly_reported_beverage_volumetric_concentration,2.69,kg/m^3,beverage_volume,,,VARIETY_LEVEL_RANGE_METADATA_ONLY,VARIETY_RANGE_ONLY_NOT_CONDITION_SPECIFIC,False,True,puckworks/data/angeloni2023/bioactives.csv,R15
R15,Robusta,bioactives,trigonelline,TR,2.68,g/L,directly_reported_beverage_volumetric_concentration,2.68,kg/m^3,beverage_volume,,,VARIETY_LEVEL_RANGE_METADATA_ONLY,VARIETY_RANGE_ONLY_NOT_CONDITION_SPECIFIC,False,True,puckworks/data/angeloni2023/bioactives.csv,R15
R15,Robusta,bioactives,total_chlorogenic_acids,totCQA,5.75,g/L,directly_reported_beverage_volumetric_concentration,5.75,kg/m^3,beverage_volume,,,VARIETY_LEVEL_RANGE_METADATA_ONLY,VARIETY_RANGE_ONLY_NOT_CONDITION_SPECIFIC,False,True,puckworks/data/angeloni2023/bioactives.csv,R15
R15,Robusta,bioactives,total_organic_acids,totOA,36.34,g/L,directly_reported_beverage_volumetric_concentration,36.34,kg/m^3,beverage_volume,,,VARIETY_LEVEL_RANGE_METADATA_ONLY,VARIETY_RANGE_ONLY_NOT_CONDITION_SPECIFIC,False,True,puckworks/data/angeloni2023/bioactives.csv,R15
R15,Robusta,lipids,total_lipids,LP,0.07,g/100 mL,directly_reported_beverage_volumetric_concentration,0.7000000000000001,kg/m^3,beverage_volume,5.2,RSD_PERCENT,CONDITION_LEVEL,CONDITION_LEVEL_RSD_RETAINED,False,True,puckworks/data/angeloni2023/lipids.csv,R15
R15,Robusta,total_solids,,,9.69,g/100 mL,directly_reported_beverage_volumetric_concentration,96.89999999999999,kg/m^3,beverage_volume,4.7,RSD_PERCENT,CONDITION_LEVEL,CONDITION_LEVEL_RSD_RETAINED,False,True,puckworks/data/angeloni2023/total_solids.csv,R15
R16,Robusta,bioactives,3_caffeoylquinic_acid,3CQA,2.23,g/L,directly_reported_beverage_volumetric_concentration,2.23,kg/m^3,beverage_volume,,,VARIETY_LEVEL_RANGE_METADATA_ONLY,VARIETY_RANGE_ONLY_NOT_CONDITION_SPECIFIC,False,True,puckworks/data/angeloni2023/bioactives.csv,R16
R16,Robusta,bioactives,3_5_dicaffeoylquinic_acid,3_5diCQA,0.4,g/L,directly_reported_beverage_volumetric_concentration,0.4,kg/m^3,beverage_volume,,,VARIETY_LEVEL_RANGE_METADATA_ONLY,VARIETY_RANGE_ONLY_NOT_CONDITION_SPECIFIC,False,True,puckworks/data/angeloni2023/bioactives.csv,R16
R16,Robusta,bioactives,5_caffeoylquinic_acid,5CQA,3.31,g/L,directly_reported_beverage_volumetric_concentration,3.31,kg/m^3,beverage_volume,,,VARIETY_LEVEL_RANGE_METADATA_ONLY,VARIETY_RANGE_ONLY_NOT_CONDITION_SPECIFIC,False,True,puckworks/data/angeloni2023/bioactives.csv,R16
R16,Robusta,bioactives,acetic_acid,AA,15.73,g/L,directly_reported_beverage_volumetric_concentration,15.73,kg/m^3,beverage_volume,,,VARIETY_LEVEL_RANGE_METADATA_ONLY,VARIETY_RANGE_ONLY_NOT_CONDITION_SPECIFIC,False,True,puckworks/data/angeloni2023/bioactives.csv,R16
R16,Robusta,bioactives,citric_acid,CA,19.16,g/L,directly_reported_beverage_volumetric_concentration,19.16,kg/m^3,beverage_volume,,,VARIETY_LEVEL_RANGE_METADATA_ONLY,VARIETY_RANGE_ONLY_NOT_CONDITION_SPECIFIC,False,True,puckworks/data/angeloni2023/bioactives.csv,R16
R16,Robusta,bioactives,caffeine,CF,7.2,g/L,directly_reported_beverage_volumetric_concentration,7.2,kg/m^3,beverage_volume,,,VARIETY_LEVEL_RANGE_METADATA_ONLY,VARIETY_RANGE_ONLY_NOT_CONDITION_SPECIFIC,False,True,puckworks/data/angeloni2023/bioactives.csv,R16
R16,Robusta,bioactives,ferulic_acid,FA,0.38,g/L,directly_reported_beverage_volumetric_concentration,0.38,kg/m^3,beverage_volume,,,VARIETY_LEVEL_RANGE_METADATA_ONLY,VARIETY_RANGE_ONLY_NOT_CONDITION_SPECIFIC,False,True,puckworks/data/angeloni2023/bioactives.csv,R16
R16,Robusta,bioactives,tartaric_acid,TA,2.75,g/L,directly_reported_beverage_volumetric_concentration,2.75,kg/m^3,beverage_volume,,,VARIETY_LEVEL_RANGE_METADATA_ONLY,VARIETY_RANGE_ONLY_NOT_CONDITION_SPECIFIC,False,True,puckworks/data/angeloni2023/bioactives.csv,R16
R16,Robusta,bioactives,trigonelline,TR,2.93,g/L,directly_reported_beverage_volumetric_concentration,2.93,kg/m^3,beverage_volume,,,VARIETY_LEVEL_RANGE_METADATA_ONLY,VARIETY_RANGE_ONLY_NOT_CONDITION_SPECIFIC,False,True,puckworks/data/angeloni2023/bioactives.csv,R16
R16,Robusta,bioactives,total_chlorogenic_acids,totCQA,5.95,g/L,directly_reported_beverage_volumetric_concentration,5.95,kg/m^3,beverage_volume,,,VARIETY_LEVEL_RANGE_METADATA_ONLY,VARIETY_RANGE_ONLY_NOT_CONDITION_SPECIFIC,False,True,puckworks/data/angeloni2023/bioactives.csv,R16
R16,Robusta,bioactives,total_organic_acids,totOA,37.64,g/L,directly_reported_beverage_volumetric_concentration,37.64,kg/m^3,beverage_volume,,,VARIETY_LEVEL_RANGE_METADATA_ONLY,VARIETY_RANGE_ONLY_NOT_CONDITION_SPECIFIC,False,True,puckworks/data/angeloni2023/bioactives.csv,R16
R16,Robusta,lipids,total_lipids,LP,0.11,g/100 mL,directly_reported_beverage_volumetric_concentration,1.1,kg/m^3,beverage_volume,18.7,RSD_PERCENT,CONDITION_LEVEL,CONDITION_LEVEL_RSD_RETAINED,False,True,puckworks/data/angeloni2023/lipids.csv,R16
R16,Robusta,total_solids,,,11.03,g/100 mL,directly_reported_beverage_volumetric_concentration,110.3,kg/m^3,beverage_volume,5.6,RSD_PERCENT,CONDITION_LEVEL,CONDITION_LEVEL_RSD_RETAINED,False,True,puckworks/data/angeloni2023/total_solids.csv,R16
R17,Robusta,bioactives,3_caffeoylquinic_acid,3CQA,2.19,g/L,directly_reported_beverage_volumetric_concentration,2.19,kg/m^3,beverage_volume,,,VARIETY_LEVEL_RANGE_METADATA_ONLY,VARIETY_RANGE_ONLY_NOT_CONDITION_SPECIFIC,False,True,puckworks/data/angeloni2023/bioactives.csv,R17
R17,Robusta,bioactives,3_5_dicaffeoylquinic_acid,3_5diCQA,0.39,g/L,directly_reported_beverage_volumetric_concentration,0.39,kg/m^3,beverage_volume,,,VARIETY_LEVEL_RANGE_METADATA_ONLY,VARIETY_RANGE_ONLY_NOT_CONDITION_SPECIFIC,False,True,puckworks/data/angeloni2023/bioactives.csv,R17
R17,Robusta,bioactives,5_caffeoylquinic_acid,5CQA,2.87,g/L,directly_reported_beverage_volumetric_concentration,2.87,kg/m^3,beverage_volume,,,VARIETY_LEVEL_RANGE_METADATA_ONLY,VARIETY_RANGE_ONLY_NOT_CONDITION_SPECIFIC,False,True,puckworks/data/angeloni2023/bioactives.csv,R17
R17,Robusta,bioactives,acetic_acid,AA,9.57,g/L,directly_reported_beverage_volumetric_concentration,9.57,kg/m^3,beverage_volume,,,VARIETY_LEVEL_RANGE_METADATA_ONLY,VARIETY_RANGE_ONLY_NOT_CONDITION_SPECIFIC,False,True,puckworks/data/angeloni2023/bioactives.csv,R17
R17,Robusta,bioactives,citric_acid,CA,15.78,g/L,directly_reported_beverage_volumetric_concentration,15.78,kg/m^3,beverage_volume,,,VARIETY_LEVEL_RANGE_METADATA_ONLY,VARIETY_RANGE_ONLY_NOT_CONDITION_SPECIFIC,False,True,puckworks/data/angeloni2023/bioactives.csv,R17
R17,Robusta,bioactives,caffeine,CF,6.53,g/L,directly_reported_beverage_volumetric_concentration,6.53,kg/m^3,beverage_volume,,,VARIETY_LEVEL_RANGE_METADATA_ONLY,VARIETY_RANGE_ONLY_NOT_CONDITION_SPECIFIC,False,True,puckworks/data/angeloni2023/bioactives.csv,R17
R17,Robusta,bioactives,ferulic_acid,FA,0.37,g/L,directly_reported_beverage_volumetric_concentration,0.37,kg/m^3,beverage_volume,,,VARIETY_LEVEL_RANGE_METADATA_ONLY,VARIETY_RANGE_ONLY_NOT_CONDITION_SPECIFIC,False,True,puckworks/data/angeloni2023/bioactives.csv,R17
R17,Robusta,bioactives,tartaric_acid,TA,2.41,g/L,directly_reported_beverage_volumetric_concentration,2.41,kg/m^3,beverage_volume,,,VARIETY_LEVEL_RANGE_METADATA_ONLY,VARIETY_RANGE_ONLY_NOT_CONDITION_SPECIFIC,False,True,puckworks/data/angeloni2023/bioactives.csv,R17
R17,Robusta,bioactives,trigonelline,TR,2.5,g/L,directly_reported_beverage_volumetric_concentration,2.5,kg/m^3,beverage_volume,,,VARIETY_LEVEL_RANGE_METADATA_ONLY,VARIETY_RANGE_ONLY_NOT_CONDITION_SPECIFIC,False,True,puckworks/data/angeloni2023/bioactives.csv,R17
R17,Robusta,bioactives,total_chlorogenic_acids,totCQA,5.46,g/L,directly_reported_beverage_volumetric_concentration,5.46,kg/m^3,beverage_volume,,,VARIETY_LEVEL_RANGE_METADATA_ONLY,VARIETY_RANGE_ONLY_NOT_CONDITION_SPECIFIC,False,True,puckworks/data/angeloni2023/bioactives.csv,R17
R17,Robusta,bioactives,total_organic_acids,totOA,27.77,g/L,directly_reported_beverage_volumetric_concentration,27.77,kg/m^3,beverage_volume,,,VARIETY_LEVEL_RANGE_METADATA_ONLY,VARIETY_RANGE_ONLY_NOT_CONDITION_SPECIFIC,False,True,puckworks/data/angeloni2023/bioactives.csv,R17
R17,Robusta,lipids,total_lipids,LP,0.08,g/100 mL,directly_reported_beverage_volumetric_concentration,0.8,kg/m^3,beverage_volume,16.9,RSD_PERCENT,CONDITION_LEVEL,CONDITION_LEVEL_RSD_RETAINED,False,True,puckworks/data/angeloni2023/lipids.csv,R17
R17,Robusta,total_solids,,,9.13,g/100 mL,directly_reported_beverage_volumetric_concentration,91.30000000000001,kg/m^3,beverage_volume,2.7,RSD_PERCENT,CONDITION_LEVEL,CONDITION_LEVEL_RSD_RETAINED,False,True,puckworks/data/angeloni2023/total_solids.csv,R17
R18,Robusta,bioactives,3_caffeoylquinic_acid,3CQA,2.05,g/L,directly_reported_beverage_volumetric_concentration,2.05,kg/m^3,beverage_volume,,,VARIETY_LEVEL_RANGE_METADATA_ONLY,VARIETY_RANGE_ONLY_NOT_CONDITION_SPECIFIC,False,True,puckworks/data/angeloni2023/bioactives.csv,R18
R18,Robusta,bioactives,3_5_dicaffeoylquinic_acid,3_5diCQA,0.37,g/L,directly_reported_beverage_volumetric_concentration,0.37,kg/m^3,beverage_volume,,,VARIETY_LEVEL_RANGE_METADATA_ONLY,VARIETY_RANGE_ONLY_NOT_CONDITION_SPECIFIC,False,True,puckworks/data/angeloni2023/bioactives.csv,R18
R18,Robusta,bioactives,5_caffeoylquinic_acid,5CQA,2.95,g/L,directly_reported_beverage_volumetric_concentration,2.95,kg/m^3,beverage_volume,,,VARIETY_LEVEL_RANGE_METADATA_ONLY,VARIETY_RANGE_ONLY_NOT_CONDITION_SPECIFIC,False,True,puckworks/data/angeloni2023/bioactives.csv,R18
R18,Robusta,bioactives,acetic_acid,AA,9.67,g/L,directly_reported_beverage_volumetric_concentration,9.67,kg/m^3,beverage_volume,,,VARIETY_LEVEL_RANGE_METADATA_ONLY,VARIETY_RANGE_ONLY_NOT_CONDITION_SPECIFIC,False,True,puckworks/data/angeloni2023/bioactives.csv,R18
R18,Robusta,bioactives,citric_acid,CA,15.73,g/L,directly_reported_beverage_volumetric_concentration,15.73,kg/m^3,beverage_volume,,,VARIETY_LEVEL_RANGE_METADATA_ONLY,VARIETY_RANGE_ONLY_NOT_CONDITION_SPECIFIC,False,True,puckworks/data/angeloni2023/bioactives.csv,R18
R18,Robusta,bioactives,caffeine,CF,6.57,g/L,directly_reported_beverage_volumetric_concentration,6.57,kg/m^3,beverage_volume,,,VARIETY_LEVEL_RANGE_METADATA_ONLY,VARIETY_RANGE_ONLY_NOT_CONDITION_SPECIFIC,False,True,puckworks/data/angeloni2023/bioactives.csv,R18
R18,Robusta,bioactives,ferulic_acid,FA,0.33,g/L,directly_reported_beverage_volumetric_concentration,0.33,kg/m^3,beverage_volume,,,VARIETY_LEVEL_RANGE_METADATA_ONLY,VARIETY_RANGE_ONLY_NOT_CONDITION_SPECIFIC,False,True,puckworks/data/angeloni2023/bioactives.csv,R18
R18,Robusta,bioactives,tartaric_acid,TA,2.41,g/L,directly_reported_beverage_volumetric_concentration,2.41,kg/m^3,beverage_volume,,,VARIETY_LEVEL_RANGE_METADATA_ONLY,VARIETY_RANGE_ONLY_NOT_CONDITION_SPECIFIC,False,True,puckworks/data/angeloni2023/bioactives.csv,R18
R18,Robusta,bioactives,trigonelline,TR,2.56,g/L,directly_reported_beverage_volumetric_concentration,2.56,kg/m^3,beverage_volume,,,VARIETY_LEVEL_RANGE_METADATA_ONLY,VARIETY_RANGE_ONLY_NOT_CONDITION_SPECIFIC,False,True,puckworks/data/angeloni2023/bioactives.csv,R18
R18,Robusta,bioactives,total_chlorogenic_acids,totCQA,5.36,g/L,directly_reported_beverage_volumetric_concentration,5.36,kg/m^3,beverage_volume,,,VARIETY_LEVEL_RANGE_METADATA_ONLY,VARIETY_RANGE_ONLY_NOT_CONDITION_SPECIFIC,False,True,puckworks/data/angeloni2023/bioactives.csv,R18
R18,Robusta,bioactives,total_organic_acids,totOA,27.81,g/L,directly_reported_beverage_volumetric_concentration,27.81,kg/m^3,beverage_volume,,,VARIETY_LEVEL_RANGE_METADATA_ONLY,VARIETY_RANGE_ONLY_NOT_CONDITION_SPECIFIC,False,True,puckworks/data/angeloni2023/bioactives.csv,R18
R18,Robusta,lipids,total_lipids,LP,0.09,g/100 mL,directly_reported_beverage_volumetric_concentration,0.8999999999999999,kg/m^3,beverage_volume,19.0,RSD_PERCENT,CONDITION_LEVEL,CONDITION_LEVEL_RSD_RETAINED,False,True,puckworks/data/angeloni2023/lipids.csv,R18
R18,Robusta,total_solids,,,9.53,g/100 mL,directly_reported_beverage_volumetric_concentration,95.3,kg/m^3,beverage_volume,1.8,RSD_PERCENT,CONDITION_LEVEL,CONDITION_LEVEL_RSD_RETAINED,False,True,puckworks/data/angeloni2023/total_solids.csv,R18
R19,Robusta,bioactives,3_caffeoylquinic_acid,3CQA,1.93,g/L,directly_reported_beverage_volumetric_concentration,1.93,kg/m^3,beverage_volume,,,VARIETY_LEVEL_RANGE_METADATA_ONLY,VARIETY_RANGE_ONLY_NOT_CONDITION_SPECIFIC,False,True,puckworks/data/angeloni2023/bioactives.csv,R19
R19,Robusta,bioactives,3_5_dicaffeoylquinic_acid,3_5diCQA,0.35,g/L,directly_reported_beverage_volumetric_concentration,0.35,kg/m^3,beverage_volume,,,VARIETY_LEVEL_RANGE_METADATA_ONLY,VARIETY_RANGE_ONLY_NOT_CONDITION_SPECIFIC,False,True,puckworks/data/angeloni2023/bioactives.csv,R19
R19,Robusta,bioactives,5_caffeoylquinic_acid,5CQA,2.67,g/L,directly_reported_beverage_volumetric_concentration,2.67,kg/m^3,beverage_volume,,,VARIETY_LEVEL_RANGE_METADATA_ONLY,VARIETY_RANGE_ONLY_NOT_CONDITION_SPECIFIC,False,True,puckworks/data/angeloni2023/bioactives.csv,R19
R19,Robusta,bioactives,acetic_acid,AA,11.35,g/L,directly_reported_beverage_volumetric_concentration,11.35,kg/m^3,beverage_volume,,,VARIETY_LEVEL_RANGE_METADATA_ONLY,VARIETY_RANGE_ONLY_NOT_CONDITION_SPECIFIC,False,True,puckworks/data/angeloni2023/bioactives.csv,R19
R19,Robusta,bioactives,citric_acid,CA,14.17,g/L,directly_reported_beverage_volumetric_concentration,14.17,kg/m^3,beverage_volume,,,VARIETY_LEVEL_RANGE_METADATA_ONLY,VARIETY_RANGE_ONLY_NOT_CONDITION_SPECIFIC,False,True,puckworks/data/angeloni2023/bioactives.csv,R19
R19,Robusta,bioactives,caffeine,CF,6.22,g/L,directly_reported_beverage_volumetric_concentration,6.22,kg/m^3,beverage_volume,,,VARIETY_LEVEL_RANGE_METADATA_ONLY,VARIETY_RANGE_ONLY_NOT_CONDITION_SPECIFIC,False,True,puckworks/data/angeloni2023/bioactives.csv,R19
R19,Robusta,bioactives,ferulic_acid,FA,0.32,g/L,directly_reported_beverage_volumetric_concentration,0.32,kg/m^3,beverage_volume,,,VARIETY_LEVEL_RANGE_METADATA_ONLY,VARIETY_RANGE_ONLY_NOT_CONDITION_SPECIFIC,False,True,puckworks/data/angeloni2023/bioactives.csv,R19
R19,Robusta,bioactives,tartaric_acid,TA,2.26,g/L,directly_reported_beverage_volumetric_concentration,2.26,kg/m^3,beverage_volume,,,VARIETY_LEVEL_RANGE_METADATA_ONLY,VARIETY_RANGE_ONLY_NOT_CONDITION_SPECIFIC,False,True,puckworks/data/angeloni2023/bioactives.csv,R19
R19,Robusta,bioactives,trigonelline,TR,2.3,g/L,directly_reported_beverage_volumetric_concentration,2.3,kg/m^3,beverage_volume,,,VARIETY_LEVEL_RANGE_METADATA_ONLY,VARIETY_RANGE_ONLY_NOT_CONDITION_SPECIFIC,False,True,puckworks/data/angeloni2023/bioactives.csv,R19
R19,Robusta,bioactives,total_chlorogenic_acids,totCQA,4.94,g/L,directly_reported_beverage_volumetric_concentration,4.94,kg/m^3,beverage_volume,,,VARIETY_LEVEL_RANGE_METADATA_ONLY,VARIETY_RANGE_ONLY_NOT_CONDITION_SPECIFIC,False,True,puckworks/data/angeloni2023/bioactives.csv,R19
R19,Robusta,bioactives,total_organic_acids,totOA,27.79,g/L,directly_reported_beverage_volumetric_concentration,27.79,kg/m^3,beverage_volume,,,VARIETY_LEVEL_RANGE_METADATA_ONLY,VARIETY_RANGE_ONLY_NOT_CONDITION_SPECIFIC,False,True,puckworks/data/angeloni2023/bioactives.csv,R19
R19,Robusta,lipids,total_lipids,LP,0.08,g/100 mL,directly_reported_beverage_volumetric_concentration,0.8,kg/m^3,beverage_volume,1.8,RSD_PERCENT,CONDITION_LEVEL,CONDITION_LEVEL_RSD_RETAINED,False,True,puckworks/data/angeloni2023/lipids.csv,R19
R19,Robusta,total_solids,,,8.85,g/100 mL,directly_reported_beverage_volumetric_concentration,88.5,kg/m^3,beverage_volume,19.4,RSD_PERCENT,CONDITION_LEVEL,CONDITION_LEVEL_RSD_RETAINED,False,True,puckworks/data/angeloni2023/total_solids.csv,R19
R2,Robusta,bioactives,3_caffeoylquinic_acid,3CQA,2.19,g/L,directly_reported_beverage_volumetric_concentration,2.19,kg/m^3,beverage_volume,,,VARIETY_LEVEL_RANGE_METADATA_ONLY,VARIETY_RANGE_ONLY_NOT_CONDITION_SPECIFIC,False,True,puckworks/data/angeloni2023/bioactives.csv,R2
R2,Robusta,bioactives,3_5_dicaffeoylquinic_acid,3_5diCQA,0.48,g/L,directly_reported_beverage_volumetric_concentration,0.48,kg/m^3,beverage_volume,,,VARIETY_LEVEL_RANGE_METADATA_ONLY,VARIETY_RANGE_ONLY_NOT_CONDITION_SPECIFIC,False,True,puckworks/data/angeloni2023/bioactives.csv,R2
R2,Robusta,bioactives,5_caffeoylquinic_acid,5CQA,3.21,g/L,directly_reported_beverage_volumetric_concentration,3.21,kg/m^3,beverage_volume,,,VARIETY_LEVEL_RANGE_METADATA_ONLY,VARIETY_RANGE_ONLY_NOT_CONDITION_SPECIFIC,False,True,puckworks/data/angeloni2023/bioactives.csv,R2
R2,Robusta,bioactives,acetic_acid,AA,11.55,g/L,directly_reported_beverage_volumetric_concentration,11.55,kg/m^3,beverage_volume,,,VARIETY_LEVEL_RANGE_METADATA_ONLY,VARIETY_RANGE_ONLY_NOT_CONDITION_SPECIFIC,False,True,puckworks/data/angeloni2023/bioactives.csv,R2
R2,Robusta,bioactives,citric_acid,CA,17.02,g/L,directly_reported_beverage_volumetric_concentration,17.02,kg/m^3,beverage_volume,,,VARIETY_LEVEL_RANGE_METADATA_ONLY,VARIETY_RANGE_ONLY_NOT_CONDITION_SPECIFIC,False,True,puckworks/data/angeloni2023/bioactives.csv,R2
R2,Robusta,bioactives,caffeine,CF,7.46,g/L,directly_reported_beverage_volumetric_concentration,7.46,kg/m^3,beverage_volume,,,VARIETY_LEVEL_RANGE_METADATA_ONLY,VARIETY_RANGE_ONLY_NOT_CONDITION_SPECIFIC,False,True,puckworks/data/angeloni2023/bioactives.csv,R2
R2,Robusta,bioactives,ferulic_acid,FA,0.36,g/L,directly_reported_beverage_volumetric_concentration,0.36,kg/m^3,beverage_volume,,,VARIETY_LEVEL_RANGE_METADATA_ONLY,VARIETY_RANGE_ONLY_NOT_CONDITION_SPECIFIC,False,True,puckworks/data/angeloni2023/bioactives.csv,R2
R2,Robusta,bioactives,tartaric_acid,TA,2.58,g/L,directly_reported_beverage_volumetric_concentration,2.58,kg/m^3,beverage_volume,,,VARIETY_LEVEL_RANGE_METADATA_ONLY,VARIETY_RANGE_ONLY_NOT_CONDITION_SPECIFIC,False,True,puckworks/data/angeloni2023/bioactives.csv,R2
R2,Robusta,bioactives,trigonelline,TR,2.79,g/L,directly_reported_beverage_volumetric_concentration,2.79,kg/m^3,beverage_volume,,,VARIETY_LEVEL_RANGE_METADATA_ONLY,VARIETY_RANGE_ONLY_NOT_CONDITION_SPECIFIC,False,True,puckworks/data/angeloni2023/bioactives.csv,R2
R2,Robusta,bioactives,total_chlorogenic_acids,totCQA,5.88,g/L,directly_reported_beverage_volumetric_concentration,5.88,kg/m^3,beverage_volume,,,VARIETY_LEVEL_RANGE_METADATA_ONLY,VARIETY_RANGE_ONLY_NOT_CONDITION_SPECIFIC,False,True,puckworks/data/angeloni2023/bioactives.csv,R2
R2,Robusta,bioactives,total_organic_acids,totOA,31.15,g/L,directly_reported_beverage_volumetric_concentration,31.15,kg/m^3,beverage_volume,,,VARIETY_LEVEL_RANGE_METADATA_ONLY,VARIETY_RANGE_ONLY_NOT_CONDITION_SPECIFIC,False,True,puckworks/data/angeloni2023/bioactives.csv,R2
R2,Robusta,lipids,total_lipids,LP,0.11,g/100 mL,directly_reported_beverage_volumetric_concentration,1.1,kg/m^3,beverage_volume,17.1,RSD_PERCENT,CONDITION_LEVEL,CONDITION_LEVEL_RSD_RETAINED,False,True,puckworks/data/angeloni2023/lipids.csv,R2
R2,Robusta,total_solids,,,10.12,g/100 mL,directly_reported_beverage_volumetric_concentration,101.19999999999999,kg/m^3,beverage_volume,16.9,RSD_PERCENT,CONDITION_LEVEL,CONDITION_LEVEL_RSD_RETAINED,False,True,puckworks/data/angeloni2023/total_solids.csv,R2
R20,Robusta,bioactives,3_caffeoylquinic_acid,3CQA,2.25,g/L,directly_reported_beverage_volumetric_concentration,2.25,kg/m^3,beverage_volume,,,VARIETY_LEVEL_RANGE_METADATA_ONLY,VARIETY_RANGE_ONLY_NOT_CONDITION_SPECIFIC,False,True,puckworks/data/angeloni2023/bioactives.csv,R20
R20,Robusta,bioactives,3_5_dicaffeoylquinic_acid,3_5diCQA,0.44,g/L,directly_reported_beverage_volumetric_concentration,0.44,kg/m^3,beverage_volume,,,VARIETY_LEVEL_RANGE_METADATA_ONLY,VARIETY_RANGE_ONLY_NOT_CONDITION_SPECIFIC,False,True,puckworks/data/angeloni2023/bioactives.csv,R20
R20,Robusta,bioactives,5_caffeoylquinic_acid,5CQA,3.04,g/L,directly_reported_beverage_volumetric_concentration,3.04,kg/m^3,beverage_volume,,,VARIETY_LEVEL_RANGE_METADATA_ONLY,VARIETY_RANGE_ONLY_NOT_CONDITION_SPECIFIC,False,True,puckworks/data/angeloni2023/bioactives.csv,R20
R20,Robusta,bioactives,acetic_acid,AA,11.14,g/L,directly_reported_beverage_volumetric_concentration,11.14,kg/m^3,beverage_volume,,,VARIETY_LEVEL_RANGE_METADATA_ONLY,VARIETY_RANGE_ONLY_NOT_CONDITION_SPECIFIC,False,True,puckworks/data/angeloni2023/bioactives.csv,R20
R20,Robusta,bioactives,citric_acid,CA,17.64,g/L,directly_reported_beverage_volumetric_concentration,17.64,kg/m^3,beverage_volume,,,VARIETY_LEVEL_RANGE_METADATA_ONLY,VARIETY_RANGE_ONLY_NOT_CONDITION_SPECIFIC,False,True,puckworks/data/angeloni2023/bioactives.csv,R20
R20,Robusta,bioactives,caffeine,CF,7.33,g/L,directly_reported_beverage_volumetric_concentration,7.33,kg/m^3,beverage_volume,,,VARIETY_LEVEL_RANGE_METADATA_ONLY,VARIETY_RANGE_ONLY_NOT_CONDITION_SPECIFIC,False,True,puckworks/data/angeloni2023/bioactives.csv,R20
R20,Robusta,bioactives,ferulic_acid,FA,0.4,g/L,directly_reported_beverage_volumetric_concentration,0.4,kg/m^3,beverage_volume,,,VARIETY_LEVEL_RANGE_METADATA_ONLY,VARIETY_RANGE_ONLY_NOT_CONDITION_SPECIFIC,False,True,puckworks/data/angeloni2023/bioactives.csv,R20
R20,Robusta,bioactives,tartaric_acid,TA,2.55,g/L,directly_reported_beverage_volumetric_concentration,2.55,kg/m^3,beverage_volume,,,VARIETY_LEVEL_RANGE_METADATA_ONLY,VARIETY_RANGE_ONLY_NOT_CONDITION_SPECIFIC,False,True,puckworks/data/angeloni2023/bioactives.csv,R20
R20,Robusta,bioactives,trigonelline,TR,2.7,g/L,directly_reported_beverage_volumetric_concentration,2.7,kg/m^3,beverage_volume,,,VARIETY_LEVEL_RANGE_METADATA_ONLY,VARIETY_RANGE_ONLY_NOT_CONDITION_SPECIFIC,False,True,puckworks/data/angeloni2023/bioactives.csv,R20
R20,Robusta,bioactives,total_chlorogenic_acids,totCQA,5.73,g/L,directly_reported_beverage_volumetric_concentration,5.73,kg/m^3,beverage_volume,,,VARIETY_LEVEL_RANGE_METADATA_ONLY,VARIETY_RANGE_ONLY_NOT_CONDITION_SPECIFIC,False,True,puckworks/data/angeloni2023/bioactives.csv,R20
R20,Robusta,bioactives,total_organic_acids,totOA,31.33,g/L,directly_reported_beverage_volumetric_concentration,31.33,kg/m^3,beverage_volume,,,VARIETY_LEVEL_RANGE_METADATA_ONLY,VARIETY_RANGE_ONLY_NOT_CONDITION_SPECIFIC,False,True,puckworks/data/angeloni2023/bioactives.csv,R20
R20,Robusta,lipids,total_lipids,LP,0.04,g/100 mL,directly_reported_beverage_volumetric_concentration,0.4,kg/m^3,beverage_volume,14.2,RSD_PERCENT,CONDITION_LEVEL,CONDITION_LEVEL_RSD_RETAINED,False,True,puckworks/data/angeloni2023/lipids.csv,R20
R20,Robusta,total_solids,,,11.3,g/100 mL,directly_reported_beverage_volumetric_concentration,113.0,kg/m^3,beverage_volume,8.0,RSD_PERCENT,CONDITION_LEVEL,CONDITION_LEVEL_RSD_RETAINED,False,True,puckworks/data/angeloni2023/total_solids.csv,R20
R21,Robusta,bioactives,3_caffeoylquinic_acid,3CQA,2.26,g/L,directly_reported_beverage_volumetric_concentration,2.26,kg/m^3,beverage_volume,,,VARIETY_LEVEL_RANGE_METADATA_ONLY,VARIETY_RANGE_ONLY_NOT_CONDITION_SPECIFIC,False,True,puckworks/data/angeloni2023/bioactives.csv,R21
R21,Robusta,bioactives,3_5_dicaffeoylquinic_acid,3_5diCQA,0.43,g/L,directly_reported_beverage_volumetric_concentration,0.43,kg/m^3,beverage_volume,,,VARIETY_LEVEL_RANGE_METADATA_ONLY,VARIETY_RANGE_ONLY_NOT_CONDITION_SPECIFIC,False,True,puckworks/data/angeloni2023/bioactives.csv,R21
R21,Robusta,bioactives,5_caffeoylquinic_acid,5CQA,3.16,g/L,directly_reported_beverage_volumetric_concentration,3.16,kg/m^3,beverage_volume,,,VARIETY_LEVEL_RANGE_METADATA_ONLY,VARIETY_RANGE_ONLY_NOT_CONDITION_SPECIFIC,False,True,puckworks/data/angeloni2023/bioactives.csv,R21
R21,Robusta,bioactives,acetic_acid,AA,12.75,g/L,directly_reported_beverage_volumetric_concentration,12.75,kg/m^3,beverage_volume,,,VARIETY_LEVEL_RANGE_METADATA_ONLY,VARIETY_RANGE_ONLY_NOT_CONDITION_SPECIFIC,False,True,puckworks/data/angeloni2023/bioactives.csv,R21
R21,Robusta,bioactives,citric_acid,CA,16.1,g/L,directly_reported_beverage_volumetric_concentration,16.1,kg/m^3,beverage_volume,,,VARIETY_LEVEL_RANGE_METADATA_ONLY,VARIETY_RANGE_ONLY_NOT_CONDITION_SPECIFIC,False,True,puckworks/data/angeloni2023/bioactives.csv,R21
R21,Robusta,bioactives,caffeine,CF,7.31,g/L,directly_reported_beverage_volumetric_concentration,7.31,kg/m^3,beverage_volume,,,VARIETY_LEVEL_RANGE_METADATA_ONLY,VARIETY_RANGE_ONLY_NOT_CONDITION_SPECIFIC,False,True,puckworks/data/angeloni2023/bioactives.csv,R21
R21,Robusta,bioactives,ferulic_acid,FA,0.36,g/L,directly_reported_beverage_volumetric_concentration,0.36,kg/m^3,beverage_volume,,,VARIETY_LEVEL_RANGE_METADATA_ONLY,VARIETY_RANGE_ONLY_NOT_CONDITION_SPECIFIC,False,True,puckworks/data/angeloni2023/bioactives.csv,R21
R21,Robusta,bioactives,tartaric_acid,TA,2.6,g/L,directly_reported_beverage_volumetric_concentration,2.6,kg/m^3,beverage_volume,,,VARIETY_LEVEL_RANGE_METADATA_ONLY,VARIETY_RANGE_ONLY_NOT_CONDITION_SPECIFIC,False,True,puckworks/data/angeloni2023/bioactives.csv,R21
R21,Robusta,bioactives,trigonelline,TR,2.67,g/L,directly_reported_beverage_volumetric_concentration,2.67,kg/m^3,beverage_volume,,,VARIETY_LEVEL_RANGE_METADATA_ONLY,VARIETY_RANGE_ONLY_NOT_CONDITION_SPECIFIC,False,True,puckworks/data/angeloni2023/bioactives.csv,R21
R21,Robusta,bioactives,total_chlorogenic_acids,totCQA,5.84,g/L,directly_reported_beverage_volumetric_concentration,5.84,kg/m^3,beverage_volume,,,VARIETY_LEVEL_RANGE_METADATA_ONLY,VARIETY_RANGE_ONLY_NOT_CONDITION_SPECIFIC,False,True,puckworks/data/angeloni2023/bioactives.csv,R21
R21,Robusta,bioactives,total_organic_acids,totOA,31.45,g/L,directly_reported_beverage_volumetric_concentration,31.45,kg/m^3,beverage_volume,,,VARIETY_LEVEL_RANGE_METADATA_ONLY,VARIETY_RANGE_ONLY_NOT_CONDITION_SPECIFIC,False,True,puckworks/data/angeloni2023/bioactives.csv,R21
R21,Robusta,lipids,total_lipids,LP,0.06,g/100 mL,directly_reported_beverage_volumetric_concentration,0.6,kg/m^3,beverage_volume,0.6,RSD_PERCENT,CONDITION_LEVEL,CONDITION_LEVEL_RSD_RETAINED,False,True,puckworks/data/angeloni2023/lipids.csv,R21
R21,Robusta,total_solids,,,10.88,g/100 mL,directly_reported_beverage_volumetric_concentration,108.80000000000001,kg/m^3,beverage_volume,11.0,RSD_PERCENT,CONDITION_LEVEL,CONDITION_LEVEL_RSD_RETAINED,False,True,puckworks/data/angeloni2023/total_solids.csv,R21
R22,Robusta,bioactives,3_caffeoylquinic_acid,3CQA,2.4,g/L,directly_reported_beverage_volumetric_concentration,2.4,kg/m^3,beverage_volume,,,VARIETY_LEVEL_RANGE_METADATA_ONLY,VARIETY_RANGE_ONLY_NOT_CONDITION_SPECIFIC,False,True,puckworks/data/angeloni2023/bioactives.csv,R22
R22,Robusta,bioactives,3_5_dicaffeoylquinic_acid,3_5diCQA,0.38,g/L,directly_reported_beverage_volumetric_concentration,0.38,kg/m^3,beverage_volume,,,VARIETY_LEVEL_RANGE_METADATA_ONLY,VARIETY_RANGE_ONLY_NOT_CONDITION_SPECIFIC,False,True,puckworks/data/angeloni2023/bioactives.csv,R22
R22,Robusta,bioactives,5_caffeoylquinic_acid,5CQA,2.83,g/L,directly_reported_beverage_volumetric_concentration,2.83,kg/m^3,beverage_volume,,,VARIETY_LEVEL_RANGE_METADATA_ONLY,VARIETY_RANGE_ONLY_NOT_CONDITION_SPECIFIC,False,True,puckworks/data/angeloni2023/bioactives.csv,R22
R22,Robusta,bioactives,acetic_acid,AA,13.62,g/L,directly_reported_beverage_volumetric_concentration,13.62,kg/m^3,beverage_volume,,,VARIETY_LEVEL_RANGE_METADATA_ONLY,VARIETY_RANGE_ONLY_NOT_CONDITION_SPECIFIC,False,True,puckworks/data/angeloni2023/bioactives.csv,R22
R22,Robusta,bioactives,citric_acid,CA,16.3,g/L,directly_reported_beverage_volumetric_concentration,16.3,kg/m^3,beverage_volume,,,VARIETY_LEVEL_RANGE_METADATA_ONLY,VARIETY_RANGE_ONLY_NOT_CONDITION_SPECIFIC,False,True,puckworks/data/angeloni2023/bioactives.csv,R22
R22,Robusta,bioactives,caffeine,CF,6.99,g/L,directly_reported_beverage_volumetric_concentration,6.99,kg/m^3,beverage_volume,,,VARIETY_LEVEL_RANGE_METADATA_ONLY,VARIETY_RANGE_ONLY_NOT_CONDITION_SPECIFIC,False,True,puckworks/data/angeloni2023/bioactives.csv,R22
R22,Robusta,bioactives,ferulic_acid,FA,0.35,g/L,directly_reported_beverage_volumetric_concentration,0.35,kg/m^3,beverage_volume,,,VARIETY_LEVEL_RANGE_METADATA_ONLY,VARIETY_RANGE_ONLY_NOT_CONDITION_SPECIFIC,False,True,puckworks/data/angeloni2023/bioactives.csv,R22
R22,Robusta,bioactives,tartaric_acid,TA,2.56,g/L,directly_reported_beverage_volumetric_concentration,2.56,kg/m^3,beverage_volume,,,VARIETY_LEVEL_RANGE_METADATA_ONLY,VARIETY_RANGE_ONLY_NOT_CONDITION_SPECIFIC,False,True,puckworks/data/angeloni2023/bioactives.csv,R22
R22,Robusta,bioactives,trigonelline,TR,2.57,g/L,directly_reported_beverage_volumetric_concentration,2.57,kg/m^3,beverage_volume,,,VARIETY_LEVEL_RANGE_METADATA_ONLY,VARIETY_RANGE_ONLY_NOT_CONDITION_SPECIFIC,False,True,puckworks/data/angeloni2023/bioactives.csv,R22
R22,Robusta,bioactives,total_chlorogenic_acids,totCQA,5.61,g/L,directly_reported_beverage_volumetric_concentration,5.61,kg/m^3,beverage_volume,,,VARIETY_LEVEL_RANGE_METADATA_ONLY,VARIETY_RANGE_ONLY_NOT_CONDITION_SPECIFIC,False,True,puckworks/data/angeloni2023/bioactives.csv,R22
R22,Robusta,bioactives,total_organic_acids,totOA,32.48,g/L,directly_reported_beverage_volumetric_concentration,32.48,kg/m^3,beverage_volume,,,VARIETY_LEVEL_RANGE_METADATA_ONLY,VARIETY_RANGE_ONLY_NOT_CONDITION_SPECIFIC,False,True,puckworks/data/angeloni2023/bioactives.csv,R22
R22,Robusta,lipids,total_lipids,LP,0.09,g/100 mL,directly_reported_beverage_volumetric_concentration,0.8999999999999999,kg/m^3,beverage_volume,10.4,RSD_PERCENT,CONDITION_LEVEL,CONDITION_LEVEL_RSD_RETAINED,False,True,puckworks/data/angeloni2023/lipids.csv,R22
R22,Robusta,total_solids,,,8.53,g/100 mL,directly_reported_beverage_volumetric_concentration,85.3,kg/m^3,beverage_volume,9.6,RSD_PERCENT,CONDITION_LEVEL,CONDITION_LEVEL_RSD_RETAINED,False,True,puckworks/data/angeloni2023/total_solids.csv,R22
R23,Robusta,bioactives,3_caffeoylquinic_acid,3CQA,2.64,g/L,directly_reported_beverage_volumetric_concentration,2.64,kg/m^3,beverage_volume,,,VARIETY_LEVEL_RANGE_METADATA_ONLY,VARIETY_RANGE_ONLY_NOT_CONDITION_SPECIFIC,False,True,puckworks/data/angeloni2023/bioactives.csv,R23
R23,Robusta,bioactives,3_5_dicaffeoylquinic_acid,3_5diCQA,0.51,g/L,directly_reported_beverage_volumetric_concentration,0.51,kg/m^3,beverage_volume,,,VARIETY_LEVEL_RANGE_METADATA_ONLY,VARIETY_RANGE_ONLY_NOT_CONDITION_SPECIFIC,False,True,puckworks/data/angeloni2023/bioactives.csv,R23
R23,Robusta,bioactives,5_caffeoylquinic_acid,5CQA,3.92,g/L,directly_reported_beverage_volumetric_concentration,3.92,kg/m^3,beverage_volume,,,VARIETY_LEVEL_RANGE_METADATA_ONLY,VARIETY_RANGE_ONLY_NOT_CONDITION_SPECIFIC,False,True,puckworks/data/angeloni2023/bioactives.csv,R23
R23,Robusta,bioactives,acetic_acid,AA,6.54,g/L,directly_reported_beverage_volumetric_concentration,6.54,kg/m^3,beverage_volume,,,VARIETY_LEVEL_RANGE_METADATA_ONLY,VARIETY_RANGE_ONLY_NOT_CONDITION_SPECIFIC,False,True,puckworks/data/angeloni2023/bioactives.csv,R23
R23,Robusta,bioactives,citric_acid,CA,18.41,g/L,directly_reported_beverage_volumetric_concentration,18.41,kg/m^3,beverage_volume,,,VARIETY_LEVEL_RANGE_METADATA_ONLY,VARIETY_RANGE_ONLY_NOT_CONDITION_SPECIFIC,False,True,puckworks/data/angeloni2023/bioactives.csv,R23
R23,Robusta,bioactives,caffeine,CF,8.36,g/L,directly_reported_beverage_volumetric_concentration,8.36,kg/m^3,beverage_volume,,,VARIETY_LEVEL_RANGE_METADATA_ONLY,VARIETY_RANGE_ONLY_NOT_CONDITION_SPECIFIC,False,True,puckworks/data/angeloni2023/bioactives.csv,R23
R23,Robusta,bioactives,ferulic_acid,FA,0.54,g/L,directly_reported_beverage_volumetric_concentration,0.54,kg/m^3,beverage_volume,,,VARIETY_LEVEL_RANGE_METADATA_ONLY,VARIETY_RANGE_ONLY_NOT_CONDITION_SPECIFIC,False,True,puckworks/data/angeloni2023/bioactives.csv,R23
R23,Robusta,bioactives,tartaric_acid,TA,2.99,g/L,directly_reported_beverage_volumetric_concentration,2.99,kg/m^3,beverage_volume,,,VARIETY_LEVEL_RANGE_METADATA_ONLY,VARIETY_RANGE_ONLY_NOT_CONDITION_SPECIFIC,False,True,puckworks/data/angeloni2023/bioactives.csv,R23
R23,Robusta,bioactives,trigonelline,TR,3.17,g/L,directly_reported_beverage_volumetric_concentration,3.17,kg/m^3,beverage_volume,,,VARIETY_LEVEL_RANGE_METADATA_ONLY,VARIETY_RANGE_ONLY_NOT_CONDITION_SPECIFIC,False,True,puckworks/data/angeloni2023/bioactives.csv,R23
R23,Robusta,bioactives,total_chlorogenic_acids,totCQA,7.07,g/L,directly_reported_beverage_volumetric_concentration,7.07,kg/m^3,beverage_volume,,,VARIETY_LEVEL_RANGE_METADATA_ONLY,VARIETY_RANGE_ONLY_NOT_CONDITION_SPECIFIC,False,True,puckworks/data/angeloni2023/bioactives.csv,R23
R23,Robusta,bioactives,total_organic_acids,totOA,27.95,g/L,directly_reported_beverage_volumetric_concentration,27.95,kg/m^3,beverage_volume,,,VARIETY_LEVEL_RANGE_METADATA_ONLY,VARIETY_RANGE_ONLY_NOT_CONDITION_SPECIFIC,False,True,puckworks/data/angeloni2023/bioactives.csv,R23
R23,Robusta,lipids,total_lipids,LP,0.09,g/100 mL,directly_reported_beverage_volumetric_concentration,0.8999999999999999,kg/m^3,beverage_volume,13.1,RSD_PERCENT,CONDITION_LEVEL,CONDITION_LEVEL_RSD_RETAINED,False,True,puckworks/data/angeloni2023/lipids.csv,R23
R23,Robusta,total_solids,,,12.55,g/100 mL,directly_reported_beverage_volumetric_concentration,125.5,kg/m^3,beverage_volume,3.5,RSD_PERCENT,CONDITION_LEVEL,CONDITION_LEVEL_RSD_RETAINED,False,True,puckworks/data/angeloni2023/total_solids.csv,R23
R24,Robusta,bioactives,3_caffeoylquinic_acid,3CQA,2.48,g/L,directly_reported_beverage_volumetric_concentration,2.48,kg/m^3,beverage_volume,,,VARIETY_LEVEL_RANGE_METADATA_ONLY,VARIETY_RANGE_ONLY_NOT_CONDITION_SPECIFIC,False,True,puckworks/data/angeloni2023/bioactives.csv,R24
R24,Robusta,bioactives,3_5_dicaffeoylquinic_acid,3_5diCQA,0.53,g/L,directly_reported_beverage_volumetric_concentration,0.53,kg/m^3,beverage_volume,,,VARIETY_LEVEL_RANGE_METADATA_ONLY,VARIETY_RANGE_ONLY_NOT_CONDITION_SPECIFIC,False,True,puckworks/data/angeloni2023/bioactives.csv,R24
R24,Robusta,bioactives,5_caffeoylquinic_acid,5CQA,3.57,g/L,directly_reported_beverage_volumetric_concentration,3.57,kg/m^3,beverage_volume,,,VARIETY_LEVEL_RANGE_METADATA_ONLY,VARIETY_RANGE_ONLY_NOT_CONDITION_SPECIFIC,False,True,puckworks/data/angeloni2023/bioactives.csv,R24
R24,Robusta,bioactives,acetic_acid,AA,12.51,g/L,directly_reported_beverage_volumetric_concentration,12.51,kg/m^3,beverage_volume,,,VARIETY_LEVEL_RANGE_METADATA_ONLY,VARIETY_RANGE_ONLY_NOT_CONDITION_SPECIFIC,False,True,puckworks/data/angeloni2023/bioactives.csv,R24
R24,Robusta,bioactives,citric_acid,CA,19.56,g/L,directly_reported_beverage_volumetric_concentration,19.56,kg/m^3,beverage_volume,,,VARIETY_LEVEL_RANGE_METADATA_ONLY,VARIETY_RANGE_ONLY_NOT_CONDITION_SPECIFIC,False,True,puckworks/data/angeloni2023/bioactives.csv,R24
R24,Robusta,bioactives,caffeine,CF,8.28,g/L,directly_reported_beverage_volumetric_concentration,8.28,kg/m^3,beverage_volume,,,VARIETY_LEVEL_RANGE_METADATA_ONLY,VARIETY_RANGE_ONLY_NOT_CONDITION_SPECIFIC,False,True,puckworks/data/angeloni2023/bioactives.csv,R24
R24,Robusta,bioactives,ferulic_acid,FA,0.44,g/L,directly_reported_beverage_volumetric_concentration,0.44,kg/m^3,beverage_volume,,,VARIETY_LEVEL_RANGE_METADATA_ONLY,VARIETY_RANGE_ONLY_NOT_CONDITION_SPECIFIC,False,True,puckworks/data/angeloni2023/bioactives.csv,R24
R24,Robusta,bioactives,tartaric_acid,TA,2.79,g/L,directly_reported_beverage_volumetric_concentration,2.79,kg/m^3,beverage_volume,,,VARIETY_LEVEL_RANGE_METADATA_ONLY,VARIETY_RANGE_ONLY_NOT_CONDITION_SPECIFIC,False,True,puckworks/data/angeloni2023/bioactives.csv,R24
R24,Robusta,bioactives,trigonelline,TR,2.82,g/L,directly_reported_beverage_volumetric_concentration,2.82,kg/m^3,beverage_volume,,,VARIETY_LEVEL_RANGE_METADATA_ONLY,VARIETY_RANGE_ONLY_NOT_CONDITION_SPECIFIC,False,True,puckworks/data/angeloni2023/bioactives.csv,R24
R24,Robusta,bioactives,total_chlorogenic_acids,totCQA,6.58,g/L,directly_reported_beverage_volumetric_concentration,6.58,kg/m^3,beverage_volume,,,VARIETY_LEVEL_RANGE_METADATA_ONLY,VARIETY_RANGE_ONLY_NOT_CONDITION_SPECIFIC,False,True,puckworks/data/angeloni2023/bioactives.csv,R24
R24,Robusta,bioactives,total_organic_acids,totOA,34.87,g/L,directly_reported_beverage_volumetric_concentration,34.87,kg/m^3,beverage_volume,,,VARIETY_LEVEL_RANGE_METADATA_ONLY,VARIETY_RANGE_ONLY_NOT_CONDITION_SPECIFIC,False,True,puckworks/data/angeloni2023/bioactives.csv,R24
R24,Robusta,lipids,total_lipids,LP,0.07,g/100 mL,directly_reported_beverage_volumetric_concentration,0.7000000000000001,kg/m^3,beverage_volume,15.3,RSD_PERCENT,CONDITION_LEVEL,CONDITION_LEVEL_RSD_RETAINED,False,True,puckworks/data/angeloni2023/lipids.csv,R24
R24,Robusta,total_solids,,,10.05,g/100 mL,directly_reported_beverage_volumetric_concentration,100.5,kg/m^3,beverage_volume,18.3,RSD_PERCENT,CONDITION_LEVEL,CONDITION_LEVEL_RSD_RETAINED,False,True,puckworks/data/angeloni2023/total_solids.csv,R24
R25,Robusta,bioactives,3_caffeoylquinic_acid,3CQA,2.21,g/L,directly_reported_beverage_volumetric_concentration,2.21,kg/m^3,beverage_volume,,,VARIETY_LEVEL_RANGE_METADATA_ONLY,VARIETY_RANGE_ONLY_NOT_CONDITION_SPECIFIC,False,True,puckworks/data/angeloni2023/bioactives.csv,R25
R25,Robusta,bioactives,3_5_dicaffeoylquinic_acid,3_5diCQA,0.4,g/L,directly_reported_beverage_volumetric_concentration,0.4,kg/m^3,beverage_volume,,,VARIETY_LEVEL_RANGE_METADATA_ONLY,VARIETY_RANGE_ONLY_NOT_CONDITION_SPECIFIC,False,True,puckworks/data/angeloni2023/bioactives.csv,R25
R25,Robusta,bioactives,5_caffeoylquinic_acid,5CQA,3.17,g/L,directly_reported_beverage_volumetric_concentration,3.17,kg/m^3,beverage_volume,,,VARIETY_LEVEL_RANGE_METADATA_ONLY,VARIETY_RANGE_ONLY_NOT_CONDITION_SPECIFIC,False,True,puckworks/data/angeloni2023/bioactives.csv,R25
R25,Robusta,bioactives,acetic_acid,AA,8.37,g/L,directly_reported_beverage_volumetric_concentration,8.37,kg/m^3,beverage_volume,,,VARIETY_LEVEL_RANGE_METADATA_ONLY,VARIETY_RANGE_ONLY_NOT_CONDITION_SPECIFIC,False,True,puckworks/data/angeloni2023/bioactives.csv,R25
R25,Robusta,bioactives,citric_acid,CA,16.3,g/L,directly_reported_beverage_volumetric_concentration,16.3,kg/m^3,beverage_volume,,,VARIETY_LEVEL_RANGE_METADATA_ONLY,VARIETY_RANGE_ONLY_NOT_CONDITION_SPECIFIC,False,True,puckworks/data/angeloni2023/bioactives.csv,R25
R25,Robusta,bioactives,caffeine,CF,7.39,g/L,directly_reported_beverage_volumetric_concentration,7.39,kg/m^3,beverage_volume,,,VARIETY_LEVEL_RANGE_METADATA_ONLY,VARIETY_RANGE_ONLY_NOT_CONDITION_SPECIFIC,False,True,puckworks/data/angeloni2023/bioactives.csv,R25
R25,Robusta,bioactives,ferulic_acid,FA,0.45,g/L,directly_reported_beverage_volumetric_concentration,0.45,kg/m^3,beverage_volume,,,VARIETY_LEVEL_RANGE_METADATA_ONLY,VARIETY_RANGE_ONLY_NOT_CONDITION_SPECIFIC,False,True,puckworks/data/angeloni2023/bioactives.csv,R25
R25,Robusta,bioactives,tartaric_acid,TA,2.4,g/L,directly_reported_beverage_volumetric_concentration,2.4,kg/m^3,beverage_volume,,,VARIETY_LEVEL_RANGE_METADATA_ONLY,VARIETY_RANGE_ONLY_NOT_CONDITION_SPECIFIC,False,True,puckworks/data/angeloni2023/bioactives.csv,R25
R25,Robusta,bioactives,trigonelline,TR,2.99,g/L,directly_reported_beverage_volumetric_concentration,2.99,kg/m^3,beverage_volume,,,VARIETY_LEVEL_RANGE_METADATA_ONLY,VARIETY_RANGE_ONLY_NOT_CONDITION_SPECIFIC,False,True,puckworks/data/angeloni2023/bioactives.csv,R25
R25,Robusta,bioactives,total_chlorogenic_acids,totCQA,5.78,g/L,directly_reported_beverage_volumetric_concentration,5.78,kg/m^3,beverage_volume,,,VARIETY_LEVEL_RANGE_METADATA_ONLY,VARIETY_RANGE_ONLY_NOT_CONDITION_SPECIFIC,False,True,puckworks/data/angeloni2023/bioactives.csv,R25
R25,Robusta,bioactives,total_organic_acids,totOA,27.08,g/L,directly_reported_beverage_volumetric_concentration,27.08,kg/m^3,beverage_volume,,,VARIETY_LEVEL_RANGE_METADATA_ONLY,VARIETY_RANGE_ONLY_NOT_CONDITION_SPECIFIC,False,True,puckworks/data/angeloni2023/bioactives.csv,R25
R25,Robusta,lipids,total_lipids,LP,0.07,g/100 mL,directly_reported_beverage_volumetric_concentration,0.7000000000000001,kg/m^3,beverage_volume,18.0,RSD_PERCENT,CONDITION_LEVEL,CONDITION_LEVEL_RSD_RETAINED,False,True,puckworks/data/angeloni2023/lipids.csv,R25
R25,Robusta,total_solids,,,11.95,g/100 mL,directly_reported_beverage_volumetric_concentration,119.5,kg/m^3,beverage_volume,6.7,RSD_PERCENT,CONDITION_LEVEL,CONDITION_LEVEL_RSD_RETAINED,False,True,puckworks/data/angeloni2023/total_solids.csv,R25
R26,Robusta,bioactives,3_caffeoylquinic_acid,3CQA,3.09,g/L,directly_reported_beverage_volumetric_concentration,3.09,kg/m^3,beverage_volume,,,VARIETY_LEVEL_RANGE_METADATA_ONLY,VARIETY_RANGE_ONLY_NOT_CONDITION_SPECIFIC,False,True,puckworks/data/angeloni2023/bioactives.csv,R26
R26,Robusta,bioactives,3_5_dicaffeoylquinic_acid,3_5diCQA,0.52,g/L,directly_reported_beverage_volumetric_concentration,0.52,kg/m^3,beverage_volume,,,VARIETY_LEVEL_RANGE_METADATA_ONLY,VARIETY_RANGE_ONLY_NOT_CONDITION_SPECIFIC,False,True,puckworks/data/angeloni2023/bioactives.csv,R26
R26,Robusta,bioactives,5_caffeoylquinic_acid,5CQA,3.85,g/L,directly_reported_beverage_volumetric_concentration,3.85,kg/m^3,beverage_volume,,,VARIETY_LEVEL_RANGE_METADATA_ONLY,VARIETY_RANGE_ONLY_NOT_CONDITION_SPECIFIC,False,True,puckworks/data/angeloni2023/bioactives.csv,R26
R26,Robusta,bioactives,acetic_acid,AA,12.7,g/L,directly_reported_beverage_volumetric_concentration,12.7,kg/m^3,beverage_volume,,,VARIETY_LEVEL_RANGE_METADATA_ONLY,VARIETY_RANGE_ONLY_NOT_CONDITION_SPECIFIC,False,True,puckworks/data/angeloni2023/bioactives.csv,R26
R26,Robusta,bioactives,citric_acid,CA,21.47,g/L,directly_reported_beverage_volumetric_concentration,21.47,kg/m^3,beverage_volume,,,VARIETY_LEVEL_RANGE_METADATA_ONLY,VARIETY_RANGE_ONLY_NOT_CONDITION_SPECIFIC,False,True,puckworks/data/angeloni2023/bioactives.csv,R26
R26,Robusta,bioactives,caffeine,CF,8.8,g/L,directly_reported_beverage_volumetric_concentration,8.8,kg/m^3,beverage_volume,,,VARIETY_LEVEL_RANGE_METADATA_ONLY,VARIETY_RANGE_ONLY_NOT_CONDITION_SPECIFIC,False,True,puckworks/data/angeloni2023/bioactives.csv,R26
R26,Robusta,bioactives,ferulic_acid,FA,0.51,g/L,directly_reported_beverage_volumetric_concentration,0.51,kg/m^3,beverage_volume,,,VARIETY_LEVEL_RANGE_METADATA_ONLY,VARIETY_RANGE_ONLY_NOT_CONDITION_SPECIFIC,False,True,puckworks/data/angeloni2023/bioactives.csv,R26
R26,Robusta,bioactives,tartaric_acid,TA,3.19,g/L,directly_reported_beverage_volumetric_concentration,3.19,kg/m^3,beverage_volume,,,VARIETY_LEVEL_RANGE_METADATA_ONLY,VARIETY_RANGE_ONLY_NOT_CONDITION_SPECIFIC,False,True,puckworks/data/angeloni2023/bioactives.csv,R26
R26,Robusta,bioactives,trigonelline,TR,3.19,g/L,directly_reported_beverage_volumetric_concentration,3.19,kg/m^3,beverage_volume,,,VARIETY_LEVEL_RANGE_METADATA_ONLY,VARIETY_RANGE_ONLY_NOT_CONDITION_SPECIFIC,False,True,puckworks/data/angeloni2023/bioactives.csv,R26
R26,Robusta,bioactives,total_chlorogenic_acids,totCQA,7.46,g/L,directly_reported_beverage_volumetric_concentration,7.46,kg/m^3,beverage_volume,,,VARIETY_LEVEL_RANGE_METADATA_ONLY,VARIETY_RANGE_ONLY_NOT_CONDITION_SPECIFIC,False,True,puckworks/data/angeloni2023/bioactives.csv,R26
R26,Robusta,bioactives,total_organic_acids,totOA,37.36,g/L,directly_reported_beverage_volumetric_concentration,37.36,kg/m^3,beverage_volume,,,VARIETY_LEVEL_RANGE_METADATA_ONLY,VARIETY_RANGE_ONLY_NOT_CONDITION_SPECIFIC,False,True,puckworks/data/angeloni2023/bioactives.csv,R26
R26,Robusta,lipids,total_lipids,LP,0.02,g/100 mL,directly_reported_beverage_volumetric_concentration,0.2,kg/m^3,beverage_volume,16.2,RSD_PERCENT,CONDITION_LEVEL,CONDITION_LEVEL_RSD_RETAINED,False,True,puckworks/data/angeloni2023/lipids.csv,R26
R26,Robusta,total_solids,,,11.63,g/100 mL,directly_reported_beverage_volumetric_concentration,116.30000000000001,kg/m^3,beverage_volume,18.6,RSD_PERCENT,CONDITION_LEVEL,CONDITION_LEVEL_RSD_RETAINED,False,True,puckworks/data/angeloni2023/total_solids.csv,R26
R27,Robusta,bioactives,3_caffeoylquinic_acid,3CQA,2.35,g/L,directly_reported_beverage_volumetric_concentration,2.35,kg/m^3,beverage_volume,,,VARIETY_LEVEL_RANGE_METADATA_ONLY,VARIETY_RANGE_ONLY_NOT_CONDITION_SPECIFIC,False,True,puckworks/data/angeloni2023/bioactives.csv,R27
R27,Robusta,bioactives,3_5_dicaffeoylquinic_acid,3_5diCQA,0.49,g/L,directly_reported_beverage_volumetric_concentration,0.49,kg/m^3,beverage_volume,,,VARIETY_LEVEL_RANGE_METADATA_ONLY,VARIETY_RANGE_ONLY_NOT_CONDITION_SPECIFIC,False,True,puckworks/data/angeloni2023/bioactives.csv,R27
R27,Robusta,bioactives,5_caffeoylquinic_acid,5CQA,3.48,g/L,directly_reported_beverage_volumetric_concentration,3.48,kg/m^3,beverage_volume,,,VARIETY_LEVEL_RANGE_METADATA_ONLY,VARIETY_RANGE_ONLY_NOT_CONDITION_SPECIFIC,False,True,puckworks/data/angeloni2023/bioactives.csv,R27
R27,Robusta,bioactives,acetic_acid,AA,14.29,g/L,directly_reported_beverage_volumetric_concentration,14.29,kg/m^3,beverage_volume,,,VARIETY_LEVEL_RANGE_METADATA_ONLY,VARIETY_RANGE_ONLY_NOT_CONDITION_SPECIFIC,False,True,puckworks/data/angeloni2023/bioactives.csv,R27
R27,Robusta,bioactives,citric_acid,CA,18.76,g/L,directly_reported_beverage_volumetric_concentration,18.76,kg/m^3,beverage_volume,,,VARIETY_LEVEL_RANGE_METADATA_ONLY,VARIETY_RANGE_ONLY_NOT_CONDITION_SPECIFIC,False,True,puckworks/data/angeloni2023/bioactives.csv,R27
R27,Robusta,bioactives,caffeine,CF,7.81,g/L,directly_reported_beverage_volumetric_concentration,7.81,kg/m^3,beverage_volume,,,VARIETY_LEVEL_RANGE_METADATA_ONLY,VARIETY_RANGE_ONLY_NOT_CONDITION_SPECIFIC,False,True,puckworks/data/angeloni2023/bioactives.csv,R27
R27,Robusta,bioactives,ferulic_acid,FA,0.42,g/L,directly_reported_beverage_volumetric_concentration,0.42,kg/m^3,beverage_volume,,,VARIETY_LEVEL_RANGE_METADATA_ONLY,VARIETY_RANGE_ONLY_NOT_CONDITION_SPECIFIC,False,True,puckworks/data/angeloni2023/bioactives.csv,R27
R27,Robusta,bioactives,tartaric_acid,TA,2.71,g/L,directly_reported_beverage_volumetric_concentration,2.71,kg/m^3,beverage_volume,,,VARIETY_LEVEL_RANGE_METADATA_ONLY,VARIETY_RANGE_ONLY_NOT_CONDITION_SPECIFIC,False,True,puckworks/data/angeloni2023/bioactives.csv,R27
R27,Robusta,bioactives,trigonelline,TR,2.85,g/L,directly_reported_beverage_volumetric_concentration,2.85,kg/m^3,beverage_volume,,,VARIETY_LEVEL_RANGE_METADATA_ONLY,VARIETY_RANGE_ONLY_NOT_CONDITION_SPECIFIC,False,True,puckworks/data/angeloni2023/bioactives.csv,R27
R27,Robusta,bioactives,total_chlorogenic_acids,totCQA,6.32,g/L,directly_reported_beverage_volumetric_concentration,6.32,kg/m^3,beverage_volume,,,VARIETY_LEVEL_RANGE_METADATA_ONLY,VARIETY_RANGE_ONLY_NOT_CONDITION_SPECIFIC,False,True,puckworks/data/angeloni2023/bioactives.csv,R27
R27,Robusta,bioactives,total_organic_acids,totOA,35.76,g/L,directly_reported_beverage_volumetric_concentration,35.76,kg/m^3,beverage_volume,,,VARIETY_LEVEL_RANGE_METADATA_ONLY,VARIETY_RANGE_ONLY_NOT_CONDITION_SPECIFIC,False,True,puckworks/data/angeloni2023/bioactives.csv,R27
R27,Robusta,lipids,total_lipids,LP,0.09,g/100 mL,directly_reported_beverage_volumetric_concentration,0.8999999999999999,kg/m^3,beverage_volume,12.1,RSD_PERCENT,CONDITION_LEVEL,CONDITION_LEVEL_RSD_RETAINED,False,True,puckworks/data/angeloni2023/lipids.csv,R27
R27,Robusta,total_solids,,,11.28,g/100 mL,directly_reported_beverage_volumetric_concentration,112.8,kg/m^3,beverage_volume,3.1,RSD_PERCENT,CONDITION_LEVEL,CONDITION_LEVEL_RSD_RETAINED,False,True,puckworks/data/angeloni2023/total_solids.csv,R27
R28,Robusta,bioactives,3_caffeoylquinic_acid,3CQA,2.83,g/L,directly_reported_beverage_volumetric_concentration,2.83,kg/m^3,beverage_volume,,,VARIETY_LEVEL_RANGE_METADATA_ONLY,VARIETY_RANGE_ONLY_NOT_CONDITION_SPECIFIC,False,True,puckworks/data/angeloni2023/bioactives.csv,R28
R28,Robusta,bioactives,3_5_dicaffeoylquinic_acid,3_5diCQA,0.53,g/L,directly_reported_beverage_volumetric_concentration,0.53,kg/m^3,beverage_volume,,,VARIETY_LEVEL_RANGE_METADATA_ONLY,VARIETY_RANGE_ONLY_NOT_CONDITION_SPECIFIC,False,True,puckworks/data/angeloni2023/bioactives.csv,R28
R28,Robusta,bioactives,5_caffeoylquinic_acid,5CQA,3.96,g/L,directly_reported_beverage_volumetric_concentration,3.96,kg/m^3,beverage_volume,,,VARIETY_LEVEL_RANGE_METADATA_ONLY,VARIETY_RANGE_ONLY_NOT_CONDITION_SPECIFIC,False,True,puckworks/data/angeloni2023/bioactives.csv,R28
R28,Robusta,bioactives,acetic_acid,AA,16.36,g/L,directly_reported_beverage_volumetric_concentration,16.36,kg/m^3,beverage_volume,,,VARIETY_LEVEL_RANGE_METADATA_ONLY,VARIETY_RANGE_ONLY_NOT_CONDITION_SPECIFIC,False,True,puckworks/data/angeloni2023/bioactives.csv,R28
R28,Robusta,bioactives,citric_acid,CA,20.66,g/L,directly_reported_beverage_volumetric_concentration,20.66,kg/m^3,beverage_volume,,,VARIETY_LEVEL_RANGE_METADATA_ONLY,VARIETY_RANGE_ONLY_NOT_CONDITION_SPECIFIC,False,True,puckworks/data/angeloni2023/bioactives.csv,R28
R28,Robusta,bioactives,caffeine,CF,9.15,g/L,directly_reported_beverage_volumetric_concentration,9.15,kg/m^3,beverage_volume,,,VARIETY_LEVEL_RANGE_METADATA_ONLY,VARIETY_RANGE_ONLY_NOT_CONDITION_SPECIFIC,False,True,puckworks/data/angeloni2023/bioactives.csv,R28
R28,Robusta,bioactives,ferulic_acid,FA,0.46,g/L,directly_reported_beverage_volumetric_concentration,0.46,kg/m^3,beverage_volume,,,VARIETY_LEVEL_RANGE_METADATA_ONLY,VARIETY_RANGE_ONLY_NOT_CONDITION_SPECIFIC,False,True,puckworks/data/angeloni2023/bioactives.csv,R28
R28,Robusta,bioactives,tartaric_acid,TA,3.14,g/L,directly_reported_beverage_volumetric_concentration,3.14,kg/m^3,beverage_volume,,,VARIETY_LEVEL_RANGE_METADATA_ONLY,VARIETY_RANGE_ONLY_NOT_CONDITION_SPECIFIC,False,True,puckworks/data/angeloni2023/bioactives.csv,R28
R28,Robusta,bioactives,trigonelline,TR,3.19,g/L,directly_reported_beverage_volumetric_concentration,3.19,kg/m^3,beverage_volume,,,VARIETY_LEVEL_RANGE_METADATA_ONLY,VARIETY_RANGE_ONLY_NOT_CONDITION_SPECIFIC,False,True,puckworks/data/angeloni2023/bioactives.csv,R28
R28,Robusta,bioactives,total_chlorogenic_acids,totCQA,7.32,g/L,directly_reported_beverage_volumetric_concentration,7.32,kg/m^3,beverage_volume,,,VARIETY_LEVEL_RANGE_METADATA_ONLY,VARIETY_RANGE_ONLY_NOT_CONDITION_SPECIFIC,False,True,puckworks/data/angeloni2023/bioactives.csv,R28
R28,Robusta,bioactives,total_organic_acids,totOA,40.16,g/L,directly_reported_beverage_volumetric_concentration,40.16,kg/m^3,beverage_volume,,,VARIETY_LEVEL_RANGE_METADATA_ONLY,VARIETY_RANGE_ONLY_NOT_CONDITION_SPECIFIC,False,True,puckworks/data/angeloni2023/bioactives.csv,R28
R28,Robusta,lipids,total_lipids,LP,0.07,g/100 mL,directly_reported_beverage_volumetric_concentration,0.7000000000000001,kg/m^3,beverage_volume,17.4,RSD_PERCENT,CONDITION_LEVEL,CONDITION_LEVEL_RSD_RETAINED,False,True,puckworks/data/angeloni2023/lipids.csv,R28
R28,Robusta,total_solids,,,10.36,g/100 mL,directly_reported_beverage_volumetric_concentration,103.6,kg/m^3,beverage_volume,3.5,RSD_PERCENT,CONDITION_LEVEL,CONDITION_LEVEL_RSD_RETAINED,False,True,puckworks/data/angeloni2023/total_solids.csv,R28
R29,Robusta,bioactives,3_caffeoylquinic_acid,3CQA,2.26,g/L,directly_reported_beverage_volumetric_concentration,2.26,kg/m^3,beverage_volume,,,VARIETY_LEVEL_RANGE_METADATA_ONLY,VARIETY_RANGE_ONLY_NOT_CONDITION_SPECIFIC,False,True,puckworks/data/angeloni2023/bioactives.csv,R29
R29,Robusta,bioactives,3_5_dicaffeoylquinic_acid,3_5diCQA,0.51,g/L,directly_reported_beverage_volumetric_concentration,0.51,kg/m^3,beverage_volume,,,VARIETY_LEVEL_RANGE_METADATA_ONLY,VARIETY_RANGE_ONLY_NOT_CONDITION_SPECIFIC,False,True,puckworks/data/angeloni2023/bioactives.csv,R29
R29,Robusta,bioactives,5_caffeoylquinic_acid,5CQA,2.99,g/L,directly_reported_beverage_volumetric_concentration,2.99,kg/m^3,beverage_volume,,,VARIETY_LEVEL_RANGE_METADATA_ONLY,VARIETY_RANGE_ONLY_NOT_CONDITION_SPECIFIC,False,True,puckworks/data/angeloni2023/bioactives.csv,R29
R29,Robusta,bioactives,acetic_acid,AA,8.71,g/L,directly_reported_beverage_volumetric_concentration,8.71,kg/m^3,beverage_volume,,,VARIETY_LEVEL_RANGE_METADATA_ONLY,VARIETY_RANGE_ONLY_NOT_CONDITION_SPECIFIC,False,True,puckworks/data/angeloni2023/bioactives.csv,R29
R29,Robusta,bioactives,citric_acid,CA,16.76,g/L,directly_reported_beverage_volumetric_concentration,16.76,kg/m^3,beverage_volume,,,VARIETY_LEVEL_RANGE_METADATA_ONLY,VARIETY_RANGE_ONLY_NOT_CONDITION_SPECIFIC,False,True,puckworks/data/angeloni2023/bioactives.csv,R29
R29,Robusta,bioactives,caffeine,CF,7.39,g/L,directly_reported_beverage_volumetric_concentration,7.39,kg/m^3,beverage_volume,,,VARIETY_LEVEL_RANGE_METADATA_ONLY,VARIETY_RANGE_ONLY_NOT_CONDITION_SPECIFIC,False,True,puckworks/data/angeloni2023/bioactives.csv,R29
R29,Robusta,bioactives,ferulic_acid,FA,0.42,g/L,directly_reported_beverage_volumetric_concentration,0.42,kg/m^3,beverage_volume,,,VARIETY_LEVEL_RANGE_METADATA_ONLY,VARIETY_RANGE_ONLY_NOT_CONDITION_SPECIFIC,False,True,puckworks/data/angeloni2023/bioactives.csv,R29
R29,Robusta,bioactives,tartaric_acid,TA,2.45,g/L,directly_reported_beverage_volumetric_concentration,2.45,kg/m^3,beverage_volume,,,VARIETY_LEVEL_RANGE_METADATA_ONLY,VARIETY_RANGE_ONLY_NOT_CONDITION_SPECIFIC,False,True,puckworks/data/angeloni2023/bioactives.csv,R29
R29,Robusta,bioactives,trigonelline,TR,2.59,g/L,directly_reported_beverage_volumetric_concentration,2.59,kg/m^3,beverage_volume,,,VARIETY_LEVEL_RANGE_METADATA_ONLY,VARIETY_RANGE_ONLY_NOT_CONDITION_SPECIFIC,False,True,puckworks/data/angeloni2023/bioactives.csv,R29
R29,Robusta,bioactives,total_chlorogenic_acids,totCQA,5.77,g/L,directly_reported_beverage_volumetric_concentration,5.77,kg/m^3,beverage_volume,,,VARIETY_LEVEL_RANGE_METADATA_ONLY,VARIETY_RANGE_ONLY_NOT_CONDITION_SPECIFIC,False,True,puckworks/data/angeloni2023/bioactives.csv,R29
R29,Robusta,bioactives,total_organic_acids,totOA,27.92,g/L,directly_reported_beverage_volumetric_concentration,27.92,kg/m^3,beverage_volume,,,VARIETY_LEVEL_RANGE_METADATA_ONLY,VARIETY_RANGE_ONLY_NOT_CONDITION_SPECIFIC,False,True,puckworks/data/angeloni2023/bioactives.csv,R29
R29,Robusta,lipids,total_lipids,LP,0.05,g/100 mL,directly_reported_beverage_volumetric_concentration,0.5,kg/m^3,beverage_volume,11.5,RSD_PERCENT,CONDITION_LEVEL,CONDITION_LEVEL_RSD_RETAINED,False,True,puckworks/data/angeloni2023/lipids.csv,R29
R29,Robusta,total_solids,,,12.37,g/100 mL,directly_reported_beverage_volumetric_concentration,123.69999999999999,kg/m^3,beverage_volume,8.3,RSD_PERCENT,CONDITION_LEVEL,CONDITION_LEVEL_RSD_RETAINED,False,True,puckworks/data/angeloni2023/total_solids.csv,R29
R3,Robusta,bioactives,3_caffeoylquinic_acid,3CQA,2.23,g/L,directly_reported_beverage_volumetric_concentration,2.23,kg/m^3,beverage_volume,,,VARIETY_LEVEL_RANGE_METADATA_ONLY,VARIETY_RANGE_ONLY_NOT_CONDITION_SPECIFIC,False,True,puckworks/data/angeloni2023/bioactives.csv,R3
R3,Robusta,bioactives,3_5_dicaffeoylquinic_acid,3_5diCQA,0.47,g/L,directly_reported_beverage_volumetric_concentration,0.47,kg/m^3,beverage_volume,,,VARIETY_LEVEL_RANGE_METADATA_ONLY,VARIETY_RANGE_ONLY_NOT_CONDITION_SPECIFIC,False,True,puckworks/data/angeloni2023/bioactives.csv,R3
R3,Robusta,bioactives,5_caffeoylquinic_acid,5CQA,3.26,g/L,directly_reported_beverage_volumetric_concentration,3.26,kg/m^3,beverage_volume,,,VARIETY_LEVEL_RANGE_METADATA_ONLY,VARIETY_RANGE_ONLY_NOT_CONDITION_SPECIFIC,False,True,puckworks/data/angeloni2023/bioactives.csv,R3
R3,Robusta,bioactives,acetic_acid,AA,7.17,g/L,directly_reported_beverage_volumetric_concentration,7.17,kg/m^3,beverage_volume,,,VARIETY_LEVEL_RANGE_METADATA_ONLY,VARIETY_RANGE_ONLY_NOT_CONDITION_SPECIFIC,False,True,puckworks/data/angeloni2023/bioactives.csv,R3
R3,Robusta,bioactives,citric_acid,CA,19.07,g/L,directly_reported_beverage_volumetric_concentration,19.07,kg/m^3,beverage_volume,,,VARIETY_LEVEL_RANGE_METADATA_ONLY,VARIETY_RANGE_ONLY_NOT_CONDITION_SPECIFIC,False,True,puckworks/data/angeloni2023/bioactives.csv,R3
R3,Robusta,bioactives,caffeine,CF,7.46,g/L,directly_reported_beverage_volumetric_concentration,7.46,kg/m^3,beverage_volume,,,VARIETY_LEVEL_RANGE_METADATA_ONLY,VARIETY_RANGE_ONLY_NOT_CONDITION_SPECIFIC,False,True,puckworks/data/angeloni2023/bioactives.csv,R3
R3,Robusta,bioactives,ferulic_acid,FA,0.35,g/L,directly_reported_beverage_volumetric_concentration,0.35,kg/m^3,beverage_volume,,,VARIETY_LEVEL_RANGE_METADATA_ONLY,VARIETY_RANGE_ONLY_NOT_CONDITION_SPECIFIC,False,True,puckworks/data/angeloni2023/bioactives.csv,R3
R3,Robusta,bioactives,tartaric_acid,TA,2.59,g/L,directly_reported_beverage_volumetric_concentration,2.59,kg/m^3,beverage_volume,,,VARIETY_LEVEL_RANGE_METADATA_ONLY,VARIETY_RANGE_ONLY_NOT_CONDITION_SPECIFIC,False,True,puckworks/data/angeloni2023/bioactives.csv,R3
R3,Robusta,bioactives,trigonelline,TR,2.66,g/L,directly_reported_beverage_volumetric_concentration,2.66,kg/m^3,beverage_volume,,,VARIETY_LEVEL_RANGE_METADATA_ONLY,VARIETY_RANGE_ONLY_NOT_CONDITION_SPECIFIC,False,True,puckworks/data/angeloni2023/bioactives.csv,R3
R3,Robusta,bioactives,total_chlorogenic_acids,totCQA,5.96,g/L,directly_reported_beverage_volumetric_concentration,5.96,kg/m^3,beverage_volume,,,VARIETY_LEVEL_RANGE_METADATA_ONLY,VARIETY_RANGE_ONLY_NOT_CONDITION_SPECIFIC,False,True,puckworks/data/angeloni2023/bioactives.csv,R3
R3,Robusta,bioactives,total_organic_acids,totOA,28.83,g/L,directly_reported_beverage_volumetric_concentration,28.83,kg/m^3,beverage_volume,,,VARIETY_LEVEL_RANGE_METADATA_ONLY,VARIETY_RANGE_ONLY_NOT_CONDITION_SPECIFIC,False,True,puckworks/data/angeloni2023/bioactives.csv,R3
R3,Robusta,lipids,total_lipids,LP,0.14,g/100 mL,directly_reported_beverage_volumetric_concentration,1.4000000000000001,kg/m^3,beverage_volume,15.7,RSD_PERCENT,CONDITION_LEVEL,CONDITION_LEVEL_RSD_RETAINED,False,True,puckworks/data/angeloni2023/lipids.csv,R3
R3,Robusta,total_solids,,,10.15,g/100 mL,directly_reported_beverage_volumetric_concentration,101.5,kg/m^3,beverage_volume,18.8,RSD_PERCENT,CONDITION_LEVEL,CONDITION_LEVEL_RSD_RETAINED,False,True,puckworks/data/angeloni2023/total_solids.csv,R3
R30,Robusta,bioactives,3_caffeoylquinic_acid,3CQA,2.26,g/L,directly_reported_beverage_volumetric_concentration,2.26,kg/m^3,beverage_volume,,,VARIETY_LEVEL_RANGE_METADATA_ONLY,VARIETY_RANGE_ONLY_NOT_CONDITION_SPECIFIC,False,True,puckworks/data/angeloni2023/bioactives.csv,R30
R30,Robusta,bioactives,3_5_dicaffeoylquinic_acid,3_5diCQA,0.48,g/L,directly_reported_beverage_volumetric_concentration,0.48,kg/m^3,beverage_volume,,,VARIETY_LEVEL_RANGE_METADATA_ONLY,VARIETY_RANGE_ONLY_NOT_CONDITION_SPECIFIC,False,True,puckworks/data/angeloni2023/bioactives.csv,R30
R30,Robusta,bioactives,5_caffeoylquinic_acid,5CQA,3.34,g/L,directly_reported_beverage_volumetric_concentration,3.34,kg/m^3,beverage_volume,,,VARIETY_LEVEL_RANGE_METADATA_ONLY,VARIETY_RANGE_ONLY_NOT_CONDITION_SPECIFIC,False,True,puckworks/data/angeloni2023/bioactives.csv,R30
R30,Robusta,bioactives,acetic_acid,AA,10.97,g/L,directly_reported_beverage_volumetric_concentration,10.97,kg/m^3,beverage_volume,,,VARIETY_LEVEL_RANGE_METADATA_ONLY,VARIETY_RANGE_ONLY_NOT_CONDITION_SPECIFIC,False,True,puckworks/data/angeloni2023/bioactives.csv,R30
R30,Robusta,bioactives,citric_acid,CA,17.52,g/L,directly_reported_beverage_volumetric_concentration,17.52,kg/m^3,beverage_volume,,,VARIETY_LEVEL_RANGE_METADATA_ONLY,VARIETY_RANGE_ONLY_NOT_CONDITION_SPECIFIC,False,True,puckworks/data/angeloni2023/bioactives.csv,R30
R30,Robusta,bioactives,caffeine,CF,7.51,g/L,directly_reported_beverage_volumetric_concentration,7.51,kg/m^3,beverage_volume,,,VARIETY_LEVEL_RANGE_METADATA_ONLY,VARIETY_RANGE_ONLY_NOT_CONDITION_SPECIFIC,False,True,puckworks/data/angeloni2023/bioactives.csv,R30
R30,Robusta,bioactives,ferulic_acid,FA,0.41,g/L,directly_reported_beverage_volumetric_concentration,0.41,kg/m^3,beverage_volume,,,VARIETY_LEVEL_RANGE_METADATA_ONLY,VARIETY_RANGE_ONLY_NOT_CONDITION_SPECIFIC,False,True,puckworks/data/angeloni2023/bioactives.csv,R30
R30,Robusta,bioactives,tartaric_acid,TA,2.52,g/L,directly_reported_beverage_volumetric_concentration,2.52,kg/m^3,beverage_volume,,,VARIETY_LEVEL_RANGE_METADATA_ONLY,VARIETY_RANGE_ONLY_NOT_CONDITION_SPECIFIC,False,True,puckworks/data/angeloni2023/bioactives.csv,R30
R30,Robusta,bioactives,trigonelline,TR,2.7,g/L,directly_reported_beverage_volumetric_concentration,2.7,kg/m^3,beverage_volume,,,VARIETY_LEVEL_RANGE_METADATA_ONLY,VARIETY_RANGE_ONLY_NOT_CONDITION_SPECIFIC,False,True,puckworks/data/angeloni2023/bioactives.csv,R30
R30,Robusta,bioactives,total_chlorogenic_acids,totCQA,6.08,g/L,directly_reported_beverage_volumetric_concentration,6.08,kg/m^3,beverage_volume,,,VARIETY_LEVEL_RANGE_METADATA_ONLY,VARIETY_RANGE_ONLY_NOT_CONDITION_SPECIFIC,False,True,puckworks/data/angeloni2023/bioactives.csv,R30
R30,Robusta,bioactives,total_organic_acids,totOA,31.01,g/L,directly_reported_beverage_volumetric_concentration,31.01,kg/m^3,beverage_volume,,,VARIETY_LEVEL_RANGE_METADATA_ONLY,VARIETY_RANGE_ONLY_NOT_CONDITION_SPECIFIC,False,True,puckworks/data/angeloni2023/bioactives.csv,R30
R30,Robusta,lipids,total_lipids,LP,0.05,g/100 mL,directly_reported_beverage_volumetric_concentration,0.5,kg/m^3,beverage_volume,1.3,RSD_PERCENT,CONDITION_LEVEL,CONDITION_LEVEL_RSD_RETAINED,False,True,puckworks/data/angeloni2023/lipids.csv,R30
R30,Robusta,total_solids,,,11.23,g/100 mL,directly_reported_beverage_volumetric_concentration,112.30000000000001,kg/m^3,beverage_volume,0.3,RSD_PERCENT,CONDITION_LEVEL,CONDITION_LEVEL_RSD_RETAINED,False,True,puckworks/data/angeloni2023/total_solids.csv,R30
R31,Robusta,bioactives,3_caffeoylquinic_acid,3CQA,2.33,g/L,directly_reported_beverage_volumetric_concentration,2.33,kg/m^3,beverage_volume,,,VARIETY_LEVEL_RANGE_METADATA_ONLY,VARIETY_RANGE_ONLY_NOT_CONDITION_SPECIFIC,False,True,puckworks/data/angeloni2023/bioactives.csv,R31
R31,Robusta,bioactives,3_5_dicaffeoylquinic_acid,3_5diCQA,0.44,g/L,directly_reported_beverage_volumetric_concentration,0.44,kg/m^3,beverage_volume,,,VARIETY_LEVEL_RANGE_METADATA_ONLY,VARIETY_RANGE_ONLY_NOT_CONDITION_SPECIFIC,False,True,puckworks/data/angeloni2023/bioactives.csv,R31
R31,Robusta,bioactives,5_caffeoylquinic_acid,5CQA,3.19,g/L,directly_reported_beverage_volumetric_concentration,3.19,kg/m^3,beverage_volume,,,VARIETY_LEVEL_RANGE_METADATA_ONLY,VARIETY_RANGE_ONLY_NOT_CONDITION_SPECIFIC,False,True,puckworks/data/angeloni2023/bioactives.csv,R31
R31,Robusta,bioactives,acetic_acid,AA,11.74,g/L,directly_reported_beverage_volumetric_concentration,11.74,kg/m^3,beverage_volume,,,VARIETY_LEVEL_RANGE_METADATA_ONLY,VARIETY_RANGE_ONLY_NOT_CONDITION_SPECIFIC,False,True,puckworks/data/angeloni2023/bioactives.csv,R31
R31,Robusta,bioactives,citric_acid,CA,16.71,g/L,directly_reported_beverage_volumetric_concentration,16.71,kg/m^3,beverage_volume,,,VARIETY_LEVEL_RANGE_METADATA_ONLY,VARIETY_RANGE_ONLY_NOT_CONDITION_SPECIFIC,False,True,puckworks/data/angeloni2023/bioactives.csv,R31
R31,Robusta,bioactives,caffeine,CF,7.1,g/L,directly_reported_beverage_volumetric_concentration,7.1,kg/m^3,beverage_volume,,,VARIETY_LEVEL_RANGE_METADATA_ONLY,VARIETY_RANGE_ONLY_NOT_CONDITION_SPECIFIC,False,True,puckworks/data/angeloni2023/bioactives.csv,R31
R31,Robusta,bioactives,ferulic_acid,FA,0.42,g/L,directly_reported_beverage_volumetric_concentration,0.42,kg/m^3,beverage_volume,,,VARIETY_LEVEL_RANGE_METADATA_ONLY,VARIETY_RANGE_ONLY_NOT_CONDITION_SPECIFIC,False,True,puckworks/data/angeloni2023/bioactives.csv,R31
R31,Robusta,bioactives,tartaric_acid,TA,2.46,g/L,directly_reported_beverage_volumetric_concentration,2.46,kg/m^3,beverage_volume,,,VARIETY_LEVEL_RANGE_METADATA_ONLY,VARIETY_RANGE_ONLY_NOT_CONDITION_SPECIFIC,False,True,puckworks/data/angeloni2023/bioactives.csv,R31
R31,Robusta,bioactives,trigonelline,TR,2.57,g/L,directly_reported_beverage_volumetric_concentration,2.57,kg/m^3,beverage_volume,,,VARIETY_LEVEL_RANGE_METADATA_ONLY,VARIETY_RANGE_ONLY_NOT_CONDITION_SPECIFIC,False,True,puckworks/data/angeloni2023/bioactives.csv,R31
R31,Robusta,bioactives,total_chlorogenic_acids,totCQA,5.96,g/L,directly_reported_beverage_volumetric_concentration,5.96,kg/m^3,beverage_volume,,,VARIETY_LEVEL_RANGE_METADATA_ONLY,VARIETY_RANGE_ONLY_NOT_CONDITION_SPECIFIC,False,True,puckworks/data/angeloni2023/bioactives.csv,R31
R31,Robusta,bioactives,total_organic_acids,totOA,30.9,g/L,directly_reported_beverage_volumetric_concentration,30.9,kg/m^3,beverage_volume,,,VARIETY_LEVEL_RANGE_METADATA_ONLY,VARIETY_RANGE_ONLY_NOT_CONDITION_SPECIFIC,False,True,puckworks/data/angeloni2023/bioactives.csv,R31
R31,Robusta,lipids,total_lipids,LP,0.08,g/100 mL,directly_reported_beverage_volumetric_concentration,0.8,kg/m^3,beverage_volume,9.4,RSD_PERCENT,CONDITION_LEVEL,CONDITION_LEVEL_RSD_RETAINED,False,True,puckworks/data/angeloni2023/lipids.csv,R31
R31,Robusta,total_solids,,,11.73,g/100 mL,directly_reported_beverage_volumetric_concentration,117.30000000000001,kg/m^3,beverage_volume,13.7,RSD_PERCENT,CONDITION_LEVEL,CONDITION_LEVEL_RSD_RETAINED,False,True,puckworks/data/angeloni2023/total_solids.csv,R31
R32,Robusta,bioactives,3_caffeoylquinic_acid,3CQA,2.3,g/L,directly_reported_beverage_volumetric_concentration,2.3,kg/m^3,beverage_volume,,,VARIETY_LEVEL_RANGE_METADATA_ONLY,VARIETY_RANGE_ONLY_NOT_CONDITION_SPECIFIC,False,True,puckworks/data/angeloni2023/bioactives.csv,R32
R32,Robusta,bioactives,3_5_dicaffeoylquinic_acid,3_5diCQA,0.45,g/L,directly_reported_beverage_volumetric_concentration,0.45,kg/m^3,beverage_volume,,,VARIETY_LEVEL_RANGE_METADATA_ONLY,VARIETY_RANGE_ONLY_NOT_CONDITION_SPECIFIC,False,True,puckworks/data/angeloni2023/bioactives.csv,R32
R32,Robusta,bioactives,5_caffeoylquinic_acid,5CQA,3.26,g/L,directly_reported_beverage_volumetric_concentration,3.26,kg/m^3,beverage_volume,,,VARIETY_LEVEL_RANGE_METADATA_ONLY,VARIETY_RANGE_ONLY_NOT_CONDITION_SPECIFIC,False,True,puckworks/data/angeloni2023/bioactives.csv,R32
R32,Robusta,bioactives,acetic_acid,AA,8.8,g/L,directly_reported_beverage_volumetric_concentration,8.8,kg/m^3,beverage_volume,,,VARIETY_LEVEL_RANGE_METADATA_ONLY,VARIETY_RANGE_ONLY_NOT_CONDITION_SPECIFIC,False,True,puckworks/data/angeloni2023/bioactives.csv,R32
R32,Robusta,bioactives,citric_acid,CA,18.06,g/L,directly_reported_beverage_volumetric_concentration,18.06,kg/m^3,beverage_volume,,,VARIETY_LEVEL_RANGE_METADATA_ONLY,VARIETY_RANGE_ONLY_NOT_CONDITION_SPECIFIC,False,True,puckworks/data/angeloni2023/bioactives.csv,R32
R32,Robusta,bioactives,caffeine,CF,7.68,g/L,directly_reported_beverage_volumetric_concentration,7.68,kg/m^3,beverage_volume,,,VARIETY_LEVEL_RANGE_METADATA_ONLY,VARIETY_RANGE_ONLY_NOT_CONDITION_SPECIFIC,False,True,puckworks/data/angeloni2023/bioactives.csv,R32
R32,Robusta,bioactives,ferulic_acid,FA,0.4,g/L,directly_reported_beverage_volumetric_concentration,0.4,kg/m^3,beverage_volume,,,VARIETY_LEVEL_RANGE_METADATA_ONLY,VARIETY_RANGE_ONLY_NOT_CONDITION_SPECIFIC,False,True,puckworks/data/angeloni2023/bioactives.csv,R32
R32,Robusta,bioactives,tartaric_acid,TA,2.49,g/L,directly_reported_beverage_volumetric_concentration,2.49,kg/m^3,beverage_volume,,,VARIETY_LEVEL_RANGE_METADATA_ONLY,VARIETY_RANGE_ONLY_NOT_CONDITION_SPECIFIC,False,True,puckworks/data/angeloni2023/bioactives.csv,R32
R32,Robusta,bioactives,trigonelline,TR,2.54,g/L,directly_reported_beverage_volumetric_concentration,2.54,kg/m^3,beverage_volume,,,VARIETY_LEVEL_RANGE_METADATA_ONLY,VARIETY_RANGE_ONLY_NOT_CONDITION_SPECIFIC,False,True,puckworks/data/angeloni2023/bioactives.csv,R32
R32,Robusta,bioactives,total_chlorogenic_acids,totCQA,6.01,g/L,directly_reported_beverage_volumetric_concentration,6.01,kg/m^3,beverage_volume,,,VARIETY_LEVEL_RANGE_METADATA_ONLY,VARIETY_RANGE_ONLY_NOT_CONDITION_SPECIFIC,False,True,puckworks/data/angeloni2023/bioactives.csv,R32
R32,Robusta,bioactives,total_organic_acids,totOA,29.35,g/L,directly_reported_beverage_volumetric_concentration,29.35,kg/m^3,beverage_volume,,,VARIETY_LEVEL_RANGE_METADATA_ONLY,VARIETY_RANGE_ONLY_NOT_CONDITION_SPECIFIC,False,True,puckworks/data/angeloni2023/bioactives.csv,R32
R32,Robusta,lipids,total_lipids,LP,0.09,g/100 mL,directly_reported_beverage_volumetric_concentration,0.8999999999999999,kg/m^3,beverage_volume,5.4,RSD_PERCENT,CONDITION_LEVEL,CONDITION_LEVEL_RSD_RETAINED,False,True,puckworks/data/angeloni2023/lipids.csv,R32
R32,Robusta,total_solids,,,10.9,g/100 mL,directly_reported_beverage_volumetric_concentration,109.0,kg/m^3,beverage_volume,13.8,RSD_PERCENT,CONDITION_LEVEL,CONDITION_LEVEL_RSD_RETAINED,False,True,puckworks/data/angeloni2023/total_solids.csv,R32
R33,Robusta,bioactives,3_caffeoylquinic_acid,3CQA,2.22,g/L,directly_reported_beverage_volumetric_concentration,2.22,kg/m^3,beverage_volume,,,VARIETY_LEVEL_RANGE_METADATA_ONLY,VARIETY_RANGE_ONLY_NOT_CONDITION_SPECIFIC,False,True,puckworks/data/angeloni2023/bioactives.csv,R33
R33,Robusta,bioactives,3_5_dicaffeoylquinic_acid,3_5diCQA,0.49,g/L,directly_reported_beverage_volumetric_concentration,0.49,kg/m^3,beverage_volume,,,VARIETY_LEVEL_RANGE_METADATA_ONLY,VARIETY_RANGE_ONLY_NOT_CONDITION_SPECIFIC,False,True,puckworks/data/angeloni2023/bioactives.csv,R33
R33,Robusta,bioactives,5_caffeoylquinic_acid,5CQA,3.33,g/L,directly_reported_beverage_volumetric_concentration,3.33,kg/m^3,beverage_volume,,,VARIETY_LEVEL_RANGE_METADATA_ONLY,VARIETY_RANGE_ONLY_NOT_CONDITION_SPECIFIC,False,True,puckworks/data/angeloni2023/bioactives.csv,R33
R33,Robusta,bioactives,acetic_acid,AA,9.0,g/L,directly_reported_beverage_volumetric_concentration,9.0,kg/m^3,beverage_volume,,,VARIETY_LEVEL_RANGE_METADATA_ONLY,VARIETY_RANGE_ONLY_NOT_CONDITION_SPECIFIC,False,True,puckworks/data/angeloni2023/bioactives.csv,R33
R33,Robusta,bioactives,citric_acid,CA,18.09,g/L,directly_reported_beverage_volumetric_concentration,18.09,kg/m^3,beverage_volume,,,VARIETY_LEVEL_RANGE_METADATA_ONLY,VARIETY_RANGE_ONLY_NOT_CONDITION_SPECIFIC,False,True,puckworks/data/angeloni2023/bioactives.csv,R33
R33,Robusta,bioactives,caffeine,CF,7.58,g/L,directly_reported_beverage_volumetric_concentration,7.58,kg/m^3,beverage_volume,,,VARIETY_LEVEL_RANGE_METADATA_ONLY,VARIETY_RANGE_ONLY_NOT_CONDITION_SPECIFIC,False,True,puckworks/data/angeloni2023/bioactives.csv,R33
R33,Robusta,bioactives,ferulic_acid,FA,0.41,g/L,directly_reported_beverage_volumetric_concentration,0.41,kg/m^3,beverage_volume,,,VARIETY_LEVEL_RANGE_METADATA_ONLY,VARIETY_RANGE_ONLY_NOT_CONDITION_SPECIFIC,False,True,puckworks/data/angeloni2023/bioactives.csv,R33
R33,Robusta,bioactives,tartaric_acid,TA,2.64,g/L,directly_reported_beverage_volumetric_concentration,2.64,kg/m^3,beverage_volume,,,VARIETY_LEVEL_RANGE_METADATA_ONLY,VARIETY_RANGE_ONLY_NOT_CONDITION_SPECIFIC,False,True,puckworks/data/angeloni2023/bioactives.csv,R33
R33,Robusta,bioactives,trigonelline,TR,2.78,g/L,directly_reported_beverage_volumetric_concentration,2.78,kg/m^3,beverage_volume,,,VARIETY_LEVEL_RANGE_METADATA_ONLY,VARIETY_RANGE_ONLY_NOT_CONDITION_SPECIFIC,False,True,puckworks/data/angeloni2023/bioactives.csv,R33
R33,Robusta,bioactives,total_chlorogenic_acids,totCQA,6.05,g/L,directly_reported_beverage_volumetric_concentration,6.05,kg/m^3,beverage_volume,,,VARIETY_LEVEL_RANGE_METADATA_ONLY,VARIETY_RANGE_ONLY_NOT_CONDITION_SPECIFIC,False,True,puckworks/data/angeloni2023/bioactives.csv,R33
R33,Robusta,bioactives,total_organic_acids,totOA,29.73,g/L,directly_reported_beverage_volumetric_concentration,29.73,kg/m^3,beverage_volume,,,VARIETY_LEVEL_RANGE_METADATA_ONLY,VARIETY_RANGE_ONLY_NOT_CONDITION_SPECIFIC,False,True,puckworks/data/angeloni2023/bioactives.csv,R33
R33,Robusta,lipids,total_lipids,LP,0.09,g/100 mL,directly_reported_beverage_volumetric_concentration,0.8999999999999999,kg/m^3,beverage_volume,7.9,RSD_PERCENT,CONDITION_LEVEL,CONDITION_LEVEL_RSD_RETAINED,False,True,puckworks/data/angeloni2023/lipids.csv,R33
R33,Robusta,total_solids,,,11.19,g/100 mL,directly_reported_beverage_volumetric_concentration,111.89999999999999,kg/m^3,beverage_volume,3.7,RSD_PERCENT,CONDITION_LEVEL,CONDITION_LEVEL_RSD_RETAINED,False,True,puckworks/data/angeloni2023/total_solids.csv,R33
R4,Robusta,bioactives,3_caffeoylquinic_acid,3CQA,2.44,g/L,directly_reported_beverage_volumetric_concentration,2.44,kg/m^3,beverage_volume,,,VARIETY_LEVEL_RANGE_METADATA_ONLY,VARIETY_RANGE_ONLY_NOT_CONDITION_SPECIFIC,False,True,puckworks/data/angeloni2023/bioactives.csv,R4
R4,Robusta,bioactives,3_5_dicaffeoylquinic_acid,3_5diCQA,0.57,g/L,directly_reported_beverage_volumetric_concentration,0.57,kg/m^3,beverage_volume,,,VARIETY_LEVEL_RANGE_METADATA_ONLY,VARIETY_RANGE_ONLY_NOT_CONDITION_SPECIFIC,False,True,puckworks/data/angeloni2023/bioactives.csv,R4
R4,Robusta,bioactives,5_caffeoylquinic_acid,5CQA,4.4,g/L,directly_reported_beverage_volumetric_concentration,4.4,kg/m^3,beverage_volume,,,VARIETY_LEVEL_RANGE_METADATA_ONLY,VARIETY_RANGE_ONLY_NOT_CONDITION_SPECIFIC,False,True,puckworks/data/angeloni2023/bioactives.csv,R4
R4,Robusta,bioactives,acetic_acid,AA,9.86,g/L,directly_reported_beverage_volumetric_concentration,9.86,kg/m^3,beverage_volume,,,VARIETY_LEVEL_RANGE_METADATA_ONLY,VARIETY_RANGE_ONLY_NOT_CONDITION_SPECIFIC,False,True,puckworks/data/angeloni2023/bioactives.csv,R4
R4,Robusta,bioactives,citric_acid,CA,20.26,g/L,directly_reported_beverage_volumetric_concentration,20.26,kg/m^3,beverage_volume,,,VARIETY_LEVEL_RANGE_METADATA_ONLY,VARIETY_RANGE_ONLY_NOT_CONDITION_SPECIFIC,False,True,puckworks/data/angeloni2023/bioactives.csv,R4
R4,Robusta,bioactives,caffeine,CF,8.35,g/L,directly_reported_beverage_volumetric_concentration,8.35,kg/m^3,beverage_volume,,,VARIETY_LEVEL_RANGE_METADATA_ONLY,VARIETY_RANGE_ONLY_NOT_CONDITION_SPECIFIC,False,True,puckworks/data/angeloni2023/bioactives.csv,R4
R4,Robusta,bioactives,ferulic_acid,FA,0.42,g/L,directly_reported_beverage_volumetric_concentration,0.42,kg/m^3,beverage_volume,,,VARIETY_LEVEL_RANGE_METADATA_ONLY,VARIETY_RANGE_ONLY_NOT_CONDITION_SPECIFIC,False,True,puckworks/data/angeloni2023/bioactives.csv,R4
R4,Robusta,bioactives,tartaric_acid,TA,2.72,g/L,directly_reported_beverage_volumetric_concentration,2.72,kg/m^3,beverage_volume,,,VARIETY_LEVEL_RANGE_METADATA_ONLY,VARIETY_RANGE_ONLY_NOT_CONDITION_SPECIFIC,False,True,puckworks/data/angeloni2023/bioactives.csv,R4
R4,Robusta,bioactives,trigonelline,TR,2.9,g/L,directly_reported_beverage_volumetric_concentration,2.9,kg/m^3,beverage_volume,,,VARIETY_LEVEL_RANGE_METADATA_ONLY,VARIETY_RANGE_ONLY_NOT_CONDITION_SPECIFIC,False,True,puckworks/data/angeloni2023/bioactives.csv,R4
R4,Robusta,bioactives,total_chlorogenic_acids,totCQA,7.42,g/L,directly_reported_beverage_volumetric_concentration,7.42,kg/m^3,beverage_volume,,,VARIETY_LEVEL_RANGE_METADATA_ONLY,VARIETY_RANGE_ONLY_NOT_CONDITION_SPECIFIC,False,True,puckworks/data/angeloni2023/bioactives.csv,R4
R4,Robusta,bioactives,total_organic_acids,totOA,32.84,g/L,directly_reported_beverage_volumetric_concentration,32.84,kg/m^3,beverage_volume,,,VARIETY_LEVEL_RANGE_METADATA_ONLY,VARIETY_RANGE_ONLY_NOT_CONDITION_SPECIFIC,False,True,puckworks/data/angeloni2023/bioactives.csv,R4
R4,Robusta,lipids,total_lipids,LP,0.06,g/100 mL,directly_reported_beverage_volumetric_concentration,0.6,kg/m^3,beverage_volume,13.1,RSD_PERCENT,CONDITION_LEVEL,CONDITION_LEVEL_RSD_RETAINED,False,True,puckworks/data/angeloni2023/lipids.csv,R4
R4,Robusta,total_solids,,,10.31,g/100 mL,directly_reported_beverage_volumetric_concentration,103.10000000000001,kg/m^3,beverage_volume,9.7,RSD_PERCENT,CONDITION_LEVEL,CONDITION_LEVEL_RSD_RETAINED,False,True,puckworks/data/angeloni2023/total_solids.csv,R4
R5,Robusta,bioactives,3_caffeoylquinic_acid,3CQA,2.08,g/L,directly_reported_beverage_volumetric_concentration,2.08,kg/m^3,beverage_volume,,,VARIETY_LEVEL_RANGE_METADATA_ONLY,VARIETY_RANGE_ONLY_NOT_CONDITION_SPECIFIC,False,True,puckworks/data/angeloni2023/bioactives.csv,R5
R5,Robusta,bioactives,3_5_dicaffeoylquinic_acid,3_5diCQA,0.45,g/L,directly_reported_beverage_volumetric_concentration,0.45,kg/m^3,beverage_volume,,,VARIETY_LEVEL_RANGE_METADATA_ONLY,VARIETY_RANGE_ONLY_NOT_CONDITION_SPECIFIC,False,True,puckworks/data/angeloni2023/bioactives.csv,R5
R5,Robusta,bioactives,5_caffeoylquinic_acid,5CQA,3.01,g/L,directly_reported_beverage_volumetric_concentration,3.01,kg/m^3,beverage_volume,,,VARIETY_LEVEL_RANGE_METADATA_ONLY,VARIETY_RANGE_ONLY_NOT_CONDITION_SPECIFIC,False,True,puckworks/data/angeloni2023/bioactives.csv,R5
R5,Robusta,bioactives,acetic_acid,AA,7.17,g/L,directly_reported_beverage_volumetric_concentration,7.17,kg/m^3,beverage_volume,,,VARIETY_LEVEL_RANGE_METADATA_ONLY,VARIETY_RANGE_ONLY_NOT_CONDITION_SPECIFIC,False,True,puckworks/data/angeloni2023/bioactives.csv,R5
R5,Robusta,bioactives,citric_acid,CA,19.22,g/L,directly_reported_beverage_volumetric_concentration,19.22,kg/m^3,beverage_volume,,,VARIETY_LEVEL_RANGE_METADATA_ONLY,VARIETY_RANGE_ONLY_NOT_CONDITION_SPECIFIC,False,True,puckworks/data/angeloni2023/bioactives.csv,R5
R5,Robusta,bioactives,caffeine,CF,6.98,g/L,directly_reported_beverage_volumetric_concentration,6.98,kg/m^3,beverage_volume,,,VARIETY_LEVEL_RANGE_METADATA_ONLY,VARIETY_RANGE_ONLY_NOT_CONDITION_SPECIFIC,False,True,puckworks/data/angeloni2023/bioactives.csv,R5
R5,Robusta,bioactives,ferulic_acid,FA,0.37,g/L,directly_reported_beverage_volumetric_concentration,0.37,kg/m^3,beverage_volume,,,VARIETY_LEVEL_RANGE_METADATA_ONLY,VARIETY_RANGE_ONLY_NOT_CONDITION_SPECIFIC,False,True,puckworks/data/angeloni2023/bioactives.csv,R5
R5,Robusta,bioactives,tartaric_acid,TA,2.51,g/L,directly_reported_beverage_volumetric_concentration,2.51,kg/m^3,beverage_volume,,,VARIETY_LEVEL_RANGE_METADATA_ONLY,VARIETY_RANGE_ONLY_NOT_CONDITION_SPECIFIC,False,True,puckworks/data/angeloni2023/bioactives.csv,R5
R5,Robusta,bioactives,trigonelline,TR,2.62,g/L,directly_reported_beverage_volumetric_concentration,2.62,kg/m^3,beverage_volume,,,VARIETY_LEVEL_RANGE_METADATA_ONLY,VARIETY_RANGE_ONLY_NOT_CONDITION_SPECIFIC,False,True,puckworks/data/angeloni2023/bioactives.csv,R5
R5,Robusta,bioactives,total_chlorogenic_acids,totCQA,5.54,g/L,directly_reported_beverage_volumetric_concentration,5.54,kg/m^3,beverage_volume,,,VARIETY_LEVEL_RANGE_METADATA_ONLY,VARIETY_RANGE_ONLY_NOT_CONDITION_SPECIFIC,False,True,puckworks/data/angeloni2023/bioactives.csv,R5
R5,Robusta,bioactives,total_organic_acids,totOA,28.9,g/L,directly_reported_beverage_volumetric_concentration,28.9,kg/m^3,beverage_volume,,,VARIETY_LEVEL_RANGE_METADATA_ONLY,VARIETY_RANGE_ONLY_NOT_CONDITION_SPECIFIC,False,True,puckworks/data/angeloni2023/bioactives.csv,R5
R5,Robusta,lipids,total_lipids,LP,0.11,g/100 mL,directly_reported_beverage_volumetric_concentration,1.1,kg/m^3,beverage_volume,12.0,RSD_PERCENT,CONDITION_LEVEL,CONDITION_LEVEL_RSD_RETAINED,False,True,puckworks/data/angeloni2023/lipids.csv,R5
R5,Robusta,total_solids,,,10.72,g/100 mL,directly_reported_beverage_volumetric_concentration,107.2,kg/m^3,beverage_volume,9.1,RSD_PERCENT,CONDITION_LEVEL,CONDITION_LEVEL_RSD_RETAINED,False,True,puckworks/data/angeloni2023/total_solids.csv,R5
R6,Robusta,bioactives,3_caffeoylquinic_acid,3CQA,2.56,g/L,directly_reported_beverage_volumetric_concentration,2.56,kg/m^3,beverage_volume,,,VARIETY_LEVEL_RANGE_METADATA_ONLY,VARIETY_RANGE_ONLY_NOT_CONDITION_SPECIFIC,False,True,puckworks/data/angeloni2023/bioactives.csv,R6
R6,Robusta,bioactives,3_5_dicaffeoylquinic_acid,3_5diCQA,0.6,g/L,directly_reported_beverage_volumetric_concentration,0.6,kg/m^3,beverage_volume,,,VARIETY_LEVEL_RANGE_METADATA_ONLY,VARIETY_RANGE_ONLY_NOT_CONDITION_SPECIFIC,False,True,puckworks/data/angeloni2023/bioactives.csv,R6
R6,Robusta,bioactives,5_caffeoylquinic_acid,5CQA,4.85,g/L,directly_reported_beverage_volumetric_concentration,4.85,kg/m^3,beverage_volume,,,VARIETY_LEVEL_RANGE_METADATA_ONLY,VARIETY_RANGE_ONLY_NOT_CONDITION_SPECIFIC,False,True,puckworks/data/angeloni2023/bioactives.csv,R6
R6,Robusta,bioactives,acetic_acid,AA,14.43,g/L,directly_reported_beverage_volumetric_concentration,14.43,kg/m^3,beverage_volume,,,VARIETY_LEVEL_RANGE_METADATA_ONLY,VARIETY_RANGE_ONLY_NOT_CONDITION_SPECIFIC,False,True,puckworks/data/angeloni2023/bioactives.csv,R6
R6,Robusta,bioactives,citric_acid,CA,17.95,g/L,directly_reported_beverage_volumetric_concentration,17.95,kg/m^3,beverage_volume,,,VARIETY_LEVEL_RANGE_METADATA_ONLY,VARIETY_RANGE_ONLY_NOT_CONDITION_SPECIFIC,False,True,puckworks/data/angeloni2023/bioactives.csv,R6
R6,Robusta,bioactives,caffeine,CF,8.54,g/L,directly_reported_beverage_volumetric_concentration,8.54,kg/m^3,beverage_volume,,,VARIETY_LEVEL_RANGE_METADATA_ONLY,VARIETY_RANGE_ONLY_NOT_CONDITION_SPECIFIC,False,True,puckworks/data/angeloni2023/bioactives.csv,R6
R6,Robusta,bioactives,ferulic_acid,FA,0.42,g/L,directly_reported_beverage_volumetric_concentration,0.42,kg/m^3,beverage_volume,,,VARIETY_LEVEL_RANGE_METADATA_ONLY,VARIETY_RANGE_ONLY_NOT_CONDITION_SPECIFIC,False,True,puckworks/data/angeloni2023/bioactives.csv,R6
R6,Robusta,bioactives,tartaric_acid,TA,3.06,g/L,directly_reported_beverage_volumetric_concentration,3.06,kg/m^3,beverage_volume,,,VARIETY_LEVEL_RANGE_METADATA_ONLY,VARIETY_RANGE_ONLY_NOT_CONDITION_SPECIFIC,False,True,puckworks/data/angeloni2023/bioactives.csv,R6
R6,Robusta,bioactives,trigonelline,TR,3.17,g/L,directly_reported_beverage_volumetric_concentration,3.17,kg/m^3,beverage_volume,,,VARIETY_LEVEL_RANGE_METADATA_ONLY,VARIETY_RANGE_ONLY_NOT_CONDITION_SPECIFIC,False,True,puckworks/data/angeloni2023/bioactives.csv,R6
R6,Robusta,bioactives,total_chlorogenic_acids,totCQA,8.01,g/L,directly_reported_beverage_volumetric_concentration,8.01,kg/m^3,beverage_volume,,,VARIETY_LEVEL_RANGE_METADATA_ONLY,VARIETY_RANGE_ONLY_NOT_CONDITION_SPECIFIC,False,True,puckworks/data/angeloni2023/bioactives.csv,R6
R6,Robusta,bioactives,total_organic_acids,totOA,35.44,g/L,directly_reported_beverage_volumetric_concentration,35.44,kg/m^3,beverage_volume,,,VARIETY_LEVEL_RANGE_METADATA_ONLY,VARIETY_RANGE_ONLY_NOT_CONDITION_SPECIFIC,False,True,puckworks/data/angeloni2023/bioactives.csv,R6
R6,Robusta,lipids,total_lipids,LP,0.08,g/100 mL,directly_reported_beverage_volumetric_concentration,0.8,kg/m^3,beverage_volume,8.8,RSD_PERCENT,CONDITION_LEVEL,CONDITION_LEVEL_RSD_RETAINED,False,True,puckworks/data/angeloni2023/lipids.csv,R6
R6,Robusta,total_solids,,,11.2,g/100 mL,directly_reported_beverage_volumetric_concentration,112.0,kg/m^3,beverage_volume,0.9,RSD_PERCENT,CONDITION_LEVEL,CONDITION_LEVEL_RSD_RETAINED,False,True,puckworks/data/angeloni2023/total_solids.csv,R6
R7,Robusta,bioactives,3_caffeoylquinic_acid,3CQA,2.09,g/L,directly_reported_beverage_volumetric_concentration,2.09,kg/m^3,beverage_volume,,,VARIETY_LEVEL_RANGE_METADATA_ONLY,VARIETY_RANGE_ONLY_NOT_CONDITION_SPECIFIC,False,True,puckworks/data/angeloni2023/bioactives.csv,R7
R7,Robusta,bioactives,3_5_dicaffeoylquinic_acid,3_5diCQA,0.46,g/L,directly_reported_beverage_volumetric_concentration,0.46,kg/m^3,beverage_volume,,,VARIETY_LEVEL_RANGE_METADATA_ONLY,VARIETY_RANGE_ONLY_NOT_CONDITION_SPECIFIC,False,True,puckworks/data/angeloni2023/bioactives.csv,R7
R7,Robusta,bioactives,5_caffeoylquinic_acid,5CQA,3.0,g/L,directly_reported_beverage_volumetric_concentration,3.0,kg/m^3,beverage_volume,,,VARIETY_LEVEL_RANGE_METADATA_ONLY,VARIETY_RANGE_ONLY_NOT_CONDITION_SPECIFIC,False,True,puckworks/data/angeloni2023/bioactives.csv,R7
R7,Robusta,bioactives,acetic_acid,AA,7.46,g/L,directly_reported_beverage_volumetric_concentration,7.46,kg/m^3,beverage_volume,,,VARIETY_LEVEL_RANGE_METADATA_ONLY,VARIETY_RANGE_ONLY_NOT_CONDITION_SPECIFIC,False,True,puckworks/data/angeloni2023/bioactives.csv,R7
R7,Robusta,bioactives,citric_acid,CA,18.21,g/L,directly_reported_beverage_volumetric_concentration,18.21,kg/m^3,beverage_volume,,,VARIETY_LEVEL_RANGE_METADATA_ONLY,VARIETY_RANGE_ONLY_NOT_CONDITION_SPECIFIC,False,True,puckworks/data/angeloni2023/bioactives.csv,R7
R7,Robusta,bioactives,caffeine,CF,6.97,g/L,directly_reported_beverage_volumetric_concentration,6.97,kg/m^3,beverage_volume,,,VARIETY_LEVEL_RANGE_METADATA_ONLY,VARIETY_RANGE_ONLY_NOT_CONDITION_SPECIFIC,False,True,puckworks/data/angeloni2023/bioactives.csv,R7
R7,Robusta,bioactives,ferulic_acid,FA,0.36,g/L,directly_reported_beverage_volumetric_concentration,0.36,kg/m^3,beverage_volume,,,VARIETY_LEVEL_RANGE_METADATA_ONLY,VARIETY_RANGE_ONLY_NOT_CONDITION_SPECIFIC,False,True,puckworks/data/angeloni2023/bioactives.csv,R7
R7,Robusta,bioactives,tartaric_acid,TA,2.52,g/L,directly_reported_beverage_volumetric_concentration,2.52,kg/m^3,beverage_volume,,,VARIETY_LEVEL_RANGE_METADATA_ONLY,VARIETY_RANGE_ONLY_NOT_CONDITION_SPECIFIC,False,True,puckworks/data/angeloni2023/bioactives.csv,R7
R7,Robusta,bioactives,trigonelline,TR,2.64,g/L,directly_reported_beverage_volumetric_concentration,2.64,kg/m^3,beverage_volume,,,VARIETY_LEVEL_RANGE_METADATA_ONLY,VARIETY_RANGE_ONLY_NOT_CONDITION_SPECIFIC,False,True,puckworks/data/angeloni2023/bioactives.csv,R7
R7,Robusta,bioactives,total_chlorogenic_acids,totCQA,5.55,g/L,directly_reported_beverage_volumetric_concentration,5.55,kg/m^3,beverage_volume,,,VARIETY_LEVEL_RANGE_METADATA_ONLY,VARIETY_RANGE_ONLY_NOT_CONDITION_SPECIFIC,False,True,puckworks/data/angeloni2023/bioactives.csv,R7
R7,Robusta,bioactives,total_organic_acids,totOA,28.18,g/L,directly_reported_beverage_volumetric_concentration,28.18,kg/m^3,beverage_volume,,,VARIETY_LEVEL_RANGE_METADATA_ONLY,VARIETY_RANGE_ONLY_NOT_CONDITION_SPECIFIC,False,True,puckworks/data/angeloni2023/bioactives.csv,R7
R7,Robusta,lipids,total_lipids,LP,0.1,g/100 mL,directly_reported_beverage_volumetric_concentration,1.0,kg/m^3,beverage_volume,6.4,RSD_PERCENT,CONDITION_LEVEL,CONDITION_LEVEL_RSD_RETAINED,False,True,puckworks/data/angeloni2023/lipids.csv,R7
R7,Robusta,total_solids,,,11.19,g/100 mL,directly_reported_beverage_volumetric_concentration,111.89999999999999,kg/m^3,beverage_volume,3.8,RSD_PERCENT,CONDITION_LEVEL,CONDITION_LEVEL_RSD_RETAINED,False,True,puckworks/data/angeloni2023/total_solids.csv,R7
R8,Robusta,bioactives,3_caffeoylquinic_acid,3CQA,2.2,g/L,directly_reported_beverage_volumetric_concentration,2.2,kg/m^3,beverage_volume,,,VARIETY_LEVEL_RANGE_METADATA_ONLY,VARIETY_RANGE_ONLY_NOT_CONDITION_SPECIFIC,False,True,puckworks/data/angeloni2023/bioactives.csv,R8
R8,Robusta,bioactives,3_5_dicaffeoylquinic_acid,3_5diCQA,0.5,g/L,directly_reported_beverage_volumetric_concentration,0.5,kg/m^3,beverage_volume,,,VARIETY_LEVEL_RANGE_METADATA_ONLY,VARIETY_RANGE_ONLY_NOT_CONDITION_SPECIFIC,False,True,puckworks/data/angeloni2023/bioactives.csv,R8
R8,Robusta,bioactives,5_caffeoylquinic_acid,5CQA,4.27,g/L,directly_reported_beverage_volumetric_concentration,4.27,kg/m^3,beverage_volume,,,VARIETY_LEVEL_RANGE_METADATA_ONLY,VARIETY_RANGE_ONLY_NOT_CONDITION_SPECIFIC,False,True,puckworks/data/angeloni2023/bioactives.csv,R8
R8,Robusta,bioactives,acetic_acid,AA,10.01,g/L,directly_reported_beverage_volumetric_concentration,10.01,kg/m^3,beverage_volume,,,VARIETY_LEVEL_RANGE_METADATA_ONLY,VARIETY_RANGE_ONLY_NOT_CONDITION_SPECIFIC,False,True,puckworks/data/angeloni2023/bioactives.csv,R8
R8,Robusta,bioactives,citric_acid,CA,21.04,g/L,directly_reported_beverage_volumetric_concentration,21.04,kg/m^3,beverage_volume,,,VARIETY_LEVEL_RANGE_METADATA_ONLY,VARIETY_RANGE_ONLY_NOT_CONDITION_SPECIFIC,False,True,puckworks/data/angeloni2023/bioactives.csv,R8
R8,Robusta,bioactives,caffeine,CF,7.58,g/L,directly_reported_beverage_volumetric_concentration,7.58,kg/m^3,beverage_volume,,,VARIETY_LEVEL_RANGE_METADATA_ONLY,VARIETY_RANGE_ONLY_NOT_CONDITION_SPECIFIC,False,True,puckworks/data/angeloni2023/bioactives.csv,R8
R8,Robusta,bioactives,ferulic_acid,FA,0.35,g/L,directly_reported_beverage_volumetric_concentration,0.35,kg/m^3,beverage_volume,,,VARIETY_LEVEL_RANGE_METADATA_ONLY,VARIETY_RANGE_ONLY_NOT_CONDITION_SPECIFIC,False,True,puckworks/data/angeloni2023/bioactives.csv,R8
R8,Robusta,bioactives,tartaric_acid,TA,2.65,g/L,directly_reported_beverage_volumetric_concentration,2.65,kg/m^3,beverage_volume,,,VARIETY_LEVEL_RANGE_METADATA_ONLY,VARIETY_RANGE_ONLY_NOT_CONDITION_SPECIFIC,False,True,puckworks/data/angeloni2023/bioactives.csv,R8
R8,Robusta,bioactives,trigonelline,TR,2.73,g/L,directly_reported_beverage_volumetric_concentration,2.73,kg/m^3,beverage_volume,,,VARIETY_LEVEL_RANGE_METADATA_ONLY,VARIETY_RANGE_ONLY_NOT_CONDITION_SPECIFIC,False,True,puckworks/data/angeloni2023/bioactives.csv,R8
R8,Robusta,bioactives,total_chlorogenic_acids,totCQA,6.97,g/L,directly_reported_beverage_volumetric_concentration,6.97,kg/m^3,beverage_volume,,,VARIETY_LEVEL_RANGE_METADATA_ONLY,VARIETY_RANGE_ONLY_NOT_CONDITION_SPECIFIC,False,True,puckworks/data/angeloni2023/bioactives.csv,R8
R8,Robusta,bioactives,total_organic_acids,totOA,33.69,g/L,directly_reported_beverage_volumetric_concentration,33.69,kg/m^3,beverage_volume,,,VARIETY_LEVEL_RANGE_METADATA_ONLY,VARIETY_RANGE_ONLY_NOT_CONDITION_SPECIFIC,False,True,puckworks/data/angeloni2023/bioactives.csv,R8
R8,Robusta,lipids,total_lipids,LP,0.1,g/100 mL,directly_reported_beverage_volumetric_concentration,1.0,kg/m^3,beverage_volume,9.6,RSD_PERCENT,CONDITION_LEVEL,CONDITION_LEVEL_RSD_RETAINED,False,True,puckworks/data/angeloni2023/lipids.csv,R8
R8,Robusta,total_solids,,,9.63,g/100 mL,directly_reported_beverage_volumetric_concentration,96.30000000000001,kg/m^3,beverage_volume,14.0,RSD_PERCENT,CONDITION_LEVEL,CONDITION_LEVEL_RSD_RETAINED,False,True,puckworks/data/angeloni2023/total_solids.csv,R8
R9,Robusta,bioactives,3_caffeoylquinic_acid,3CQA,2.24,g/L,directly_reported_beverage_volumetric_concentration,2.24,kg/m^3,beverage_volume,,,VARIETY_LEVEL_RANGE_METADATA_ONLY,VARIETY_RANGE_ONLY_NOT_CONDITION_SPECIFIC,False,True,puckworks/data/angeloni2023/bioactives.csv,R9
R9,Robusta,bioactives,3_5_dicaffeoylquinic_acid,3_5diCQA,0.48,g/L,directly_reported_beverage_volumetric_concentration,0.48,kg/m^3,beverage_volume,,,VARIETY_LEVEL_RANGE_METADATA_ONLY,VARIETY_RANGE_ONLY_NOT_CONDITION_SPECIFIC,False,True,puckworks/data/angeloni2023/bioactives.csv,R9
R9,Robusta,bioactives,5_caffeoylquinic_acid,5CQA,3.22,g/L,directly_reported_beverage_volumetric_concentration,3.22,kg/m^3,beverage_volume,,,VARIETY_LEVEL_RANGE_METADATA_ONLY,VARIETY_RANGE_ONLY_NOT_CONDITION_SPECIFIC,False,True,puckworks/data/angeloni2023/bioactives.csv,R9
R9,Robusta,bioactives,acetic_acid,AA,10.1,g/L,directly_reported_beverage_volumetric_concentration,10.1,kg/m^3,beverage_volume,,,VARIETY_LEVEL_RANGE_METADATA_ONLY,VARIETY_RANGE_ONLY_NOT_CONDITION_SPECIFIC,False,True,puckworks/data/angeloni2023/bioactives.csv,R9
R9,Robusta,bioactives,citric_acid,CA,21.15,g/L,directly_reported_beverage_volumetric_concentration,21.15,kg/m^3,beverage_volume,,,VARIETY_LEVEL_RANGE_METADATA_ONLY,VARIETY_RANGE_ONLY_NOT_CONDITION_SPECIFIC,False,True,puckworks/data/angeloni2023/bioactives.csv,R9
R9,Robusta,bioactives,caffeine,CF,7.48,g/L,directly_reported_beverage_volumetric_concentration,7.48,kg/m^3,beverage_volume,,,VARIETY_LEVEL_RANGE_METADATA_ONLY,VARIETY_RANGE_ONLY_NOT_CONDITION_SPECIFIC,False,True,puckworks/data/angeloni2023/bioactives.csv,R9
R9,Robusta,bioactives,ferulic_acid,FA,0.41,g/L,directly_reported_beverage_volumetric_concentration,0.41,kg/m^3,beverage_volume,,,VARIETY_LEVEL_RANGE_METADATA_ONLY,VARIETY_RANGE_ONLY_NOT_CONDITION_SPECIFIC,False,True,puckworks/data/angeloni2023/bioactives.csv,R9
R9,Robusta,bioactives,tartaric_acid,TA,2.66,g/L,directly_reported_beverage_volumetric_concentration,2.66,kg/m^3,beverage_volume,,,VARIETY_LEVEL_RANGE_METADATA_ONLY,VARIETY_RANGE_ONLY_NOT_CONDITION_SPECIFIC,False,True,puckworks/data/angeloni2023/bioactives.csv,R9
R9,Robusta,bioactives,trigonelline,TR,2.76,g/L,directly_reported_beverage_volumetric_concentration,2.76,kg/m^3,beverage_volume,,,VARIETY_LEVEL_RANGE_METADATA_ONLY,VARIETY_RANGE_ONLY_NOT_CONDITION_SPECIFIC,False,True,puckworks/data/angeloni2023/bioactives.csv,R9
R9,Robusta,bioactives,total_chlorogenic_acids,totCQA,5.95,g/L,directly_reported_beverage_volumetric_concentration,5.95,kg/m^3,beverage_volume,,,VARIETY_LEVEL_RANGE_METADATA_ONLY,VARIETY_RANGE_ONLY_NOT_CONDITION_SPECIFIC,False,True,puckworks/data/angeloni2023/bioactives.csv,R9
R9,Robusta,bioactives,total_organic_acids,totOA,33.91,g/L,directly_reported_beverage_volumetric_concentration,33.91,kg/m^3,beverage_volume,,,VARIETY_LEVEL_RANGE_METADATA_ONLY,VARIETY_RANGE_ONLY_NOT_CONDITION_SPECIFIC,False,True,puckworks/data/angeloni2023/bioactives.csv,R9
R9,Robusta,lipids,total_lipids,LP,0.06,g/100 mL,directly_reported_beverage_volumetric_concentration,0.6,kg/m^3,beverage_volume,4.2,RSD_PERCENT,CONDITION_LEVEL,CONDITION_LEVEL_RSD_RETAINED,False,True,puckworks/data/angeloni2023/lipids.csv,R9
R9,Robusta,total_solids,,,10.88,g/100 mL,directly_reported_beverage_volumetric_concentration,108.80000000000001,kg/m^3,beverage_volume,3.7,RSD_PERCENT,CONDITION_LEVEL,CONDITION_LEVEL_RSD_RETAINED,False,True,puckworks/data/angeloni2023/total_solids.csv,R9
