tension_id,lens,lens_letter,difference_type,entity_ids,shared_observable,shared_domain,difference_summary,evidence_basis,candidate_discriminator,data_available,cheap_test_possible,candidate_id,human_status,relation_confidences,source_paths,source_commit
T-0001,calibration_artifact_portability,D,calibration_artifact_producer,model:brewer2026.lb_reference | model:wadsworth2026.inertial,,flow,"brewer2026.lb_reference is a calibration component on stage flow (provenance project_model, evidence code_verification). Declared validity: verification twin; production runs use lb_taichi. POSSIBLE DOWNSTREAM components (same stage, runtime role — a consuming path is NOT established): wadsworth2026.inertial","registry execution_role + valid_range + evidence_strength, verbatim. Same-stage co-location only; no output-to-input path was checked.","first establish whether any named component actually consumes this artifact, then source-swap sensitivity on that path",YES,UNKNOWN,I-001,UNREVIEWED,explicit,puckworks/registry.py,28cb97ae0363622ec5475b2bb3865cf60f32dea9
T-0002,calibration_artifact_portability,D,calibration_artifact_producer,model:brewer2026.lb_taichi | model:wadsworth2026.inertial,,flow,"brewer2026.lb_taichi is a calibration component on stage flow (provenance project_model, evidence code_verification). Declared validity: CPU/GPU; optional dependency taichi. POSSIBLE DOWNSTREAM components (same stage, runtime role — a consuming path is NOT established): wadsworth2026.inertial","registry execution_role + valid_range + evidence_strength, verbatim. Same-stage co-location only; no output-to-input path was checked.","first establish whether any named component actually consumes this artifact, then source-swap sensitivity on that path",YES,UNKNOWN,I-002,UNREVIEWED,explicit,puckworks/registry.py,28cb97ae0363622ec5475b2bb3865cf60f32dea9
T-0003,calibration_artifact_portability,D,calibration_artifact_producer,model:brewer2026.pack_generator,,packing,"brewer2026.pack_generator is a calibration component on stage packing (provenance project_model, evidence qualitative_capacity). Declared validity: grain radius >= 10 voxels; columns >= 5 grain diameters for sigma. POSSIBLE DOWNSTREAM components (same stage, runtime role — a consuming path is NOT established): none registered on this stage","registry execution_role + valid_range + evidence_strength, verbatim. Same-stage co-location only; no output-to-input path was checked.","first establish whether any named component actually consumes this artifact, then source-swap sensitivity on that path",YES,NO,I-003,UNREVIEWED,explicit,puckworks/registry.py,28cb97ae0363622ec5475b2bb3865cf60f32dea9
T-0004,calibration_artifact_portability,D,calibration_artifact_producer,model:fasano2000_partI.fines_migration | model:brewer2026.coupled_kappa_t | model:brewer2026.streamtube | model:mo2023_2.swelling | model:waszkiewicz2025.poroelastic,,bed_dynamics,"fasano2000_partI.fines_migration is a calibration component on stage bed_dynamics (provenance published_port, evidence qualitative_capacity). Declared validity: MECHANISM demonstration / verification strength ONLY (the card's own level for the source). Reproduces the STRUCTURE: mass balance 8.33 closed <1%, q(t) monotone-nonincreasing (Lemma 8.3), s>=s_m (Lemma 8.1), nonmonotone q_inf(p0) with interior peak (Fig 8.6 shape). Does NOT reproduce their exact curve (closures unpublished); enters by GATE not inheritance, like RC-3b. No espresso-data fit possible. POSSIBLE DOWNSTREAM components (same stage, runtime role — a consuming path is NOT established): brewer2026.coupled_kappa_t, brewer2026.streamtube, mo2023_2.swelling, waszkiewicz2025.poroelastic","registry execution_role + valid_range + evidence_strength, verbatim. Same-stage co-location only; no output-to-input path was checked.","first establish whether any named component actually consumes this artifact, then source-swap sensitivity on that path",YES,UNKNOWN,I-004,UNREVIEWED,explicit,puckworks/registry.py,28cb97ae0363622ec5475b2bb3865cf60f32dea9
T-0005,calibration_artifact_portability,D,calibration_artifact_producer,model:lee2023.feedback | model:wadsworth2026.inertial,,flow,"lee2023.feedback is a calibration component on stage flow (provenance published_port, evidence qualitative_capacity). Declared validity: Cameron 2020 EK43 g=1.1-2.3; grinder maps t_shot(g)/S(g) fitted to Cameron; QUALITATIVE fine-grind-dip hypothesis (c) ONLY. The DECLINE needs an UNPHYSICAL rho_c=798 (2x measured); the physical rho_c=399 gives only a PLATEAU (documented negative result). Not a data-fitting component; brings no new data. POSSIBLE DOWNSTREAM components (same stage, runtime role — a consuming path is NOT established): wadsworth2026.inertial","registry execution_role + valid_range + evidence_strength, verbatim. Same-stage co-location only; no output-to-input path was checked.","first establish whether any named component actually consumes this artifact, then source-swap sensitivity on that path",YES,UNKNOWN,I-005,UNREVIEWED,explicit,puckworks/registry.py,28cb97ae0363622ec5475b2bb3865cf60f32dea9
T-0006,calibration_artifact_portability,D,calibration_artifact_producer,model:liang2021.desorption | model:cameron2020.extraction_bdf | model:grudeva2025.reduced | model:mo2023_2.coupled_bed | model:pannusch2024.solver | model:romancorrochano2017.extraction,,extraction,"liang2021.desorption is a calibration component on stage extraction (provenance published_port, evidence post_fit_reconstruction). Declared validity: R_brew>=3 (fails at 2); 80-99 C immersion; supplies equilibrium ceiling + oven-dry/retention observable kernel only. POSSIBLE DOWNSTREAM components (same stage, runtime role — a consuming path is NOT established): cameron2020.extraction_bdf, grudeva2025.reduced, mo2023_2.coupled_bed, pannusch2024.solver, romancorrochano2017.extraction","registry execution_role + valid_range + evidence_strength, verbatim. Same-stage co-location only; no output-to-input path was checked.","first establish whether any named component actually consumes this artifact, then source-swap sensitivity on that path",YES,UNKNOWN,I-006,UNREVIEWED,explicit,puckworks/registry.py,28cb97ae0363622ec5475b2bb3865cf60f32dea9
T-0007,calibration_artifact_portability,D,calibration_artifact_producer,model:maille2024.phi_closure,,grind,"maille2024.phi_closure is a calibration component on stage grind (provenance published_port, evidence code_verification). Declared validity: INSTRUMENT-SPECIFIC: Malvern 100-bin scale, bin 75 ~ 186 um cut, liquid/air hybrid splice. phi from any other PSD representation is a DIFFERENT quantity. Source phi 0.356-0.648 over D[4,3] 537-1540 um (drip-coarse) -- cameron's espresso PSDs give 0.85-0.94, an EXTRAPOLATION. Per-bin PSD arrays are UNPUBLISHED, so Eqs 6.8-6.9 cannot be run end-to-end from the source; the E1 gate uses the D[4,3] single-diameter approximation. POSSIBLE DOWNSTREAM components (same stage, runtime role — a consuming path is NOT established): none registered on this stage","registry execution_role + valid_range + evidence_strength, verbatim. Same-stage co-location only; no output-to-input path was checked.","first establish whether any named component actually consumes this artifact, then source-swap sensitivity on that path",YES,NO,I-007,UNREVIEWED,explicit,puckworks/registry.py,28cb97ae0363622ec5475b2bb3865cf60f32dea9
T-0008,calibration_artifact_portability,D,calibration_artifact_producer,model:maille2024.two_regime | model:cameron2020.extraction_bdf | model:grudeva2025.reduced | model:mo2023_2.coupled_bed | model:pannusch2024.solver | model:romancorrochano2017.extraction,,extraction,"maille2024.two_regime is a calibration component on stage extraction (provenance published_port, evidence source_curve_reproduction). Declared validity: stirred atmospheric BATCH reactor at 91.5 C, 0.028 g/mL, single Colombian lot, two roasts, five species, 5-600 s with the first ~4 s unobserved. NO bed, NO pressure, NO flow, NO permeability, NO EY, NO TDS -- it cannot yield a yield, and ShotResultState is unreachable. Grind is DRIP-COARSE (D[4,3] 537-1540 um); any use at espresso grind is EXTRAPOLATION. lambda are per-material curve fits, not material properties -- they transfer nowhere on their own. POSSIBLE DOWNSTREAM components (same stage, runtime role — a consuming path is NOT established): cameron2020.extraction_bdf, grudeva2025.reduced, mo2023_2.coupled_bed, pannusch2024.solver, romancorrochano2017.extraction","registry execution_role + valid_range + evidence_strength, verbatim. Same-stage co-location only; no output-to-input path was checked.","first establish whether any named component actually consumes this artifact, then source-swap sensitivity on that path",YES,UNKNOWN,I-008,UNREVIEWED,explicit,puckworks/registry.py,28cb97ae0363622ec5475b2bb3865cf60f32dea9
T-0009,calibration_artifact_portability,D,calibration_artifact_producer,model:moroney2016.surrogate | model:cameron2020.extraction_bdf | model:grudeva2025.reduced | model:mo2023_2.coupled_bed | model:pannusch2024.solver | model:romancorrochano2017.extraction,,extraction,"moroney2016.surrogate is a calibration component on stage extraction (provenance published_port, evidence qualitative_capacity). Declared validity: saturated bed; eps=0.127 (~13% truncation); Fig 6 reproduction QUALITATIVE (plateau + wash-through timing, not the tail). POSSIBLE DOWNSTREAM components (same stage, runtime role — a consuming path is NOT established): cameron2020.extraction_bdf, grudeva2025.reduced, mo2023_2.coupled_bed, pannusch2024.solver, romancorrochano2017.extraction","registry execution_role + valid_range + evidence_strength, verbatim. Same-stage co-location only; no output-to-input path was checked.","first establish whether any named component actually consumes this artifact, then source-swap sensitivity on that path",YES,UNKNOWN,I-009,UNREVIEWED,explicit,puckworks/registry.py,28cb97ae0363622ec5475b2bb3865cf60f32dea9
T-0010,calibration_artifact_portability,D,calibration_artifact_producer,model:pannusch2024.closures | model:cameron2020.extraction_bdf | model:grudeva2025.reduced | model:mo2023_2.coupled_bed | model:pannusch2024.solver | model:romancorrochano2017.extraction,,extraction,"pannusch2024.closures is a calibration component on stage extraction (provenance published_port, evidence code_verification). Declared validity: T 80-98 C, Q 1-3 mL/s; fitted Sherwood params lack generality; Wilke-Chang over-predicts absolute D but is the model's own law. POSSIBLE DOWNSTREAM components (same stage, runtime role — a consuming path is NOT established): cameron2020.extraction_bdf, grudeva2025.reduced, mo2023_2.coupled_bed, pannusch2024.solver, romancorrochano2017.extraction","registry execution_role + valid_range + evidence_strength, verbatim. Same-stage co-location only; no output-to-input path was checked.","first establish whether any named component actually consumes this artifact, then source-swap sensitivity on that path",YES,UNKNOWN,I-010,UNREVIEWED,explicit,puckworks/registry.py,28cb97ae0363622ec5475b2bb3865cf60f32dea9
T-0011,calibration_artifact_portability,D,calibration_artifact_producer,model:sourcing2026.g10_liquor_rheology | model:wadsworth2026.inertial,,flow,"sourcing2026.g10_liquor_rheology is a calibration component on stage flow (provenance reference_only, evidence source_curve_reproduction). Declared validity: source_curve_reproduction for the extract rheology (closures reproduce the FULL digitized Table-1 eta / Table-2 K grids within the authors' stated fit error); espresso application remains extrapolation/compatibility-strength. POSSIBLE DOWNSTREAM components (same stage, runtime role — a consuming path is NOT established): wadsworth2026.inertial","registry execution_role + valid_range + evidence_strength, verbatim. Same-stage co-location only; no output-to-input path was checked.","first establish whether any named component actually consumes this artifact, then source-swap sensitivity on that path",YES,UNKNOWN,I-011,UNREVIEWED,explicit,puckworks/registry.py,28cb97ae0363622ec5475b2bb3865cf60f32dea9
T-0012,calibration_artifact_portability,D,calibration_artifact_producer,model:sourcing2026.g1_glassbead_analog | model:foster2025.infiltration,,infiltration,"sourcing2026.g1_glassbead_analog is a calibration component on stage infiltration (provenance reference_only, evidence qualitative_capacity). Declared validity: reference/qualitative; G1 coffee retention search target OPEN. POSSIBLE DOWNSTREAM components (same stage, runtime role — a consuming path is NOT established): foster2025.infiltration","registry execution_role + valid_range + evidence_strength, verbatim. Same-stage co-location only; no output-to-input path was checked.","first establish whether any named component actually consumes this artifact, then source-swap sensitivity on that path",YES,UNKNOWN,I-012,UNREVIEWED,explicit,puckworks/registry.py,28cb97ae0363622ec5475b2bb3865cf60f32dea9
T-0013,calibration_artifact_portability,D,calibration_artifact_producer,model:sourcing2026.g3_pump_characteristic | model:foster2025.machine_mode,,machine,"sourcing2026.g3_pump_characteristic is a calibration component on stage machine (provenance reference_only, evidence sign_or_compatibility). Declared validity: reference (endpoints)/qualitative (shape); DE1 firmware closed. POSSIBLE DOWNSTREAM components (same stage, runtime role — a consuming path is NOT established): foster2025.machine_mode","registry execution_role + valid_range + evidence_strength, verbatim. Same-stage co-location only; no output-to-input path was checked.","first establish whether any named component actually consumes this artifact, then source-swap sensitivity on that path",YES,UNKNOWN,I-013,UNREVIEWED,explicit,puckworks/registry.py,28cb97ae0363622ec5475b2bb3865cf60f32dea9
T-0014,calibration_artifact_portability,D,calibration_artifact_producer,model:wadsworth2026.grindmap,,grind,"wadsworth2026.grindmap is a calibration component on stage grind (provenance published_port, evidence source_curve_reproduction). Declared validity: Mahlkonig this burr/calibration ONLY; G 1-11, <R> 145-818 um; grinder-specific, non-portable to EK43/E65S dials (A9/rule 9). POSSIBLE DOWNSTREAM components (same stage, runtime role — a consuming path is NOT established): none registered on this stage","registry execution_role + valid_range + evidence_strength, verbatim. Same-stage co-location only; no output-to-input path was checked.","first establish whether any named component actually consumes this artifact, then source-swap sensitivity on that path",YES,NO,I-014,UNREVIEWED,explicit,puckworks/registry.py,28cb97ae0363622ec5475b2bb3865cf60f32dea9
T-0015,calibration_artifact_portability,D,calibration_artifact_producer,model:wadsworth2026.permeability,,packing,"wadsworth2026.permeability is a calibration component on stage packing (provenance published_port, evidence source_curve_reproduction). Declared validity: <R> 145-818 um, two arabica roasts. POSSIBLE DOWNSTREAM components (same stage, runtime role — a consuming path is NOT established): none registered on this stage","registry execution_role + valid_range + evidence_strength, verbatim. Same-stage co-location only; no output-to-input path was checked.","first establish whether any named component actually consumes this artifact, then source-swap sensitivity on that path",YES,NO,I-015,UNREVIEWED,explicit,puckworks/registry.py,28cb97ae0363622ec5475b2bb3865cf60f32dea9
T-0016,composition_failure,C,published_composition_failure,claim:PV-05,,,"Public claim PV-05 already reports a composition failure: 'Adding a swelling branch made this tested model worse.' (badge EXPLORATORY_SIMULATION, caveat: Diagnoses THIS shared-porosity composition, not the existence of swelling; does NOT prove the extraction-only mechanism; and 'simple is always best' is NOT the )","generated public claim registry, verbatim",the same base+one-mechanism protocol across other component combinations,YES,YES,I-016,UNREVIEWED,explicit,docs/public/generated/claims.json,28cb97ae0363622ec5475b2bb3865cf60f32dea9
T-0017,composition_failure,C,same_source_pair_requires_composition_audit,model:brewer2026.coupled_kappa_t | model:brewer2026.lb_reference,,bed_dynamics / flow,"brewer2026.coupled_kappa_t and brewer2026.lb_reference are both registered from source brewer2026 (roles runtime / calibration; stages bed_dynamics / flow; evidence exploratory_synthesis / code_verification). Their RELATIONSHIP is unclassified: sharing a source does not make them a base/superset pair, and they may equally be alternative reductions or independent components.",registry: two components sharing one source prefix. That is ALL it establishes — no card relation was read as declaring one a superset of the other.,classify the pair first (base/superset · alternative reductions · independent); only base/superset proceeds to a held-out comparison,UNKNOWN,UNKNOWN,I-017,UNREVIEWED,explicit,puckworks/registry.py,28cb97ae0363622ec5475b2bb3865cf60f32dea9
T-0018,composition_failure,C,same_source_pair_requires_composition_audit,model:brewer2026.coupled_kappa_t | model:brewer2026.lb_taichi,,bed_dynamics / flow,"brewer2026.coupled_kappa_t and brewer2026.lb_taichi are both registered from source brewer2026 (roles runtime / calibration; stages bed_dynamics / flow; evidence exploratory_synthesis / code_verification). Their RELATIONSHIP is unclassified: sharing a source does not make them a base/superset pair, and they may equally be alternative reductions or independent components.",registry: two components sharing one source prefix. That is ALL it establishes — no card relation was read as declaring one a superset of the other.,classify the pair first (base/superset · alternative reductions · independent); only base/superset proceeds to a held-out comparison,UNKNOWN,UNKNOWN,I-017,UNREVIEWED,explicit,puckworks/registry.py,28cb97ae0363622ec5475b2bb3865cf60f32dea9
T-0019,composition_failure,C,same_source_pair_requires_composition_audit,model:brewer2026.coupled_kappa_t | model:brewer2026.pack_generator,,bed_dynamics / packing,"brewer2026.coupled_kappa_t and brewer2026.pack_generator are both registered from source brewer2026 (roles runtime / calibration; stages bed_dynamics / packing; evidence exploratory_synthesis / qualitative_capacity). Their RELATIONSHIP is unclassified: sharing a source does not make them a base/superset pair, and they may equally be alternative reductions or independent components.",registry: two components sharing one source prefix. That is ALL it establishes — no card relation was read as declaring one a superset of the other.,classify the pair first (base/superset · alternative reductions · independent); only base/superset proceeds to a held-out comparison,UNKNOWN,UNKNOWN,I-017,UNREVIEWED,explicit,puckworks/registry.py,28cb97ae0363622ec5475b2bb3865cf60f32dea9
T-0020,composition_failure,C,same_source_pair_requires_composition_audit,model:brewer2026.coupled_kappa_t | model:brewer2026.streamtube,,bed_dynamics / bed_dynamics,"brewer2026.coupled_kappa_t and brewer2026.streamtube are both registered from source brewer2026 (roles runtime / runtime; stages bed_dynamics / bed_dynamics; evidence exploratory_synthesis / within_campaign_held_out). Their RELATIONSHIP is unclassified: sharing a source does not make them a base/superset pair, and they may equally be alternative reductions or independent components.",registry: two components sharing one source prefix. That is ALL it establishes — no card relation was read as declaring one a superset of the other.,classify the pair first (base/superset · alternative reductions · independent); only base/superset proceeds to a held-out comparison,UNKNOWN,UNKNOWN,I-017,UNREVIEWED,explicit,puckworks/registry.py,28cb97ae0363622ec5475b2bb3865cf60f32dea9
T-0021,composition_failure,C,same_source_pair_requires_composition_audit,model:brewer2026.lb_reference | model:brewer2026.lb_taichi,,flow / flow,"brewer2026.lb_reference and brewer2026.lb_taichi are both registered from source brewer2026 (roles calibration / calibration; stages flow / flow; evidence code_verification / code_verification). Their RELATIONSHIP is unclassified: sharing a source does not make them a base/superset pair, and they may equally be alternative reductions or independent components.",registry: two components sharing one source prefix. That is ALL it establishes — no card relation was read as declaring one a superset of the other.,classify the pair first (base/superset · alternative reductions · independent); only base/superset proceeds to a held-out comparison,UNKNOWN,UNKNOWN,I-017,UNREVIEWED,explicit,puckworks/registry.py,28cb97ae0363622ec5475b2bb3865cf60f32dea9
T-0022,composition_failure,C,same_source_pair_requires_composition_audit,model:brewer2026.lb_reference | model:brewer2026.pack_generator,,flow / packing,"brewer2026.lb_reference and brewer2026.pack_generator are both registered from source brewer2026 (roles calibration / calibration; stages flow / packing; evidence code_verification / qualitative_capacity). Their RELATIONSHIP is unclassified: sharing a source does not make them a base/superset pair, and they may equally be alternative reductions or independent components.",registry: two components sharing one source prefix. That is ALL it establishes — no card relation was read as declaring one a superset of the other.,classify the pair first (base/superset · alternative reductions · independent); only base/superset proceeds to a held-out comparison,UNKNOWN,UNKNOWN,I-017,UNREVIEWED,explicit,puckworks/registry.py,28cb97ae0363622ec5475b2bb3865cf60f32dea9
T-0023,composition_failure,C,same_source_pair_requires_composition_audit,model:brewer2026.lb_reference | model:brewer2026.streamtube,,flow / bed_dynamics,"brewer2026.lb_reference and brewer2026.streamtube are both registered from source brewer2026 (roles calibration / runtime; stages flow / bed_dynamics; evidence code_verification / within_campaign_held_out). Their RELATIONSHIP is unclassified: sharing a source does not make them a base/superset pair, and they may equally be alternative reductions or independent components.",registry: two components sharing one source prefix. That is ALL it establishes — no card relation was read as declaring one a superset of the other.,classify the pair first (base/superset · alternative reductions · independent); only base/superset proceeds to a held-out comparison,UNKNOWN,UNKNOWN,I-017,UNREVIEWED,explicit,puckworks/registry.py,28cb97ae0363622ec5475b2bb3865cf60f32dea9
T-0024,composition_failure,C,same_source_pair_requires_composition_audit,model:brewer2026.lb_taichi | model:brewer2026.pack_generator,,flow / packing,"brewer2026.lb_taichi and brewer2026.pack_generator are both registered from source brewer2026 (roles calibration / calibration; stages flow / packing; evidence code_verification / qualitative_capacity). Their RELATIONSHIP is unclassified: sharing a source does not make them a base/superset pair, and they may equally be alternative reductions or independent components.",registry: two components sharing one source prefix. That is ALL it establishes — no card relation was read as declaring one a superset of the other.,classify the pair first (base/superset · alternative reductions · independent); only base/superset proceeds to a held-out comparison,UNKNOWN,UNKNOWN,I-017,UNREVIEWED,explicit,puckworks/registry.py,28cb97ae0363622ec5475b2bb3865cf60f32dea9
T-0025,composition_failure,C,same_source_pair_requires_composition_audit,model:brewer2026.lb_taichi | model:brewer2026.streamtube,,flow / bed_dynamics,"brewer2026.lb_taichi and brewer2026.streamtube are both registered from source brewer2026 (roles calibration / runtime; stages flow / bed_dynamics; evidence code_verification / within_campaign_held_out). Their RELATIONSHIP is unclassified: sharing a source does not make them a base/superset pair, and they may equally be alternative reductions or independent components.",registry: two components sharing one source prefix. That is ALL it establishes — no card relation was read as declaring one a superset of the other.,classify the pair first (base/superset · alternative reductions · independent); only base/superset proceeds to a held-out comparison,UNKNOWN,UNKNOWN,I-017,UNREVIEWED,explicit,puckworks/registry.py,28cb97ae0363622ec5475b2bb3865cf60f32dea9
T-0026,composition_failure,C,same_source_pair_requires_composition_audit,model:brewer2026.pack_generator | model:brewer2026.streamtube,,packing / bed_dynamics,"brewer2026.pack_generator and brewer2026.streamtube are both registered from source brewer2026 (roles calibration / runtime; stages packing / bed_dynamics; evidence qualitative_capacity / within_campaign_held_out). Their RELATIONSHIP is unclassified: sharing a source does not make them a base/superset pair, and they may equally be alternative reductions or independent components.",registry: two components sharing one source prefix. That is ALL it establishes — no card relation was read as declaring one a superset of the other.,classify the pair first (base/superset · alternative reductions · independent); only base/superset proceeds to a held-out comparison,UNKNOWN,UNKNOWN,I-017,UNREVIEWED,explicit,puckworks/registry.py,28cb97ae0363622ec5475b2bb3865cf60f32dea9
T-0027,composition_failure,C,same_source_pair_requires_composition_audit,model:foster2025.infiltration | model:foster2025.machine_mode,,infiltration / machine,"foster2025.infiltration and foster2025.machine_mode are both registered from source foster2025 (roles runtime / runtime; stages infiltration / machine; evidence sign_or_compatibility / source_curve_reproduction). Their RELATIONSHIP is unclassified: sharing a source does not make them a base/superset pair, and they may equally be alternative reductions or independent components.",registry: two components sharing one source prefix. That is ALL it establishes — no card relation was read as declaring one a superset of the other.,classify the pair first (base/superset · alternative reductions · independent); only base/superset proceeds to a held-out comparison,UNKNOWN,UNKNOWN,I-018,UNREVIEWED,explicit,puckworks/registry.py,28cb97ae0363622ec5475b2bb3865cf60f32dea9
T-0028,composition_failure,C,same_source_pair_requires_composition_audit,model:maille2024.phi_closure | model:maille2024.two_regime,,grind / extraction,"maille2024.phi_closure and maille2024.two_regime are both registered from source maille2024 (roles calibration / calibration; stages grind / extraction; evidence code_verification / source_curve_reproduction). Their RELATIONSHIP is unclassified: sharing a source does not make them a base/superset pair, and they may equally be alternative reductions or independent components.",registry: two components sharing one source prefix. That is ALL it establishes — no card relation was read as declaring one a superset of the other.,classify the pair first (base/superset · alternative reductions · independent); only base/superset proceeds to a held-out comparison,UNKNOWN,UNKNOWN,I-019,UNREVIEWED,explicit,puckworks/registry.py,28cb97ae0363622ec5475b2bb3865cf60f32dea9
T-0029,composition_failure,C,same_source_pair_requires_composition_audit,model:mo2023_2.coupled_bed | model:mo2023_2.swelling,,extraction / bed_dynamics,"mo2023_2.coupled_bed and mo2023_2.swelling are both registered from source mo2023_2 (roles runtime / runtime; stages extraction / bed_dynamics; evidence post_fit_reconstruction / source_curve_reproduction). Their RELATIONSHIP is unclassified: sharing a source does not make them a base/superset pair, and they may equally be alternative reductions or independent components.",registry: two components sharing one source prefix. That is ALL it establishes — no card relation was read as declaring one a superset of the other.,classify the pair first (base/superset · alternative reductions · independent); only base/superset proceeds to a held-out comparison,UNKNOWN,UNKNOWN,I-020,UNREVIEWED,explicit,puckworks/registry.py,28cb97ae0363622ec5475b2bb3865cf60f32dea9
T-0030,composition_failure,C,same_source_pair_requires_composition_audit,model:pannusch2024.closures | model:pannusch2024.solver,,extraction / extraction,"pannusch2024.closures and pannusch2024.solver are both registered from source pannusch2024 (roles calibration / runtime; stages extraction / extraction; evidence code_verification / post_fit_reconstruction). Their RELATIONSHIP is unclassified: sharing a source does not make them a base/superset pair, and they may equally be alternative reductions or independent components.",registry: two components sharing one source prefix. That is ALL it establishes — no card relation was read as declaring one a superset of the other.,classify the pair first (base/superset · alternative reductions · independent); only base/superset proceeds to a held-out comparison,UNKNOWN,UNKNOWN,I-021,UNREVIEWED,explicit,puckworks/registry.py,28cb97ae0363622ec5475b2bb3865cf60f32dea9
T-0031,composition_failure,C,same_source_pair_requires_composition_audit,model:sourcing2026.g10_liquor_rheology | model:sourcing2026.g1_glassbead_analog,,flow / infiltration,"sourcing2026.g10_liquor_rheology and sourcing2026.g1_glassbead_analog are both registered from source sourcing2026 (roles calibration / calibration; stages flow / infiltration; evidence source_curve_reproduction / qualitative_capacity). Their RELATIONSHIP is unclassified: sharing a source does not make them a base/superset pair, and they may equally be alternative reductions or independent components.",registry: two components sharing one source prefix. That is ALL it establishes — no card relation was read as declaring one a superset of the other.,classify the pair first (base/superset · alternative reductions · independent); only base/superset proceeds to a held-out comparison,UNKNOWN,UNKNOWN,I-022,UNREVIEWED,explicit,puckworks/registry.py,28cb97ae0363622ec5475b2bb3865cf60f32dea9
T-0032,composition_failure,C,same_source_pair_requires_composition_audit,model:sourcing2026.g10_liquor_rheology | model:sourcing2026.g3_pump_characteristic,,flow / machine,"sourcing2026.g10_liquor_rheology and sourcing2026.g3_pump_characteristic are both registered from source sourcing2026 (roles calibration / calibration; stages flow / machine; evidence source_curve_reproduction / sign_or_compatibility). Their RELATIONSHIP is unclassified: sharing a source does not make them a base/superset pair, and they may equally be alternative reductions or independent components.",registry: two components sharing one source prefix. That is ALL it establishes — no card relation was read as declaring one a superset of the other.,classify the pair first (base/superset · alternative reductions · independent); only base/superset proceeds to a held-out comparison,UNKNOWN,UNKNOWN,I-022,UNREVIEWED,explicit,puckworks/registry.py,28cb97ae0363622ec5475b2bb3865cf60f32dea9
T-0033,composition_failure,C,same_source_pair_requires_composition_audit,model:sourcing2026.g1_glassbead_analog | model:sourcing2026.g3_pump_characteristic,,infiltration / machine,"sourcing2026.g1_glassbead_analog and sourcing2026.g3_pump_characteristic are both registered from source sourcing2026 (roles calibration / calibration; stages infiltration / machine; evidence qualitative_capacity / sign_or_compatibility). Their RELATIONSHIP is unclassified: sharing a source does not make them a base/superset pair, and they may equally be alternative reductions or independent components.",registry: two components sharing one source prefix. That is ALL it establishes — no card relation was read as declaring one a superset of the other.,classify the pair first (base/superset · alternative reductions · independent); only base/superset proceeds to a held-out comparison,UNKNOWN,UNKNOWN,I-022,UNREVIEWED,explicit,puckworks/registry.py,28cb97ae0363622ec5475b2bb3865cf60f32dea9
T-0034,composition_failure,C,same_source_pair_requires_composition_audit,model:wadsworth2026.grindmap | model:wadsworth2026.inertial,,grind / flow,"wadsworth2026.grindmap and wadsworth2026.inertial are both registered from source wadsworth2026 (roles calibration / runtime; stages grind / flow; evidence source_curve_reproduction / source_curve_reproduction). Their RELATIONSHIP is unclassified: sharing a source does not make them a base/superset pair, and they may equally be alternative reductions or independent components.",registry: two components sharing one source prefix. That is ALL it establishes — no card relation was read as declaring one a superset of the other.,classify the pair first (base/superset · alternative reductions · independent); only base/superset proceeds to a held-out comparison,UNKNOWN,UNKNOWN,I-023,UNREVIEWED,explicit,puckworks/registry.py,28cb97ae0363622ec5475b2bb3865cf60f32dea9
T-0035,composition_failure,C,same_source_pair_requires_composition_audit,model:wadsworth2026.grindmap | model:wadsworth2026.permeability,,grind / packing,"wadsworth2026.grindmap and wadsworth2026.permeability are both registered from source wadsworth2026 (roles calibration / calibration; stages grind / packing; evidence source_curve_reproduction / source_curve_reproduction). Their RELATIONSHIP is unclassified: sharing a source does not make them a base/superset pair, and they may equally be alternative reductions or independent components.",registry: two components sharing one source prefix. That is ALL it establishes — no card relation was read as declaring one a superset of the other.,classify the pair first (base/superset · alternative reductions · independent); only base/superset proceeds to a held-out comparison,UNKNOWN,UNKNOWN,I-023,UNREVIEWED,explicit,puckworks/registry.py,28cb97ae0363622ec5475b2bb3865cf60f32dea9
T-0036,composition_failure,C,same_source_pair_requires_composition_audit,model:wadsworth2026.inertial | model:wadsworth2026.permeability,,flow / packing,"wadsworth2026.inertial and wadsworth2026.permeability are both registered from source wadsworth2026 (roles runtime / calibration; stages flow / packing; evidence source_curve_reproduction / source_curve_reproduction). Their RELATIONSHIP is unclassified: sharing a source does not make them a base/superset pair, and they may equally be alternative reductions or independent components.",registry: two components sharing one source prefix. That is ALL it establishes — no card relation was read as declaring one a superset of the other.,classify the pair first (base/superset · alternative reductions · independent); only base/superset proceeds to a held-out comparison,UNKNOWN,UNKNOWN,I-023,UNREVIEWED,explicit,puckworks/registry.py,28cb97ae0363622ec5475b2bb3865cf60f32dea9
T-0037,cross_species_inconsistency,H,one_state_many_species,model:maille2024.phi_closure | dataset:angeloni2023/bioactives | dataset:angeloni2023/inventories | dataset:angeloni2023/lipids | dataset:angeloni2023/total_solids | dataset:ellero2019/fig4_caffeine_content | dataset:khamitova2020/tamping,species_concentration,,maille2024.phi_closure predicts per-species concentration (evidence code_verification). 9 manifest datasets measure species concentration. Whether one hydraulic+transport state explains every species at once is not established by the corpus map.,"card interface outputs + manifest rows, verbatim labels retained",per-species residual structure under one shared fit,YES,YES,I-024,UNREVIEWED,deterministically_inferred | explicit,puckworks/data/MANIFEST.csv | puckworks/registry.py,28cb97ae0363622ec5475b2bb3865cf60f32dea9
T-0038,cross_species_inconsistency,H,one_state_many_species,model:maille2024.two_regime | dataset:angeloni2023/bioactives | dataset:angeloni2023/inventories | dataset:angeloni2023/lipids | dataset:angeloni2023/total_solids | dataset:ellero2019/fig4_caffeine_content | dataset:khamitova2020/tamping,species_concentration,,maille2024.two_regime predicts per-species concentration (evidence source_curve_reproduction). 9 manifest datasets measure species concentration. Whether one hydraulic+transport state explains every species at once is not established by the corpus map.,"card interface outputs + manifest rows, verbatim labels retained",per-species residual structure under one shared fit,YES,YES,I-024,UNREVIEWED,deterministically_inferred | explicit,puckworks/data/MANIFEST.csv | puckworks/registry.py,28cb97ae0363622ec5475b2bb3865cf60f32dea9
T-0039,cross_species_inconsistency,H,one_state_many_species,model:pannusch2024.closures | dataset:angeloni2023/bioactives | dataset:angeloni2023/inventories | dataset:angeloni2023/lipids | dataset:angeloni2023/total_solids | dataset:ellero2019/fig4_caffeine_content | dataset:khamitova2020/tamping,species_concentration,,pannusch2024.closures predicts per-species concentration (evidence code_verification). 9 manifest datasets measure species concentration. Whether one hydraulic+transport state explains every species at once is not established by the corpus map.,"card interface outputs + manifest rows, verbatim labels retained",per-species residual structure under one shared fit,YES,YES,I-024,UNREVIEWED,deterministically_inferred | explicit,puckworks/data/MANIFEST.csv | puckworks/registry.py,28cb97ae0363622ec5475b2bb3865cf60f32dea9
T-0040,cross_species_inconsistency,H,one_state_many_species,model:pannusch2024.solver | dataset:angeloni2023/bioactives | dataset:angeloni2023/inventories | dataset:angeloni2023/lipids | dataset:angeloni2023/total_solids | dataset:ellero2019/fig4_caffeine_content | dataset:khamitova2020/tamping,species_concentration,,pannusch2024.solver predicts per-species concentration (evidence post_fit_reconstruction). 9 manifest datasets measure species concentration. Whether one hydraulic+transport state explains every species at once is not established by the corpus map.,"card interface outputs + manifest rows, verbatim labels retained",per-species residual structure under one shared fit,YES,YES,I-024,UNREVIEWED,deterministically_inferred | explicit,puckworks/data/MANIFEST.csv | puckworks/registry.py,28cb97ae0363622ec5475b2bb3865cf60f32dea9
T-0041,evidence_asymmetry,K,leaned_on_but_not_empirically_tested,model:brewer2026.pack_generator | model:maille2024.phi_closure | model:maille2024.two_regime | model:wadsworth2026.grindmap,,,"brewer2026.pack_generator carries registry evidence_strength 'qualitative_capacity', and 3 other cards position themselves against it (maille2024.phi_closure, maille2024.two_regime, wadsworth2026.grindmap)",registry evidence_strength (verbatim) vs inbound overlaps mentions,an empirical test of the component on its own stage,UNKNOWN,UNKNOWN,I-025,UNREVIEWED,explicit,docs/cards/maille2024.md | docs/cards/wadsworth2026_grindmap.md | puckworks/registry.py,28cb97ae0363622ec5475b2bb3865cf60f32dea9
T-0042,evidence_asymmetry,K,leaned_on_but_not_empirically_tested,model:cameron2020.extraction_bdf | model:grudeva2025.reduced | model:lee2023.feedback | model:liang2021.desorption | model:maille2024.phi_closure | model:maille2024.two_regime | model:mo2023_2.coupled_bed | model:mo2023_2.swelling | model:moroney2016.surrogate | model:pannusch2024.closures | model:pannusch2024.solver | model:romancorrochano2017.extraction | model:wadsworth2026.inertial,,,"cameron2020.extraction_bdf carries registry evidence_strength 'code_verification', and 12 other cards position themselves against it (grudeva2025.reduced, lee2023.feedback, liang2021.desorption, maille2024.phi_closure, maille2024.two_regime, mo2023_2.coupled_bed, mo2023_2.swelling, moroney2016.surrogate, pannusch2024.closures, pannusch2024.solver, romancorrochano2017.extraction, wadsworth2026.inertial)",registry evidence_strength (verbatim) vs inbound overlaps mentions,an empirical test of the component on its own stage,UNKNOWN,UNKNOWN,I-026,UNREVIEWED,explicit,docs/cards/mo2023_2.md | docs/cards/moroney2016.md | puckworks/registry.py,28cb97ae0363622ec5475b2bb3865cf60f32dea9
T-0043,evidence_asymmetry,K,leaned_on_but_not_empirically_tested,model:foster2025.infiltration | model:fasano2000_partI.fines_migration | model:grudeva2025.reduced | model:lee2023.feedback | model:maille2024.phi_closure | model:maille2024.two_regime | model:mo2023_2.coupled_bed | model:mo2023_2.swelling | model:moroney2016.surrogate | model:pannusch2024.closures | model:pannusch2024.solver | model:waszkiewicz2025.poroelastic,,,"foster2025.infiltration carries registry evidence_strength 'sign_or_compatibility', and 11 other cards position themselves against it (fasano2000_partI.fines_migration, grudeva2025.reduced, lee2023.feedback, maille2024.phi_closure, maille2024.two_regime, mo2023_2.coupled_bed, mo2023_2.swelling, moroney2016.surrogate, pannusch2024.closures, pannusch2024.solver, waszkiewicz2025.poroelastic)",registry evidence_strength (verbatim) vs inbound overlaps mentions,an empirical test of the component on its own stage,UNKNOWN,UNKNOWN,I-027,UNREVIEWED,explicit,docs/cards/maille2024.md | docs/cards/mo2023_2.md | puckworks/registry.py,28cb97ae0363622ec5475b2bb3865cf60f32dea9
T-0044,hidden_discriminator,G,discriminator_with_data,model:brewer2026.coupled_kappa_t | model:cameron2020.extraction_bdf | model:fasano2000_partI.fines_migration | model:lee2023.feedback | model:wadsworth2026.inertial | model:waszkiewicz2025.poroelastic | dataset:gagne2021/grinder_arm_summary | dataset:gagne2021/resistance_decline_summary | dataset:gagne2021/shots | dataset:grudeva2025/params | dataset:mo2023_2/granulometry_table1 | dataset:mo2023_2/k0_table2,permeability,,"6 registered models name permeability among their interface outputs and 15 manifest dataset(s) measure it: brewer2026.coupled_kappa_t, cameron2020.extraction_bdf, fasano2000_partI.fines_migration, lee2023.feedback, wadsworth2026.inertial, waszkiewicz2025.poroelastic",brewer2026.coupled_kappa_t=exploratory_synthesis; cameron2020.extraction_bdf=code_verification; fasano2000_partI.fines_migration=qualitative_capacity; lee2023.feedback=qualitative_capacity; wadsworth2026.inertial=source_curve_reproduction; waszkiewicz2025.poroelastic=post_fit_reconstruction,permeability,YES,YES,I-029,UNREVIEWED,deterministically_inferred,puckworks/registry.py,28cb97ae0363622ec5475b2bb3865cf60f32dea9
T-0045,hidden_discriminator,G,discriminator_with_data,model:brewer2026.coupled_kappa_t | model:cameron2020.extraction_bdf | model:fasano2000_partI.fines_migration | model:wadsworth2026.inertial | model:waszkiewicz2025.poroelastic | dataset:cameron2020/fig5_grind_deviation | dataset:de1_fixtureA | dataset:fasano2000_partI/fig8_1_experimental | dataset:fasano2000_partI/fig8_4_reversal | dataset:foster2025_2/fig15_flow | dataset:g10_liquor_rheology/khomyakov_kinematic_viscosity,flow,,"5 registered models name flow among their interface outputs and 21 manifest dataset(s) measure it: brewer2026.coupled_kappa_t, cameron2020.extraction_bdf, fasano2000_partI.fines_migration, wadsworth2026.inertial, waszkiewicz2025.poroelastic",brewer2026.coupled_kappa_t=exploratory_synthesis; cameron2020.extraction_bdf=code_verification; fasano2000_partI.fines_migration=qualitative_capacity; wadsworth2026.inertial=source_curve_reproduction; waszkiewicz2025.poroelastic=post_fit_reconstruction,flow,YES,YES,I-030,UNREVIEWED,deterministically_inferred,puckworks/registry.py,28cb97ae0363622ec5475b2bb3865cf60f32dea9
T-0046,hidden_discriminator,G,discriminator_with_data,model:brewer2026.coupled_kappa_t | model:wadsworth2026.grindmap | dataset:maille2024/particle_porosity | dataset:maille2024/ssa | dataset:vacaguerra2023a/dry_porosity_validation | dataset:vacaguerra2023a/omega_coefficients | dataset:wadsworth2026/table1_full,porosity,,"2 registered models name porosity among their interface outputs and 5 manifest dataset(s) measure it: brewer2026.coupled_kappa_t, wadsworth2026.grindmap",brewer2026.coupled_kappa_t=exploratory_synthesis; wadsworth2026.grindmap=source_curve_reproduction,porosity,YES,YES,I-031,UNREVIEWED,deterministically_inferred,puckworks/registry.py,28cb97ae0363622ec5475b2bb3865cf60f32dea9
T-0047,hidden_discriminator,G,discriminator_with_data,model:cameron2020.extraction_bdf | model:waszkiewicz2025.poroelastic | dataset:angeloni2023/bioactives | dataset:de1_fixtureA | dataset:egidi2024/table2 | dataset:fasano2000_partI/fig8_1_experimental | dataset:g3_pump_characteristic/ulka_envelope | dataset:gagne2021/shots,pressure,,"2 registered models name pressure among their interface outputs and 23 manifest dataset(s) measure it: cameron2020.extraction_bdf, waszkiewicz2025.poroelastic",cameron2020.extraction_bdf=code_verification; waszkiewicz2025.poroelastic=post_fit_reconstruction,pressure,YES,YES,I-032,UNREVIEWED,deterministically_inferred,puckworks/registry.py,28cb97ae0363622ec5475b2bb3865cf60f32dea9
T-0171,hidden_discriminator,G,discriminator_with_data,model:foster2025.infiltration | model:foster2025.machine_mode | dataset:de1_fixtureA,first_drip_time,,"2 registered models name first_drip_time among their interface outputs and 1 manifest dataset(s) measure it: foster2025.infiltration, foster2025.machine_mode",foster2025.infiltration=sign_or_compatibility; foster2025.machine_mode=source_curve_reproduction,first_drip_time,YES,YES,I-090,UNREVIEWED,deterministically_inferred,puckworks/registry.py,28cb97ae0363622ec5475b2bb3865cf60f32dea9
T-0050,hidden_discriminator,G,discriminator_with_data,model:grudeva2025.reduced | model:lee2023.feedback | model:maille2024.phi_closure | model:maille2024.two_regime | model:mo2023_2.coupled_bed | model:mo2023_2.swelling | model:moroney2016.surrogate | model:pannusch2024.closures | model:pannusch2024.solver | model:romancorrochano2017.extraction | dataset:cameron2020/fig5_grind_deviation | dataset:mo2023_2/yield_strength_figs6_9 | dataset:pocketscience2024/edge_ey_condition_means | dataset:ribes2020/radial_ey | dataset:ribes2021/radial_ey,extraction_yield,,"10 registered models name extraction_yield among their interface outputs and 5 manifest dataset(s) measure it: grudeva2025.reduced, lee2023.feedback, maille2024.phi_closure, maille2024.two_regime, mo2023_2.coupled_bed, mo2023_2.swelling, moroney2016.surrogate, pannusch2024.closures, pannusch2024.solver, romancorrochano2017.extraction",grudeva2025.reduced=post_fit_reconstruction; lee2023.feedback=qualitative_capacity; maille2024.phi_closure=code_verification; maille2024.two_regime=source_curve_reproduction; mo2023_2.coupled_bed=post_fit_reconstruction; mo2023_2.swelling=source_curve_reproduction; moroney2016.surrogate=qualitative_capacity; pannusch2024.closures=code_verification; pannusch2024.solver=post_fit_reconstruction; romancorrochano2017.extraction=sign_or_compatibility,extraction_yield,YES,YES,I-033,UNREVIEWED,deterministically_inferred,puckworks/registry.py,28cb97ae0363622ec5475b2bb3865cf60f32dea9
T-0051,hidden_discriminator,G,discriminator_with_data,model:grudeva2025.reduced | model:maille2024.phi_closure | model:maille2024.two_regime | model:mo2023_2.coupled_bed | model:mo2023_2.swelling | model:moroney2016.surrogate | model:pannusch2024.closures | model:pannusch2024.solver | model:romancorrochano2017.extraction | dataset:angeloni2023/total_solids | dataset:egidi2024/table2 | dataset:g10_liquor_rheology/telisromero2001_closures | dataset:gagne2021/shots | dataset:gloess2013/de_espresso_endpoint | dataset:liang2021/fig3_tds,tds,,"9 registered models name tds among their interface outputs and 15 manifest dataset(s) measure it: grudeva2025.reduced, maille2024.phi_closure, maille2024.two_regime, mo2023_2.coupled_bed, mo2023_2.swelling, moroney2016.surrogate, pannusch2024.closures, pannusch2024.solver, romancorrochano2017.extraction",grudeva2025.reduced=post_fit_reconstruction; maille2024.phi_closure=code_verification; maille2024.two_regime=source_curve_reproduction; mo2023_2.coupled_bed=post_fit_reconstruction; mo2023_2.swelling=source_curve_reproduction; moroney2016.surrogate=qualitative_capacity; pannusch2024.closures=code_verification; pannusch2024.solver=post_fit_reconstruction; romancorrochano2017.extraction=sign_or_compatibility,tds,YES,YES,I-034,UNREVIEWED,deterministically_inferred,puckworks/registry.py,28cb97ae0363622ec5475b2bb3865cf60f32dea9
T-0052,hidden_discriminator,G,discriminator_with_data,model:maille2024.phi_closure | model:maille2024.two_regime | model:pannusch2024.closures | model:pannusch2024.solver | dataset:angeloni2023/bioactives | dataset:angeloni2023/inventories | dataset:angeloni2023/lipids | dataset:angeloni2023/total_solids | dataset:ellero2019/fig4_caffeine_content | dataset:khamitova2020/tamping,species_concentration,,"4 registered models name species_concentration among their interface outputs and 9 manifest dataset(s) measure it: maille2024.phi_closure, maille2024.two_regime, pannusch2024.closures, pannusch2024.solver",maille2024.phi_closure=code_verification; maille2024.two_regime=source_curve_reproduction; pannusch2024.closures=code_verification; pannusch2024.solver=post_fit_reconstruction,species_concentration,YES,YES,I-035,UNREVIEWED,deterministically_inferred,puckworks/registry.py,28cb97ae0363622ec5475b2bb3865cf60f32dea9
T-0053,hidden_discriminator,G,discriminator_with_data,model:pannusch2024.closures | model:pannusch2024.solver | model:waszkiewicz2025.poroelastic | dataset:waszkiewicz2025/tds_solids_calibration,cumulative_mass,,"3 registered models name cumulative_mass among their interface outputs and 1 manifest dataset(s) measure it: pannusch2024.closures, pannusch2024.solver, waszkiewicz2025.poroelastic",pannusch2024.closures=code_verification; pannusch2024.solver=post_fit_reconstruction; waszkiewicz2025.poroelastic=post_fit_reconstruction,cumulative_mass,YES,YES,I-036,UNREVIEWED,deterministically_inferred,puckworks/registry.py,28cb97ae0363622ec5475b2bb3865cf60f32dea9
T-0054,hidden_discriminator,G,card_without_interface_mapping,model:wadsworth2026.permeability,,,"wadsworth2026.permeability is registered but its card docs/cards/wadsworth2026.md has no `Interface mapping` section, so it contributes NO observable edges. Any observable it predicts is under-reported by the matrix.",card section index vs docs/cards/TEMPLATE.md,"add the template section to the card, then re-run the map",YES,YES,I-028,UNREVIEWED,explicit,puckworks/registry.py,28cb97ae0363622ec5475b2bb3865cf60f32dea9
T-0056,hidden_discriminator,G,measured_but_unmodelled,observable:temperature | dataset:g10_liquor_rheology/telisromero2000_thermal | dataset:gagne2021/grinder_arm_summary | dataset:khamitova2020/tamping,temperature,,"3 manifest datasets measure temperature and NO card's outputs clause names it — either nothing registered models it, or a card without an interface section is hiding the one that does",manifest MEASURES edges vs card outputs clauses,"which registered component, if any, claims this output",YES,YES,I-038,UNREVIEWED,explicit,puckworks/data/MANIFEST.csv,28cb97ae0363622ec5475b2bb3865cf60f32dea9
T-0057,lineage_circularity,E,mixed_strength_cell,dataset:angeloni2023/inventories,,,"MANIFEST validation_strength for angeloni2023/inventories names more than one strength: 'independent (measured R&G assay; different machine/coffee/basket)' (derived tags: independent, mixed_strength, raw_measurement)","manifest cell, verbatim",which half of the cell each consuming gate actually uses,YES,YES,I-043,UNREVIEWED,explicit,puckworks/data/MANIFEST.csv,28cb97ae0363622ec5475b2bb3865cf60f32dea9
T-0058,lineage_circularity,E,mixed_strength_cell,dataset:angeloni2023/total_solids_lipids_rsd,,,"MANIFEST validation_strength for angeloni2023/total_solids_lipids_rsd names more than one strength: 'independent (measured condition-level RSD); NOT solute-specific for named analytes' (derived tags: independent, mixed_strength, raw_measurement)","manifest cell, verbatim",which half of the cell each consuming gate actually uses,YES,YES,I-043,UNREVIEWED,explicit,puckworks/data/MANIFEST.csv,28cb97ae0363622ec5475b2bb3865cf60f32dea9
T-0059,lineage_circularity,E,mixed_strength_cell,dataset:bruno2026/roasted_composition,,,"MANIFEST validation_strength for bruno2026/roasted_composition names more than one strength: 'independent (measured roasted chemistry; reference set)' (derived tags: independent, mixed_strength, raw_measurement, reference_only)","manifest cell, verbatim",which half of the cell each consuming gate actually uses,YES,YES,I-044,UNREVIEWED,explicit,puckworks/data/MANIFEST.csv,28cb97ae0363622ec5475b2bb3865cf60f32dea9
T-0060,lineage_circularity,E,mixed_strength_cell,dataset:cameron2020/fig5_grind_deviation,,,"MANIFEST validation_strength for cameron2020/fig5_grind_deviation names more than one strength: 'independent (measured EY deviation from the homogeneous model)' (derived tags: independent, mixed_strength, raw_measurement)","manifest cell, verbatim",which half of the cell each consuming gate actually uses,YES,YES,I-043,UNREVIEWED,explicit,puckworks/data/MANIFEST.csv,28cb97ae0363622ec5475b2bb3865cf60f32dea9
T-0061,lineage_circularity,E,mixed_strength_cell,dataset:cameron2020/psd_figure2,,,"MANIFEST validation_strength for cameron2020/psd_figure2 names more than one strength: 'reference (measured PSD; the model itself uses a two-size-class idealisation, NOT this distribution)' (derived tags: mixed_strength, raw_measurement, reference_only)","manifest cell, verbatim",which half of the cell each consuming gate actually uses,YES,YES,I-049,UNREVIEWED,explicit,puckworks/data/MANIFEST.csv,28cb97ae0363622ec5475b2bb3865cf60f32dea9
T-0062,lineage_circularity,E,unresolvable_source_card,dataset:de1_fixtureA,,,"de1_fixtureA names source_card '(registry [RS])', which resolves to no single card — its lineage cannot be followed mechanically",MANIFEST source_card vs docs/cards/ stems,the specific card/chapter the rows were taken from,YES,YES,I-059,UNREVIEWED,explicit,puckworks/data/MANIFEST.csv,28cb97ae0363622ec5475b2bb3865cf60f32dea9
T-0063,lineage_circularity,E,mixed_strength_cell,dataset:foster2025_2/fig12_14_curves,,,"MANIFEST validation_strength for foster2025_2/fig12_14_curves names more than one strength: 'post-fit, same-campaign CT observations / verification of fitted trajectories' (derived tags: mixed_strength, post_fit, verification)","manifest cell, verbatim",which half of the cell each consuming gate actually uses,YES,YES,I-046,UNREVIEWED,explicit,puckworks/data/MANIFEST.csv,28cb97ae0363622ec5475b2bb3865cf60f32dea9
T-0175,lineage_circularity,E,same_source_consumer,dataset:foster2025_2/fig12_14_curves,,,"foster2025_2/fig12_14_curves (mixed_strength, post_fit, verification) shares a source card with the component(s) foster2025.infiltration, foster2025.machine_mode that the manifest links to it; its strength is recorded as 'post-fit, same-campaign CT observations / verification of fitted trajectories'",MANIFEST source_card == component source prefix,an out-of-source dataset measuring the same observable,YES,YES,I-051,UNREVIEWED,explicit,puckworks/data/MANIFEST.csv,28cb97ae0363622ec5475b2bb3865cf60f32dea9
T-0064,lineage_circularity,E,mixed_strength_cell,dataset:foster2025_2/params,,,"MANIFEST validation_strength for foster2025_2/params names more than one strength: 'verification (post-fit params)' (derived tags: mixed_strength, post_fit, verification)","manifest cell, verbatim",which half of the cell each consuming gate actually uses,YES,YES,I-046,UNREVIEWED,explicit,puckworks/data/MANIFEST.csv,28cb97ae0363622ec5475b2bb3865cf60f32dea9
T-0065,lineage_circularity,E,same_source_consumer,dataset:foster2025_2/params,,,"foster2025_2/params (mixed_strength, post_fit, verification) shares a source card with the component(s) foster2025.infiltration, foster2025.machine_mode that the manifest links to it; its strength is recorded as 'verification (post-fit params)'",MANIFEST source_card == component source prefix,an out-of-source dataset measuring the same observable,YES,YES,I-051,UNREVIEWED,explicit,puckworks/data/MANIFEST.csv,28cb97ae0363622ec5475b2bb3865cf60f32dea9
T-0066,lineage_circularity,E,mixed_strength_cell,dataset:g10_liquor_rheology/khomyakov_kinematic_viscosity,,,"MANIFEST validation_strength for g10_liquor_rheology/khomyakov_kinematic_viscosity names more than one strength: 'reference/qualitative (espresso is BELOW the 15 wt% measured floor)' (derived tags: mixed_strength, qualitative, raw_measurement, reference_only)","manifest cell, verbatim",which half of the cell each consuming gate actually uses,YES,YES,I-047,UNREVIEWED,explicit,puckworks/data/MANIFEST.csv,28cb97ae0363622ec5475b2bb3865cf60f32dea9
T-0067,lineage_circularity,E,mixed_strength_cell,dataset:g10_liquor_rheology/telis_romero_envelope,,,"MANIFEST validation_strength for g10_liquor_rheology/telis_romero_envelope names more than one strength: 'reference/qualitative (espresso-TDS extrapolated)' (derived tags: mixed_strength, qualitative, reference_only)","manifest cell, verbatim",which half of the cell each consuming gate actually uses,YES,YES,I-048,UNREVIEWED,explicit,puckworks/data/MANIFEST.csv,28cb97ae0363622ec5475b2bb3865cf60f32dea9
T-0068,lineage_circularity,E,mixed_strength_cell,dataset:g1_glassbead_analog/retention_kr,,,"MANIFEST validation_strength for g1_glassbead_analog/retention_kr names more than one strength: 'reference/qualitative' (derived tags: mixed_strength, qualitative, reference_only)","manifest cell, verbatim",which half of the cell each consuming gate actually uses,YES,YES,I-048,UNREVIEWED,explicit,puckworks/data/MANIFEST.csv,28cb97ae0363622ec5475b2bb3865cf60f32dea9
T-0069,lineage_circularity,E,mixed_strength_cell,dataset:g3_pump_characteristic/ulka_envelope,,,"MANIFEST validation_strength for g3_pump_characteristic/ulka_envelope names more than one strength: 'reference (endpoints) / qualitative (shape)' (derived tags: mixed_strength, qualitative, reference_only)","manifest cell, verbatim",which half of the cell each consuming gate actually uses,YES,YES,I-048,UNREVIEWED,explicit,puckworks/data/MANIFEST.csv,28cb97ae0363622ec5475b2bb3865cf60f32dea9
T-0070,lineage_circularity,E,mixed_strength_cell,dataset:gagne2021/grinder_arm_summary,,,"MANIFEST validation_strength for gagne2021/grinder_arm_summary names more than one strength: 'qualitative (blog; measured within-session contrasts are independent, mechanistic chain is endpoint-anchored/circular)' (derived tags: independent, mixed_strength, qualitative, raw_measurement)","manifest cell, verbatim",which half of the cell each consuming gate actually uses,YES,YES,I-042,UNREVIEWED,explicit,puckworks/data/MANIFEST.csv,28cb97ae0363622ec5475b2bb3865cf60f32dea9
T-0071,lineage_circularity,E,mixed_strength_cell,dataset:gloess2013/de_espresso_endpoint,,,"MANIFEST validation_strength for gloess2013/de_espresso_endpoint names more than one strength: 'reference (measured endpoint; single pooled composite)' (derived tags: mixed_strength, raw_measurement, reference_only)","manifest cell, verbatim",which half of the cell each consuming gate actually uses,YES,YES,I-049,UNREVIEWED,explicit,puckworks/data/MANIFEST.csv,28cb97ae0363622ec5475b2bb3865cf60f32dea9
T-0072,lineage_circularity,E,same_source_consumer,dataset:grudeva2025/exp13_vial_stats,,,grudeva2025/exp13_vial_stats (post_fit) shares a source card with the component(s) grudeva2025.reduced that the manifest links to it; its strength is recorded as 'post-fit reconstruction',MANIFEST source_card == component source prefix,an out-of-source dataset measuring the same observable,YES,YES,I-052,UNREVIEWED,explicit,puckworks/data/MANIFEST.csv,28cb97ae0363622ec5475b2bb3865cf60f32dea9
T-0073,lineage_circularity,E,mixed_strength_cell,dataset:khamitova2020/tamping,,,"MANIFEST validation_strength for khamitova2020/tamping names more than one strength: ""reference (measured HPLC means; the source's 3D solver is superseded by angeloni2023 and not intaken)"" (derived tags: mixed_strength, raw_measurement, reference_only)","manifest cell, verbatim",which half of the cell each consuming gate actually uses,YES,YES,I-049,UNREVIEWED,explicit,puckworks/data/MANIFEST.csv,28cb97ae0363622ec5475b2bb3865cf60f32dea9
T-0074,lineage_circularity,E,same_source_consumer,dataset:liang2021/fig3_tds,,,"liang2021/fig3_tds (digitized, post_fit) shares a source card with the component(s) liang2021.desorption that the manifest links to it; its strength is recorded as 'post-fit reconstruction (digitized)'",MANIFEST source_card == component source prefix,an out-of-source dataset measuring the same observable,YES,YES,I-053,UNREVIEWED,explicit,puckworks/data/MANIFEST.csv,28cb97ae0363622ec5475b2bb3865cf60f32dea9
T-0075,lineage_circularity,E,mixed_strength_cell,dataset:maille2024/equilibrium_concentrations,,,"MANIFEST validation_strength for maille2024/equilibrium_concentrations names more than one strength: 'reference (measured; 5 compounds)' (derived tags: mixed_strength, raw_measurement, reference_only)","manifest cell, verbatim",which half of the cell each consuming gate actually uses,YES,YES,I-049,UNREVIEWED,explicit,puckworks/data/MANIFEST.csv,28cb97ae0363622ec5475b2bb3865cf60f32dea9
T-0076,lineage_circularity,E,same_source_consumer,dataset:maille2024/kinetics_caffeine_3cqa,,,"maille2024/kinetics_caffeine_3cqa (post_fit) shares a source card with the component(s) maille2024.phi_closure, maille2024.two_regime that the manifest links to it; its strength is recorded as 'post-fit reconstruction (per-material two-parameter curve fits, R2 0.85-0.99; batch WMBR, not espresso)'",MANIFEST source_card == component source prefix,an out-of-source dataset measuring the same observable,YES,YES,I-054,UNREVIEWED,explicit,puckworks/data/MANIFEST.csv,28cb97ae0363622ec5475b2bb3865cf60f32dea9
T-0077,lineage_circularity,E,same_source_consumer,dataset:maille2024/kinetics_organic_acids,,,"maille2024/kinetics_organic_acids (post_fit) shares a source card with the component(s) maille2024.phi_closure, maille2024.two_regime that the manifest links to it; its strength is recorded as 'post-fit reconstruction (curve fits; weaker for quinic, R2 down to 0.47)'",MANIFEST source_card == component source prefix,an out-of-source dataset measuring the same observable,YES,YES,I-054,UNREVIEWED,explicit,puckworks/data/MANIFEST.csv,28cb97ae0363622ec5475b2bb3865cf60f32dea9
T-0078,lineage_circularity,E,mixed_strength_cell,dataset:maille2024/normalized_curves,,,"MANIFEST validation_strength for maille2024/normalized_curves names more than one strength: 'reference (measured normalized curves)' (derived tags: mixed_strength, raw_measurement, reference_only)","manifest cell, verbatim",which half of the cell each consuming gate actually uses,YES,YES,I-049,UNREVIEWED,explicit,puckworks/data/MANIFEST.csv,28cb97ae0363622ec5475b2bb3865cf60f32dea9
T-0079,lineage_circularity,E,mixed_strength_cell,dataset:maille2024/particle_porosity,,,"MANIFEST validation_strength for maille2024/particle_porosity names more than one strength: 'reference (measured; unredacted table)' (derived tags: mixed_strength, raw_measurement, reference_only)","manifest cell, verbatim",which half of the cell each consuming gate actually uses,YES,YES,I-049,UNREVIEWED,explicit,puckworks/data/MANIFEST.csv,28cb97ae0363622ec5475b2bb3865cf60f32dea9
T-0080,lineage_circularity,E,mixed_strength_cell,dataset:maille2024/psd_dispersion,,,"MANIFEST validation_strength for maille2024/psd_dispersion names more than one strength: 'reference (measured; two methods)' (derived tags: mixed_strength, raw_measurement, reference_only)","manifest cell, verbatim",which half of the cell each consuming gate actually uses,YES,YES,I-049,UNREVIEWED,explicit,puckworks/data/MANIFEST.csv,28cb97ae0363622ec5475b2bb3865cf60f32dea9
T-0081,lineage_circularity,E,mixed_strength_cell,dataset:maille2024/psd_hybrid,,,"MANIFEST validation_strength for maille2024/psd_hybrid names more than one strength: 'reference (measured PSD)' (derived tags: mixed_strength, raw_measurement, reference_only)","manifest cell, verbatim",which half of the cell each consuming gate actually uses,YES,YES,I-049,UNREVIEWED,explicit,puckworks/data/MANIFEST.csv,28cb97ae0363622ec5475b2bb3865cf60f32dea9
T-0082,lineage_circularity,E,mixed_strength_cell,dataset:maille2024/ssa,,,"MANIFEST validation_strength for maille2024/ssa names more than one strength: 'reference (measured; unredacted table)' (derived tags: mixed_strength, raw_measurement, reference_only)","manifest cell, verbatim",which half of the cell each consuming gate actually uses,YES,YES,I-049,UNREVIEWED,explicit,puckworks/data/MANIFEST.csv,28cb97ae0363622ec5475b2bb3865cf60f32dea9
T-0083,lineage_circularity,E,mixed_strength_cell,dataset:mckeonaloe2022/basket_open_area_geometry,,,"MANIFEST validation_strength for mckeonaloe2022/basket_open_area_geometry names more than one strength: 'reference/qualitative (single-specimen hobbyist imaging; open-area direct, diameters figure-read)' (derived tags: digitized, mixed_strength, qualitative, reference_only)","manifest cell, verbatim",which half of the cell each consuming gate actually uses,YES,YES,I-039,UNREVIEWED,explicit,puckworks/data/MANIFEST.csv,28cb97ae0363622ec5475b2bb3865cf60f32dea9
T-0084,lineage_circularity,E,mixed_strength_cell,dataset:mo2023_2/granulometry_table1,,,"MANIFEST validation_strength for mo2023_2/granulometry_table1 names more than one strength: 'reference (measured Mastersizer 3000 granulometry)' (derived tags: mixed_strength, raw_measurement, reference_only)","manifest cell, verbatim",which half of the cell each consuming gate actually uses,YES,YES,I-049,UNREVIEWED,explicit,puckworks/data/MANIFEST.csv,28cb97ae0363622ec5475b2bb3865cf60f32dea9
T-0085,lineage_circularity,E,mixed_strength_cell,dataset:moroney2015/data,,,"MANIFEST validation_strength for moroney2015/data names more than one strength: 'reference (measured/transcribed; the model is already registered in better forms - moroney2016 surrogate, cameron2020 runtime)' (derived tags: mixed_strength, raw_measurement, reference_only)","manifest cell, verbatim",which half of the cell each consuming gate actually uses,YES,YES,I-049,UNREVIEWED,explicit,puckworks/data/MANIFEST.csv,28cb97ae0363622ec5475b2bb3865cf60f32dea9
T-0086,lineage_circularity,E,same_source_consumer,dataset:pannusch2024 (Mendeley repo),,,"pannusch2024 (Mendeley repo) (post_fit) shares a source card with the component(s) pannusch2024.closures, pannusch2024.solver that the manifest links to it; its strength is recorded as 'deferred (post-fit reconstruction when landed at 1.8a)'",MANIFEST source_card == component source prefix,an out-of-source dataset measuring the same observable,YES,YES,I-056,UNREVIEWED,explicit,puckworks/data/MANIFEST.csv,28cb97ae0363622ec5475b2bb3865cf60f32dea9
T-0087,lineage_circularity,E,same_source_consumer,dataset:pannusch2024/experimental_kinetics,,,"pannusch2024/experimental_kinetics (post_fit) shares a source card with the component(s) pannusch2024.closures, pannusch2024.solver that the manifest links to it; its strength is recorded as 'post-fit reconstruction'",MANIFEST source_card == component source prefix,an out-of-source dataset measuring the same observable,YES,YES,I-055,UNREVIEWED,explicit,puckworks/data/MANIFEST.csv,28cb97ae0363622ec5475b2bb3865cf60f32dea9
T-0088,lineage_circularity,E,same_source_consumer,dataset:pannusch2024/table2_params,,,"pannusch2024/table2_params (post_fit) shares a source card with the component(s) pannusch2024.closures, pannusch2024.solver that the manifest links to it; its strength is recorded as 'post-fit reconstruction'",MANIFEST source_card == component source prefix,an out-of-source dataset measuring the same observable,YES,YES,I-055,UNREVIEWED,explicit,puckworks/data/MANIFEST.csv,28cb97ae0363622ec5475b2bb3865cf60f32dea9
T-0089,lineage_circularity,E,mixed_strength_cell,dataset:perticarini2024/ey_tds_cibao,,,"MANIFEST validation_strength for perticarini2024/ey_tds_cibao names more than one strength: 'independent (measured TDS/EY, 3 repeats per condition)' (derived tags: independent, mixed_strength, raw_measurement)","manifest cell, verbatim",which half of the cell each consuming gate actually uses,YES,YES,I-043,UNREVIEWED,explicit,puckworks/data/MANIFEST.csv,28cb97ae0363622ec5475b2bb3865cf60f32dea9
T-0090,lineage_circularity,E,mixed_strength_cell,dataset:romancorrochano2015/table2,,,"MANIFEST validation_strength for romancorrochano2015/table2 names more than one strength: ""reference (measured tamped K); the source's K-C equations are poor blind predictors (per-grind n fit) so this is not a K-C validation"" (derived tags: mixed_strength, raw_measurement, reference_only)","manifest cell, verbatim",which half of the cell each consuming gate actually uses,YES,YES,I-049,UNREVIEWED,explicit,puckworks/data/MANIFEST.csv,28cb97ae0363622ec5475b2bb3865cf60f32dea9
T-0091,lineage_circularity,E,unresolvable_source_card,dataset:romancorrochano2017/Db_table3_4,,,"romancorrochano2017/Db_table3_4 names source_card 'romancorrochano2017', which resolves to no single card — its lineage cannot be followed mechanically",MANIFEST source_card vs docs/cards/ stems,the specific card/chapter the rows were taken from,YES,YES,I-059,UNREVIEWED,explicit,puckworks/data/MANIFEST.csv,28cb97ae0363622ec5475b2bb3865cf60f32dea9
T-0092,lineage_circularity,E,mixed_strength_cell,dataset:romancorrochano2017/deff_table4_9,,,"MANIFEST validation_strength for romancorrochano2017/deff_table4_9 names more than one strength: 'independent (measured microstructural Deff)' (derived tags: independent, mixed_strength, raw_measurement)","manifest cell, verbatim",which half of the cell each consuming gate actually uses,YES,YES,I-043,UNREVIEWED,explicit,puckworks/data/MANIFEST.csv,28cb97ae0363622ec5475b2bb3865cf60f32dea9
T-0093,lineage_circularity,E,unresolvable_source_card,dataset:romancorrochano2017/deff_table4_9,,,"romancorrochano2017/deff_table4_9 names source_card 'romancorrochano2017', which resolves to no single card — its lineage cannot be followed mechanically",MANIFEST source_card vs docs/cards/ stems,the specific card/chapter the rows were taken from,YES,YES,I-059,UNREVIEWED,explicit,puckworks/data/MANIFEST.csv,28cb97ae0363622ec5475b2bb3865cf60f32dea9
T-0094,lineage_circularity,E,same_source_consumer,dataset:romancorrochano2017/fig5_11_mpe,,,"romancorrochano2017/fig5_11_mpe (digitized, post_fit) shares a source card with the component(s) romancorrochano2017.extraction that the manifest links to it; its strength is recorded as 'post-fit reconstruction (digitized MPE)'",MANIFEST source_card == component source prefix,an out-of-source dataset measuring the same observable,YES,YES,I-057,UNREVIEWED,explicit,puckworks/data/MANIFEST.csv,28cb97ae0363622ec5475b2bb3865cf60f32dea9
T-0095,lineage_circularity,E,unresolvable_source_card,dataset:romancorrochano2017/fig5_11_mpe,,,"romancorrochano2017/fig5_11_mpe names source_card 'romancorrochano2017', which resolves to no single card — its lineage cannot be followed mechanically",MANIFEST source_card vs docs/cards/ stems,the specific card/chapter the rows were taken from,YES,YES,I-059,UNREVIEWED,explicit,puckworks/data/MANIFEST.csv,28cb97ae0363622ec5475b2bb3865cf60f32dea9
T-0096,lineage_circularity,E,same_source_consumer,dataset:romancorrochano2017/fig5_13_mpe,,,"romancorrochano2017/fig5_13_mpe (digitized, post_fit) shares a source card with the component(s) romancorrochano2017.extraction that the manifest links to it; its strength is recorded as 'post-fit reconstruction (digitized MPE)'",MANIFEST source_card == component source prefix,an out-of-source dataset measuring the same observable,YES,YES,I-057,UNREVIEWED,explicit,puckworks/data/MANIFEST.csv,28cb97ae0363622ec5475b2bb3865cf60f32dea9
T-0097,lineage_circularity,E,unresolvable_source_card,dataset:romancorrochano2017/fig5_13_mpe,,,"romancorrochano2017/fig5_13_mpe names source_card 'romancorrochano2017', which resolves to no single card — its lineage cannot be followed mechanically",MANIFEST source_card vs docs/cards/ stems,the specific card/chapter the rows were taken from,YES,YES,I-059,UNREVIEWED,explicit,puckworks/data/MANIFEST.csv,28cb97ae0363622ec5475b2bb3865cf60f32dea9
T-0098,lineage_circularity,E,unresolvable_source_card,dataset:romancorrochano2017/fig7_4_espresso,,,"romancorrochano2017/fig7_4_espresso names source_card 'romancorrochano2017', which resolves to no single card — its lineage cannot be followed mechanically",MANIFEST source_card vs docs/cards/ stems,the specific card/chapter the rows were taken from,YES,YES,I-059,UNREVIEWED,explicit,puckworks/data/MANIFEST.csv,28cb97ae0363622ec5475b2bb3865cf60f32dea9
T-0099,lineage_circularity,E,mixed_strength_cell,dataset:romancorrochano2017/hindrance_table4_8,,,"MANIFEST validation_strength for romancorrochano2017/hindrance_table4_8 names more than one strength: 'independent (measured Hm/tau/eps)' (derived tags: independent, mixed_strength, raw_measurement)","manifest cell, verbatim",which half of the cell each consuming gate actually uses,YES,YES,I-043,UNREVIEWED,explicit,puckworks/data/MANIFEST.csv,28cb97ae0363622ec5475b2bb3865cf60f32dea9
T-0100,lineage_circularity,E,unresolvable_source_card,dataset:romancorrochano2017/hindrance_table4_8,,,"romancorrochano2017/hindrance_table4_8 names source_card 'romancorrochano2017', which resolves to no single card — its lineage cannot be followed mechanically",MANIFEST source_card vs docs/cards/ stems,the specific card/chapter the rows were taken from,YES,YES,I-059,UNREVIEWED,explicit,puckworks/data/MANIFEST.csv,28cb97ae0363622ec5475b2bb3865cf60f32dea9
T-0101,lineage_circularity,E,same_source_consumer,dataset:romancorrochano2017/mpe_table5_3,,,"romancorrochano2017/mpe_table5_3 (post_fit) shares a source card with the component(s) romancorrochano2017.extraction that the manifest links to it; its strength is recorded as 'post-fit reconstruction (Deff fitted, MPE)'",MANIFEST source_card == component source prefix,an out-of-source dataset measuring the same observable,YES,YES,I-057,UNREVIEWED,explicit,puckworks/data/MANIFEST.csv,28cb97ae0363622ec5475b2bb3865cf60f32dea9
T-0102,lineage_circularity,E,unresolvable_source_card,dataset:romancorrochano2017/mpe_table5_3,,,"romancorrochano2017/mpe_table5_3 names source_card 'romancorrochano2017', which resolves to no single card — its lineage cannot be followed mechanically",MANIFEST source_card vs docs/cards/ stems,the specific card/chapter the rows were taken from,YES,YES,I-059,UNREVIEWED,explicit,puckworks/data/MANIFEST.csv,28cb97ae0363622ec5475b2bb3865cf60f32dea9
T-0103,lineage_circularity,E,same_source_consumer,dataset:romancorrochano2017/partition_K_table4_10,,,"romancorrochano2017/partition_K_table4_10 (post_fit) shares a source card with the component(s) romancorrochano2017.extraction that the manifest links to it; its strength is recorded as 'post-fit (Arrhenius lnK=-657/T+1.4, 3 points)'",MANIFEST source_card == component source prefix,an out-of-source dataset measuring the same observable,YES,YES,I-057,UNREVIEWED,explicit,puckworks/data/MANIFEST.csv,28cb97ae0363622ec5475b2bb3865cf60f32dea9
T-0104,lineage_circularity,E,unresolvable_source_card,dataset:romancorrochano2017/partition_K_table4_10,,,"romancorrochano2017/partition_K_table4_10 names source_card 'romancorrochano2017', which resolves to no single card — its lineage cannot be followed mechanically",MANIFEST source_card vs docs/cards/ stems,the specific card/chapter the rows were taken from,YES,YES,I-059,UNREVIEWED,explicit,puckworks/data/MANIFEST.csv,28cb97ae0363622ec5475b2bb3865cf60f32dea9
T-0105,lineage_circularity,E,mixed_strength_cell,dataset:romancorrochano2017/tamped_kappa,,,"MANIFEST validation_strength for romancorrochano2017/tamped_kappa names more than one strength: 'independent (measured Darcy permeability, tamped beds)' (derived tags: independent, mixed_strength, raw_measurement)","manifest cell, verbatim",which half of the cell each consuming gate actually uses,YES,YES,I-043,UNREVIEWED,explicit,puckworks/data/MANIFEST.csv,28cb97ae0363622ec5475b2bb3865cf60f32dea9
T-0106,lineage_circularity,E,unresolvable_source_card,dataset:romancorrochano2017/tamped_kappa,,,"romancorrochano2017/tamped_kappa names source_card 'romancorrochano2017', which resolves to no single card — its lineage cannot be followed mechanically",MANIFEST source_card vs docs/cards/ stems,the specific card/chapter the rows were taken from,YES,YES,I-059,UNREVIEWED,explicit,puckworks/data/MANIFEST.csv,28cb97ae0363622ec5475b2bb3865cf60f32dea9
T-0107,lineage_circularity,E,mixed_strength_cell,dataset:romancorrochano2017/y0_extractable,,,"MANIFEST validation_strength for romancorrochano2017/y0_extractable names more than one strength: 'independent (distinct nested ceiling quantities, K<1) + qualitative (monotone size-exclusion)' (derived tags: independent, mixed_strength, qualitative)","manifest cell, verbatim",which half of the cell each consuming gate actually uses,YES,YES,I-041,UNREVIEWED,explicit,puckworks/data/MANIFEST.csv,28cb97ae0363622ec5475b2bb3865cf60f32dea9
T-0108,lineage_circularity,E,unresolvable_source_card,dataset:romancorrochano2017/y0_extractable,,,"romancorrochano2017/y0_extractable names source_card 'romancorrochano2017', which resolves to no single card — its lineage cannot be followed mechanically",MANIFEST source_card vs docs/cards/ stems,the specific card/chapter the rows were taken from,YES,YES,I-059,UNREVIEWED,explicit,puckworks/data/MANIFEST.csv,28cb97ae0363622ec5475b2bb3865cf60f32dea9
T-0109,lineage_circularity,E,mixed_strength_cell,dataset:schulman2011/basket_geometry,,,"MANIFEST validation_strength for schulman2011/basket_geometry names more than one strength: 'reference (measured geometry; NO dP measured -> resistance is a construction, not measured)' (derived tags: mixed_strength, raw_measurement, reference_only)","manifest cell, verbatim",which half of the cell each consuming gate actually uses,YES,YES,I-049,UNREVIEWED,explicit,puckworks/data/MANIFEST.csv,28cb97ae0363622ec5475b2bb3865cf60f32dea9
T-0110,lineage_circularity,E,mixed_strength_cell,dataset:sobolik2002/rheology,,,"MANIFEST validation_strength for sobolik2002/rheology names more than one strength: 'reference (measured/fitted extract rheology; espresso application is extrapolation - soluble-coffee extract is not espresso liquor)' (derived tags: mixed_strength, raw_measurement, reference_only)","manifest cell, verbatim",which half of the cell each consuming gate actually uses,YES,YES,I-049,UNREVIEWED,explicit,puckworks/data/MANIFEST.csv,28cb97ae0363622ec5475b2bb3865cf60f32dea9
T-0111,lineage_circularity,E,mixed_strength_cell,dataset:vacaguerra2023a/psd,,,"MANIFEST validation_strength for vacaguerra2023a/psd names more than one strength: 'reference (measured PSD descriptors; single material)' (derived tags: mixed_strength, raw_measurement, reference_only)","manifest cell, verbatim",which half of the cell each consuming gate actually uses,YES,YES,I-049,UNREVIEWED,explicit,puckworks/data/MANIFEST.csv,28cb97ae0363622ec5475b2bb3865cf60f32dea9
T-0112,lineage_circularity,E,mixed_strength_cell,dataset:visualizer/hydraulic_timeseries,,,"MANIFEST validation_strength for visualizer/hydraulic_timeseries names more than one strength: 'measured (machine-logged) BUT uncontrolled/self-selected; reference-strength population data, NOT a controlled dataset' (derived tags: mixed_strength, raw_measurement, reference_only)","manifest cell, verbatim",which half of the cell each consuming gate actually uses,YES,YES,I-049,UNREVIEWED,explicit,puckworks/data/MANIFEST.csv,28cb97ae0363622ec5475b2bb3865cf60f32dea9
T-0113,lineage_circularity,E,same_source_consumer,dataset:waszkiewicz2025/brewer_quadratic,,,"waszkiewicz2025/brewer_quadratic (independent, same_campaign) shares a source card with the component(s) waszkiewicz2025.poroelastic that the manifest links to it; its strength is recorded as 'independent within-rig'",MANIFEST source_card == component source prefix,an out-of-source dataset measuring the same observable,YES,YES,I-058,UNREVIEWED,explicit,puckworks/data/MANIFEST.csv,28cb97ae0363622ec5475b2bb3865cf60f32dea9
T-0114,lineage_circularity,E,mixed_strength_cell,dataset:waszkiewicz2025/equilibrium_windows,,,"MANIFEST validation_strength for waszkiewicz2025/equilibrium_windows names more than one strength: 'reference (measured per-shot long-run statistics)' (derived tags: mixed_strength, raw_measurement, reference_only)","manifest cell, verbatim",which half of the cell each consuming gate actually uses,YES,YES,I-049,UNREVIEWED,explicit,puckworks/data/MANIFEST.csv,28cb97ae0363622ec5475b2bb3865cf60f32dea9
T-0115,lineage_circularity,E,same_source_consumer,dataset:waszkiewicz2025/static_calibration,,,"waszkiewicz2025/static_calibration (independent, same_campaign) shares a source card with the component(s) waszkiewicz2025.poroelastic that the manifest links to it; its strength is recorded as 'independent within-rig'",MANIFEST source_card == component source prefix,an out-of-source dataset measuring the same observable,YES,YES,I-058,UNREVIEWED,explicit,puckworks/data/MANIFEST.csv,28cb97ae0363622ec5475b2bb3865cf60f32dea9
T-0116,lineage_circularity,E,same_source_consumer,dataset:waszkiewicz2025/tds_fractions,,,"waszkiewicz2025/tds_fractions (independent, same_campaign) shares a source card with the component(s) waszkiewicz2025.poroelastic that the manifest links to it; its strength is recorded as 'independent within-rig'",MANIFEST source_card == component source prefix,an out-of-source dataset measuring the same observable,YES,YES,I-058,UNREVIEWED,explicit,puckworks/data/MANIFEST.csv,28cb97ae0363622ec5475b2bb3865cf60f32dea9
T-0117,lineage_circularity,E,same_source_consumer,dataset:waszkiewicz2025/tds_solids_calibration,,,waszkiewicz2025/tds_solids_calibration (post_fit) shares a source card with the component(s) waszkiewicz2025.poroelastic that the manifest links to it; its strength is recorded as 'post-fit reconstruction',MANIFEST source_card == component source prefix,an out-of-source dataset measuring the same observable,YES,YES,I-058,UNREVIEWED,explicit,puckworks/data/MANIFEST.csv,28cb97ae0363622ec5475b2bb3865cf60f32dea9
T-0118,lineage_circularity,E,mixed_strength_cell,dataset:waszkiewicz2025/traces_per_brew,,,"MANIFEST validation_strength for waszkiewicz2025/traces_per_brew names more than one strength: ""reference (measured per-shot traces; the reduction reproduces the published per-pressure means to 5e-7, within the published file's own 1e-6 write precision)"" (derived tags: mixed_strength, raw_measurement, reference_only, verification)","manifest cell, verbatim",which half of the cell each consuming gate actually uses,YES,YES,I-050,UNREVIEWED,explicit,puckworks/data/MANIFEST.csv,28cb97ae0363622ec5475b2bb3865cf60f32dea9
T-0119,lineage_circularity,E,mixed_strength_cell,dataset:waszkiewicz2025/traces_time_dependent,,,"MANIFEST validation_strength for waszkiewicz2025/traces_time_dependent names more than one strength: 'independent within-rig (equilibrium) / post-fit (9-bar Q(t) reproduction)' (derived tags: independent, mixed_strength, post_fit, same_campaign)","manifest cell, verbatim",which half of the cell each consuming gate actually uses,YES,YES,I-040,UNREVIEWED,explicit,puckworks/data/MANIFEST.csv,28cb97ae0363622ec5475b2bb3865cf60f32dea9
T-0120,lineage_circularity,E,same_source_consumer,dataset:waszkiewicz2025/traces_time_dependent,,,"waszkiewicz2025/traces_time_dependent (independent, mixed_strength, post_fit, same_campaign) shares a source card with the component(s) waszkiewicz2025.poroelastic that the manifest links to it; its strength is recorded as 'independent within-rig (equilibrium) / post-fit (9-bar Q(t) reproduction)'",MANIFEST source_card == component source prefix,an out-of-source dataset measuring the same observable,YES,YES,I-058,UNREVIEWED,explicit,puckworks/data/MANIFEST.csv,28cb97ae0363622ec5475b2bb3865cf60f32dea9
T-0172,missing_experiment,L,predicted_but_unmeasured,model:foster2025.infiltration | model:foster2025.machine_mode,wetting_front,,"2 registered models name wetting_front among their interface outputs and NO manifest dataset measures it: foster2025.infiltration, foster2025.machine_mode",model/observable matrix vs manifest MEASURES edges,a measurement campaign for wetting_front,NO,NO,I-091,UNREVIEWED,deterministically_inferred,puckworks/registry.py,28cb97ae0363622ec5475b2bb3865cf60f32dea9
T-0121,model_disagreement,A,comparable_not_yet_executed,model:brewer2026.coupled_kappa_t | model:fasano2000_partI.fines_migration,"flow, permeability",bed_dynamics,"brewer2026.coupled_kappa_t and fasano2000_partI.fines_migration both operate on stage bed_dynamics and both name flow, permeability among their interface outputs. Whether they agree is NOT established here.","evidence strengths (verbatim): brewer2026.coupled_kappa_t=exploratory_synthesis, fasano2000_partI.fines_migration=qualitative_capacity","flow, permeability",UNKNOWN,YES,I-060,UNREVIEWED,deterministically_inferred,docs/cards/brewer2026_coupled_kappa_t.md,28cb97ae0363622ec5475b2bb3865cf60f32dea9
T-0122,model_disagreement,A,comparable_not_yet_executed,model:brewer2026.coupled_kappa_t | model:waszkiewicz2025.poroelastic,"flow, permeability",bed_dynamics,"brewer2026.coupled_kappa_t and waszkiewicz2025.poroelastic both operate on stage bed_dynamics and both name flow, permeability among their interface outputs. Whether they agree is NOT established here.","evidence strengths (verbatim): brewer2026.coupled_kappa_t=exploratory_synthesis, waszkiewicz2025.poroelastic=post_fit_reconstruction","flow, permeability",UNKNOWN,YES,I-060,UNREVIEWED,deterministically_inferred,docs/cards/brewer2026_coupled_kappa_t.md,28cb97ae0363622ec5475b2bb3865cf60f32dea9
T-0123,model_disagreement,A,comparable_not_yet_executed,model:fasano2000_partI.fines_migration | model:waszkiewicz2025.poroelastic,"flow, permeability",bed_dynamics,"fasano2000_partI.fines_migration and waszkiewicz2025.poroelastic both operate on stage bed_dynamics and both name flow, permeability among their interface outputs. Whether they agree is NOT established here.","evidence strengths (verbatim): fasano2000_partI.fines_migration=qualitative_capacity, waszkiewicz2025.poroelastic=post_fit_reconstruction","flow, permeability",UNKNOWN,YES,I-060,UNREVIEWED,deterministically_inferred,docs/cards/fasano2000_partI.md,28cb97ae0363622ec5475b2bb3865cf60f32dea9
T-0124,model_disagreement,A,declared_competitor,model:grudeva2025.reduced | model:brewer2026.streamtube,,extraction / bed_dynamics,grudeva2025.reduced's card names brewer2026.streamtube as a competitor/conflict: - **brewer2026.streamtube (competing explanation of blonding):** 1D saturation-front dynamics vs lognormal channel heterogeneity;,"grudeva2025.reduced (post_fit_reconstruction) vs brewer2026.streamtube (within_campaign_held_out) — registry evidence strengths, verbatim","an observable both predict, run under one matched scenario",UNKNOWN,UNKNOWN,I-065,UNREVIEWED,explicit,docs/cards/grudeva2025.md,28cb97ae0363622ec5475b2bb3865cf60f32dea9
T-0125,model_disagreement,A,declared_competitor,model:grudeva2025.reduced | model:cameron2020.extraction_bdf,,extraction / extraction,grudeva2025.reduced's card names cameron2020.extraction_bdf as a competitor/conflict: - **cameron2020.extraction_bdf (competes on extraction):** same lineage and mass-transfer law;,"grudeva2025.reduced (post_fit_reconstruction) vs cameron2020.extraction_bdf (code_verification) — registry evidence strengths, verbatim","an observable both predict, run under one matched scenario",UNKNOWN,UNKNOWN,I-066,UNREVIEWED,explicit,docs/cards/grudeva2025.md,28cb97ae0363622ec5475b2bb3865cf60f32dea9
T-0126,model_disagreement,A,comparable_not_yet_executed,model:grudeva2025.reduced | model:maille2024.two_regime,"extraction_yield, tds",extraction,"grudeva2025.reduced and maille2024.two_regime both operate on stage extraction and both name extraction_yield, tds among their interface outputs. Whether they agree is NOT established here.","evidence strengths (verbatim): grudeva2025.reduced=post_fit_reconstruction, maille2024.two_regime=source_curve_reproduction","extraction_yield, tds",UNKNOWN,YES,I-063,UNREVIEWED,deterministically_inferred,docs/cards/grudeva2025.md,28cb97ae0363622ec5475b2bb3865cf60f32dea9
T-0127,model_disagreement,A,comparable_not_yet_executed,model:grudeva2025.reduced | model:mo2023_2.coupled_bed,"extraction_yield, tds",extraction,"grudeva2025.reduced and mo2023_2.coupled_bed both operate on stage extraction and both name extraction_yield, tds among their interface outputs. Whether they agree is NOT established here.","evidence strengths (verbatim): grudeva2025.reduced=post_fit_reconstruction, mo2023_2.coupled_bed=post_fit_reconstruction","extraction_yield, tds",UNKNOWN,YES,I-063,UNREVIEWED,deterministically_inferred,docs/cards/grudeva2025.md,28cb97ae0363622ec5475b2bb3865cf60f32dea9
T-0128,model_disagreement,A,comparable_not_yet_executed,model:grudeva2025.reduced | model:moroney2016.surrogate,"extraction_yield, tds",extraction,"grudeva2025.reduced and moroney2016.surrogate both operate on stage extraction and both name extraction_yield, tds among their interface outputs. Whether they agree is NOT established here.","evidence strengths (verbatim): grudeva2025.reduced=post_fit_reconstruction, moroney2016.surrogate=qualitative_capacity","extraction_yield, tds",UNKNOWN,YES,I-063,UNREVIEWED,deterministically_inferred,docs/cards/grudeva2025.md,28cb97ae0363622ec5475b2bb3865cf60f32dea9
T-0129,model_disagreement,A,comparable_not_yet_executed,model:grudeva2025.reduced | model:pannusch2024.closures,"extraction_yield, tds",extraction,"grudeva2025.reduced and pannusch2024.closures both operate on stage extraction and both name extraction_yield, tds among their interface outputs. Whether they agree is NOT established here.","evidence strengths (verbatim): grudeva2025.reduced=post_fit_reconstruction, pannusch2024.closures=code_verification","extraction_yield, tds",UNKNOWN,YES,I-063,UNREVIEWED,deterministically_inferred,docs/cards/grudeva2025.md,28cb97ae0363622ec5475b2bb3865cf60f32dea9
T-0130,model_disagreement,A,comparable_not_yet_executed,model:grudeva2025.reduced | model:pannusch2024.solver,"extraction_yield, tds",extraction,"grudeva2025.reduced and pannusch2024.solver both operate on stage extraction and both name extraction_yield, tds among their interface outputs. Whether they agree is NOT established here.","evidence strengths (verbatim): grudeva2025.reduced=post_fit_reconstruction, pannusch2024.solver=post_fit_reconstruction","extraction_yield, tds",UNKNOWN,YES,I-063,UNREVIEWED,deterministically_inferred,docs/cards/grudeva2025.md,28cb97ae0363622ec5475b2bb3865cf60f32dea9
T-0131,model_disagreement,A,comparable_not_yet_executed,model:grudeva2025.reduced | model:romancorrochano2017.extraction,"extraction_yield, tds",extraction,"grudeva2025.reduced and romancorrochano2017.extraction both operate on stage extraction and both name extraction_yield, tds among their interface outputs. Whether they agree is NOT established here.","evidence strengths (verbatim): grudeva2025.reduced=post_fit_reconstruction, romancorrochano2017.extraction=sign_or_compatibility","extraction_yield, tds",UNKNOWN,YES,I-063,UNREVIEWED,deterministically_inferred,docs/cards/grudeva2025.md,28cb97ae0363622ec5475b2bb3865cf60f32dea9
T-0132,model_disagreement,A,declared_competitor,model:lee2023.feedback | model:brewer2026.streamtube,,flow / bed_dynamics,lee2023.feedback's card names brewer2026.streamtube as a competitor/conflict: - **brewer2026.streamtube (competes/complements):** streamtube posits *static* lognormal permeability heterogeneity;,"lee2023.feedback (qualitative_capacity) vs brewer2026.streamtube (within_campaign_held_out) — registry evidence strengths, verbatim","an observable both predict, run under one matched scenario",UNKNOWN,UNKNOWN,I-067,UNREVIEWED,explicit,docs/cards/lee2023.md,28cb97ae0363622ec5475b2bb3865cf60f32dea9
T-0133,model_disagreement,A,declared_competitor,model:lee2023.feedback | model:cameron2020.extraction_bdf,,flow / extraction,lee2023.feedback's card names cameron2020.extraction_bdf as a competitor/conflict: - **cameron2020.extraction_bdf (complements/competes):** uses Cameron's data;,"lee2023.feedback (qualitative_capacity) vs cameron2020.extraction_bdf (code_verification) — registry evidence strengths, verbatim","an observable both predict, run under one matched scenario",UNKNOWN,UNKNOWN,I-068,UNREVIEWED,explicit,docs/cards/lee2023.md,28cb97ae0363622ec5475b2bb3865cf60f32dea9
T-0134,model_disagreement,A,declared_competitor,model:lee2023.feedback | model:foster2025.infiltration,,flow / infiltration,"lee2023.feedback's card names foster2025.infiltration as a competitor/conflict: - **foster2025.infiltration (competing hypothesis):** this is now the *third* mechanism on the table for the fine-grind EY dip — (a) channeling/static heterogeneity (streamtube), (b) incomplete wettin","lee2023.feedback (qualitative_capacity) vs foster2025.infiltration (sign_or_compatibility) — registry evidence strengths, verbatim","an observable both predict, run under one matched scenario",UNKNOWN,UNKNOWN,I-069,UNREVIEWED,explicit,docs/cards/lee2023.md,28cb97ae0363622ec5475b2bb3865cf60f32dea9
T-0135,model_disagreement,A,comparable_not_yet_executed,model:lee2023.feedback | model:wadsworth2026.inertial,permeability,flow,lee2023.feedback and wadsworth2026.inertial both operate on stage flow and both name permeability among their interface outputs. Whether they agree is NOT established here.,"evidence strengths (verbatim): lee2023.feedback=qualitative_capacity, wadsworth2026.inertial=source_curve_reproduction",permeability,UNKNOWN,YES,I-064,UNREVIEWED,deterministically_inferred,docs/cards/lee2023.md,28cb97ae0363622ec5475b2bb3865cf60f32dea9
T-0136,model_disagreement,A,comparable_not_yet_executed,model:maille2024.two_regime | model:mo2023_2.coupled_bed,"extraction_yield, tds",extraction,"maille2024.two_regime and mo2023_2.coupled_bed both operate on stage extraction and both name extraction_yield, tds among their interface outputs. Whether they agree is NOT established here.","evidence strengths (verbatim): maille2024.two_regime=source_curve_reproduction, mo2023_2.coupled_bed=post_fit_reconstruction","extraction_yield, tds",UNKNOWN,YES,I-063,UNREVIEWED,deterministically_inferred,docs/cards/maille2024.md,28cb97ae0363622ec5475b2bb3865cf60f32dea9
T-0137,model_disagreement,A,comparable_not_yet_executed,model:maille2024.two_regime | model:moroney2016.surrogate,"extraction_yield, tds",extraction,"maille2024.two_regime and moroney2016.surrogate both operate on stage extraction and both name extraction_yield, tds among their interface outputs. Whether they agree is NOT established here.","evidence strengths (verbatim): maille2024.two_regime=source_curve_reproduction, moroney2016.surrogate=qualitative_capacity","extraction_yield, tds",UNKNOWN,YES,I-063,UNREVIEWED,deterministically_inferred,docs/cards/maille2024.md,28cb97ae0363622ec5475b2bb3865cf60f32dea9
T-0138,model_disagreement,A,comparable_not_yet_executed,model:maille2024.two_regime | model:pannusch2024.closures,"extraction_yield, species_concentration, tds",extraction,"maille2024.two_regime and pannusch2024.closures both operate on stage extraction and both name extraction_yield, species_concentration, tds among their interface outputs. Whether they agree is NOT established here.","evidence strengths (verbatim): maille2024.two_regime=source_curve_reproduction, pannusch2024.closures=code_verification","extraction_yield, species_concentration, tds",UNKNOWN,YES,I-062,UNREVIEWED,deterministically_inferred,docs/cards/maille2024.md,28cb97ae0363622ec5475b2bb3865cf60f32dea9
T-0139,model_disagreement,A,comparable_not_yet_executed,model:maille2024.two_regime | model:pannusch2024.solver,"extraction_yield, species_concentration, tds",extraction,"maille2024.two_regime and pannusch2024.solver both operate on stage extraction and both name extraction_yield, species_concentration, tds among their interface outputs. Whether they agree is NOT established here.","evidence strengths (verbatim): maille2024.two_regime=source_curve_reproduction, pannusch2024.solver=post_fit_reconstruction","extraction_yield, species_concentration, tds",UNKNOWN,YES,I-062,UNREVIEWED,deterministically_inferred,docs/cards/maille2024.md,28cb97ae0363622ec5475b2bb3865cf60f32dea9
T-0140,model_disagreement,A,comparable_not_yet_executed,model:maille2024.two_regime | model:romancorrochano2017.extraction,"extraction_yield, tds",extraction,"maille2024.two_regime and romancorrochano2017.extraction both operate on stage extraction and both name extraction_yield, tds among their interface outputs. Whether they agree is NOT established here.","evidence strengths (verbatim): maille2024.two_regime=source_curve_reproduction, romancorrochano2017.extraction=sign_or_compatibility","extraction_yield, tds",UNKNOWN,YES,I-063,UNREVIEWED,deterministically_inferred,docs/cards/maille2024.md,28cb97ae0363622ec5475b2bb3865cf60f32dea9
T-0141,model_disagreement,A,declared_competitor,model:mo2023_2.coupled_bed | model:brewer2026.streamtube,,extraction / bed_dynamics,"mo2023_2.coupled_bed's card names brewer2026.streamtube as a competitor/conflict: - **brewer2026.streamtube (bed_dynamics):** complementary-competing: streamtube explains flow anomalies via static radial heterogeneity, Mo via temporal porosity evolution;","mo2023_2.coupled_bed (post_fit_reconstruction) vs brewer2026.streamtube (within_campaign_held_out) — registry evidence strengths, verbatim","an observable both predict, run under one matched scenario",UNKNOWN,UNKNOWN,I-070,UNREVIEWED,explicit,docs/cards/mo2023_2.md,28cb97ae0363622ec5475b2bb3865cf60f32dea9
T-0142,model_disagreement,A,comparable_not_yet_executed,model:mo2023_2.coupled_bed | model:moroney2016.surrogate,"extraction_yield, tds",extraction,"mo2023_2.coupled_bed and moroney2016.surrogate both operate on stage extraction and both name extraction_yield, tds among their interface outputs. Whether they agree is NOT established here.","evidence strengths (verbatim): mo2023_2.coupled_bed=post_fit_reconstruction, moroney2016.surrogate=qualitative_capacity","extraction_yield, tds",UNKNOWN,YES,I-063,UNREVIEWED,deterministically_inferred,docs/cards/mo2023_2.md,28cb97ae0363622ec5475b2bb3865cf60f32dea9
T-0143,model_disagreement,A,comparable_not_yet_executed,model:mo2023_2.coupled_bed | model:pannusch2024.closures,"extraction_yield, tds",extraction,"mo2023_2.coupled_bed and pannusch2024.closures both operate on stage extraction and both name extraction_yield, tds among their interface outputs. Whether they agree is NOT established here.","evidence strengths (verbatim): mo2023_2.coupled_bed=post_fit_reconstruction, pannusch2024.closures=code_verification","extraction_yield, tds",UNKNOWN,YES,I-063,UNREVIEWED,deterministically_inferred,docs/cards/mo2023_2.md,28cb97ae0363622ec5475b2bb3865cf60f32dea9
T-0144,model_disagreement,A,comparable_not_yet_executed,model:mo2023_2.coupled_bed | model:pannusch2024.solver,"extraction_yield, tds",extraction,"mo2023_2.coupled_bed and pannusch2024.solver both operate on stage extraction and both name extraction_yield, tds among their interface outputs. Whether they agree is NOT established here.","evidence strengths (verbatim): mo2023_2.coupled_bed=post_fit_reconstruction, pannusch2024.solver=post_fit_reconstruction","extraction_yield, tds",UNKNOWN,YES,I-063,UNREVIEWED,deterministically_inferred,docs/cards/mo2023_2.md,28cb97ae0363622ec5475b2bb3865cf60f32dea9
T-0145,model_disagreement,A,comparable_not_yet_executed,model:mo2023_2.coupled_bed | model:romancorrochano2017.extraction,"extraction_yield, tds",extraction,"mo2023_2.coupled_bed and romancorrochano2017.extraction both operate on stage extraction and both name extraction_yield, tds among their interface outputs. Whether they agree is NOT established here.","evidence strengths (verbatim): mo2023_2.coupled_bed=post_fit_reconstruction, romancorrochano2017.extraction=sign_or_compatibility","extraction_yield, tds",UNKNOWN,YES,I-063,UNREVIEWED,deterministically_inferred,docs/cards/mo2023_2.md,28cb97ae0363622ec5475b2bb3865cf60f32dea9
T-0146,model_disagreement,A,declared_competitor,model:mo2023_2.coupled_bed | model:wadsworth2026.permeability,,extraction / packing,"mo2023_2.coupled_bed's card names wadsworth2026.permeability as a competitor/conflict: - **wadsworth2026.permeability (packing, calibration):** competing k closure (Carman-Kozeny + tortuosity power law vs percolation form with angularity).","mo2023_2.coupled_bed (post_fit_reconstruction) vs wadsworth2026.permeability (source_curve_reproduction) — registry evidence strengths, verbatim","an observable both predict, run under one matched scenario",UNKNOWN,UNKNOWN,I-071,UNREVIEWED,explicit,docs/cards/mo2023_2.md,28cb97ae0363622ec5475b2bb3865cf60f32dea9
T-0147,model_disagreement,A,declared_competitor,model:mo2023_2.swelling | model:brewer2026.streamtube,,bed_dynamics / bed_dynamics,"mo2023_2.swelling's card names brewer2026.streamtube as a competitor/conflict: - **brewer2026.streamtube (bed_dynamics):** complementary-competing: streamtube explains flow anomalies via static radial heterogeneity, Mo via temporal porosity evolution;","mo2023_2.swelling (source_curve_reproduction) vs brewer2026.streamtube (within_campaign_held_out) — registry evidence strengths, verbatim","an observable both predict, run under one matched scenario",UNKNOWN,UNKNOWN,I-072,UNREVIEWED,explicit,docs/cards/mo2023_2.md,28cb97ae0363622ec5475b2bb3865cf60f32dea9
T-0148,model_disagreement,A,declared_competitor,model:mo2023_2.swelling | model:wadsworth2026.permeability,,bed_dynamics / packing,"mo2023_2.swelling's card names wadsworth2026.permeability as a competitor/conflict: - **wadsworth2026.permeability (packing, calibration):** competing k closure (Carman-Kozeny + tortuosity power law vs percolation form with angularity).","mo2023_2.swelling (source_curve_reproduction) vs wadsworth2026.permeability (source_curve_reproduction) — registry evidence strengths, verbatim","an observable both predict, run under one matched scenario",UNKNOWN,UNKNOWN,I-073,UNREVIEWED,explicit,docs/cards/mo2023_2.md,28cb97ae0363622ec5475b2bb3865cf60f32dea9
T-0149,model_disagreement,A,comparable_not_yet_executed,model:moroney2016.surrogate | model:pannusch2024.closures,"extraction_yield, tds",extraction,"moroney2016.surrogate and pannusch2024.closures both operate on stage extraction and both name extraction_yield, tds among their interface outputs. Whether they agree is NOT established here.","evidence strengths (verbatim): moroney2016.surrogate=qualitative_capacity, pannusch2024.closures=code_verification","extraction_yield, tds",UNKNOWN,YES,I-063,UNREVIEWED,deterministically_inferred,docs/cards/moroney2016.md,28cb97ae0363622ec5475b2bb3865cf60f32dea9
T-0150,model_disagreement,A,comparable_not_yet_executed,model:moroney2016.surrogate | model:pannusch2024.solver,"extraction_yield, tds",extraction,"moroney2016.surrogate and pannusch2024.solver both operate on stage extraction and both name extraction_yield, tds among their interface outputs. Whether they agree is NOT established here.","evidence strengths (verbatim): moroney2016.surrogate=qualitative_capacity, pannusch2024.solver=post_fit_reconstruction","extraction_yield, tds",UNKNOWN,YES,I-063,UNREVIEWED,deterministically_inferred,docs/cards/moroney2016.md,28cb97ae0363622ec5475b2bb3865cf60f32dea9
T-0151,model_disagreement,A,comparable_not_yet_executed,model:moroney2016.surrogate | model:romancorrochano2017.extraction,"extraction_yield, tds",extraction,"moroney2016.surrogate and romancorrochano2017.extraction both operate on stage extraction and both name extraction_yield, tds among their interface outputs. Whether they agree is NOT established here.","evidence strengths (verbatim): moroney2016.surrogate=qualitative_capacity, romancorrochano2017.extraction=sign_or_compatibility","extraction_yield, tds",UNKNOWN,YES,I-063,UNREVIEWED,deterministically_inferred,docs/cards/moroney2016.md,28cb97ae0363622ec5475b2bb3865cf60f32dea9
T-0152,model_disagreement,A,declared_competitor,model:moroney2016.surrogate | model:wadsworth2026.permeability,,extraction / packing,"moroney2016.surrogate's card names wadsworth2026.permeability as a competitor/conflict: - **wadsworth2026.permeability** (packing, calibration): competing permeability closure — Kozeny–Carman κ = 3.1 here vs.","moroney2016.surrogate (qualitative_capacity) vs wadsworth2026.permeability (source_curve_reproduction) — registry evidence strengths, verbatim","an observable both predict, run under one matched scenario",UNKNOWN,UNKNOWN,I-074,UNREVIEWED,explicit,docs/cards/moroney2016.md,28cb97ae0363622ec5475b2bb3865cf60f32dea9
T-0153,model_disagreement,A,declared_competitor,model:pannusch2024.closures | model:cameron2020.extraction_bdf,,extraction / extraction,"pannusch2024.closures's card names cameron2020.extraction_bdf as a competitor/conflict: - **cameron2020.extraction_bdf (extraction, runtime)** — direct competitor and complement.","pannusch2024.closures (code_verification) vs cameron2020.extraction_bdf (code_verification) — registry evidence strengths, verbatim","an observable both predict, run under one matched scenario",UNKNOWN,UNKNOWN,I-075,UNREVIEWED,explicit,docs/cards/pannusch2024.md,28cb97ae0363622ec5475b2bb3865cf60f32dea9
T-0154,model_disagreement,A,comparable_not_yet_executed,model:pannusch2024.closures | model:pannusch2024.solver,"cumulative_mass, extraction_yield, species_concentration, tds",extraction,"pannusch2024.closures and pannusch2024.solver both operate on stage extraction and both name cumulative_mass, extraction_yield, species_concentration, tds among their interface outputs. Whether they agree is NOT established here.","evidence strengths (verbatim): pannusch2024.closures=code_verification, pannusch2024.solver=post_fit_reconstruction","cumulative_mass, extraction_yield, species_concentration, tds",UNKNOWN,YES,I-061,UNREVIEWED,deterministically_inferred,docs/cards/pannusch2024.md,28cb97ae0363622ec5475b2bb3865cf60f32dea9
T-0155,model_disagreement,A,comparable_not_yet_executed,model:pannusch2024.closures | model:romancorrochano2017.extraction,"extraction_yield, tds",extraction,"pannusch2024.closures and romancorrochano2017.extraction both operate on stage extraction and both name extraction_yield, tds among their interface outputs. Whether they agree is NOT established here.","evidence strengths (verbatim): pannusch2024.closures=code_verification, romancorrochano2017.extraction=sign_or_compatibility","extraction_yield, tds",UNKNOWN,YES,I-063,UNREVIEWED,deterministically_inferred,docs/cards/pannusch2024.md,28cb97ae0363622ec5475b2bb3865cf60f32dea9
T-0156,model_disagreement,A,declared_competitor,model:pannusch2024.solver | model:cameron2020.extraction_bdf,,extraction / extraction,"pannusch2024.solver's card names cameron2020.extraction_bdf as a competitor/conflict: - **cameron2020.extraction_bdf (extraction, runtime)** — direct competitor and complement.","pannusch2024.solver (post_fit_reconstruction) vs cameron2020.extraction_bdf (code_verification) — registry evidence strengths, verbatim","an observable both predict, run under one matched scenario",UNKNOWN,UNKNOWN,I-076,UNREVIEWED,explicit,docs/cards/pannusch2024.md,28cb97ae0363622ec5475b2bb3865cf60f32dea9
T-0157,model_disagreement,A,comparable_not_yet_executed,model:pannusch2024.solver | model:romancorrochano2017.extraction,"extraction_yield, tds",extraction,"pannusch2024.solver and romancorrochano2017.extraction both operate on stage extraction and both name extraction_yield, tds among their interface outputs. Whether they agree is NOT established here.","evidence strengths (verbatim): pannusch2024.solver=post_fit_reconstruction, romancorrochano2017.extraction=sign_or_compatibility","extraction_yield, tds",UNKNOWN,YES,I-063,UNREVIEWED,deterministically_inferred,docs/cards/pannusch2024.md,28cb97ae0363622ec5475b2bb3865cf60f32dea9
T-0158,model_disagreement,A,declared_competitor,model:romancorrochano2017.extraction | model:cameron2020.extraction_bdf,,extraction / extraction,romancorrochano2017.extraction's card names cameron2020.extraction_bdf as a competitor/conflict: - COMPETES with cameron2020.extraction_bdf (registry #1): both are runtime saturated,"romancorrochano2017.extraction (sign_or_compatibility) vs cameron2020.extraction_bdf (code_verification) — registry evidence strengths, verbatim","an observable both predict, run under one matched scenario",UNKNOWN,UNKNOWN,I-077,UNREVIEWED,explicit,docs/cards/romancorrochano2017_extraction.md,28cb97ae0363622ec5475b2bb3865cf60f32dea9
T-0159,negative_result,J,standing_negative_verdict,result:ANALYSIS_P2,,,"docs/ANALYSIS_P2.md carries 3 negative-verdict marker lines (downgraded, fails). First: L95 'needed** (every constant fails), *not* that a specific bed mechanism is validated —'","allowlisted standing analysis, line pointers only",whether the negative result generalises beyond its tested configuration,YES,YES,I-078,UNREVIEWED,explicit,docs/ANALYSIS_P2.md,28cb97ae0363622ec5475b2bb3865cf60f32dea9
T-0160,negative_result,J,standing_negative_verdict,result:ANALYSIS_transfer,,,"docs/ANALYSIS_transfer.md carries 3 negative-verdict marker lines (non-identifiable, retired). First: L20 'endpoint leaves them practically non-identifiable, because the objective has a flat valley along'","allowlisted standing analysis, line pointers only",whether the negative result generalises beyond its tested configuration,YES,YES,I-079,UNREVIEWED,explicit,docs/ANALYSIS_transfer.md,28cb97ae0363622ec5475b2bb3865cf60f32dea9
T-0161,negative_result,J,standing_negative_verdict,result:P3_hypotheses,,,"docs/P3_hypotheses.md carries 3 negative-verdict marker lines (downgraded, negative result). First: L27 '> **Downgraded verdict (`gate_p3_schmieder_peak_discrimination`):** MODEL'","allowlisted standing analysis, line pointers only",whether the negative result generalises beyond its tested configuration,YES,YES,I-080,UNREVIEWED,explicit,docs/P3_hypotheses.md,28cb97ae0363622ec5475b2bb3865cf60f32dea9
T-0162,public_story,M,unclaimed_contrast_with_data,model:brewer2026.coupled_kappa_t | model:cameron2020.extraction_bdf | model:fasano2000_partI.fines_migration | model:lee2023.feedback | model:wadsworth2026.inertial | model:waszkiewicz2025.poroelastic | dataset:gagne2021/grinder_arm_summary | dataset:gagne2021/resistance_decline_summary | dataset:gagne2021/shots | dataset:grudeva2025/params | dataset:mo2023_2/granulometry_table1 | dataset:mo2023_2/k0_table2,permeability,,"permeability is predicted by 6 model(s) and measured by 15 manifest dataset(s), of which 14 are not cited by any existing public claim",existing claim inventory (5 claims) checked for overlap,permeability,YES,YES,I-081,UNREVIEWED,explicit,puckworks/data/MANIFEST.csv,28cb97ae0363622ec5475b2bb3865cf60f32dea9
T-0163,public_story,M,unclaimed_contrast_with_data,model:brewer2026.coupled_kappa_t | model:cameron2020.extraction_bdf | model:fasano2000_partI.fines_migration | model:wadsworth2026.inertial | model:waszkiewicz2025.poroelastic | dataset:cameron2020/fig5_grind_deviation | dataset:de1_fixtureA | dataset:fasano2000_partI/fig8_1_experimental | dataset:fasano2000_partI/fig8_4_reversal | dataset:foster2025_2/fig15_flow | dataset:g10_liquor_rheology/khomyakov_kinematic_viscosity,flow,,"flow is predicted by 5 model(s) and measured by 21 manifest dataset(s), of which 19 are not cited by any existing public claim",existing claim inventory (5 claims) checked for overlap,flow,YES,YES,I-082,UNREVIEWED,explicit,puckworks/data/MANIFEST.csv,28cb97ae0363622ec5475b2bb3865cf60f32dea9
T-0164,public_story,M,unclaimed_contrast_with_data,model:brewer2026.coupled_kappa_t | model:wadsworth2026.grindmap | dataset:maille2024/particle_porosity | dataset:maille2024/ssa | dataset:vacaguerra2023a/dry_porosity_validation | dataset:vacaguerra2023a/omega_coefficients | dataset:wadsworth2026/table1_full,porosity,,"porosity is predicted by 2 model(s) and measured by 5 manifest dataset(s), of which 5 are not cited by any existing public claim",existing claim inventory (5 claims) checked for overlap,porosity,YES,YES,I-083,UNREVIEWED,explicit,puckworks/data/MANIFEST.csv,28cb97ae0363622ec5475b2bb3865cf60f32dea9
T-0165,public_story,M,unclaimed_contrast_with_data,model:cameron2020.extraction_bdf | model:waszkiewicz2025.poroelastic | dataset:de1_fixtureA | dataset:egidi2024/table2 | dataset:fasano2000_partI/fig8_1_experimental | dataset:g3_pump_characteristic/ulka_envelope | dataset:gagne2021/shots | dataset:gloess2013/de_espresso_endpoint,pressure,,"pressure is predicted by 2 model(s) and measured by 23 manifest dataset(s), of which 20 are not cited by any existing public claim",existing claim inventory (5 claims) checked for overlap,pressure,YES,YES,I-084,UNREVIEWED,explicit,puckworks/data/MANIFEST.csv,28cb97ae0363622ec5475b2bb3865cf60f32dea9
T-0173,public_story,M,unclaimed_contrast_with_data,model:foster2025.infiltration | model:foster2025.machine_mode | dataset:de1_fixtureA,first_drip_time,,"first_drip_time is predicted by 2 model(s) and measured by 1 manifest dataset(s), of which 1 are not cited by any existing public claim",existing claim inventory (5 claims) checked for overlap,first_drip_time,YES,YES,I-092,UNREVIEWED,explicit,puckworks/data/MANIFEST.csv,28cb97ae0363622ec5475b2bb3865cf60f32dea9
T-0166,public_story,M,unclaimed_contrast_with_data,model:grudeva2025.reduced | model:lee2023.feedback | model:maille2024.phi_closure | model:maille2024.two_regime | model:mo2023_2.coupled_bed | model:mo2023_2.swelling | model:moroney2016.surrogate | model:pannusch2024.closures | model:pannusch2024.solver | model:romancorrochano2017.extraction | dataset:cameron2020/fig5_grind_deviation | dataset:mo2023_2/yield_strength_figs6_9 | dataset:pocketscience2024/edge_ey_condition_means | dataset:ribes2020/radial_ey | dataset:ribes2021/radial_ey,extraction_yield,,"extraction_yield is predicted by 10 model(s) and measured by 5 manifest dataset(s), of which 5 are not cited by any existing public claim",existing claim inventory (5 claims) checked for overlap,extraction_yield,YES,YES,I-085,UNREVIEWED,explicit,puckworks/data/MANIFEST.csv,28cb97ae0363622ec5475b2bb3865cf60f32dea9
T-0167,public_story,M,unclaimed_contrast_with_data,model:grudeva2025.reduced | model:maille2024.phi_closure | model:maille2024.two_regime | model:mo2023_2.coupled_bed | model:mo2023_2.swelling | model:moroney2016.surrogate | model:pannusch2024.closures | model:pannusch2024.solver | model:romancorrochano2017.extraction | dataset:egidi2024/table2 | dataset:g10_liquor_rheology/telisromero2001_closures | dataset:gagne2021/shots | dataset:gloess2013/de_espresso_endpoint | dataset:liang2021/fig3_tds | dataset:mo2023_2/yield_strength_figs6_9,tds,,"tds is predicted by 9 model(s) and measured by 15 manifest dataset(s), of which 11 are not cited by any existing public claim",existing claim inventory (5 claims) checked for overlap,tds,YES,YES,I-086,UNREVIEWED,explicit,puckworks/data/MANIFEST.csv,28cb97ae0363622ec5475b2bb3865cf60f32dea9
T-0168,public_story,M,unclaimed_contrast_with_data,model:maille2024.phi_closure | model:maille2024.two_regime | model:pannusch2024.closures | model:pannusch2024.solver | dataset:angeloni2023/lipids | dataset:ellero2019/fig4_caffeine_content | dataset:khamitova2020/tamping | dataset:maille2024/equilibrium_concentrations | dataset:maille2024/kinetics_caffeine_3cqa | dataset:maille2024/kinetics_organic_acids,species_concentration,,"species_concentration is predicted by 4 model(s) and measured by 9 manifest dataset(s), of which 6 are not cited by any existing public claim",existing claim inventory (5 claims) checked for overlap,species_concentration,YES,YES,I-087,UNREVIEWED,explicit,puckworks/data/MANIFEST.csv,28cb97ae0363622ec5475b2bb3865cf60f32dea9
T-0169,public_story,M,unclaimed_contrast_with_data,model:pannusch2024.closures | model:pannusch2024.solver | model:waszkiewicz2025.poroelastic | dataset:waszkiewicz2025/tds_solids_calibration,cumulative_mass,,"cumulative_mass is predicted by 3 model(s) and measured by 1 manifest dataset(s), of which 1 are not cited by any existing public claim",existing claim inventory (5 claims) checked for overlap,cumulative_mass,YES,YES,I-088,UNREVIEWED,explicit,puckworks/data/MANIFEST.csv,28cb97ae0363622ec5475b2bb3865cf60f32dea9
T-0174,scale_mismatch,I,pore_scale_vs_continuum,model:lee2023.feedback | model:wadsworth2026.inertial | model:brewer2026.coupled_kappa_t | model:cameron2020.extraction_bdf | model:fasano2000_partI.fines_migration | model:foster2025.infiltration | model:foster2025.machine_mode | model:grudeva2025.reduced | model:moroney2016.surrogate | model:waszkiewicz2025.poroelastic,permeability,,"Permeability is spoken about at two scales: lee2023.feedback, wadsworth2026.inertial (pore/pack scale) and brewer2026.coupled_kappa_t, cameron2020.extraction_bdf, fasano2000_partI.fines_migration, foster2025.infiltration, foster2025.machine_mode, grudeva2025.reduced, moroney2016.surrogate, waszkiewicz2025.poroelastic (continuum/bed scale). Whether the continuum closures preserve the pore-scale trend is not established by the corpus map.",lee2023.feedback=qualitative_capacity; wadsworth2026.inertial=source_curve_reproduction; brewer2026.coupled_kappa_t=exploratory_synthesis; cameron2020.extraction_bdf=code_verification; fasano2000_partI.fines_migration=qualitative_capacity; foster2025.infiltration=sign_or_compatibility; foster2025.machine_mode=source_curve_reproduction; grudeva2025.reduced=post_fit_reconstruction; moroney2016.surrogate=qualitative_capacity; waszkiewicz2025.poroelastic=post_fit_reconstruction,RVE size at which permeability stabilises; closure vs solver on one geometry family,UNKNOWN,UNKNOWN,I-093,UNREVIEWED,explicit,puckworks/registry.py,28cb97ae0363622ec5475b2bb3865cf60f32dea9
