campaign_id,condition_id,source_experiment_id,shot_id,physical_replicate_id,fraction_id,fraction_start_s,fraction_end_s,fraction_liquid_g_or_ml,fraction_basis,analyte,concentration_value,concentration_unit,analyte_mass_mg,mass_derivation,validity,exclusion_reason,source_id,source_object_or_cell,measurement_kind
FIT_2021_12,FIT-C01,1,FIT-E01-R1,1,1,0,4.91627295,4.6705,MEASURED_MASS_G,caffeine,9.92350466,mg/g,46.34772853,DERIVED_FROM_CONCENTRATION_AND_MEASURED_LIQUID,VALID,,P24-MAT-FIT,ExperimentalData(1).run(1) fraction 1,SOURCE_DERIVED_ANALYTICAL
FIT_2021_12,FIT-C01,1,FIT-E01-R1,1,1,0,4.91627295,4.6705,MEASURED_MASS_G,trigonelline,6.59625868,mg/g,30.80782614,DERIVED_FROM_CONCENTRATION_AND_MEASURED_LIQUID,VALID,,P24-MAT-FIT,ExperimentalData(1).run(1) fraction 1,SOURCE_DERIVED_ANALYTICAL
FIT_2021_12,FIT-C01,1,FIT-E01-R1,1,1,0,4.91627295,4.6705,MEASURED_MASS_G,5CQA,6.64493454,mg/g,31.03516676,DERIVED_FROM_CONCENTRATION_AND_MEASURED_LIQUID,VALID,,P24-MAT-FIT,ExperimentalData(1).run(1) fraction 1,SOURCE_DERIVED_ANALYTICAL
FIT_2021_12,FIT-C01,1,FIT-E01-R1,1,1,0,4.91627295,4.6705,MEASURED_MASS_G,CQA_sum,13.90672667,mg/g,64.95136692,DERIVED_FROM_CONCENTRATION_AND_MEASURED_LIQUID,VALID,,P24-MAT-FIT,ExperimentalData(1).run(1) fraction 1,SOURCE_DERIVED_ANALYTICAL
FIT_2021_12,FIT-C01,1,FIT-E01-R1,1,1,0,4.91627295,4.6705,MEASURED_MASS_G,TDS,29.74564005,percent,1389.27011873,DERIVED_FROM_CONCENTRATION_AND_MEASURED_LIQUID,VALID,,P24-MAT-FIT,ExperimentalData(1).run(1) fraction 1,SOURCE_DERIVED_ANALYTICAL
FIT_2021_12,FIT-C01,1,FIT-E01-R1,1,2,4.91627295,11.64442485,6.3918,MEASURED_MASS_G,caffeine,7.04393343,mg/g,45.02341367,DERIVED_FROM_CONCENTRATION_AND_MEASURED_LIQUID,VALID,,P24-MAT-FIT,ExperimentalData(1).run(1) fraction 2,SOURCE_DERIVED_ANALYTICAL
FIT_2021_12,FIT-C01,1,FIT-E01-R1,1,2,4.91627295,11.64442485,6.3918,MEASURED_MASS_G,trigonelline,4.05338195,mg/g,25.90840675,DERIVED_FROM_CONCENTRATION_AND_MEASURED_LIQUID,VALID,,P24-MAT-FIT,ExperimentalData(1).run(1) fraction 2,SOURCE_DERIVED_ANALYTICAL
FIT_2021_12,FIT-C01,1,FIT-E01-R1,1,2,4.91627295,11.64442485,6.3918,MEASURED_MASS_G,5CQA,4.55569976,mg/g,29.11912176,DERIVED_FROM_CONCENTRATION_AND_MEASURED_LIQUID,VALID,,P24-MAT-FIT,ExperimentalData(1).run(1) fraction 2,SOURCE_DERIVED_ANALYTICAL
FIT_2021_12,FIT-C01,1,FIT-E01-R1,1,2,4.91627295,11.64442485,6.3918,MEASURED_MASS_G,CQA_sum,9.40639309,mg/g,60.12378335,DERIVED_FROM_CONCENTRATION_AND_MEASURED_LIQUID,VALID,,P24-MAT-FIT,ExperimentalData(1).run(1) fraction 2,SOURCE_DERIVED_ANALYTICAL
FIT_2021_12,FIT-C01,1,FIT-E01-R1,1,2,4.91627295,11.64442485,6.3918,MEASURED_MASS_G,TDS,16.08725053,percent,1028.26487908,DERIVED_FROM_CONCENTRATION_AND_MEASURED_LIQUID,VALID,,P24-MAT-FIT,ExperimentalData(1).run(1) fraction 2,SOURCE_DERIVED_ANALYTICAL
FIT_2021_12,FIT-C01,1,FIT-E01-R1,1,3,11.64442485,18.12563153,6.1572,MEASURED_MASS_G,caffeine,4.76913349,mg/g,29.36450873,DERIVED_FROM_CONCENTRATION_AND_MEASURED_LIQUID,VALID,,P24-MAT-FIT,ExperimentalData(1).run(1) fraction 3,SOURCE_DERIVED_ANALYTICAL
FIT_2021_12,FIT-C01,1,FIT-E01-R1,1,3,11.64442485,18.12563153,6.1572,MEASURED_MASS_G,trigonelline,2.40738964,mg/g,14.82277951,DERIVED_FROM_CONCENTRATION_AND_MEASURED_LIQUID,VALID,,P24-MAT-FIT,ExperimentalData(1).run(1) fraction 3,SOURCE_DERIVED_ANALYTICAL
FIT_2021_12,FIT-C01,1,FIT-E01-R1,1,3,11.64442485,18.12563153,6.1572,MEASURED_MASS_G,5CQA,3.03252109,mg/g,18.67183887,DERIVED_FROM_CONCENTRATION_AND_MEASURED_LIQUID,VALID,,P24-MAT-FIT,ExperimentalData(1).run(1) fraction 3,SOURCE_DERIVED_ANALYTICAL
FIT_2021_12,FIT-C01,1,FIT-E01-R1,1,3,11.64442485,18.12563153,6.1572,MEASURED_MASS_G,CQA_sum,6.28966748,mg/g,38.72674061,DERIVED_FROM_CONCENTRATION_AND_MEASURED_LIQUID,VALID,,P24-MAT-FIT,ExperimentalData(1).run(1) fraction 3,SOURCE_DERIVED_ANALYTICAL
FIT_2021_12,FIT-C01,1,FIT-E01-R1,1,3,11.64442485,18.12563153,6.1572,MEASURED_MASS_G,TDS,9.6573075,percent,594.61973759,DERIVED_FROM_CONCENTRATION_AND_MEASURED_LIQUID,VALID,,P24-MAT-FIT,ExperimentalData(1).run(1) fraction 3,SOURCE_DERIVED_ANALYTICAL
FIT_2021_12,FIT-C01,1,FIT-E01-R1,1,5,24.01579073,30.13089533,5.8094,MEASURED_MASS_G,caffeine,2.68035515,mg/g,15.57125523,DERIVED_FROM_CONCENTRATION_AND_MEASURED_LIQUID,VALID,,P24-MAT-FIT,ExperimentalData(1).run(1) fraction 5,SOURCE_DERIVED_ANALYTICAL
FIT_2021_12,FIT-C01,1,FIT-E01-R1,1,5,24.01579073,30.13089533,5.8094,MEASURED_MASS_G,trigonelline,1.07699384,mg/g,6.256688,DERIVED_FROM_CONCENTRATION_AND_MEASURED_LIQUID,VALID,,P24-MAT-FIT,ExperimentalData(1).run(1) fraction 5,SOURCE_DERIVED_ANALYTICAL
FIT_2021_12,FIT-C01,1,FIT-E01-R1,1,5,24.01579073,30.13089533,5.8094,MEASURED_MASS_G,5CQA,1.57936197,mg/g,9.1751454,DERIVED_FROM_CONCENTRATION_AND_MEASURED_LIQUID,VALID,,P24-MAT-FIT,ExperimentalData(1).run(1) fraction 5,SOURCE_DERIVED_ANALYTICAL
FIT_2021_12,FIT-C01,1,FIT-E01-R1,1,5,24.01579073,30.13089533,5.8094,MEASURED_MASS_G,CQA_sum,3.20245656,mg/g,18.60435116,DERIVED_FROM_CONCENTRATION_AND_MEASURED_LIQUID,VALID,,P24-MAT-FIT,ExperimentalData(1).run(1) fraction 5,SOURCE_DERIVED_ANALYTICAL
FIT_2021_12,FIT-C01,1,FIT-E01-R1,1,5,24.01579073,30.13089533,5.8094,MEASURED_MASS_G,TDS,4.99553576,percent,290.21065431,DERIVED_FROM_CONCENTRATION_AND_MEASURED_LIQUID,VALID,,P24-MAT-FIT,ExperimentalData(1).run(1) fraction 5,SOURCE_DERIVED_ANALYTICAL
FIT_2021_12,FIT-C01,1,FIT-E01-R1,1,7,35.89842402,41.57384825,5.3917,MEASURED_MASS_G,caffeine,1.75979226,mg/g,9.48827191,DERIVED_FROM_CONCENTRATION_AND_MEASURED_LIQUID,VALID,,P24-MAT-FIT,ExperimentalData(1).run(1) fraction 7,SOURCE_DERIVED_ANALYTICAL
FIT_2021_12,FIT-C01,1,FIT-E01-R1,1,7,35.89842402,41.57384825,5.3917,MEASURED_MASS_G,trigonelline,0.61834497,mg/g,3.33393056,DERIVED_FROM_CONCENTRATION_AND_MEASURED_LIQUID,VALID,,P24-MAT-FIT,ExperimentalData(1).run(1) fraction 7,SOURCE_DERIVED_ANALYTICAL
FIT_2021_12,FIT-C01,1,FIT-E01-R1,1,7,35.89842402,41.57384825,5.3917,MEASURED_MASS_G,5CQA,1.03705309,mg/g,5.59147913,DERIVED_FROM_CONCENTRATION_AND_MEASURED_LIQUID,VALID,,P24-MAT-FIT,ExperimentalData(1).run(1) fraction 7,SOURCE_DERIVED_ANALYTICAL
FIT_2021_12,FIT-C01,1,FIT-E01-R1,1,7,35.89842402,41.57384825,5.3917,MEASURED_MASS_G,CQA_sum,2.14934527,mg/g,11.58862491,DERIVED_FROM_CONCENTRATION_AND_MEASURED_LIQUID,VALID,,P24-MAT-FIT,ExperimentalData(1).run(1) fraction 7,SOURCE_DERIVED_ANALYTICAL
FIT_2021_12,FIT-C01,1,FIT-E01-R1,1,7,35.89842402,41.57384825,5.3917,MEASURED_MASS_G,TDS,2.79981068,percent,150.95739259,DERIVED_FROM_CONCENTRATION_AND_MEASURED_LIQUID,VALID,,P24-MAT-FIT,ExperimentalData(1).run(1) fraction 7,SOURCE_DERIVED_ANALYTICAL
FIT_2021_12,FIT-C01,1,FIT-E01-R1,1,10,53.54184923,59.10727441,5.2872,MEASURED_MASS_G,caffeine,1.04623483,mg/g,5.5316528,DERIVED_FROM_CONCENTRATION_AND_MEASURED_LIQUID,VALID,,P24-MAT-FIT,ExperimentalData(1).run(1) fraction 10,SOURCE_DERIVED_ANALYTICAL
FIT_2021_12,FIT-C01,1,FIT-E01-R1,1,10,53.54184923,59.10727441,5.2872,MEASURED_MASS_G,trigonelline,0.29545976,mg/g,1.56215484,DERIVED_FROM_CONCENTRATION_AND_MEASURED_LIQUID,VALID,,P24-MAT-FIT,ExperimentalData(1).run(1) fraction 10,SOURCE_DERIVED_ANALYTICAL
FIT_2021_12,FIT-C01,1,FIT-E01-R1,1,10,53.54184923,59.10727441,5.2872,MEASURED_MASS_G,5CQA,0.58711773,mg/g,3.10420884,DERIVED_FROM_CONCENTRATION_AND_MEASURED_LIQUID,VALID,,P24-MAT-FIT,ExperimentalData(1).run(1) fraction 10,SOURCE_DERIVED_ANALYTICAL
FIT_2021_12,FIT-C01,1,FIT-E01-R1,1,10,53.54184923,59.10727441,5.2872,MEASURED_MASS_G,CQA_sum,1.20064733,mg/g,6.34806257,DERIVED_FROM_CONCENTRATION_AND_MEASURED_LIQUID,VALID,,P24-MAT-FIT,ExperimentalData(1).run(1) fraction 10,SOURCE_DERIVED_ANALYTICAL
FIT_2021_12,FIT-C01,1,FIT-E01-R1,1,10,53.54184923,59.10727441,5.2872,MEASURED_MASS_G,TDS,1.56554897,percent,82.77370495,DERIVED_FROM_CONCENTRATION_AND_MEASURED_LIQUID,VALID,,P24-MAT-FIT,ExperimentalData(1).run(1) fraction 10,SOURCE_DERIVED_ANALYTICAL
FIT_2021_12,FIT-C01,1,FIT-E01-R2,2,1,0,3.23342217,3.067,MEASURED_MASS_G,caffeine,9.60224993,mg/g,29.45010055,DERIVED_FROM_CONCENTRATION_AND_MEASURED_LIQUID,VALID,,P24-MAT-FIT,ExperimentalData(1).run(2) fraction 1,SOURCE_DERIVED_ANALYTICAL
FIT_2021_12,FIT-C01,1,FIT-E01-R2,2,1,0,3.23342217,3.067,MEASURED_MASS_G,trigonelline,6.74894774,mg/g,20.69902271,DERIVED_FROM_CONCENTRATION_AND_MEASURED_LIQUID,VALID,,P24-MAT-FIT,ExperimentalData(1).run(2) fraction 1,SOURCE_DERIVED_ANALYTICAL
FIT_2021_12,FIT-C01,1,FIT-E01-R2,2,1,0,3.23342217,3.067,MEASURED_MASS_G,5CQA,6.62968836,mg/g,20.33325421,DERIVED_FROM_CONCENTRATION_AND_MEASURED_LIQUID,VALID,,P24-MAT-FIT,ExperimentalData(1).run(2) fraction 1,SOURCE_DERIVED_ANALYTICAL
FIT_2021_12,FIT-C01,1,FIT-E01-R2,2,1,0,3.23342217,3.067,MEASURED_MASS_G,CQA_sum,13.92008109,mg/g,42.69288869,DERIVED_FROM_CONCENTRATION_AND_MEASURED_LIQUID,VALID,,P24-MAT-FIT,ExperimentalData(1).run(2) fraction 1,SOURCE_DERIVED_ANALYTICAL
FIT_2021_12,FIT-C01,1,FIT-E01-R2,2,1,0,3.23342217,3.067,MEASURED_MASS_G,TDS,26.39563764,percent,809.55420648,DERIVED_FROM_CONCENTRATION_AND_MEASURED_LIQUID,VALID,,P24-MAT-FIT,ExperimentalData(1).run(2) fraction 1,SOURCE_DERIVED_ANALYTICAL
FIT_2021_12,FIT-C01,1,FIT-E01-R2,2,2,3.23342217,10.61863433,7.0051,MEASURED_MASS_G,caffeine,7.51548523,mg/g,52.64672562,DERIVED_FROM_CONCENTRATION_AND_MEASURED_LIQUID,VALID,,P24-MAT-FIT,ExperimentalData(1).run(2) fraction 2,SOURCE_DERIVED_ANALYTICAL
FIT_2021_12,FIT-C01,1,FIT-E01-R2,2,2,3.23342217,10.61863433,7.0051,MEASURED_MASS_G,trigonelline,4.7398967,mg/g,33.2034504,DERIVED_FROM_CONCENTRATION_AND_MEASURED_LIQUID,VALID,,P24-MAT-FIT,ExperimentalData(1).run(2) fraction 2,SOURCE_DERIVED_ANALYTICAL
FIT_2021_12,FIT-C01,1,FIT-E01-R2,2,2,3.23342217,10.61863433,7.0051,MEASURED_MASS_G,5CQA,5.08678075,mg/g,35.63340783,DERIVED_FROM_CONCENTRATION_AND_MEASURED_LIQUID,VALID,,P24-MAT-FIT,ExperimentalData(1).run(2) fraction 2,SOURCE_DERIVED_ANALYTICAL
FIT_2021_12,FIT-C01,1,FIT-E01-R2,2,2,3.23342217,10.61863433,7.0051,MEASURED_MASS_G,CQA_sum,10.56692185,mg/g,74.02234427,DERIVED_FROM_CONCENTRATION_AND_MEASURED_LIQUID,VALID,,P24-MAT-FIT,ExperimentalData(1).run(2) fraction 2,SOURCE_DERIVED_ANALYTICAL
FIT_2021_12,FIT-C01,1,FIT-E01-R2,2,2,3.23342217,10.61863433,7.0051,MEASURED_MASS_G,TDS,18.30244866,percent,1282.10483077,DERIVED_FROM_CONCENTRATION_AND_MEASURED_LIQUID,VALID,,P24-MAT-FIT,ExperimentalData(1).run(2) fraction 2,SOURCE_DERIVED_ANALYTICAL
FIT_2021_12,FIT-C01,1,FIT-E01-R2,2,3,10.61863433,16.72913805,5.796,MEASURED_MASS_G,caffeine,5.06666568,mg/g,29.3663943,DERIVED_FROM_CONCENTRATION_AND_MEASURED_LIQUID,VALID,,P24-MAT-FIT,ExperimentalData(1).run(2) fraction 3,SOURCE_DERIVED_ANALYTICAL
FIT_2021_12,FIT-C01,1,FIT-E01-R2,2,3,10.61863433,16.72913805,5.796,MEASURED_MASS_G,trigonelline,2.7932516,mg/g,16.18968629,DERIVED_FROM_CONCENTRATION_AND_MEASURED_LIQUID,VALID,,P24-MAT-FIT,ExperimentalData(1).run(2) fraction 3,SOURCE_DERIVED_ANALYTICAL
FIT_2021_12,FIT-C01,1,FIT-E01-R2,2,3,10.61863433,16.72913805,5.796,MEASURED_MASS_G,5CQA,3.35174979,mg/g,19.42674179,DERIVED_FROM_CONCENTRATION_AND_MEASURED_LIQUID,VALID,,P24-MAT-FIT,ExperimentalData(1).run(2) fraction 3,SOURCE_DERIVED_ANALYTICAL
FIT_2021_12,FIT-C01,1,FIT-E01-R2,2,3,10.61863433,16.72913805,5.796,MEASURED_MASS_G,CQA_sum,6.99040452,mg/g,40.51638462,DERIVED_FROM_CONCENTRATION_AND_MEASURED_LIQUID,VALID,,P24-MAT-FIT,ExperimentalData(1).run(2) fraction 3,SOURCE_DERIVED_ANALYTICAL
FIT_2021_12,FIT-C01,1,FIT-E01-R2,2,3,10.61863433,16.72913805,5.796,MEASURED_MASS_G,TDS,10.4600293,percent,606.26329805,DERIVED_FROM_CONCENTRATION_AND_MEASURED_LIQUID,VALID,,P24-MAT-FIT,ExperimentalData(1).run(2) fraction 3,SOURCE_DERIVED_ANALYTICAL
FIT_2021_12,FIT-C01,1,FIT-E01-R2,2,5,22.98291601,29.03954694,5.7449,MEASURED_MASS_G,caffeine,2.71509979,mg/g,15.5979768,DERIVED_FROM_CONCENTRATION_AND_MEASURED_LIQUID,VALID,,P24-MAT-FIT,ExperimentalData(1).run(2) fraction 5,SOURCE_DERIVED_ANALYTICAL
FIT_2021_12,FIT-C01,1,FIT-E01-R2,2,5,22.98291601,29.03954694,5.7449,MEASURED_MASS_G,trigonelline,1.14807514,mg/g,6.59557688,DERIVED_FROM_CONCENTRATION_AND_MEASURED_LIQUID,VALID,,P24-MAT-FIT,ExperimentalData(1).run(2) fraction 5,SOURCE_DERIVED_ANALYTICAL
FIT_2021_12,FIT-C01,1,FIT-E01-R2,2,5,22.98291601,29.03954694,5.7449,MEASURED_MASS_G,5CQA,1.65605745,mg/g,9.51388442,DERIVED_FROM_CONCENTRATION_AND_MEASURED_LIQUID,VALID,,P24-MAT-FIT,ExperimentalData(1).run(2) fraction 5,SOURCE_DERIVED_ANALYTICAL
FIT_2021_12,FIT-C01,1,FIT-E01-R2,2,5,22.98291601,29.03954694,5.7449,MEASURED_MASS_G,CQA_sum,3.36577437,mg/g,19.33603716,DERIVED_FROM_CONCENTRATION_AND_MEASURED_LIQUID,VALID,,P24-MAT-FIT,ExperimentalData(1).run(2) fraction 5,SOURCE_DERIVED_ANALYTICAL
FIT_2021_12,FIT-C01,1,FIT-E01-R2,2,5,22.98291601,29.03954694,5.7449,MEASURED_MASS_G,TDS,5.19465036,percent,298.42746855,DERIVED_FROM_CONCENTRATION_AND_MEASURED_LIQUID,VALID,,P24-MAT-FIT,ExperimentalData(1).run(2) fraction 5,SOURCE_DERIVED_ANALYTICAL
FIT_2021_12,FIT-C01,1,FIT-E01-R2,2,7,34.67078307,40.42136168,5.4546,MEASURED_MASS_G,caffeine,1.69071466,mg/g,9.22217217,DERIVED_FROM_CONCENTRATION_AND_MEASURED_LIQUID,VALID,,P24-MAT-FIT,ExperimentalData(1).run(2) fraction 7,SOURCE_DERIVED_ANALYTICAL
FIT_2021_12,FIT-C01,1,FIT-E01-R2,2,7,34.67078307,40.42136168,5.4546,MEASURED_MASS_G,trigonelline,0.60036838,mg/g,3.27476937,DERIVED_FROM_CONCENTRATION_AND_MEASURED_LIQUID,VALID,,P24-MAT-FIT,ExperimentalData(1).run(2) fraction 7,SOURCE_DERIVED_ANALYTICAL
FIT_2021_12,FIT-C01,1,FIT-E01-R2,2,7,34.67078307,40.42136168,5.4546,MEASURED_MASS_G,5CQA,1.01650837,mg/g,5.54464656,DERIVED_FROM_CONCENTRATION_AND_MEASURED_LIQUID,VALID,,P24-MAT-FIT,ExperimentalData(1).run(2) fraction 7,SOURCE_DERIVED_ANALYTICAL
FIT_2021_12,FIT-C01,1,FIT-E01-R2,2,7,34.67078307,40.42136168,5.4546,MEASURED_MASS_G,CQA_sum,2.10348276,mg/g,11.47365708,DERIVED_FROM_CONCENTRATION_AND_MEASURED_LIQUID,VALID,,P24-MAT-FIT,ExperimentalData(1).run(2) fraction 7,SOURCE_DERIVED_ANALYTICAL
FIT_2021_12,FIT-C01,1,FIT-E01-R2,2,7,34.67078307,40.42136168,5.4546,MEASURED_MASS_G,TDS,2.76150238,percent,150.62890903,DERIVED_FROM_CONCENTRATION_AND_MEASURED_LIQUID,VALID,,P24-MAT-FIT,ExperimentalData(1).run(2) fraction 7,SOURCE_DERIVED_ANALYTICAL
FIT_2021_12,FIT-C01,1,FIT-E01-R2,2,10,52.14475737,58.0200552,5.5729,MEASURED_MASS_G,caffeine,0.94396132,mg/g,5.26060204,DERIVED_FROM_CONCENTRATION_AND_MEASURED_LIQUID,VALID,,P24-MAT-FIT,ExperimentalData(1).run(2) fraction 10,SOURCE_DERIVED_ANALYTICAL
FIT_2021_12,FIT-C01,1,FIT-E01-R2,2,10,52.14475737,58.0200552,5.5729,MEASURED_MASS_G,trigonelline,0.26196417,mg/g,1.45990015,DERIVED_FROM_CONCENTRATION_AND_MEASURED_LIQUID,VALID,,P24-MAT-FIT,ExperimentalData(1).run(2) fraction 10,SOURCE_DERIVED_ANALYTICAL
FIT_2021_12,FIT-C01,1,FIT-E01-R2,2,10,52.14475737,58.0200552,5.5729,MEASURED_MASS_G,5CQA,0.53297973,mg/g,2.97024276,DERIVED_FROM_CONCENTRATION_AND_MEASURED_LIQUID,VALID,,P24-MAT-FIT,ExperimentalData(1).run(2) fraction 10,SOURCE_DERIVED_ANALYTICAL
FIT_2021_12,FIT-C01,1,FIT-E01-R2,2,10,52.14475737,58.0200552,5.5729,MEASURED_MASS_G,CQA_sum,1.09840124,mg/g,6.12128025,DERIVED_FROM_CONCENTRATION_AND_MEASURED_LIQUID,VALID,,P24-MAT-FIT,ExperimentalData(1).run(2) fraction 10,SOURCE_DERIVED_ANALYTICAL
FIT_2021_12,FIT-C01,1,FIT-E01-R2,2,10,52.14475737,58.0200552,5.5729,MEASURED_MASS_G,TDS,1.37453987,percent,76.60173254,DERIVED_FROM_CONCENTRATION_AND_MEASURED_LIQUID,VALID,,P24-MAT-FIT,ExperimentalData(1).run(2) fraction 10,SOURCE_DERIVED_ANALYTICAL
FIT_2021_12,FIT-C01,1,FIT-E01-R3,3,1,0,5.33954303,5.0805,MEASURED_MASS_G,caffeine,9.51706873,mg/g,48.35146768,DERIVED_FROM_CONCENTRATION_AND_MEASURED_LIQUID,VALID,,P24-MAT-FIT,ExperimentalData(1).run(3) fraction 1,SOURCE_DERIVED_ANALYTICAL
FIT_2021_12,FIT-C01,1,FIT-E01-R3,3,1,0,5.33954303,5.0805,MEASURED_MASS_G,trigonelline,6.21011125,mg/g,31.55047021,DERIVED_FROM_CONCENTRATION_AND_MEASURED_LIQUID,VALID,,P24-MAT-FIT,ExperimentalData(1).run(3) fraction 1,SOURCE_DERIVED_ANALYTICAL
FIT_2021_12,FIT-C01,1,FIT-E01-R3,3,1,0,5.33954303,5.0805,MEASURED_MASS_G,5CQA,6.3264912,mg/g,32.14173855,DERIVED_FROM_CONCENTRATION_AND_MEASURED_LIQUID,VALID,,P24-MAT-FIT,ExperimentalData(1).run(3) fraction 1,SOURCE_DERIVED_ANALYTICAL
FIT_2021_12,FIT-C01,1,FIT-E01-R3,3,1,0,5.33954303,5.0805,MEASURED_MASS_G,CQA_sum,13.22478355,mg/g,67.1885128,DERIVED_FROM_CONCENTRATION_AND_MEASURED_LIQUID,VALID,,P24-MAT-FIT,ExperimentalData(1).run(3) fraction 1,SOURCE_DERIVED_ANALYTICAL
FIT_2021_12,FIT-C01,1,FIT-E01-R3,3,1,0,5.33954303,5.0805,MEASURED_MASS_G,TDS,23.70019521,percent,1204.08841771,DERIVED_FROM_CONCENTRATION_AND_MEASURED_LIQUID,VALID,,P24-MAT-FIT,ExperimentalData(1).run(3) fraction 1,SOURCE_DERIVED_ANALYTICAL
FIT_2021_12,FIT-C01,1,FIT-E01-R3,3,2,5.33954303,12.14458331,6.4749,MEASURED_MASS_G,caffeine,6.87358008,mg/g,44.50574367,DERIVED_FROM_CONCENTRATION_AND_MEASURED_LIQUID,VALID,,P24-MAT-FIT,ExperimentalData(1).run(3) fraction 2,SOURCE_DERIVED_ANALYTICAL
FIT_2021_12,FIT-C01,1,FIT-E01-R3,3,2,5.33954303,12.14458331,6.4749,MEASURED_MASS_G,trigonelline,3.96641328,mg/g,25.68212937,DERIVED_FROM_CONCENTRATION_AND_MEASURED_LIQUID,VALID,,P24-MAT-FIT,ExperimentalData(1).run(3) fraction 2,SOURCE_DERIVED_ANALYTICAL
FIT_2021_12,FIT-C01,1,FIT-E01-R3,3,2,5.33954303,12.14458331,6.4749,MEASURED_MASS_G,5CQA,4.45672055,mg/g,28.85681986,DERIVED_FROM_CONCENTRATION_AND_MEASURED_LIQUID,VALID,,P24-MAT-FIT,ExperimentalData(1).run(3) fraction 2,SOURCE_DERIVED_ANALYTICAL
FIT_2021_12,FIT-C01,1,FIT-E01-R3,3,2,5.33954303,12.14458331,6.4749,MEASURED_MASS_G,CQA_sum,9.17286129,mg/g,59.39335956,DERIVED_FROM_CONCENTRATION_AND_MEASURED_LIQUID,VALID,,P24-MAT-FIT,ExperimentalData(1).run(3) fraction 2,SOURCE_DERIVED_ANALYTICAL
FIT_2021_12,FIT-C01,1,FIT-E01-R3,3,2,5.33954303,12.14458331,6.4749,MEASURED_MASS_G,TDS,16.15139317,percent,1045.78655662,DERIVED_FROM_CONCENTRATION_AND_MEASURED_LIQUID,VALID,,P24-MAT-FIT,ExperimentalData(1).run(3) fraction 2,SOURCE_DERIVED_ANALYTICAL
FIT_2021_12,FIT-C01,1,FIT-E01-R3,3,3,12.14458331,18.40973121,5.9612,MEASURED_MASS_G,caffeine,4.86353936,mg/g,28.99253082,DERIVED_FROM_CONCENTRATION_AND_MEASURED_LIQUID,VALID,,P24-MAT-FIT,ExperimentalData(1).run(3) fraction 3,SOURCE_DERIVED_ANALYTICAL
FIT_2021_12,FIT-C01,1,FIT-E01-R3,3,3,12.14458331,18.40973121,5.9612,MEASURED_MASS_G,trigonelline,2.52677139,mg/g,15.06258963,DERIVED_FROM_CONCENTRATION_AND_MEASURED_LIQUID,VALID,,P24-MAT-FIT,ExperimentalData(1).run(3) fraction 3,SOURCE_DERIVED_ANALYTICAL
FIT_2021_12,FIT-C01,1,FIT-E01-R3,3,3,12.14458331,18.40973121,5.9612,MEASURED_MASS_G,5CQA,3.11227713,mg/g,18.55290645,DERIVED_FROM_CONCENTRATION_AND_MEASURED_LIQUID,VALID,,P24-MAT-FIT,ExperimentalData(1).run(3) fraction 3,SOURCE_DERIVED_ANALYTICAL
FIT_2021_12,FIT-C01,1,FIT-E01-R3,3,3,12.14458331,18.40973121,5.9612,MEASURED_MASS_G,CQA_sum,6.46391917,mg/g,38.53271498,DERIVED_FROM_CONCENTRATION_AND_MEASURED_LIQUID,VALID,,P24-MAT-FIT,ExperimentalData(1).run(3) fraction 3,SOURCE_DERIVED_ANALYTICAL
FIT_2021_12,FIT-C01,1,FIT-E01-R3,3,3,12.14458331,18.40973121,5.9612,MEASURED_MASS_G,TDS,9.53500604,percent,568.40078028,DERIVED_FROM_CONCENTRATION_AND_MEASURED_LIQUID,VALID,,P24-MAT-FIT,ExperimentalData(1).run(3) fraction 3,SOURCE_DERIVED_ANALYTICAL
FIT_2021_12,FIT-C01,1,FIT-E01-R3,3,5,24.3675703,30.16439808,5.5156,MEASURED_MASS_G,caffeine,2.72537693,mg/g,15.03208898,DERIVED_FROM_CONCENTRATION_AND_MEASURED_LIQUID,VALID,,P24-MAT-FIT,ExperimentalData(1).run(3) fraction 5,SOURCE_DERIVED_ANALYTICAL
FIT_2021_12,FIT-C01,1,FIT-E01-R3,3,5,24.3675703,30.16439808,5.5156,MEASURED_MASS_G,trigonelline,1.09212859,mg/g,6.02374447,DERIVED_FROM_CONCENTRATION_AND_MEASURED_LIQUID,VALID,,P24-MAT-FIT,ExperimentalData(1).run(3) fraction 5,SOURCE_DERIVED_ANALYTICAL
FIT_2021_12,FIT-C01,1,FIT-E01-R3,3,5,24.3675703,30.16439808,5.5156,MEASURED_MASS_G,5CQA,1.61752717,mg/g,8.92163288,DERIVED_FROM_CONCENTRATION_AND_MEASURED_LIQUID,VALID,,P24-MAT-FIT,ExperimentalData(1).run(3) fraction 5,SOURCE_DERIVED_ANALYTICAL
FIT_2021_12,FIT-C01,1,FIT-E01-R3,3,5,24.3675703,30.16439808,5.5156,MEASURED_MASS_G,CQA_sum,3.28354232,mg/g,18.11070601,DERIVED_FROM_CONCENTRATION_AND_MEASURED_LIQUID,VALID,,P24-MAT-FIT,ExperimentalData(1).run(3) fraction 5,SOURCE_DERIVED_ANALYTICAL
FIT_2021_12,FIT-C01,1,FIT-E01-R3,3,5,24.3675703,30.16439808,5.5156,MEASURED_MASS_G,TDS,4.98910893,percent,275.17929215,DERIVED_FROM_CONCENTRATION_AND_MEASURED_LIQUID,VALID,,P24-MAT-FIT,ExperimentalData(1).run(3) fraction 5,SOURCE_DERIVED_ANALYTICAL
FIT_2021_12,FIT-C01,1,FIT-E01-R3,3,7,35.78129676,41.21826635,5.1732,MEASURED_MASS_G,caffeine,1.74370739,mg/g,9.02054707,DERIVED_FROM_CONCENTRATION_AND_MEASURED_LIQUID,VALID,,P24-MAT-FIT,ExperimentalData(1).run(3) fraction 7,SOURCE_DERIVED_ANALYTICAL
FIT_2021_12,FIT-C01,1,FIT-E01-R3,3,7,35.78129676,41.21826635,5.1732,MEASURED_MASS_G,trigonelline,0.58764729,mg/g,3.04001698,DERIVED_FROM_CONCENTRATION_AND_MEASURED_LIQUID,VALID,,P24-MAT-FIT,ExperimentalData(1).run(3) fraction 7,SOURCE_DERIVED_ANALYTICAL
FIT_2021_12,FIT-C01,1,FIT-E01-R3,3,7,35.78129676,41.21826635,5.1732,MEASURED_MASS_G,5CQA,1.02772174,mg/g,5.31661012,DERIVED_FROM_CONCENTRATION_AND_MEASURED_LIQUID,VALID,,P24-MAT-FIT,ExperimentalData(1).run(3) fraction 7,SOURCE_DERIVED_ANALYTICAL
FIT_2021_12,FIT-C01,1,FIT-E01-R3,3,7,35.78129676,41.21826635,5.1732,MEASURED_MASS_G,CQA_sum,2.12601153,mg/g,10.99828287,DERIVED_FROM_CONCENTRATION_AND_MEASURED_LIQUID,VALID,,P24-MAT-FIT,ExperimentalData(1).run(3) fraction 7,SOURCE_DERIVED_ANALYTICAL
FIT_2021_12,FIT-C01,1,FIT-E01-R3,3,7,35.78129676,41.21826635,5.1732,MEASURED_MASS_G,TDS,2.59226528,percent,134.10306748,DERIVED_FROM_CONCENTRATION_AND_MEASURED_LIQUID,VALID,,P24-MAT-FIT,ExperimentalData(1).run(3) fraction 7,SOURCE_DERIVED_ANALYTICAL
FIT_2021_12,FIT-C01,1,FIT-E01-R3,3,10,52.91145044,58.34158861,5.1667,MEASURED_MASS_G,caffeine,1.07826573,mg/g,5.57107556,DERIVED_FROM_CONCENTRATION_AND_MEASURED_LIQUID,VALID,,P24-MAT-FIT,ExperimentalData(1).run(3) fraction 10,SOURCE_DERIVED_ANALYTICAL
FIT_2021_12,FIT-C01,1,FIT-E01-R3,3,10,52.91145044,58.34158861,5.1667,MEASURED_MASS_G,trigonelline,0.28180279,mg/g,1.45599049,DERIVED_FROM_CONCENTRATION_AND_MEASURED_LIQUID,VALID,,P24-MAT-FIT,ExperimentalData(1).run(3) fraction 10,SOURCE_DERIVED_ANALYTICAL
FIT_2021_12,FIT-C01,1,FIT-E01-R3,3,10,52.91145044,58.34158861,5.1667,MEASURED_MASS_G,5CQA,0.60189724,mg/g,3.10982247,DERIVED_FROM_CONCENTRATION_AND_MEASURED_LIQUID,VALID,,P24-MAT-FIT,ExperimentalData(1).run(3) fraction 10,SOURCE_DERIVED_ANALYTICAL
FIT_2021_12,FIT-C01,1,FIT-E01-R3,3,10,52.91145044,58.34158861,5.1667,MEASURED_MASS_G,CQA_sum,1.23409091,mg/g,6.37617752,DERIVED_FROM_CONCENTRATION_AND_MEASURED_LIQUID,VALID,,P24-MAT-FIT,ExperimentalData(1).run(3) fraction 10,SOURCE_DERIVED_ANALYTICAL
FIT_2021_12,FIT-C01,1,FIT-E01-R3,3,10,52.91145044,58.34158861,5.1667,MEASURED_MASS_G,TDS,1.38614317,percent,71.61785908,DERIVED_FROM_CONCENTRATION_AND_MEASURED_LIQUID,VALID,,P24-MAT-FIT,ExperimentalData(1).run(3) fraction 10,SOURCE_DERIVED_ANALYTICAL
FIT_2021_12,FIT-C02,2,FIT-E02-R1,1,1,0,5.46507725,5.1145,MEASURED_MASS_G,caffeine,9.11289826,mg/g,46.60791815,DERIVED_FROM_CONCENTRATION_AND_MEASURED_LIQUID,VALID,,P24-MAT-FIT,ExperimentalData(2).run(1) fraction 1,SOURCE_DERIVED_ANALYTICAL
FIT_2021_12,FIT-C02,2,FIT-E02-R1,1,1,0,5.46507725,5.1145,MEASURED_MASS_G,trigonelline,5.7171044,mg/g,29.24013046,DERIVED_FROM_CONCENTRATION_AND_MEASURED_LIQUID,VALID,,P24-MAT-FIT,ExperimentalData(2).run(1) fraction 1,SOURCE_DERIVED_ANALYTICAL
FIT_2021_12,FIT-C02,2,FIT-E02-R1,1,1,0,5.46507725,5.1145,MEASURED_MASS_G,5CQA,6.21798341,mg/g,31.80187616,DERIVED_FROM_CONCENTRATION_AND_MEASURED_LIQUID,VALID,,P24-MAT-FIT,ExperimentalData(2).run(1) fraction 1,SOURCE_DERIVED_ANALYTICAL
FIT_2021_12,FIT-C02,2,FIT-E02-R1,1,1,0,5.46507725,5.1145,MEASURED_MASS_G,CQA_sum,12.92496069,mg/g,66.10471143,DERIVED_FROM_CONCENTRATION_AND_MEASURED_LIQUID,VALID,,P24-MAT-FIT,ExperimentalData(2).run(1) fraction 1,SOURCE_DERIVED_ANALYTICAL
FIT_2021_12,FIT-C02,2,FIT-E02-R1,1,1,0,5.46507725,5.1145,MEASURED_MASS_G,TDS,22.93279582,percent,1172.89784202,DERIVED_FROM_CONCENTRATION_AND_MEASURED_LIQUID,VALID,,P24-MAT-FIT,ExperimentalData(2).run(1) fraction 1,SOURCE_DERIVED_ANALYTICAL
FIT_2021_12,FIT-C02,2,FIT-E02-R1,1,2,5.46507725,11.85498086,5.98,MEASURED_MASS_G,caffeine,7.15219831,mg/g,42.77014589,DERIVED_FROM_CONCENTRATION_AND_MEASURED_LIQUID,VALID,,P24-MAT-FIT,ExperimentalData(2).run(1) fraction 2,SOURCE_DERIVED_ANALYTICAL
FIT_2021_12,FIT-C02,2,FIT-E02-R1,1,2,5.46507725,11.85498086,5.98,MEASURED_MASS_G,trigonelline,4.04874628,mg/g,24.21150274,DERIVED_FROM_CONCENTRATION_AND_MEASURED_LIQUID,VALID,,P24-MAT-FIT,ExperimentalData(2).run(1) fraction 2,SOURCE_DERIVED_ANALYTICAL
FIT_2021_12,FIT-C02,2,FIT-E02-R1,1,2,5.46507725,11.85498086,5.98,MEASURED_MASS_G,5CQA,4.75339265,mg/g,28.42528804,DERIVED_FROM_CONCENTRATION_AND_MEASURED_LIQUID,VALID,,P24-MAT-FIT,ExperimentalData(2).run(1) fraction 2,SOURCE_DERIVED_ANALYTICAL
FIT_2021_12,FIT-C02,2,FIT-E02-R1,1,2,5.46507725,11.85498086,5.98,MEASURED_MASS_G,CQA_sum,9.76782095,mg/g,58.4115693,DERIVED_FROM_CONCENTRATION_AND_MEASURED_LIQUID,VALID,,P24-MAT-FIT,ExperimentalData(2).run(1) fraction 2,SOURCE_DERIVED_ANALYTICAL
FIT_2021_12,FIT-C02,2,FIT-E02-R1,1,2,5.46507725,11.85498086,5.98,MEASURED_MASS_G,TDS,16.68899421,percent,998.00185376,DERIVED_FROM_CONCENTRATION_AND_MEASURED_LIQUID,VALID,,P24-MAT-FIT,ExperimentalData(2).run(1) fraction 2,SOURCE_DERIVED_ANALYTICAL
FIT_2021_12,FIT-C02,2,FIT-E02-R1,1,3,11.85498086,18.02230638,5.7717,MEASURED_MASS_G,caffeine,5.24558908,mg/g,30.2759665,DERIVED_FROM_CONCENTRATION_AND_MEASURED_LIQUID,VALID,,P24-MAT-FIT,ExperimentalData(2).run(1) fraction 3,SOURCE_DERIVED_ANALYTICAL
FIT_2021_12,FIT-C02,2,FIT-E02-R1,1,3,11.85498086,18.02230638,5.7717,MEASURED_MASS_G,trigonelline,2.71869953,mg/g,15.69151809,DERIVED_FROM_CONCENTRATION_AND_MEASURED_LIQUID,VALID,,P24-MAT-FIT,ExperimentalData(2).run(1) fraction 3,SOURCE_DERIVED_ANALYTICAL
FIT_2021_12,FIT-C02,2,FIT-E02-R1,1,3,11.85498086,18.02230638,5.7717,MEASURED_MASS_G,5CQA,3.46804391,mg/g,20.01650901,DERIVED_FROM_CONCENTRATION_AND_MEASURED_LIQUID,VALID,,P24-MAT-FIT,ExperimentalData(2).run(1) fraction 3,SOURCE_DERIVED_ANALYTICAL
FIT_2021_12,FIT-C02,2,FIT-E02-R1,1,3,11.85498086,18.02230638,5.7717,MEASURED_MASS_G,CQA_sum,7.19679328,mg/g,41.53773179,DERIVED_FROM_CONCENTRATION_AND_MEASURED_LIQUID,VALID,,P24-MAT-FIT,ExperimentalData(2).run(1) fraction 3,SOURCE_DERIVED_ANALYTICAL
FIT_2021_12,FIT-C02,2,FIT-E02-R1,1,3,11.85498086,18.02230638,5.7717,MEASURED_MASS_G,TDS,10.73137343,percent,619.38268052,DERIVED_FROM_CONCENTRATION_AND_MEASURED_LIQUID,VALID,,P24-MAT-FIT,ExperimentalData(2).run(1) fraction 3,SOURCE_DERIVED_ANALYTICAL
FIT_2021_12,FIT-C02,2,FIT-E02-R1,1,5,24.01588637,29.97634143,5.5781,MEASURED_MASS_G,caffeine,2.96821925,mg/g,16.55702378,DERIVED_FROM_CONCENTRATION_AND_MEASURED_LIQUID,VALID,,P24-MAT-FIT,ExperimentalData(2).run(1) fraction 5,SOURCE_DERIVED_ANALYTICAL
FIT_2021_12,FIT-C02,2,FIT-E02-R1,1,5,24.01588637,29.97634143,5.5781,MEASURED_MASS_G,trigonelline,1.1994882,mg/g,6.69086514,DERIVED_FROM_CONCENTRATION_AND_MEASURED_LIQUID,VALID,,P24-MAT-FIT,ExperimentalData(2).run(1) fraction 5,SOURCE_DERIVED_ANALYTICAL
FIT_2021_12,FIT-C02,2,FIT-E02-R1,1,5,24.01588637,29.97634143,5.5781,MEASURED_MASS_G,5CQA,1.83165513,mg/g,10.21715548,DERIVED_FROM_CONCENTRATION_AND_MEASURED_LIQUID,VALID,,P24-MAT-FIT,ExperimentalData(2).run(1) fraction 5,SOURCE_DERIVED_ANALYTICAL
FIT_2021_12,FIT-C02,2,FIT-E02-R1,1,5,24.01588637,29.97634143,5.5781,MEASURED_MASS_G,CQA_sum,3.71277544,mg/g,20.71023271,DERIVED_FROM_CONCENTRATION_AND_MEASURED_LIQUID,VALID,,P24-MAT-FIT,ExperimentalData(2).run(1) fraction 5,SOURCE_DERIVED_ANALYTICAL
FIT_2021_12,FIT-C02,2,FIT-E02-R1,1,5,24.01588637,29.97634143,5.5781,MEASURED_MASS_G,TDS,5.50168814,percent,306.88966606,DERIVED_FROM_CONCENTRATION_AND_MEASURED_LIQUID,VALID,,P24-MAT-FIT,ExperimentalData(2).run(1) fraction 5,SOURCE_DERIVED_ANALYTICAL
FIT_2021_12,FIT-C02,2,FIT-E02-R1,1,7,35.77982713,41.18955371,5.0627,MEASURED_MASS_G,caffeine,1.77833272,mg/g,9.00316505,DERIVED_FROM_CONCENTRATION_AND_MEASURED_LIQUID,VALID,,P24-MAT-FIT,ExperimentalData(2).run(1) fraction 7,SOURCE_DERIVED_ANALYTICAL
FIT_2021_12,FIT-C02,2,FIT-E02-R1,1,7,35.77982713,41.18955371,5.0627,MEASURED_MASS_G,trigonelline,0.59732337,mg/g,3.024069,DERIVED_FROM_CONCENTRATION_AND_MEASURED_LIQUID,VALID,,P24-MAT-FIT,ExperimentalData(2).run(1) fraction 7,SOURCE_DERIVED_ANALYTICAL
FIT_2021_12,FIT-C02,2,FIT-E02-R1,1,7,35.77982713,41.18955371,5.0627,MEASURED_MASS_G,5CQA,1.07621091,mg/g,5.448533,DERIVED_FROM_CONCENTRATION_AND_MEASURED_LIQUID,VALID,,P24-MAT-FIT,ExperimentalData(2).run(1) fraction 7,SOURCE_DERIVED_ANALYTICAL
FIT_2021_12,FIT-C02,2,FIT-E02-R1,1,7,35.77982713,41.18955371,5.0627,MEASURED_MASS_G,CQA_sum,2.22288693,mg/g,11.25380968,DERIVED_FROM_CONCENTRATION_AND_MEASURED_LIQUID,VALID,,P24-MAT-FIT,ExperimentalData(2).run(1) fraction 7,SOURCE_DERIVED_ANALYTICAL
FIT_2021_12,FIT-C02,2,FIT-E02-R1,1,7,35.77982713,41.18955371,5.0627,MEASURED_MASS_G,TDS,2.92465006,percent,148.06625871,DERIVED_FROM_CONCENTRATION_AND_MEASURED_LIQUID,VALID,,P24-MAT-FIT,ExperimentalData(2).run(1) fraction 7,SOURCE_DERIVED_ANALYTICAL
FIT_2021_12,FIT-C02,2,FIT-E02-R1,1,10,52.29633883,58.32892074,5.6456,MEASURED_MASS_G,caffeine,1.02276109,mg/g,5.77410001,DERIVED_FROM_CONCENTRATION_AND_MEASURED_LIQUID,VALID,,P24-MAT-FIT,ExperimentalData(2).run(1) fraction 10,SOURCE_DERIVED_ANALYTICAL
FIT_2021_12,FIT-C02,2,FIT-E02-R1,1,10,52.29633883,58.32892074,5.6456,MEASURED_MASS_G,trigonelline,0.28666972,mg/g,1.61842255,DERIVED_FROM_CONCENTRATION_AND_MEASURED_LIQUID,VALID,,P24-MAT-FIT,ExperimentalData(2).run(1) fraction 10,SOURCE_DERIVED_ANALYTICAL
FIT_2021_12,FIT-C02,2,FIT-E02-R1,1,10,52.29633883,58.32892074,5.6456,MEASURED_MASS_G,5CQA,0.59519001,mg/g,3.3602047,DERIVED_FROM_CONCENTRATION_AND_MEASURED_LIQUID,VALID,,P24-MAT-FIT,ExperimentalData(2).run(1) fraction 10,SOURCE_DERIVED_ANALYTICAL
FIT_2021_12,FIT-C02,2,FIT-E02-R1,1,10,52.29633883,58.32892074,5.6456,MEASURED_MASS_G,CQA_sum,1.21809809,mg/g,6.87689456,DERIVED_FROM_CONCENTRATION_AND_MEASURED_LIQUID,VALID,,P24-MAT-FIT,ExperimentalData(2).run(1) fraction 10,SOURCE_DERIVED_ANALYTICAL
FIT_2021_12,FIT-C02,2,FIT-E02-R1,1,10,52.29633883,58.32892074,5.6456,MEASURED_MASS_G,TDS,1.55435115,percent,87.75244825,DERIVED_FROM_CONCENTRATION_AND_MEASURED_LIQUID,VALID,,P24-MAT-FIT,ExperimentalData(2).run(1) fraction 10,SOURCE_DERIVED_ANALYTICAL
FIT_2021_12,FIT-C02,2,FIT-E02-R2,2,1,0,5.62922832,5.0318,MEASURED_MASS_G,caffeine,9.37790336,mg/g,47.18773414,DERIVED_FROM_CONCENTRATION_AND_MEASURED_LIQUID,VALID,,P24-MAT-FIT,ExperimentalData(2).run(2) fraction 1,SOURCE_DERIVED_ANALYTICAL
FIT_2021_12,FIT-C02,2,FIT-E02-R2,2,1,0,5.62922832,5.0318,MEASURED_MASS_G,trigonelline,5.9279177,mg/g,29.82809627,DERIVED_FROM_CONCENTRATION_AND_MEASURED_LIQUID,VALID,,P24-MAT-FIT,ExperimentalData(2).run(2) fraction 1,SOURCE_DERIVED_ANALYTICAL
FIT_2021_12,FIT-C02,2,FIT-E02-R2,2,1,0,5.62922832,5.0318,MEASURED_MASS_G,5CQA,6.34337898,mg/g,31.91861435,DERIVED_FROM_CONCENTRATION_AND_MEASURED_LIQUID,VALID,,P24-MAT-FIT,ExperimentalData(2).run(2) fraction 1,SOURCE_DERIVED_ANALYTICAL
FIT_2021_12,FIT-C02,2,FIT-E02-R2,2,1,0,5.62922832,5.0318,MEASURED_MASS_G,CQA_sum,13.05908994,mg/g,65.71072876,DERIVED_FROM_CONCENTRATION_AND_MEASURED_LIQUID,VALID,,P24-MAT-FIT,ExperimentalData(2).run(2) fraction 1,SOURCE_DERIVED_ANALYTICAL
FIT_2021_12,FIT-C02,2,FIT-E02-R2,2,1,0,5.62922832,5.0318,MEASURED_MASS_G,TDS,23.88937449,percent,1202.06554576,DERIVED_FROM_CONCENTRATION_AND_MEASURED_LIQUID,VALID,,P24-MAT-FIT,ExperimentalData(2).run(2) fraction 1,SOURCE_DERIVED_ANALYTICAL
FIT_2021_12,FIT-C02,2,FIT-E02-R2,2,2,5.62922832,12.6975916,6.3182,MEASURED_MASS_G,caffeine,7.69204284,mg/g,48.59986504,DERIVED_FROM_CONCENTRATION_AND_MEASURED_LIQUID,VALID,,P24-MAT-FIT,ExperimentalData(2).run(2) fraction 2,SOURCE_DERIVED_ANALYTICAL
FIT_2021_12,FIT-C02,2,FIT-E02-R2,2,2,5.62922832,12.6975916,6.3182,MEASURED_MASS_G,trigonelline,4.44439239,mg/g,28.08056,DERIVED_FROM_CONCENTRATION_AND_MEASURED_LIQUID,VALID,,P24-MAT-FIT,ExperimentalData(2).run(2) fraction 2,SOURCE_DERIVED_ANALYTICAL
FIT_2021_12,FIT-C02,2,FIT-E02-R2,2,2,5.62922832,12.6975916,6.3182,MEASURED_MASS_G,5CQA,5.07715109,mg/g,32.07845602,DERIVED_FROM_CONCENTRATION_AND_MEASURED_LIQUID,VALID,,P24-MAT-FIT,ExperimentalData(2).run(2) fraction 2,SOURCE_DERIVED_ANALYTICAL
FIT_2021_12,FIT-C02,2,FIT-E02-R2,2,2,5.62922832,12.6975916,6.3182,MEASURED_MASS_G,CQA_sum,10.34342883,mg/g,65.35185204,DERIVED_FROM_CONCENTRATION_AND_MEASURED_LIQUID,VALID,,P24-MAT-FIT,ExperimentalData(2).run(2) fraction 2,SOURCE_DERIVED_ANALYTICAL
FIT_2021_12,FIT-C02,2,FIT-E02-R2,2,2,5.62922832,12.6975916,6.3182,MEASURED_MASS_G,TDS,18.03168389,percent,1139.2778517,DERIVED_FROM_CONCENTRATION_AND_MEASURED_LIQUID,VALID,,P24-MAT-FIT,ExperimentalData(2).run(2) fraction 2,SOURCE_DERIVED_ANALYTICAL
FIT_2021_12,FIT-C02,2,FIT-E02-R2,2,3,12.6975916,19.60933261,6.1782,MEASURED_MASS_G,caffeine,5.78048337,mg/g,35.71298235,DERIVED_FROM_CONCENTRATION_AND_MEASURED_LIQUID,VALID,,P24-MAT-FIT,ExperimentalData(2).run(2) fraction 3,SOURCE_DERIVED_ANALYTICAL
FIT_2021_12,FIT-C02,2,FIT-E02-R2,2,3,12.6975916,19.60933261,6.1782,MEASURED_MASS_G,trigonelline,2.99491774,mg/g,18.5032008,DERIVED_FROM_CONCENTRATION_AND_MEASURED_LIQUID,VALID,,P24-MAT-FIT,ExperimentalData(2).run(2) fraction 3,SOURCE_DERIVED_ANALYTICAL
FIT_2021_12,FIT-C02,2,FIT-E02-R2,2,3,12.6975916,19.60933261,6.1782,MEASURED_MASS_G,5CQA,3.79235203,mg/g,23.42990929,DERIVED_FROM_CONCENTRATION_AND_MEASURED_LIQUID,VALID,,P24-MAT-FIT,ExperimentalData(2).run(2) fraction 3,SOURCE_DERIVED_ANALYTICAL
FIT_2021_12,FIT-C02,2,FIT-E02-R2,2,3,12.6975916,19.60933261,6.1782,MEASURED_MASS_G,CQA_sum,7.783697,mg/g,48.08923681,DERIVED_FROM_CONCENTRATION_AND_MEASURED_LIQUID,VALID,,P24-MAT-FIT,ExperimentalData(2).run(2) fraction 3,SOURCE_DERIVED_ANALYTICAL
FIT_2021_12,FIT-C02,2,FIT-E02-R2,2,3,12.6975916,19.60933261,6.1782,MEASURED_MASS_G,TDS,11.73028684,percent,724.72058163,DERIVED_FROM_CONCENTRATION_AND_MEASURED_LIQUID,VALID,,P24-MAT-FIT,ExperimentalData(2).run(2) fraction 3,SOURCE_DERIVED_ANALYTICAL
FIT_2021_12,FIT-C02,2,FIT-E02-R2,2,5,26.89249215,33.14384652,5.5879,MEASURED_MASS_G,caffeine,3.35100839,mg/g,18.72509976,DERIVED_FROM_CONCENTRATION_AND_MEASURED_LIQUID,VALID,,P24-MAT-FIT,ExperimentalData(2).run(2) fraction 5,SOURCE_DERIVED_ANALYTICAL
FIT_2021_12,FIT-C02,2,FIT-E02-R2,2,5,26.89249215,33.14384652,5.5879,MEASURED_MASS_G,trigonelline,1.30855198,mg/g,7.31205762,DERIVED_FROM_CONCENTRATION_AND_MEASURED_LIQUID,VALID,,P24-MAT-FIT,ExperimentalData(2).run(2) fraction 5,SOURCE_DERIVED_ANALYTICAL
FIT_2021_12,FIT-C02,2,FIT-E02-R2,2,5,26.89249215,33.14384652,5.5879,MEASURED_MASS_G,5CQA,2.04089465,mg/g,11.40431524,DERIVED_FROM_CONCENTRATION_AND_MEASURED_LIQUID,VALID,,P24-MAT-FIT,ExperimentalData(2).run(2) fraction 5,SOURCE_DERIVED_ANALYTICAL
FIT_2021_12,FIT-C02,2,FIT-E02-R2,2,5,26.89249215,33.14384652,5.5879,MEASURED_MASS_G,CQA_sum,4.06811299,mg/g,22.73220858,DERIVED_FROM_CONCENTRATION_AND_MEASURED_LIQUID,VALID,,P24-MAT-FIT,ExperimentalData(2).run(2) fraction 5,SOURCE_DERIVED_ANALYTICAL
FIT_2021_12,FIT-C02,2,FIT-E02-R2,2,5,26.89249215,33.14384652,5.5879,MEASURED_MASS_G,TDS,6.00207835,percent,335.39013607,DERIVED_FROM_CONCENTRATION_AND_MEASURED_LIQUID,VALID,,P24-MAT-FIT,ExperimentalData(2).run(2) fraction 5,SOURCE_DERIVED_ANALYTICAL
FIT_2021_12,FIT-C02,2,FIT-E02-R2,2,7,39.34508176,44.41595167,4.5327,MEASURED_MASS_G,caffeine,1.90005436,mg/g,8.61237639,DERIVED_FROM_CONCENTRATION_AND_MEASURED_LIQUID,VALID,,P24-MAT-FIT,ExperimentalData(2).run(2) fraction 7,SOURCE_DERIVED_ANALYTICAL
FIT_2021_12,FIT-C02,2,FIT-E02-R2,2,7,39.34508176,44.41595167,4.5327,MEASURED_MASS_G,trigonelline,0.57358318,mg/g,2.59988046,DERIVED_FROM_CONCENTRATION_AND_MEASURED_LIQUID,VALID,,P24-MAT-FIT,ExperimentalData(2).run(2) fraction 7,SOURCE_DERIVED_ANALYTICAL
FIT_2021_12,FIT-C02,2,FIT-E02-R2,2,7,39.34508176,44.41595167,4.5327,MEASURED_MASS_G,5CQA,1.10685688,mg/g,5.01705019,DERIVED_FROM_CONCENTRATION_AND_MEASURED_LIQUID,VALID,,P24-MAT-FIT,ExperimentalData(2).run(2) fraction 7,SOURCE_DERIVED_ANALYTICAL
FIT_2021_12,FIT-C02,2,FIT-E02-R2,2,7,39.34508176,44.41595167,4.5327,MEASURED_MASS_G,CQA_sum,2.22180024,mg/g,10.07075397,DERIVED_FROM_CONCENTRATION_AND_MEASURED_LIQUID,VALID,,P24-MAT-FIT,ExperimentalData(2).run(2) fraction 7,SOURCE_DERIVED_ANALYTICAL
FIT_2021_12,FIT-C02,2,FIT-E02-R2,2,7,39.34508176,44.41595167,4.5327,MEASURED_MASS_G,TDS,2.72473375,percent,123.50400662,DERIVED_FROM_CONCENTRATION_AND_MEASURED_LIQUID,VALID,,P24-MAT-FIT,ExperimentalData(2).run(2) fraction 7,SOURCE_DERIVED_ANALYTICAL
FIT_2021_12,FIT-C02,2,FIT-E02-R2,2,10,57.96791778,62.51276059,4.0625,MEASURED_MASS_G,caffeine,0.97021966,mg/g,3.94151738,DERIVED_FROM_CONCENTRATION_AND_MEASURED_LIQUID,VALID,,P24-MAT-FIT,ExperimentalData(2).run(2) fraction 10,SOURCE_DERIVED_ANALYTICAL
FIT_2021_12,FIT-C02,2,FIT-E02-R2,2,10,57.96791778,62.51276059,4.0625,MEASURED_MASS_G,trigonelline,0.2208242,mg/g,0.89709832,DERIVED_FROM_CONCENTRATION_AND_MEASURED_LIQUID,VALID,,P24-MAT-FIT,ExperimentalData(2).run(2) fraction 10,SOURCE_DERIVED_ANALYTICAL
FIT_2021_12,FIT-C02,2,FIT-E02-R2,2,10,57.96791778,62.51276059,4.0625,MEASURED_MASS_G,5CQA,0.52515011,mg/g,2.13342233,DERIVED_FROM_CONCENTRATION_AND_MEASURED_LIQUID,VALID,,P24-MAT-FIT,ExperimentalData(2).run(2) fraction 10,SOURCE_DERIVED_ANALYTICAL
FIT_2021_12,FIT-C02,2,FIT-E02-R2,2,10,57.96791778,62.51276059,4.0625,MEASURED_MASS_G,CQA_sum,1.03092783,mg/g,4.18814431,DERIVED_FROM_CONCENTRATION_AND_MEASURED_LIQUID,VALID,,P24-MAT-FIT,ExperimentalData(2).run(2) fraction 10,SOURCE_DERIVED_ANALYTICAL
FIT_2021_12,FIT-C02,2,FIT-E02-R2,2,10,57.96791778,62.51276059,4.0625,MEASURED_MASS_G,TDS,1.37896788,percent,56.02057015,DERIVED_FROM_CONCENTRATION_AND_MEASURED_LIQUID,VALID,,P24-MAT-FIT,ExperimentalData(2).run(2) fraction 10,SOURCE_DERIVED_ANALYTICAL
FIT_2021_12,FIT-C02,2,FIT-E02-R3,3,1,0,6.90464056,6.4771,MEASURED_MASS_G,caffeine,9.29467047,mg/g,60.2025101,DERIVED_FROM_CONCENTRATION_AND_MEASURED_LIQUID,VALID,,P24-MAT-FIT,ExperimentalData(2).run(3) fraction 1,SOURCE_DERIVED_ANALYTICAL
FIT_2021_12,FIT-C02,2,FIT-E02-R3,3,1,0,6.90464056,6.4771,MEASURED_MASS_G,trigonelline,5.91439397,mg/g,38.30812121,DERIVED_FROM_CONCENTRATION_AND_MEASURED_LIQUID,VALID,,P24-MAT-FIT,ExperimentalData(2).run(3) fraction 1,SOURCE_DERIVED_ANALYTICAL
FIT_2021_12,FIT-C02,2,FIT-E02-R3,3,1,0,6.90464056,6.4771,MEASURED_MASS_G,5CQA,6.31664786,mg/g,40.91355983,DERIVED_FROM_CONCENTRATION_AND_MEASURED_LIQUID,VALID,,P24-MAT-FIT,ExperimentalData(2).run(3) fraction 1,SOURCE_DERIVED_ANALYTICAL
FIT_2021_12,FIT-C02,2,FIT-E02-R3,3,1,0,6.90464056,6.4771,MEASURED_MASS_G,CQA_sum,13.10205132,mg/g,84.86329662,DERIVED_FROM_CONCENTRATION_AND_MEASURED_LIQUID,VALID,,P24-MAT-FIT,ExperimentalData(2).run(3) fraction 1,SOURCE_DERIVED_ANALYTICAL
FIT_2021_12,FIT-C02,2,FIT-E02-R3,3,1,0,6.90464056,6.4771,MEASURED_MASS_G,TDS,22.94941586,percent,1486.45661489,DERIVED_FROM_CONCENTRATION_AND_MEASURED_LIQUID,VALID,,P24-MAT-FIT,ExperimentalData(2).run(3) fraction 1,SOURCE_DERIVED_ANALYTICAL
FIT_2021_12,FIT-C02,2,FIT-E02-R3,3,2,6.90464056,12.51045695,5.2587,MEASURED_MASS_G,caffeine,7.46027453,mg/g,39.23134567,DERIVED_FROM_CONCENTRATION_AND_MEASURED_LIQUID,VALID,,P24-MAT-FIT,ExperimentalData(2).run(3) fraction 2,SOURCE_DERIVED_ANALYTICAL
FIT_2021_12,FIT-C02,2,FIT-E02-R3,3,2,6.90464056,12.51045695,5.2587,MEASURED_MASS_G,trigonelline,4.2503728,mg/g,22.35143543,DERIVED_FROM_CONCENTRATION_AND_MEASURED_LIQUID,VALID,,P24-MAT-FIT,ExperimentalData(2).run(3) fraction 2,SOURCE_DERIVED_ANALYTICAL
FIT_2021_12,FIT-C02,2,FIT-E02-R3,3,2,6.90464056,12.51045695,5.2587,MEASURED_MASS_G,5CQA,4.82315659,mg/g,25.36353355,DERIVED_FROM_CONCENTRATION_AND_MEASURED_LIQUID,VALID,,P24-MAT-FIT,ExperimentalData(2).run(3) fraction 2,SOURCE_DERIVED_ANALYTICAL
FIT_2021_12,FIT-C02,2,FIT-E02-R3,3,2,6.90464056,12.51045695,5.2587,MEASURED_MASS_G,CQA_sum,9.78948234,mg/g,51.47995076,DERIVED_FROM_CONCENTRATION_AND_MEASURED_LIQUID,VALID,,P24-MAT-FIT,ExperimentalData(2).run(3) fraction 2,SOURCE_DERIVED_ANALYTICAL
FIT_2021_12,FIT-C02,2,FIT-E02-R3,3,2,6.90464056,12.51045695,5.2587,MEASURED_MASS_G,TDS,17.01344841,percent,894.68621133,DERIVED_FROM_CONCENTRATION_AND_MEASURED_LIQUID,VALID,,P24-MAT-FIT,ExperimentalData(2).run(3) fraction 2,SOURCE_DERIVED_ANALYTICAL
FIT_2021_12,FIT-C02,2,FIT-E02-R3,3,3,12.51045695,18.88923575,5.9838,MEASURED_MASS_G,caffeine,5.91022364,mg/g,35.36559621,DERIVED_FROM_CONCENTRATION_AND_MEASURED_LIQUID,VALID,,P24-MAT-FIT,ExperimentalData(2).run(3) fraction 3,SOURCE_DERIVED_ANALYTICAL
FIT_2021_12,FIT-C02,2,FIT-E02-R3,3,3,12.51045695,18.88923575,5.9838,MEASURED_MASS_G,trigonelline,3.06009139,mg/g,18.31097486,DERIVED_FROM_CONCENTRATION_AND_MEASURED_LIQUID,VALID,,P24-MAT-FIT,ExperimentalData(2).run(3) fraction 3,SOURCE_DERIVED_ANALYTICAL
FIT_2021_12,FIT-C02,2,FIT-E02-R3,3,3,12.51045695,18.88923575,5.9838,MEASURED_MASS_G,5CQA,3.80109324,mg/g,22.74498172,DERIVED_FROM_CONCENTRATION_AND_MEASURED_LIQUID,VALID,,P24-MAT-FIT,ExperimentalData(2).run(3) fraction 3,SOURCE_DERIVED_ANALYTICAL
FIT_2021_12,FIT-C02,2,FIT-E02-R3,3,3,12.51045695,18.88923575,5.9838,MEASURED_MASS_G,CQA_sum,7.78365151,mg/g,46.57581388,DERIVED_FROM_CONCENTRATION_AND_MEASURED_LIQUID,VALID,,P24-MAT-FIT,ExperimentalData(2).run(3) fraction 3,SOURCE_DERIVED_ANALYTICAL
FIT_2021_12,FIT-C02,2,FIT-E02-R3,3,3,12.51045695,18.88923575,5.9838,MEASURED_MASS_G,TDS,11.68439221,percent,699.17066132,DERIVED_FROM_CONCENTRATION_AND_MEASURED_LIQUID,VALID,,P24-MAT-FIT,ExperimentalData(2).run(3) fraction 3,SOURCE_DERIVED_ANALYTICAL
FIT_2021_12,FIT-C02,2,FIT-E02-R3,3,5,24.54035747,30.20224588,5.3113,MEASURED_MASS_G,caffeine,3.01490176,mg/g,16.01304774,DERIVED_FROM_CONCENTRATION_AND_MEASURED_LIQUID,VALID,,P24-MAT-FIT,ExperimentalData(2).run(3) fraction 5,SOURCE_DERIVED_ANALYTICAL
FIT_2021_12,FIT-C02,2,FIT-E02-R3,3,5,24.54035747,30.20224588,5.3113,MEASURED_MASS_G,trigonelline,1.14325778,mg/g,6.07218503,DERIVED_FROM_CONCENTRATION_AND_MEASURED_LIQUID,VALID,,P24-MAT-FIT,ExperimentalData(2).run(3) fraction 5,SOURCE_DERIVED_ANALYTICAL
FIT_2021_12,FIT-C02,2,FIT-E02-R3,3,5,24.54035747,30.20224588,5.3113,MEASURED_MASS_G,5CQA,1.7861788,mg/g,9.48693145,DERIVED_FROM_CONCENTRATION_AND_MEASURED_LIQUID,VALID,,P24-MAT-FIT,ExperimentalData(2).run(3) fraction 5,SOURCE_DERIVED_ANALYTICAL
FIT_2021_12,FIT-C02,2,FIT-E02-R3,3,5,24.54035747,30.20224588,5.3113,MEASURED_MASS_G,CQA_sum,3.53988104,mg/g,18.80137017,DERIVED_FROM_CONCENTRATION_AND_MEASURED_LIQUID,VALID,,P24-MAT-FIT,ExperimentalData(2).run(3) fraction 5,SOURCE_DERIVED_ANALYTICAL
FIT_2021_12,FIT-C02,2,FIT-E02-R3,3,5,24.54035747,30.20224588,5.3113,MEASURED_MASS_G,TDS,5.29251942,percent,281.10158401,DERIVED_FROM_CONCENTRATION_AND_MEASURED_LIQUID,VALID,,P24-MAT-FIT,ExperimentalData(2).run(3) fraction 5,SOURCE_DERIVED_ANALYTICAL
FIT_2021_12,FIT-C02,2,FIT-E02-R3,3,7,35.65413071,41.45449356,5.4412,MEASURED_MASS_G,caffeine,1.74301595,mg/g,9.48409841,DERIVED_FROM_CONCENTRATION_AND_MEASURED_LIQUID,VALID,,P24-MAT-FIT,ExperimentalData(2).run(3) fraction 7,SOURCE_DERIVED_ANALYTICAL
FIT_2021_12,FIT-C02,2,FIT-E02-R3,3,7,35.65413071,41.45449356,5.4412,MEASURED_MASS_G,trigonelline,0.53991781,mg/g,2.93780076,DERIVED_FROM_CONCENTRATION_AND_MEASURED_LIQUID,VALID,,P24-MAT-FIT,ExperimentalData(2).run(3) fraction 7,SOURCE_DERIVED_ANALYTICAL
FIT_2021_12,FIT-C02,2,FIT-E02-R3,3,7,35.65413071,41.45449356,5.4412,MEASURED_MASS_G,5CQA,1.00996213,mg/g,5.49540596,DERIVED_FROM_CONCENTRATION_AND_MEASURED_LIQUID,VALID,,P24-MAT-FIT,ExperimentalData(2).run(3) fraction 7,SOURCE_DERIVED_ANALYTICAL
FIT_2021_12,FIT-C02,2,FIT-E02-R3,3,7,35.65413071,41.45449356,5.4412,MEASURED_MASS_G,CQA_sum,2.0280665,mg/g,11.03511546,DERIVED_FROM_CONCENTRATION_AND_MEASURED_LIQUID,VALID,,P24-MAT-FIT,ExperimentalData(2).run(3) fraction 7,SOURCE_DERIVED_ANALYTICAL
FIT_2021_12,FIT-C02,2,FIT-E02-R3,3,7,35.65413071,41.45449356,5.4412,MEASURED_MASS_G,TDS,2.75793576,percent,150.06480065,DERIVED_FROM_CONCENTRATION_AND_MEASURED_LIQUID,VALID,,P24-MAT-FIT,ExperimentalData(2).run(3) fraction 7,SOURCE_DERIVED_ANALYTICAL
FIT_2021_12,FIT-C02,2,FIT-E02-R3,3,10,52.38928405,58.02111103,5.2831,MEASURED_MASS_G,caffeine,1.04631185,mg/g,5.52777015,DERIVED_FROM_CONCENTRATION_AND_MEASURED_LIQUID,VALID,,P24-MAT-FIT,ExperimentalData(2).run(3) fraction 10,SOURCE_DERIVED_ANALYTICAL
FIT_2021_12,FIT-C02,2,FIT-E02-R3,3,10,52.38928405,58.02111103,5.2831,MEASURED_MASS_G,trigonelline,0.27220396,mg/g,1.43808074,DERIVED_FROM_CONCENTRATION_AND_MEASURED_LIQUID,VALID,,P24-MAT-FIT,ExperimentalData(2).run(3) fraction 10,SOURCE_DERIVED_ANALYTICAL
FIT_2021_12,FIT-C02,2,FIT-E02-R3,3,10,52.38928405,58.02111103,5.2831,MEASURED_MASS_G,5CQA,0.59120628,mg/g,3.12340189,DERIVED_FROM_CONCENTRATION_AND_MEASURED_LIQUID,VALID,,P24-MAT-FIT,ExperimentalData(2).run(3) fraction 10,SOURCE_DERIVED_ANALYTICAL
FIT_2021_12,FIT-C02,2,FIT-E02-R3,3,10,52.38928405,58.02111103,5.2831,MEASURED_MASS_G,CQA_sum,1.18253413,mg/g,6.24744607,DERIVED_FROM_CONCENTRATION_AND_MEASURED_LIQUID,VALID,,P24-MAT-FIT,ExperimentalData(2).run(3) fraction 10,SOURCE_DERIVED_ANALYTICAL
FIT_2021_12,FIT-C02,2,FIT-E02-R3,3,10,52.38928405,58.02111103,5.2831,MEASURED_MASS_G,TDS,1.56349493,percent,82.60100055,DERIVED_FROM_CONCENTRATION_AND_MEASURED_LIQUID,VALID,,P24-MAT-FIT,ExperimentalData(2).run(3) fraction 10,SOURCE_DERIVED_ANALYTICAL
FIT_2021_12,FIT-C03,3,FIT-E03-R1,1,1,0,6.72113889,6.7728,MEASURED_MASS_G,caffeine,8.62950367,mg/g,58.44590245,DERIVED_FROM_CONCENTRATION_AND_MEASURED_LIQUID,VALID,,P24-MAT-FIT,ExperimentalData(3).run(1) fraction 1,SOURCE_DERIVED_ANALYTICAL
FIT_2021_12,FIT-C03,3,FIT-E03-R1,1,1,0,6.72113889,6.7728,MEASURED_MASS_G,trigonelline,5.79472746,mg/g,39.24653016,DERIVED_FROM_CONCENTRATION_AND_MEASURED_LIQUID,VALID,,P24-MAT-FIT,ExperimentalData(3).run(1) fraction 1,SOURCE_DERIVED_ANALYTICAL
FIT_2021_12,FIT-C03,3,FIT-E03-R1,1,1,0,6.72113889,6.7728,MEASURED_MASS_G,5CQA,6.00835393,mg/g,40.6933795,DERIVED_FROM_CONCENTRATION_AND_MEASURED_LIQUID,VALID,,P24-MAT-FIT,ExperimentalData(3).run(1) fraction 1,SOURCE_DERIVED_ANALYTICAL
FIT_2021_12,FIT-C03,3,FIT-E03-R1,1,1,0,6.72113889,6.7728,MEASURED_MASS_G,CQA_sum,12.47634895,mg/g,84.4998162,DERIVED_FROM_CONCENTRATION_AND_MEASURED_LIQUID,VALID,,P24-MAT-FIT,ExperimentalData(3).run(1) fraction 1,SOURCE_DERIVED_ANALYTICAL
FIT_2021_12,FIT-C03,3,FIT-E03-R1,1,1,0,6.72113889,6.7728,MEASURED_MASS_G,TDS,21.05049961,percent,1425.70823784,DERIVED_FROM_CONCENTRATION_AND_MEASURED_LIQUID,VALID,,P24-MAT-FIT,ExperimentalData(3).run(1) fraction 1,SOURCE_DERIVED_ANALYTICAL
FIT_2021_12,FIT-C03,3,FIT-E03-R1,1,2,6.72113889,9.89970727,3.203,MEASURED_MASS_G,caffeine,,mg/g,,DERIVED_FROM_CONCENTRATION_AND_MEASURED_LIQUID,INVALID,INVALID_SPILL,P24-MAT-FIT,ExperimentalData(3).run(1) fraction 2,SOURCE_DERIVED_ANALYTICAL
FIT_2021_12,FIT-C03,3,FIT-E03-R1,1,2,6.72113889,9.89970727,3.203,MEASURED_MASS_G,trigonelline,,mg/g,,DERIVED_FROM_CONCENTRATION_AND_MEASURED_LIQUID,INVALID,INVALID_SPILL,P24-MAT-FIT,ExperimentalData(3).run(1) fraction 2,SOURCE_DERIVED_ANALYTICAL
FIT_2021_12,FIT-C03,3,FIT-E03-R1,1,2,6.72113889,9.89970727,3.203,MEASURED_MASS_G,5CQA,,mg/g,,DERIVED_FROM_CONCENTRATION_AND_MEASURED_LIQUID,INVALID,INVALID_SPILL,P24-MAT-FIT,ExperimentalData(3).run(1) fraction 2,SOURCE_DERIVED_ANALYTICAL
FIT_2021_12,FIT-C03,3,FIT-E03-R1,1,2,6.72113889,9.89970727,3.203,MEASURED_MASS_G,CQA_sum,,mg/g,,DERIVED_FROM_CONCENTRATION_AND_MEASURED_LIQUID,INVALID,INVALID_SPILL,P24-MAT-FIT,ExperimentalData(3).run(1) fraction 2,SOURCE_DERIVED_ANALYTICAL
FIT_2021_12,FIT-C03,3,FIT-E03-R1,1,2,6.72113889,9.89970727,3.203,MEASURED_MASS_G,TDS,15.16518958,percent,485.74102234,DERIVED_FROM_CONCENTRATION_AND_MEASURED_LIQUID,VALID,,P24-MAT-FIT,ExperimentalData(3).run(1) fraction 2,SOURCE_DERIVED_ANALYTICAL
FIT_2021_12,FIT-C03,3,FIT-E03-R1,1,3,9.89970727,16.13805705,6.2863,MEASURED_MASS_G,caffeine,4.49151947,mg/g,28.23503884,DERIVED_FROM_CONCENTRATION_AND_MEASURED_LIQUID,VALID,,P24-MAT-FIT,ExperimentalData(3).run(1) fraction 3,SOURCE_DERIVED_ANALYTICAL
FIT_2021_12,FIT-C03,3,FIT-E03-R1,1,3,9.89970727,16.13805705,6.2863,MEASURED_MASS_G,trigonelline,2.4231869,mg/g,15.23287982,DERIVED_FROM_CONCENTRATION_AND_MEASURED_LIQUID,VALID,,P24-MAT-FIT,ExperimentalData(3).run(1) fraction 3,SOURCE_DERIVED_ANALYTICAL
FIT_2021_12,FIT-C03,3,FIT-E03-R1,1,3,9.89970727,16.13805705,6.2863,MEASURED_MASS_G,5CQA,3.07815053,mg/g,19.35017767,DERIVED_FROM_CONCENTRATION_AND_MEASURED_LIQUID,VALID,,P24-MAT-FIT,ExperimentalData(3).run(1) fraction 3,SOURCE_DERIVED_ANALYTICAL
FIT_2021_12,FIT-C03,3,FIT-E03-R1,1,3,9.89970727,16.13805705,6.2863,MEASURED_MASS_G,CQA_sum,6.17618646,mg/g,38.82536097,DERIVED_FROM_CONCENTRATION_AND_MEASURED_LIQUID,VALID,,P24-MAT-FIT,ExperimentalData(3).run(1) fraction 3,SOURCE_DERIVED_ANALYTICAL
FIT_2021_12,FIT-C03,3,FIT-E03-R1,1,3,9.89970727,16.13805705,6.2863,MEASURED_MASS_G,TDS,9.33692405,percent,586.94705675,DERIVED_FROM_CONCENTRATION_AND_MEASURED_LIQUID,VALID,,P24-MAT-FIT,ExperimentalData(3).run(1) fraction 3,SOURCE_DERIVED_ANALYTICAL
FIT_2021_12,FIT-C03,3,FIT-E03-R1,1,5,21.98848852,27.66704111,5.7222,MEASURED_MASS_G,caffeine,2.371574,mg/g,13.57062076,DERIVED_FROM_CONCENTRATION_AND_MEASURED_LIQUID,VALID,,P24-MAT-FIT,ExperimentalData(3).run(1) fraction 5,SOURCE_DERIVED_ANALYTICAL
FIT_2021_12,FIT-C03,3,FIT-E03-R1,1,5,21.98848852,27.66704111,5.7222,MEASURED_MASS_G,trigonelline,0.97923815,mg/g,5.60339656,DERIVED_FROM_CONCENTRATION_AND_MEASURED_LIQUID,VALID,,P24-MAT-FIT,ExperimentalData(3).run(1) fraction 5,SOURCE_DERIVED_ANALYTICAL
FIT_2021_12,FIT-C03,3,FIT-E03-R1,1,5,21.98848852,27.66704111,5.7222,MEASURED_MASS_G,5CQA,1.51052209,mg/g,8.64350951,DERIVED_FROM_CONCENTRATION_AND_MEASURED_LIQUID,VALID,,P24-MAT-FIT,ExperimentalData(3).run(1) fraction 5,SOURCE_DERIVED_ANALYTICAL
FIT_2021_12,FIT-C03,3,FIT-E03-R1,1,5,21.98848852,27.66704111,5.7222,MEASURED_MASS_G,CQA_sum,2.91866422,mg/g,16.70118038,DERIVED_FROM_CONCENTRATION_AND_MEASURED_LIQUID,VALID,,P24-MAT-FIT,ExperimentalData(3).run(1) fraction 5,SOURCE_DERIVED_ANALYTICAL
FIT_2021_12,FIT-C03,3,FIT-E03-R1,1,5,21.98848852,27.66704111,5.7222,MEASURED_MASS_G,TDS,4.4787562,percent,256.28338708,DERIVED_FROM_CONCENTRATION_AND_MEASURED_LIQUID,VALID,,P24-MAT-FIT,ExperimentalData(3).run(1) fraction 5,SOURCE_DERIVED_ANALYTICAL
FIT_2021_12,FIT-C03,3,FIT-E03-R1,1,7,32.85436943,38.72782393,5.9186,MEASURED_MASS_G,caffeine,1.54162208,mg/g,9.12424443,DERIVED_FROM_CONCENTRATION_AND_MEASURED_LIQUID,VALID,,P24-MAT-FIT,ExperimentalData(3).run(1) fraction 7,SOURCE_DERIVED_ANALYTICAL
FIT_2021_12,FIT-C03,3,FIT-E03-R1,1,7,32.85436943,38.72782393,5.9186,MEASURED_MASS_G,trigonelline,0.5481266,mg/g,3.24414208,DERIVED_FROM_CONCENTRATION_AND_MEASURED_LIQUID,VALID,,P24-MAT-FIT,ExperimentalData(3).run(1) fraction 7,SOURCE_DERIVED_ANALYTICAL
FIT_2021_12,FIT-C03,3,FIT-E03-R1,1,7,32.85436943,38.72782393,5.9186,MEASURED_MASS_G,5CQA,0.99622579,mg/g,5.89626196,DERIVED_FROM_CONCENTRATION_AND_MEASURED_LIQUID,VALID,,P24-MAT-FIT,ExperimentalData(3).run(1) fraction 7,SOURCE_DERIVED_ANALYTICAL
FIT_2021_12,FIT-C03,3,FIT-E03-R1,1,7,32.85436943,38.72782393,5.9186,MEASURED_MASS_G,CQA_sum,1.95982218,mg/g,11.59940358,DERIVED_FROM_CONCENTRATION_AND_MEASURED_LIQUID,VALID,,P24-MAT-FIT,ExperimentalData(3).run(1) fraction 7,SOURCE_DERIVED_ANALYTICAL
FIT_2021_12,FIT-C03,3,FIT-E03-R1,1,7,32.85436943,38.72782393,5.9186,MEASURED_MASS_G,TDS,2.587235,percent,153.12809068,DERIVED_FROM_CONCENTRATION_AND_MEASURED_LIQUID,VALID,,P24-MAT-FIT,ExperimentalData(3).run(1) fraction 7,SOURCE_DERIVED_ANALYTICAL
FIT_2021_12,FIT-C03,3,FIT-E03-R1,1,10,49.11220581,54.81001042,5.7416,MEASURED_MASS_G,caffeine,0.99565305,mg/g,5.71664157,DERIVED_FROM_CONCENTRATION_AND_MEASURED_LIQUID,VALID,,P24-MAT-FIT,ExperimentalData(3).run(1) fraction 10,SOURCE_DERIVED_ANALYTICAL
FIT_2021_12,FIT-C03,3,FIT-E03-R1,1,10,49.11220581,54.81001042,5.7416,MEASURED_MASS_G,trigonelline,0.27282755,mg/g,1.56646668,DERIVED_FROM_CONCENTRATION_AND_MEASURED_LIQUID,VALID,,P24-MAT-FIT,ExperimentalData(3).run(1) fraction 10,SOURCE_DERIVED_ANALYTICAL
FIT_2021_12,FIT-C03,3,FIT-E03-R1,1,10,49.11220581,54.81001042,5.7416,MEASURED_MASS_G,5CQA,0.61146141,mg/g,3.51076684,DERIVED_FROM_CONCENTRATION_AND_MEASURED_LIQUID,VALID,,P24-MAT-FIT,ExperimentalData(3).run(1) fraction 10,SOURCE_DERIVED_ANALYTICAL
FIT_2021_12,FIT-C03,3,FIT-E03-R1,1,10,49.11220581,54.81001042,5.7416,MEASURED_MASS_G,CQA_sum,1.17228968,mg/g,6.73081843,DERIVED_FROM_CONCENTRATION_AND_MEASURED_LIQUID,VALID,,P24-MAT-FIT,ExperimentalData(3).run(1) fraction 10,SOURCE_DERIVED_ANALYTICAL
FIT_2021_12,FIT-C03,3,FIT-E03-R1,1,10,49.11220581,54.81001042,5.7416,MEASURED_MASS_G,TDS,1.38614317,percent,79.58679615,DERIVED_FROM_CONCENTRATION_AND_MEASURED_LIQUID,VALID,,P24-MAT-FIT,ExperimentalData(3).run(1) fraction 10,SOURCE_DERIVED_ANALYTICAL
FIT_2021_12,FIT-C03,3,FIT-E03-R2,2,1,0,7.01301314,7.0911,MEASURED_MASS_G,caffeine,8.29944327,mg/g,58.85218219,DERIVED_FROM_CONCENTRATION_AND_MEASURED_LIQUID,VALID,,P24-MAT-FIT,ExperimentalData(3).run(2) fraction 1,SOURCE_DERIVED_ANALYTICAL
FIT_2021_12,FIT-C03,3,FIT-E03-R2,2,1,0,7.01301314,7.0911,MEASURED_MASS_G,trigonelline,5.61866011,mg/g,39.8424807,DERIVED_FROM_CONCENTRATION_AND_MEASURED_LIQUID,VALID,,P24-MAT-FIT,ExperimentalData(3).run(2) fraction 1,SOURCE_DERIVED_ANALYTICAL
FIT_2021_12,FIT-C03,3,FIT-E03-R2,2,1,0,7.01301314,7.0911,MEASURED_MASS_G,5CQA,5.7910231,mg/g,41.06472392,DERIVED_FROM_CONCENTRATION_AND_MEASURED_LIQUID,VALID,,P24-MAT-FIT,ExperimentalData(3).run(2) fraction 1,SOURCE_DERIVED_ANALYTICAL
FIT_2021_12,FIT-C03,3,FIT-E03-R2,2,1,0,7.01301314,7.0911,MEASURED_MASS_G,CQA_sum,11.77909867,mg/g,83.52676659,DERIVED_FROM_CONCENTRATION_AND_MEASURED_LIQUID,VALID,,P24-MAT-FIT,ExperimentalData(3).run(2) fraction 1,SOURCE_DERIVED_ANALYTICAL
FIT_2021_12,FIT-C03,3,FIT-E03-R2,2,1,0,7.01301314,7.0911,MEASURED_MASS_G,TDS,20.40761296,percent,1447.12424243,DERIVED_FROM_CONCENTRATION_AND_MEASURED_LIQUID,VALID,,P24-MAT-FIT,ExperimentalData(3).run(2) fraction 1,SOURCE_DERIVED_ANALYTICAL
FIT_2021_12,FIT-C03,3,FIT-E03-R2,2,2,7.01301314,13.5199611,6.5794,MEASURED_MASS_G,caffeine,6.26658158,mg/g,41.23034685,DERIVED_FROM_CONCENTRATION_AND_MEASURED_LIQUID,VALID,,P24-MAT-FIT,ExperimentalData(3).run(2) fraction 2,SOURCE_DERIVED_ANALYTICAL
FIT_2021_12,FIT-C03,3,FIT-E03-R2,2,2,7.01301314,13.5199611,6.5794,MEASURED_MASS_G,trigonelline,3.80703226,mg/g,25.04798802,DERIVED_FROM_CONCENTRATION_AND_MEASURED_LIQUID,VALID,,P24-MAT-FIT,ExperimentalData(3).run(2) fraction 2,SOURCE_DERIVED_ANALYTICAL
FIT_2021_12,FIT-C03,3,FIT-E03-R2,2,2,7.01301314,13.5199611,6.5794,MEASURED_MASS_G,5CQA,4.26186199,mg/g,28.04049475,DERIVED_FROM_CONCENTRATION_AND_MEASURED_LIQUID,VALID,,P24-MAT-FIT,ExperimentalData(3).run(2) fraction 2,SOURCE_DERIVED_ANALYTICAL
FIT_2021_12,FIT-C03,3,FIT-E03-R2,2,2,7.01301314,13.5199611,6.5794,MEASURED_MASS_G,CQA_sum,8.52366562,mg/g,56.0806056,DERIVED_FROM_CONCENTRATION_AND_MEASURED_LIQUID,VALID,,P24-MAT-FIT,ExperimentalData(3).run(2) fraction 2,SOURCE_DERIVED_ANALYTICAL
FIT_2021_12,FIT-C03,3,FIT-E03-R2,2,2,7.01301314,13.5199611,6.5794,MEASURED_MASS_G,TDS,14.15269972,percent,931.1627252,DERIVED_FROM_CONCENTRATION_AND_MEASURED_LIQUID,VALID,,P24-MAT-FIT,ExperimentalData(3).run(2) fraction 2,SOURCE_DERIVED_ANALYTICAL
FIT_2021_12,FIT-C03,3,FIT-E03-R2,2,3,13.5199611,19.2038732,5.7472,MEASURED_MASS_G,caffeine,4.34006189,mg/g,24.94320368,DERIVED_FROM_CONCENTRATION_AND_MEASURED_LIQUID,VALID,,P24-MAT-FIT,ExperimentalData(3).run(2) fraction 3,SOURCE_DERIVED_ANALYTICAL
FIT_2021_12,FIT-C03,3,FIT-E03-R2,2,3,13.5199611,19.2038732,5.7472,MEASURED_MASS_G,trigonelline,2.33496147,mg/g,13.41949054,DERIVED_FROM_CONCENTRATION_AND_MEASURED_LIQUID,VALID,,P24-MAT-FIT,ExperimentalData(3).run(2) fraction 3,SOURCE_DERIVED_ANALYTICAL
FIT_2021_12,FIT-C03,3,FIT-E03-R2,2,3,13.5199611,19.2038732,5.7472,MEASURED_MASS_G,5CQA,2.92792075,mg/g,16.82734613,DERIVED_FROM_CONCENTRATION_AND_MEASURED_LIQUID,VALID,,P24-MAT-FIT,ExperimentalData(3).run(2) fraction 3,SOURCE_DERIVED_ANALYTICAL
FIT_2021_12,FIT-C03,3,FIT-E03-R2,2,3,13.5199611,19.2038732,5.7472,MEASURED_MASS_G,CQA_sum,5.89594742,mg/g,33.88518899,DERIVED_FROM_CONCENTRATION_AND_MEASURED_LIQUID,VALID,,P24-MAT-FIT,ExperimentalData(3).run(2) fraction 3,SOURCE_DERIVED_ANALYTICAL
FIT_2021_12,FIT-C03,3,FIT-E03-R2,2,3,13.5199611,19.2038732,5.7472,MEASURED_MASS_G,TDS,9.02000271,percent,518.39759588,DERIVED_FROM_CONCENTRATION_AND_MEASURED_LIQUID,VALID,,P24-MAT-FIT,ExperimentalData(3).run(2) fraction 3,SOURCE_DERIVED_ANALYTICAL
FIT_2021_12,FIT-C03,3,FIT-E03-R2,2,5,25.24273312,30.76019853,5.5789,MEASURED_MASS_G,caffeine,2.24239426,mg/g,12.51009334,DERIVED_FROM_CONCENTRATION_AND_MEASURED_LIQUID,VALID,,P24-MAT-FIT,ExperimentalData(3).run(2) fraction 5,SOURCE_DERIVED_ANALYTICAL
FIT_2021_12,FIT-C03,3,FIT-E03-R2,2,5,25.24273312,30.76019853,5.5789,MEASURED_MASS_G,trigonelline,0.90510234,mg/g,5.04947542,DERIVED_FROM_CONCENTRATION_AND_MEASURED_LIQUID,VALID,,P24-MAT-FIT,ExperimentalData(3).run(2) fraction 5,SOURCE_DERIVED_ANALYTICAL
FIT_2021_12,FIT-C03,3,FIT-E03-R2,2,5,25.24273312,30.76019853,5.5789,MEASURED_MASS_G,5CQA,1.39298814,mg/g,7.77134152,DERIVED_FROM_CONCENTRATION_AND_MEASURED_LIQUID,VALID,,P24-MAT-FIT,ExperimentalData(3).run(2) fraction 5,SOURCE_DERIVED_ANALYTICAL
FIT_2021_12,FIT-C03,3,FIT-E03-R2,2,5,25.24273312,30.76019853,5.5789,MEASURED_MASS_G,CQA_sum,2.68878923,mg/g,15.00048626,DERIVED_FROM_CONCENTRATION_AND_MEASURED_LIQUID,VALID,,P24-MAT-FIT,ExperimentalData(3).run(2) fraction 5,SOURCE_DERIVED_ANALYTICAL
FIT_2021_12,FIT-C03,3,FIT-E03-R2,2,5,25.24273312,30.76019853,5.5789,MEASURED_MASS_G,TDS,4.29819386,percent,239.79193716,DERIVED_FROM_CONCENTRATION_AND_MEASURED_LIQUID,VALID,,P24-MAT-FIT,ExperimentalData(3).run(2) fraction 5,SOURCE_DERIVED_ANALYTICAL
FIT_2021_12,FIT-C03,3,FIT-E03-R2,2,7,35.57894389,40.87398589,5.354,MEASURED_MASS_G,caffeine,1.49205593,mg/g,7.98846746,DERIVED_FROM_CONCENTRATION_AND_MEASURED_LIQUID,VALID,,P24-MAT-FIT,ExperimentalData(3).run(2) fraction 7,SOURCE_DERIVED_ANALYTICAL
FIT_2021_12,FIT-C03,3,FIT-E03-R2,2,7,35.57894389,40.87398589,5.354,MEASURED_MASS_G,trigonelline,0.52290318,mg/g,2.79962361,DERIVED_FROM_CONCENTRATION_AND_MEASURED_LIQUID,VALID,,P24-MAT-FIT,ExperimentalData(3).run(2) fraction 7,SOURCE_DERIVED_ANALYTICAL
FIT_2021_12,FIT-C03,3,FIT-E03-R2,2,7,35.57894389,40.87398589,5.354,MEASURED_MASS_G,5CQA,0.93540351,mg/g,5.00815041,DERIVED_FROM_CONCENTRATION_AND_MEASURED_LIQUID,VALID,,P24-MAT-FIT,ExperimentalData(3).run(2) fraction 7,SOURCE_DERIVED_ANALYTICAL
FIT_2021_12,FIT-C03,3,FIT-E03-R2,2,7,35.57894389,40.87398589,5.354,MEASURED_MASS_G,CQA_sum,1.8458602,mg/g,9.88273551,DERIVED_FROM_CONCENTRATION_AND_MEASURED_LIQUID,VALID,,P24-MAT-FIT,ExperimentalData(3).run(2) fraction 7,SOURCE_DERIVED_ANALYTICAL
FIT_2021_12,FIT-C03,3,FIT-E03-R2,2,7,35.57894389,40.87398589,5.354,MEASURED_MASS_G,TDS,2.25101516,percent,120.51935146,DERIVED_FROM_CONCENTRATION_AND_MEASURED_LIQUID,VALID,,P24-MAT-FIT,ExperimentalData(3).run(2) fraction 7,SOURCE_DERIVED_ANALYTICAL
FIT_2021_12,FIT-C03,3,FIT-E03-R2,2,10,53.05545057,58.52593905,5.5314,MEASURED_MASS_G,caffeine,1.01574461,mg/g,5.61848973,DERIVED_FROM_CONCENTRATION_AND_MEASURED_LIQUID,VALID,,P24-MAT-FIT,ExperimentalData(3).run(2) fraction 10,SOURCE_DERIVED_ANALYTICAL
FIT_2021_12,FIT-C03,3,FIT-E03-R2,2,10,53.05545057,58.52593905,5.5314,MEASURED_MASS_G,trigonelline,0.30808806,mg/g,1.70415827,DERIVED_FROM_CONCENTRATION_AND_MEASURED_LIQUID,VALID,,P24-MAT-FIT,ExperimentalData(3).run(2) fraction 10,SOURCE_DERIVED_ANALYTICAL
FIT_2021_12,FIT-C03,3,FIT-E03-R2,2,10,53.05545057,58.52593905,5.5314,MEASURED_MASS_G,5CQA,0.63512536,mg/g,3.51313242,DERIVED_FROM_CONCENTRATION_AND_MEASURED_LIQUID,VALID,,P24-MAT-FIT,ExperimentalData(3).run(2) fraction 10,SOURCE_DERIVED_ANALYTICAL
FIT_2021_12,FIT-C03,3,FIT-E03-R2,2,10,53.05545057,58.52593905,5.5314,MEASURED_MASS_G,CQA_sum,1.23214597,mg/g,6.81549221,DERIVED_FROM_CONCENTRATION_AND_MEASURED_LIQUID,VALID,,P24-MAT-FIT,ExperimentalData(3).run(2) fraction 10,SOURCE_DERIVED_ANALYTICAL
FIT_2021_12,FIT-C03,3,FIT-E03-R2,2,10,53.05545057,58.52593905,5.5314,MEASURED_MASS_G,TDS,1.55941106,percent,86.25726361,DERIVED_FROM_CONCENTRATION_AND_MEASURED_LIQUID,VALID,,P24-MAT-FIT,ExperimentalData(3).run(2) fraction 10,SOURCE_DERIVED_ANALYTICAL
FIT_2021_12,FIT-C03,3,FIT-E03-R3,3,1,0,6.47228487,6.6528,MEASURED_MASS_G,caffeine,8.61723687,mg/g,57.32875345,DERIVED_FROM_CONCENTRATION_AND_MEASURED_LIQUID,VALID,,P24-MAT-FIT,ExperimentalData(3).run(3) fraction 1,SOURCE_DERIVED_ANALYTICAL
FIT_2021_12,FIT-C03,3,FIT-E03-R3,3,1,0,6.47228487,6.6528,MEASURED_MASS_G,trigonelline,5.7397163,mg/g,38.18518462,DERIVED_FROM_CONCENTRATION_AND_MEASURED_LIQUID,VALID,,P24-MAT-FIT,ExperimentalData(3).run(3) fraction 1,SOURCE_DERIVED_ANALYTICAL
FIT_2021_12,FIT-C03,3,FIT-E03-R3,3,1,0,6.47228487,6.6528,MEASURED_MASS_G,5CQA,6.05973913,mg/g,40.31423247,DERIVED_FROM_CONCENTRATION_AND_MEASURED_LIQUID,VALID,,P24-MAT-FIT,ExperimentalData(3).run(3) fraction 1,SOURCE_DERIVED_ANALYTICAL
FIT_2021_12,FIT-C03,3,FIT-E03-R3,3,1,0,6.47228487,6.6528,MEASURED_MASS_G,CQA_sum,12.24377658,mg/g,81.4553968,DERIVED_FROM_CONCENTRATION_AND_MEASURED_LIQUID,VALID,,P24-MAT-FIT,ExperimentalData(3).run(3) fraction 1,SOURCE_DERIVED_ANALYTICAL
FIT_2021_12,FIT-C03,3,FIT-E03-R3,3,1,0,6.47228487,6.6528,MEASURED_MASS_G,TDS,21.02754133,percent,1398.9202695,DERIVED_FROM_CONCENTRATION_AND_MEASURED_LIQUID,VALID,,P24-MAT-FIT,ExperimentalData(3).run(3) fraction 1,SOURCE_DERIVED_ANALYTICAL
FIT_2021_12,FIT-C03,3,FIT-E03-R3,3,2,6.47228487,12.91090856,6.6182,MEASURED_MASS_G,caffeine,6.58767082,mg/g,43.598523,DERIVED_FROM_CONCENTRATION_AND_MEASURED_LIQUID,VALID,,P24-MAT-FIT,ExperimentalData(3).run(3) fraction 2,SOURCE_DERIVED_ANALYTICAL
FIT_2021_12,FIT-C03,3,FIT-E03-R3,3,2,6.47228487,12.91090856,6.6182,MEASURED_MASS_G,trigonelline,3.92448855,mg/g,25.97305014,DERIVED_FROM_CONCENTRATION_AND_MEASURED_LIQUID,VALID,,P24-MAT-FIT,ExperimentalData(3).run(3) fraction 2,SOURCE_DERIVED_ANALYTICAL
FIT_2021_12,FIT-C03,3,FIT-E03-R3,3,2,6.47228487,12.91090856,6.6182,MEASURED_MASS_G,5CQA,4.54088732,mg/g,30.05250045,DERIVED_FROM_CONCENTRATION_AND_MEASURED_LIQUID,VALID,,P24-MAT-FIT,ExperimentalData(3).run(3) fraction 2,SOURCE_DERIVED_ANALYTICAL
FIT_2021_12,FIT-C03,3,FIT-E03-R3,3,2,6.47228487,12.91090856,6.6182,MEASURED_MASS_G,CQA_sum,9.03251022,mg/g,59.77895912,DERIVED_FROM_CONCENTRATION_AND_MEASURED_LIQUID,VALID,,P24-MAT-FIT,ExperimentalData(3).run(3) fraction 2,SOURCE_DERIVED_ANALYTICAL
FIT_2021_12,FIT-C03,3,FIT-E03-R3,3,2,6.47228487,12.91090856,6.6182,MEASURED_MASS_G,TDS,14.76008453,percent,976.85191427,DERIVED_FROM_CONCENTRATION_AND_MEASURED_LIQUID,VALID,,P24-MAT-FIT,ExperimentalData(3).run(3) fraction 2,SOURCE_DERIVED_ANALYTICAL
FIT_2021_12,FIT-C03,3,FIT-E03-R3,3,3,12.91090856,18.64167473,5.8906,MEASURED_MASS_G,caffeine,4.65187152,mg/g,27.4023144,DERIVED_FROM_CONCENTRATION_AND_MEASURED_LIQUID,VALID,,P24-MAT-FIT,ExperimentalData(3).run(3) fraction 3,SOURCE_DERIVED_ANALYTICAL
FIT_2021_12,FIT-C03,3,FIT-E03-R3,3,3,12.91090856,18.64167473,5.8906,MEASURED_MASS_G,trigonelline,2.42521122,mg/g,14.2859492,DERIVED_FROM_CONCENTRATION_AND_MEASURED_LIQUID,VALID,,P24-MAT-FIT,ExperimentalData(3).run(3) fraction 3,SOURCE_DERIVED_ANALYTICAL
FIT_2021_12,FIT-C03,3,FIT-E03-R3,3,3,12.91090856,18.64167473,5.8906,MEASURED_MASS_G,5CQA,3.15777797,mg/g,18.60120692,DERIVED_FROM_CONCENTRATION_AND_MEASURED_LIQUID,VALID,,P24-MAT-FIT,ExperimentalData(3).run(3) fraction 3,SOURCE_DERIVED_ANALYTICAL
FIT_2021_12,FIT-C03,3,FIT-E03-R3,3,3,12.91090856,18.64167473,5.8906,MEASURED_MASS_G,CQA_sum,6.32753926,mg/g,37.27300278,DERIVED_FROM_CONCENTRATION_AND_MEASURED_LIQUID,VALID,,P24-MAT-FIT,ExperimentalData(3).run(3) fraction 3,SOURCE_DERIVED_ANALYTICAL
FIT_2021_12,FIT-C03,3,FIT-E03-R3,3,3,12.91090856,18.64167473,5.8906,MEASURED_MASS_G,TDS,9.31944891,percent,548.97145746,DERIVED_FROM_CONCENTRATION_AND_MEASURED_LIQUID,VALID,,P24-MAT-FIT,ExperimentalData(3).run(3) fraction 3,SOURCE_DERIVED_ANALYTICAL
FIT_2021_12,FIT-C03,3,FIT-E03-R3,3,5,24.15150298,29.56560118,5.5651,MEASURED_MASS_G,caffeine,2.48876066,mg/g,13.85020194,DERIVED_FROM_CONCENTRATION_AND_MEASURED_LIQUID,VALID,,P24-MAT-FIT,ExperimentalData(3).run(3) fraction 5,SOURCE_DERIVED_ANALYTICAL
FIT_2021_12,FIT-C03,3,FIT-E03-R3,3,5,24.15150298,29.56560118,5.5651,MEASURED_MASS_G,trigonelline,0.96978769,mg/g,5.39696546,DERIVED_FROM_CONCENTRATION_AND_MEASURED_LIQUID,VALID,,P24-MAT-FIT,ExperimentalData(3).run(3) fraction 5,SOURCE_DERIVED_ANALYTICAL
FIT_2021_12,FIT-C03,3,FIT-E03-R3,3,5,24.15150298,29.56560118,5.5651,MEASURED_MASS_G,5CQA,1.56316314,mg/g,8.69915918,DERIVED_FROM_CONCENTRATION_AND_MEASURED_LIQUID,VALID,,P24-MAT-FIT,ExperimentalData(3).run(3) fraction 5,SOURCE_DERIVED_ANALYTICAL
FIT_2021_12,FIT-C03,3,FIT-E03-R3,3,5,24.15150298,29.56560118,5.5651,MEASURED_MASS_G,CQA_sum,3.00756238,mg/g,16.7373854,DERIVED_FROM_CONCENTRATION_AND_MEASURED_LIQUID,VALID,,P24-MAT-FIT,ExperimentalData(3).run(3) fraction 5,SOURCE_DERIVED_ANALYTICAL
FIT_2021_12,FIT-C03,3,FIT-E03-R3,3,5,24.15150298,29.56560118,5.5651,MEASURED_MASS_G,TDS,4.48744137,percent,249.73059989,DERIVED_FROM_CONCENTRATION_AND_MEASURED_LIQUID,VALID,,P24-MAT-FIT,ExperimentalData(3).run(3) fraction 5,SOURCE_DERIVED_ANALYTICAL
FIT_2021_12,FIT-C03,3,FIT-E03-R3,3,7,34.96997071,40.15379146,5.3284,MEASURED_MASS_G,caffeine,1.56957583,mg/g,8.36332785,DERIVED_FROM_CONCENTRATION_AND_MEASURED_LIQUID,VALID,,P24-MAT-FIT,ExperimentalData(3).run(3) fraction 7,SOURCE_DERIVED_ANALYTICAL
FIT_2021_12,FIT-C03,3,FIT-E03-R3,3,7,34.96997071,40.15379146,5.3284,MEASURED_MASS_G,trigonelline,0.51772147,mg/g,2.75862708,DERIVED_FROM_CONCENTRATION_AND_MEASURED_LIQUID,VALID,,P24-MAT-FIT,ExperimentalData(3).run(3) fraction 7,SOURCE_DERIVED_ANALYTICAL
FIT_2021_12,FIT-C03,3,FIT-E03-R3,3,7,34.96997071,40.15379146,5.3284,MEASURED_MASS_G,5CQA,0.98381875,mg/g,5.24217983,DERIVED_FROM_CONCENTRATION_AND_MEASURED_LIQUID,VALID,,P24-MAT-FIT,ExperimentalData(3).run(3) fraction 7,SOURCE_DERIVED_ANALYTICAL
FIT_2021_12,FIT-C03,3,FIT-E03-R3,3,7,34.96997071,40.15379146,5.3284,MEASURED_MASS_G,CQA_sum,1.92511098,mg/g,10.25776133,DERIVED_FROM_CONCENTRATION_AND_MEASURED_LIQUID,VALID,,P24-MAT-FIT,ExperimentalData(3).run(3) fraction 7,SOURCE_DERIVED_ANALYTICAL
FIT_2021_12,FIT-C03,3,FIT-E03-R3,3,7,34.96997071,40.15379146,5.3284,MEASURED_MASS_G,TDS,2.43210322,percent,129.59218806,DERIVED_FROM_CONCENTRATION_AND_MEASURED_LIQUID,VALID,,P24-MAT-FIT,ExperimentalData(3).run(3) fraction 7,SOURCE_DERIVED_ANALYTICAL
FIT_2021_12,FIT-C03,3,FIT-E03-R3,3,10,51.04201371,56.76159193,5.8791,MEASURED_MASS_G,caffeine,1.00230401,mg/g,5.89264548,DERIVED_FROM_CONCENTRATION_AND_MEASURED_LIQUID,VALID,,P24-MAT-FIT,ExperimentalData(3).run(3) fraction 10,SOURCE_DERIVED_ANALYTICAL
FIT_2021_12,FIT-C03,3,FIT-E03-R3,3,10,51.04201371,56.76159193,5.8791,MEASURED_MASS_G,trigonelline,0.27395102,mg/g,1.61058543,DERIVED_FROM_CONCENTRATION_AND_MEASURED_LIQUID,VALID,,P24-MAT-FIT,ExperimentalData(3).run(3) fraction 10,SOURCE_DERIVED_ANALYTICAL
FIT_2021_12,FIT-C03,3,FIT-E03-R3,3,10,51.04201371,56.76159193,5.8791,MEASURED_MASS_G,5CQA,0.61833694,mg/g,3.63526469,DERIVED_FROM_CONCENTRATION_AND_MEASURED_LIQUID,VALID,,P24-MAT-FIT,ExperimentalData(3).run(3) fraction 10,SOURCE_DERIVED_ANALYTICAL
FIT_2021_12,FIT-C03,3,FIT-E03-R3,3,10,51.04201371,56.76159193,5.8791,MEASURED_MASS_G,CQA_sum,1.18498771,mg/g,6.96666122,DERIVED_FROM_CONCENTRATION_AND_MEASURED_LIQUID,VALID,,P24-MAT-FIT,ExperimentalData(3).run(3) fraction 10,SOURCE_DERIVED_ANALYTICAL
FIT_2021_12,FIT-C03,3,FIT-E03-R3,3,10,51.04201371,56.76159193,5.8791,MEASURED_MASS_G,TDS,1.37278067,percent,80.70714844,DERIVED_FROM_CONCENTRATION_AND_MEASURED_LIQUID,VALID,,P24-MAT-FIT,ExperimentalData(3).run(3) fraction 10,SOURCE_DERIVED_ANALYTICAL
FIT_2021_12,FIT-C04,4,FIT-E04-R1,1,1,0,6.27139767,6.0113,MEASURED_MASS_G,caffeine,8.90571051,mg/g,53.53489756,DERIVED_FROM_CONCENTRATION_AND_MEASURED_LIQUID,VALID,,P24-MAT-FIT,ExperimentalData(4).run(1) fraction 1,SOURCE_DERIVED_ANALYTICAL
FIT_2021_12,FIT-C04,4,FIT-E04-R1,1,1,0,6.27139767,6.0113,MEASURED_MASS_G,trigonelline,6.08967737,mg/g,36.60687759,DERIVED_FROM_CONCENTRATION_AND_MEASURED_LIQUID,VALID,,P24-MAT-FIT,ExperimentalData(4).run(1) fraction 1,SOURCE_DERIVED_ANALYTICAL
FIT_2021_12,FIT-C04,4,FIT-E04-R1,1,1,0,6.27139767,6.0113,MEASURED_MASS_G,5CQA,6.4499148,mg/g,38.77237281,DERIVED_FROM_CONCENTRATION_AND_MEASURED_LIQUID,VALID,,P24-MAT-FIT,ExperimentalData(4).run(1) fraction 1,SOURCE_DERIVED_ANALYTICAL
FIT_2021_12,FIT-C04,4,FIT-E04-R1,1,1,0,6.27139767,6.0113,MEASURED_MASS_G,CQA_sum,13.10549085,mg/g,78.78103712,DERIVED_FROM_CONCENTRATION_AND_MEASURED_LIQUID,VALID,,P24-MAT-FIT,ExperimentalData(4).run(1) fraction 1,SOURCE_DERIVED_ANALYTICAL
FIT_2021_12,FIT-C04,4,FIT-E04-R1,1,1,0,6.27139767,6.0113,MEASURED_MASS_G,TDS,22.38510104,percent,1345.63557905,DERIVED_FROM_CONCENTRATION_AND_MEASURED_LIQUID,VALID,,P24-MAT-FIT,ExperimentalData(4).run(1) fraction 1,SOURCE_DERIVED_ANALYTICAL
FIT_2021_12,FIT-C04,4,FIT-E04-R1,1,2,6.27139767,12.87205076,6.3269,MEASURED_MASS_G,caffeine,7.09328674,mg/g,44.87851586,DERIVED_FROM_CONCENTRATION_AND_MEASURED_LIQUID,VALID,,P24-MAT-FIT,ExperimentalData(4).run(1) fraction 2,SOURCE_DERIVED_ANALYTICAL
FIT_2021_12,FIT-C04,4,FIT-E04-R1,1,2,6.27139767,12.87205076,6.3269,MEASURED_MASS_G,trigonelline,4.41393479,mg/g,27.92652404,DERIVED_FROM_CONCENTRATION_AND_MEASURED_LIQUID,VALID,,P24-MAT-FIT,ExperimentalData(4).run(1) fraction 2,SOURCE_DERIVED_ANALYTICAL
FIT_2021_12,FIT-C04,4,FIT-E04-R1,1,2,6.27139767,12.87205076,6.3269,MEASURED_MASS_G,5CQA,5.03373422,mg/g,31.84793303,DERIVED_FROM_CONCENTRATION_AND_MEASURED_LIQUID,VALID,,P24-MAT-FIT,ExperimentalData(4).run(1) fraction 2,SOURCE_DERIVED_ANALYTICAL
FIT_2021_12,FIT-C04,4,FIT-E04-R1,1,2,6.27139767,12.87205076,6.3269,MEASURED_MASS_G,CQA_sum,10.11238219,mg/g,63.98003091,DERIVED_FROM_CONCENTRATION_AND_MEASURED_LIQUID,VALID,,P24-MAT-FIT,ExperimentalData(4).run(1) fraction 2,SOURCE_DERIVED_ANALYTICAL
FIT_2021_12,FIT-C04,4,FIT-E04-R1,1,2,6.27139767,12.87205076,6.3269,MEASURED_MASS_G,TDS,16.81846633,percent,1064.08754637,DERIVED_FROM_CONCENTRATION_AND_MEASURED_LIQUID,VALID,,P24-MAT-FIT,ExperimentalData(4).run(1) fraction 2,SOURCE_DERIVED_ANALYTICAL
FIT_2021_12,FIT-C04,4,FIT-E04-R1,1,3,12.87205076,18.86030546,5.7399,MEASURED_MASS_G,caffeine,5.20983744,mg/g,29.9039459,DERIVED_FROM_CONCENTRATION_AND_MEASURED_LIQUID,VALID,,P24-MAT-FIT,ExperimentalData(4).run(1) fraction 3,SOURCE_DERIVED_ANALYTICAL
FIT_2021_12,FIT-C04,4,FIT-E04-R1,1,3,12.87205076,18.86030546,5.7399,MEASURED_MASS_G,trigonelline,2.86394336,mg/g,16.43874851,DERIVED_FROM_CONCENTRATION_AND_MEASURED_LIQUID,VALID,,P24-MAT-FIT,ExperimentalData(4).run(1) fraction 3,SOURCE_DERIVED_ANALYTICAL
FIT_2021_12,FIT-C04,4,FIT-E04-R1,1,3,12.87205076,18.86030546,5.7399,MEASURED_MASS_G,5CQA,3.6476137,mg/g,20.93693785,DERIVED_FROM_CONCENTRATION_AND_MEASURED_LIQUID,VALID,,P24-MAT-FIT,ExperimentalData(4).run(1) fraction 3,SOURCE_DERIVED_ANALYTICAL
FIT_2021_12,FIT-C04,4,FIT-E04-R1,1,3,12.87205076,18.86030546,5.7399,MEASURED_MASS_G,CQA_sum,7.37310666,mg/g,42.32089495,DERIVED_FROM_CONCENTRATION_AND_MEASURED_LIQUID,VALID,,P24-MAT-FIT,ExperimentalData(4).run(1) fraction 3,SOURCE_DERIVED_ANALYTICAL
FIT_2021_12,FIT-C04,4,FIT-E04-R1,1,3,12.87205076,18.86030546,5.7399,MEASURED_MASS_G,TDS,10.64849255,percent,611.21282414,DERIVED_FROM_CONCENTRATION_AND_MEASURED_LIQUID,VALID,,P24-MAT-FIT,ExperimentalData(4).run(1) fraction 3,SOURCE_DERIVED_ANALYTICAL
FIT_2021_12,FIT-C04,4,FIT-E04-R1,1,5,24.42415868,30.03151619,5.3748,MEASURED_MASS_G,caffeine,2.92901045,mg/g,15.74284539,DERIVED_FROM_CONCENTRATION_AND_MEASURED_LIQUID,VALID,,P24-MAT-FIT,ExperimentalData(4).run(1) fraction 5,SOURCE_DERIVED_ANALYTICAL
FIT_2021_12,FIT-C04,4,FIT-E04-R1,1,5,24.42415868,30.03151619,5.3748,MEASURED_MASS_G,trigonelline,1.17639771,mg/g,6.32290242,DERIVED_FROM_CONCENTRATION_AND_MEASURED_LIQUID,VALID,,P24-MAT-FIT,ExperimentalData(4).run(1) fraction 5,SOURCE_DERIVED_ANALYTICAL
FIT_2021_12,FIT-C04,4,FIT-E04-R1,1,5,24.42415868,30.03151619,5.3748,MEASURED_MASS_G,5CQA,1.90299231,mg/g,10.22820306,DERIVED_FROM_CONCENTRATION_AND_MEASURED_LIQUID,VALID,,P24-MAT-FIT,ExperimentalData(4).run(1) fraction 5,SOURCE_DERIVED_ANALYTICAL
FIT_2021_12,FIT-C04,4,FIT-E04-R1,1,5,24.42415868,30.03151619,5.3748,MEASURED_MASS_G,CQA_sum,3.71908844,mg/g,19.98935655,DERIVED_FROM_CONCENTRATION_AND_MEASURED_LIQUID,VALID,,P24-MAT-FIT,ExperimentalData(4).run(1) fraction 5,SOURCE_DERIVED_ANALYTICAL
FIT_2021_12,FIT-C04,4,FIT-E04-R1,1,5,24.42415868,30.03151619,5.3748,MEASURED_MASS_G,TDS,5.22193011,percent,280.66829955,DERIVED_FROM_CONCENTRATION_AND_MEASURED_LIQUID,VALID,,P24-MAT-FIT,ExperimentalData(4).run(1) fraction 5,SOURCE_DERIVED_ANALYTICAL
FIT_2021_12,FIT-C04,4,FIT-E04-R1,1,7,35.804649,41.20564808,5.177,MEASURED_MASS_G,caffeine,1.78758061,mg/g,9.2543048,DERIVED_FROM_CONCENTRATION_AND_MEASURED_LIQUID,VALID,,P24-MAT-FIT,ExperimentalData(4).run(1) fraction 7,SOURCE_DERIVED_ANALYTICAL
FIT_2021_12,FIT-C04,4,FIT-E04-R1,1,7,35.804649,41.20564808,5.177,MEASURED_MASS_G,trigonelline,0.59471249,mg/g,3.07882654,DERIVED_FROM_CONCENTRATION_AND_MEASURED_LIQUID,VALID,,P24-MAT-FIT,ExperimentalData(4).run(1) fraction 7,SOURCE_DERIVED_ANALYTICAL
FIT_2021_12,FIT-C04,4,FIT-E04-R1,1,7,35.804649,41.20564808,5.177,MEASURED_MASS_G,5CQA,1.14620904,mg/g,5.9339242,DERIVED_FROM_CONCENTRATION_AND_MEASURED_LIQUID,VALID,,P24-MAT-FIT,ExperimentalData(4).run(1) fraction 7,SOURCE_DERIVED_ANALYTICAL
FIT_2021_12,FIT-C04,4,FIT-E04-R1,1,7,35.804649,41.20564808,5.177,MEASURED_MASS_G,CQA_sum,2.25965682,mg/g,11.69824336,DERIVED_FROM_CONCENTRATION_AND_MEASURED_LIQUID,VALID,,P24-MAT-FIT,ExperimentalData(4).run(1) fraction 7,SOURCE_DERIVED_ANALYTICAL
FIT_2021_12,FIT-C04,4,FIT-E04-R1,1,7,35.804649,41.20564808,5.177,MEASURED_MASS_G,TDS,2.75438302,percent,142.59440878,DERIVED_FROM_CONCENTRATION_AND_MEASURED_LIQUID,VALID,,P24-MAT-FIT,ExperimentalData(4).run(1) fraction 7,SOURCE_DERIVED_ANALYTICAL
FIT_2021_12,FIT-C04,4,FIT-E04-R1,1,10,52.4336126,58.03491915,5.369,MEASURED_MASS_G,caffeine,1.01054011,mg/g,5.42558987,DERIVED_FROM_CONCENTRATION_AND_MEASURED_LIQUID,VALID,,P24-MAT-FIT,ExperimentalData(4).run(1) fraction 10,SOURCE_DERIVED_ANALYTICAL
FIT_2021_12,FIT-C04,4,FIT-E04-R1,1,10,52.4336126,58.03491915,5.369,MEASURED_MASS_G,trigonelline,0.26675962,mg/g,1.43223239,DERIVED_FROM_CONCENTRATION_AND_MEASURED_LIQUID,VALID,,P24-MAT-FIT,ExperimentalData(4).run(1) fraction 10,SOURCE_DERIVED_ANALYTICAL
FIT_2021_12,FIT-C04,4,FIT-E04-R1,1,10,52.4336126,58.03491915,5.369,MEASURED_MASS_G,5CQA,0.61382424,mg/g,3.29562237,DERIVED_FROM_CONCENTRATION_AND_MEASURED_LIQUID,VALID,,P24-MAT-FIT,ExperimentalData(4).run(1) fraction 10,SOURCE_DERIVED_ANALYTICAL
FIT_2021_12,FIT-C04,4,FIT-E04-R1,1,10,52.4336126,58.03491915,5.369,MEASURED_MASS_G,CQA_sum,1.18166076,mg/g,6.34433663,DERIVED_FROM_CONCENTRATION_AND_MEASURED_LIQUID,VALID,,P24-MAT-FIT,ExperimentalData(4).run(1) fraction 10,SOURCE_DERIVED_ANALYTICAL
FIT_2021_12,FIT-C04,4,FIT-E04-R1,1,10,52.4336126,58.03491915,5.369,MEASURED_MASS_G,TDS,1.55636917,percent,83.56146051,DERIVED_FROM_CONCENTRATION_AND_MEASURED_LIQUID,VALID,,P24-MAT-FIT,ExperimentalData(4).run(1) fraction 10,SOURCE_DERIVED_ANALYTICAL
FIT_2021_12,FIT-C04,4,FIT-E04-R2,2,1,0,6.43309484,5.5,MEASURED_MASS_G,caffeine,8.9845534,mg/g,49.41504372,DERIVED_FROM_CONCENTRATION_AND_MEASURED_LIQUID,VALID,,P24-MAT-FIT,ExperimentalData(4).run(2) fraction 1,SOURCE_DERIVED_ANALYTICAL
FIT_2021_12,FIT-C04,4,FIT-E04-R2,2,1,0,6.43309484,5.5,MEASURED_MASS_G,trigonelline,6.16897776,mg/g,33.92937766,DERIVED_FROM_CONCENTRATION_AND_MEASURED_LIQUID,VALID,,P24-MAT-FIT,ExperimentalData(4).run(2) fraction 1,SOURCE_DERIVED_ANALYTICAL
FIT_2021_12,FIT-C04,4,FIT-E04-R2,2,1,0,6.43309484,5.5,MEASURED_MASS_G,5CQA,6.4246854,mg/g,35.33576969,DERIVED_FROM_CONCENTRATION_AND_MEASURED_LIQUID,VALID,,P24-MAT-FIT,ExperimentalData(4).run(2) fraction 1,SOURCE_DERIVED_ANALYTICAL
FIT_2021_12,FIT-C04,4,FIT-E04-R2,2,1,0,6.43309484,5.5,MEASURED_MASS_G,CQA_sum,13.0800261,mg/g,71.94014354,DERIVED_FROM_CONCENTRATION_AND_MEASURED_LIQUID,VALID,,P24-MAT-FIT,ExperimentalData(4).run(2) fraction 1,SOURCE_DERIVED_ANALYTICAL
FIT_2021_12,FIT-C04,4,FIT-E04-R2,2,1,0,6.43309484,5.5,MEASURED_MASS_G,TDS,23.89768896,percent,1314.3728928,DERIVED_FROM_CONCENTRATION_AND_MEASURED_LIQUID,VALID,,P24-MAT-FIT,ExperimentalData(4).run(2) fraction 1,SOURCE_DERIVED_ANALYTICAL
FIT_2021_12,FIT-C04,4,FIT-E04-R2,2,2,6.43309484,12.6844255,5.3446,MEASURED_MASS_G,caffeine,7.30541881,mg/g,39.04454137,DERIVED_FROM_CONCENTRATION_AND_MEASURED_LIQUID,VALID,,P24-MAT-FIT,ExperimentalData(4).run(2) fraction 2,SOURCE_DERIVED_ANALYTICAL
FIT_2021_12,FIT-C04,4,FIT-E04-R2,2,2,6.43309484,12.6844255,5.3446,MEASURED_MASS_G,trigonelline,4.57183694,mg/g,24.43463969,DERIVED_FROM_CONCENTRATION_AND_MEASURED_LIQUID,VALID,,P24-MAT-FIT,ExperimentalData(4).run(2) fraction 2,SOURCE_DERIVED_ANALYTICAL
FIT_2021_12,FIT-C04,4,FIT-E04-R2,2,2,6.43309484,12.6844255,5.3446,MEASURED_MASS_G,5CQA,5.1068117,mg/g,27.29386579,DERIVED_FROM_CONCENTRATION_AND_MEASURED_LIQUID,VALID,,P24-MAT-FIT,ExperimentalData(4).run(2) fraction 2,SOURCE_DERIVED_ANALYTICAL
FIT_2021_12,FIT-C04,4,FIT-E04-R2,2,2,6.43309484,12.6844255,5.3446,MEASURED_MASS_G,CQA_sum,10.28937667,mg/g,54.99260257,DERIVED_FROM_CONCENTRATION_AND_MEASURED_LIQUID,VALID,,P24-MAT-FIT,ExperimentalData(4).run(2) fraction 2,SOURCE_DERIVED_ANALYTICAL
FIT_2021_12,FIT-C04,4,FIT-E04-R2,2,2,6.43309484,12.6844255,5.3446,MEASURED_MASS_G,TDS,17.63251759,percent,942.38753505,DERIVED_FROM_CONCENTRATION_AND_MEASURED_LIQUID,VALID,,P24-MAT-FIT,ExperimentalData(4).run(2) fraction 2,SOURCE_DERIVED_ANALYTICAL
FIT_2021_12,FIT-C04,4,FIT-E04-R2,2,3,12.6844255,19.17927805,5.5528,MEASURED_MASS_G,caffeine,5.56050523,mg/g,30.87637343,DERIVED_FROM_CONCENTRATION_AND_MEASURED_LIQUID,VALID,,P24-MAT-FIT,ExperimentalData(4).run(2) fraction 3,SOURCE_DERIVED_ANALYTICAL
FIT_2021_12,FIT-C04,4,FIT-E04-R2,2,3,12.6844255,19.17927805,5.5528,MEASURED_MASS_G,trigonelline,3.14147526,mg/g,17.4439838,DERIVED_FROM_CONCENTRATION_AND_MEASURED_LIQUID,VALID,,P24-MAT-FIT,ExperimentalData(4).run(2) fraction 3,SOURCE_DERIVED_ANALYTICAL
FIT_2021_12,FIT-C04,4,FIT-E04-R2,2,3,12.6844255,19.17927805,5.5528,MEASURED_MASS_G,5CQA,3.85352485,mg/g,21.39785277,DERIVED_FROM_CONCENTRATION_AND_MEASURED_LIQUID,VALID,,P24-MAT-FIT,ExperimentalData(4).run(2) fraction 3,SOURCE_DERIVED_ANALYTICAL
FIT_2021_12,FIT-C04,4,FIT-E04-R2,2,3,12.6844255,19.17927805,5.5528,MEASURED_MASS_G,CQA_sum,7.8256716,mg/g,43.45438923,DERIVED_FROM_CONCENTRATION_AND_MEASURED_LIQUID,VALID,,P24-MAT-FIT,ExperimentalData(4).run(2) fraction 3,SOURCE_DERIVED_ANALYTICAL
FIT_2021_12,FIT-C04,4,FIT-E04-R2,2,3,12.6844255,19.17927805,5.5528,MEASURED_MASS_G,TDS,11.58390293,percent,643.23096203,DERIVED_FROM_CONCENTRATION_AND_MEASURED_LIQUID,VALID,,P24-MAT-FIT,ExperimentalData(4).run(2) fraction 3,SOURCE_DERIVED_ANALYTICAL
FIT_2021_12,FIT-C04,4,FIT-E04-R2,2,5,24.68822958,31.10319478,5.4845,MEASURED_MASS_G,caffeine,3.16437352,mg/g,17.35500658,DERIVED_FROM_CONCENTRATION_AND_MEASURED_LIQUID,VALID,,P24-MAT-FIT,ExperimentalData(4).run(2) fraction 5,SOURCE_DERIVED_ANALYTICAL
FIT_2021_12,FIT-C04,4,FIT-E04-R2,2,5,24.68822958,31.10319478,5.4845,MEASURED_MASS_G,trigonelline,1.3105752,mg/g,7.18784968,DERIVED_FROM_CONCENTRATION_AND_MEASURED_LIQUID,VALID,,P24-MAT-FIT,ExperimentalData(4).run(2) fraction 5,SOURCE_DERIVED_ANALYTICAL
FIT_2021_12,FIT-C04,4,FIT-E04-R2,2,5,24.68822958,31.10319478,5.4845,MEASURED_MASS_G,5CQA,2.04051698,mg/g,11.19121539,DERIVED_FROM_CONCENTRATION_AND_MEASURED_LIQUID,VALID,,P24-MAT-FIT,ExperimentalData(4).run(2) fraction 5,SOURCE_DERIVED_ANALYTICAL
FIT_2021_12,FIT-C04,4,FIT-E04-R2,2,5,24.68822958,31.10319478,5.4845,MEASURED_MASS_G,CQA_sum,4.00972105,mg/g,21.99131512,DERIVED_FROM_CONCENTRATION_AND_MEASURED_LIQUID,VALID,,P24-MAT-FIT,ExperimentalData(4).run(2) fraction 5,SOURCE_DERIVED_ANALYTICAL
FIT_2021_12,FIT-C04,4,FIT-E04-R2,2,5,24.68822958,31.10319478,5.4845,MEASURED_MASS_G,TDS,5.82315707,percent,319.3710496,DERIVED_FROM_CONCENTRATION_AND_MEASURED_LIQUID,VALID,,P24-MAT-FIT,ExperimentalData(4).run(2) fraction 5,SOURCE_DERIVED_ANALYTICAL
FIT_2021_12,FIT-C04,4,FIT-E04-R2,2,7,35.84017492,41.35357113,4.7137,MEASURED_MASS_G,caffeine,2.01769377,mg/g,9.51080313,DERIVED_FROM_CONCENTRATION_AND_MEASURED_LIQUID,VALID,,P24-MAT-FIT,ExperimentalData(4).run(2) fraction 7,SOURCE_DERIVED_ANALYTICAL
FIT_2021_12,FIT-C04,4,FIT-E04-R2,2,7,35.84017492,41.35357113,4.7137,MEASURED_MASS_G,trigonelline,0.71396875,mg/g,3.36543449,DERIVED_FROM_CONCENTRATION_AND_MEASURED_LIQUID,VALID,,P24-MAT-FIT,ExperimentalData(4).run(2) fraction 7,SOURCE_DERIVED_ANALYTICAL
FIT_2021_12,FIT-C04,4,FIT-E04-R2,2,7,35.84017492,41.35357113,4.7137,MEASURED_MASS_G,5CQA,1.29435278,mg/g,6.1011907,DERIVED_FROM_CONCENTRATION_AND_MEASURED_LIQUID,VALID,,P24-MAT-FIT,ExperimentalData(4).run(2) fraction 7,SOURCE_DERIVED_ANALYTICAL
FIT_2021_12,FIT-C04,4,FIT-E04-R2,2,7,35.84017492,41.35357113,4.7137,MEASURED_MASS_G,CQA_sum,2.56780363,mg/g,12.10385596,DERIVED_FROM_CONCENTRATION_AND_MEASURED_LIQUID,VALID,,P24-MAT-FIT,ExperimentalData(4).run(2) fraction 7,SOURCE_DERIVED_ANALYTICAL
FIT_2021_12,FIT-C04,4,FIT-E04-R2,2,7,35.84017492,41.35357113,4.7137,MEASURED_MASS_G,TDS,3.29854977,percent,155.4837406,DERIVED_FROM_CONCENTRATION_AND_MEASURED_LIQUID,VALID,,P24-MAT-FIT,ExperimentalData(4).run(2) fraction 7,SOURCE_DERIVED_ANALYTICAL
FIT_2021_12,FIT-C04,4,FIT-E04-R2,2,10,53.00320409,59.4863601,5.5428,MEASURED_MASS_G,caffeine,1.12257065,mg/g,6.2221846,DERIVED_FROM_CONCENTRATION_AND_MEASURED_LIQUID,VALID,,P24-MAT-FIT,ExperimentalData(4).run(2) fraction 10,SOURCE_DERIVED_ANALYTICAL
FIT_2021_12,FIT-C04,4,FIT-E04-R2,2,10,53.00320409,59.4863601,5.5428,MEASURED_MASS_G,trigonelline,0.3165272,mg/g,1.75444696,DERIVED_FROM_CONCENTRATION_AND_MEASURED_LIQUID,VALID,,P24-MAT-FIT,ExperimentalData(4).run(2) fraction 10,SOURCE_DERIVED_ANALYTICAL
FIT_2021_12,FIT-C04,4,FIT-E04-R2,2,10,53.00320409,59.4863601,5.5428,MEASURED_MASS_G,5CQA,0.68458768,mg/g,3.79453258,DERIVED_FROM_CONCENTRATION_AND_MEASURED_LIQUID,VALID,,P24-MAT-FIT,ExperimentalData(4).run(2) fraction 10,SOURCE_DERIVED_ANALYTICAL
FIT_2021_12,FIT-C04,4,FIT-E04-R2,2,10,53.00320409,59.4863601,5.5428,MEASURED_MASS_G,CQA_sum,1.32538926,mg/g,7.3463676,DERIVED_FROM_CONCENTRATION_AND_MEASURED_LIQUID,VALID,,P24-MAT-FIT,ExperimentalData(4).run(2) fraction 10,SOURCE_DERIVED_ANALYTICAL
FIT_2021_12,FIT-C04,4,FIT-E04-R2,2,10,53.00320409,59.4863601,5.5428,MEASURED_MASS_G,TDS,1.64019869,percent,90.91293302,DERIVED_FROM_CONCENTRATION_AND_MEASURED_LIQUID,VALID,,P24-MAT-FIT,ExperimentalData(4).run(2) fraction 10,SOURCE_DERIVED_ANALYTICAL
FIT_2021_12,FIT-C04,4,FIT-E04-R3,3,1,0,6.83958621,6.6655,MEASURED_MASS_G,caffeine,8.77079847,mg/g,58.46175718,DERIVED_FROM_CONCENTRATION_AND_MEASURED_LIQUID,VALID,,P24-MAT-FIT,ExperimentalData(4).run(3) fraction 1,SOURCE_DERIVED_ANALYTICAL
FIT_2021_12,FIT-C04,4,FIT-E04-R3,3,1,0,6.83958621,6.6655,MEASURED_MASS_G,trigonelline,5.93111945,mg/g,39.53387667,DERIVED_FROM_CONCENTRATION_AND_MEASURED_LIQUID,VALID,,P24-MAT-FIT,ExperimentalData(4).run(3) fraction 1,SOURCE_DERIVED_ANALYTICAL
FIT_2021_12,FIT-C04,4,FIT-E04-R3,3,1,0,6.83958621,6.6655,MEASURED_MASS_G,5CQA,6.22263093,mg/g,41.47694647,DERIVED_FROM_CONCENTRATION_AND_MEASURED_LIQUID,VALID,,P24-MAT-FIT,ExperimentalData(4).run(3) fraction 1,SOURCE_DERIVED_ANALYTICAL
FIT_2021_12,FIT-C04,4,FIT-E04-R3,3,1,0,6.83958621,6.6655,MEASURED_MASS_G,CQA_sum,12.6373902,mg/g,84.2345244,DERIVED_FROM_CONCENTRATION_AND_MEASURED_LIQUID,VALID,,P24-MAT-FIT,ExperimentalData(4).run(3) fraction 1,SOURCE_DERIVED_ANALYTICAL
FIT_2021_12,FIT-C04,4,FIT-E04-R3,3,1,0,6.83958621,6.6655,MEASURED_MASS_G,TDS,22.09990952,percent,1473.06946939,DERIVED_FROM_CONCENTRATION_AND_MEASURED_LIQUID,VALID,,P24-MAT-FIT,ExperimentalData(4).run(3) fraction 1,SOURCE_DERIVED_ANALYTICAL
FIT_2021_12,FIT-C04,4,FIT-E04-R3,3,2,6.83958621,13.06278364,6.0648,MEASURED_MASS_G,caffeine,6.95281253,mg/g,42.16741741,DERIVED_FROM_CONCENTRATION_AND_MEASURED_LIQUID,VALID,,P24-MAT-FIT,ExperimentalData(4).run(3) fraction 2,SOURCE_DERIVED_ANALYTICAL
FIT_2021_12,FIT-C04,4,FIT-E04-R3,3,2,6.83958621,13.06278364,6.0648,MEASURED_MASS_G,trigonelline,4.23490945,mg/g,25.68387884,DERIVED_FROM_CONCENTRATION_AND_MEASURED_LIQUID,VALID,,P24-MAT-FIT,ExperimentalData(4).run(3) fraction 2,SOURCE_DERIVED_ANALYTICAL
FIT_2021_12,FIT-C04,4,FIT-E04-R3,3,2,6.83958621,13.06278364,6.0648,MEASURED_MASS_G,5CQA,4.76955656,mg/g,28.92640661,DERIVED_FROM_CONCENTRATION_AND_MEASURED_LIQUID,VALID,,P24-MAT-FIT,ExperimentalData(4).run(3) fraction 2,SOURCE_DERIVED_ANALYTICAL
FIT_2021_12,FIT-C04,4,FIT-E04-R3,3,2,6.83958621,13.06278364,6.0648,MEASURED_MASS_G,CQA_sum,14.39549429,mg/g,87.30579376,DERIVED_FROM_CONCENTRATION_AND_MEASURED_LIQUID,VALID,,P24-MAT-FIT,ExperimentalData(4).run(3) fraction 2,SOURCE_DERIVED_ANALYTICAL
FIT_2021_12,FIT-C04,4,FIT-E04-R3,3,2,6.83958621,13.06278364,6.0648,MEASURED_MASS_G,TDS,16.04135487,percent,972.8760899,DERIVED_FROM_CONCENTRATION_AND_MEASURED_LIQUID,VALID,,P24-MAT-FIT,ExperimentalData(4).run(3) fraction 2,SOURCE_DERIVED_ANALYTICAL
FIT_2021_12,FIT-C04,4,FIT-E04-R3,3,3,13.06278364,18.40659836,5.2078,MEASURED_MASS_G,caffeine,5.11588348,mg/g,26.64249799,DERIVED_FROM_CONCENTRATION_AND_MEASURED_LIQUID,VALID,,P24-MAT-FIT,ExperimentalData(4).run(3) fraction 3,SOURCE_DERIVED_ANALYTICAL
FIT_2021_12,FIT-C04,4,FIT-E04-R3,3,3,13.06278364,18.40659836,5.2078,MEASURED_MASS_G,trigonelline,2.76134824,mg/g,14.38054936,DERIVED_FROM_CONCENTRATION_AND_MEASURED_LIQUID,VALID,,P24-MAT-FIT,ExperimentalData(4).run(3) fraction 3,SOURCE_DERIVED_ANALYTICAL
FIT_2021_12,FIT-C04,4,FIT-E04-R3,3,3,13.06278364,18.40659836,5.2078,MEASURED_MASS_G,5CQA,3.47315171,mg/g,18.08747949,DERIVED_FROM_CONCENTRATION_AND_MEASURED_LIQUID,VALID,,P24-MAT-FIT,ExperimentalData(4).run(3) fraction 3,SOURCE_DERIVED_ANALYTICAL
FIT_2021_12,FIT-C04,4,FIT-E04-R3,3,3,13.06278364,18.40659836,5.2078,MEASURED_MASS_G,CQA_sum,7.01684267,mg/g,36.54231327,DERIVED_FROM_CONCENTRATION_AND_MEASURED_LIQUID,VALID,,P24-MAT-FIT,ExperimentalData(4).run(3) fraction 3,SOURCE_DERIVED_ANALYTICAL
FIT_2021_12,FIT-C04,4,FIT-E04-R3,3,3,13.06278364,18.40659836,5.2078,MEASURED_MASS_G,TDS,10.4471306,percent,544.06566747,DERIVED_FROM_CONCENTRATION_AND_MEASURED_LIQUID,VALID,,P24-MAT-FIT,ExperimentalData(4).run(3) fraction 3,SOURCE_DERIVED_ANALYTICAL
FIT_2021_12,FIT-C04,4,FIT-E04-R3,3,5,23.93378029,29.92856396,5.8422,MEASURED_MASS_G,caffeine,2.74551949,mg/g,16.03987396,DERIVED_FROM_CONCENTRATION_AND_MEASURED_LIQUID,VALID,,P24-MAT-FIT,ExperimentalData(4).run(3) fraction 5,SOURCE_DERIVED_ANALYTICAL
FIT_2021_12,FIT-C04,4,FIT-E04-R3,3,5,23.93378029,29.92856396,5.8422,MEASURED_MASS_G,trigonelline,1.08946262,mg/g,6.3648585,DERIVED_FROM_CONCENTRATION_AND_MEASURED_LIQUID,VALID,,P24-MAT-FIT,ExperimentalData(4).run(3) fraction 5,SOURCE_DERIVED_ANALYTICAL
FIT_2021_12,FIT-C04,4,FIT-E04-R3,3,5,23.93378029,29.92856396,5.8422,MEASURED_MASS_G,5CQA,1.71795083,mg/g,10.03661234,DERIVED_FROM_CONCENTRATION_AND_MEASURED_LIQUID,VALID,,P24-MAT-FIT,ExperimentalData(4).run(3) fraction 5,SOURCE_DERIVED_ANALYTICAL
FIT_2021_12,FIT-C04,4,FIT-E04-R3,3,5,23.93378029,29.92856396,5.8422,MEASURED_MASS_G,CQA_sum,3.34872252,mg/g,19.5639067,DERIVED_FROM_CONCENTRATION_AND_MEASURED_LIQUID,VALID,,P24-MAT-FIT,ExperimentalData(4).run(3) fraction 5,SOURCE_DERIVED_ANALYTICAL
FIT_2021_12,FIT-C04,4,FIT-E04-R3,3,5,23.93378029,29.92856396,5.8422,MEASURED_MASS_G,TDS,4.97632993,percent,290.72714734,DERIVED_FROM_CONCENTRATION_AND_MEASURED_LIQUID,VALID,,P24-MAT-FIT,ExperimentalData(4).run(3) fraction 5,SOURCE_DERIVED_ANALYTICAL
FIT_2021_12,FIT-C04,4,FIT-E04-R3,3,7,35.68282569,41.18168677,5.3589,MEASURED_MASS_G,caffeine,1.63821696,mg/g,8.77904084,DERIVED_FROM_CONCENTRATION_AND_MEASURED_LIQUID,VALID,,P24-MAT-FIT,ExperimentalData(4).run(3) fraction 7,SOURCE_DERIVED_ANALYTICAL
FIT_2021_12,FIT-C04,4,FIT-E04-R3,3,7,35.68282569,41.18168677,5.3589,MEASURED_MASS_G,trigonelline,0.55251388,mg/g,2.96086665,DERIVED_FROM_CONCENTRATION_AND_MEASURED_LIQUID,VALID,,P24-MAT-FIT,ExperimentalData(4).run(3) fraction 7,SOURCE_DERIVED_ANALYTICAL
FIT_2021_12,FIT-C04,4,FIT-E04-R3,3,7,35.68282569,41.18168677,5.3589,MEASURED_MASS_G,5CQA,1.02439736,mg/g,5.48964302,DERIVED_FROM_CONCENTRATION_AND_MEASURED_LIQUID,VALID,,P24-MAT-FIT,ExperimentalData(4).run(3) fraction 7,SOURCE_DERIVED_ANALYTICAL
FIT_2021_12,FIT-C04,4,FIT-E04-R3,3,7,35.68282569,41.18168677,5.3589,MEASURED_MASS_G,CQA_sum,2.02101307,mg/g,10.83040696,DERIVED_FROM_CONCENTRATION_AND_MEASURED_LIQUID,VALID,,P24-MAT-FIT,ExperimentalData(4).run(3) fraction 7,SOURCE_DERIVED_ANALYTICAL
FIT_2021_12,FIT-C04,4,FIT-E04-R3,3,7,35.68282569,41.18168677,5.3589,MEASURED_MASS_G,TDS,2.58890848,percent,138.7370168,DERIVED_FROM_CONCENTRATION_AND_MEASURED_LIQUID,VALID,,P24-MAT-FIT,ExperimentalData(4).run(3) fraction 7,SOURCE_DERIVED_ANALYTICAL
FIT_2021_12,FIT-C04,4,FIT-E04-R3,3,10,51.91723591,57.46145139,5.4031,MEASURED_MASS_G,caffeine,0.99256101,mg/g,5.36290639,DERIVED_FROM_CONCENTRATION_AND_MEASURED_LIQUID,VALID,,P24-MAT-FIT,ExperimentalData(4).run(3) fraction 10,SOURCE_DERIVED_ANALYTICAL
FIT_2021_12,FIT-C04,4,FIT-E04-R3,3,10,51.91723591,57.46145139,5.4031,MEASURED_MASS_G,trigonelline,0.28319963,mg/g,1.53015591,DERIVED_FROM_CONCENTRATION_AND_MEASURED_LIQUID,VALID,,P24-MAT-FIT,ExperimentalData(4).run(3) fraction 10,SOURCE_DERIVED_ANALYTICAL
FIT_2021_12,FIT-C04,4,FIT-E04-R3,3,10,51.91723591,57.46145139,5.4031,MEASURED_MASS_G,5CQA,0.60400319,mg/g,3.26348963,DERIVED_FROM_CONCENTRATION_AND_MEASURED_LIQUID,VALID,,P24-MAT-FIT,ExperimentalData(4).run(3) fraction 10,SOURCE_DERIVED_ANALYTICAL
FIT_2021_12,FIT-C04,4,FIT-E04-R3,3,10,51.91723591,57.46145139,5.4031,MEASURED_MASS_G,CQA_sum,1.16757855,mg/g,6.30854364,DERIVED_FROM_CONCENTRATION_AND_MEASURED_LIQUID,VALID,,P24-MAT-FIT,ExperimentalData(4).run(3) fraction 10,SOURCE_DERIVED_ANALYTICAL
FIT_2021_12,FIT-C04,4,FIT-E04-R3,3,10,51.91723591,57.46145139,5.4031,MEASURED_MASS_G,TDS,1.56349493,percent,84.47719446,DERIVED_FROM_CONCENTRATION_AND_MEASURED_LIQUID,VALID,,P24-MAT-FIT,ExperimentalData(4).run(3) fraction 10,SOURCE_DERIVED_ANALYTICAL
FIT_2021_12,FIT-C05,5,FIT-E05-R1,1,1,0,2.28346912,5.858,MEASURED_MASS_G,caffeine,8.97944243,mg/g,52.60157375,DERIVED_FROM_CONCENTRATION_AND_MEASURED_LIQUID,VALID,,P24-MAT-FIT,ExperimentalData(5).run(1) fraction 1,SOURCE_DERIVED_ANALYTICAL
FIT_2021_12,FIT-C05,5,FIT-E05-R1,1,1,0,2.28346912,5.858,MEASURED_MASS_G,trigonelline,5.66703134,mg/g,33.19746957,DERIVED_FROM_CONCENTRATION_AND_MEASURED_LIQUID,VALID,,P24-MAT-FIT,ExperimentalData(5).run(1) fraction 1,SOURCE_DERIVED_ANALYTICAL
FIT_2021_12,FIT-C05,5,FIT-E05-R1,1,1,0,2.28346912,5.858,MEASURED_MASS_G,5CQA,5.85099685,mg/g,34.27513952,DERIVED_FROM_CONCENTRATION_AND_MEASURED_LIQUID,VALID,,P24-MAT-FIT,ExperimentalData(5).run(1) fraction 1,SOURCE_DERIVED_ANALYTICAL
FIT_2021_12,FIT-C05,5,FIT-E05-R1,1,1,0,2.28346912,5.858,MEASURED_MASS_G,CQA_sum,12.0601559,mg/g,70.64839324,DERIVED_FROM_CONCENTRATION_AND_MEASURED_LIQUID,VALID,,P24-MAT-FIT,ExperimentalData(5).run(1) fraction 1,SOURCE_DERIVED_ANALYTICAL
FIT_2021_12,FIT-C05,5,FIT-E05-R1,1,1,0,2.28346912,5.858,MEASURED_MASS_G,TDS,21.55043928,percent,1262.42473321,DERIVED_FROM_CONCENTRATION_AND_MEASURED_LIQUID,VALID,,P24-MAT-FIT,ExperimentalData(5).run(1) fraction 1,SOURCE_DERIVED_ANALYTICAL
FIT_2021_12,FIT-C05,5,FIT-E05-R1,1,2,2.28346912,4.45042597,5.5591,MEASURED_MASS_G,caffeine,6.23127677,mg/g,34.64029068,DERIVED_FROM_CONCENTRATION_AND_MEASURED_LIQUID,VALID,,P24-MAT-FIT,ExperimentalData(5).run(1) fraction 2,SOURCE_DERIVED_ANALYTICAL
FIT_2021_12,FIT-C05,5,FIT-E05-R1,1,2,2.28346912,4.45042597,5.5591,MEASURED_MASS_G,trigonelline,3.38259747,mg/g,18.80419758,DERIVED_FROM_CONCENTRATION_AND_MEASURED_LIQUID,VALID,,P24-MAT-FIT,ExperimentalData(5).run(1) fraction 2,SOURCE_DERIVED_ANALYTICAL
FIT_2021_12,FIT-C05,5,FIT-E05-R1,1,2,2.28346912,4.45042597,5.5591,MEASURED_MASS_G,5CQA,3.89139306,mg/g,21.63264318,DERIVED_FROM_CONCENTRATION_AND_MEASURED_LIQUID,VALID,,P24-MAT-FIT,ExperimentalData(5).run(1) fraction 2,SOURCE_DERIVED_ANALYTICAL
FIT_2021_12,FIT-C05,5,FIT-E05-R1,1,2,2.28346912,4.45042597,5.5591,MEASURED_MASS_G,CQA_sum,7.84975291,mg/g,43.63756138,DERIVED_FROM_CONCENTRATION_AND_MEASURED_LIQUID,VALID,,P24-MAT-FIT,ExperimentalData(5).run(1) fraction 2,SOURCE_DERIVED_ANALYTICAL
FIT_2021_12,FIT-C05,5,FIT-E05-R1,1,2,2.28346912,4.45042597,5.5591,MEASURED_MASS_G,TDS,13.1189375,percent,729.29485436,DERIVED_FROM_CONCENTRATION_AND_MEASURED_LIQUID,VALID,,P24-MAT-FIT,ExperimentalData(5).run(1) fraction 2,SOURCE_DERIVED_ANALYTICAL
FIT_2021_12,FIT-C05,5,FIT-E05-R1,1,3,4.45042597,6.69651294,5.7621,MEASURED_MASS_G,caffeine,4.54503828,mg/g,26.18896509,DERIVED_FROM_CONCENTRATION_AND_MEASURED_LIQUID,VALID,,P24-MAT-FIT,ExperimentalData(5).run(1) fraction 3,SOURCE_DERIVED_ANALYTICAL
FIT_2021_12,FIT-C05,5,FIT-E05-R1,1,3,4.45042597,6.69651294,5.7621,MEASURED_MASS_G,trigonelline,2.21181429,mg/g,12.74469509,DERIVED_FROM_CONCENTRATION_AND_MEASURED_LIQUID,VALID,,P24-MAT-FIT,ExperimentalData(5).run(1) fraction 3,SOURCE_DERIVED_ANALYTICAL
FIT_2021_12,FIT-C05,5,FIT-E05-R1,1,3,4.45042597,6.69651294,5.7621,MEASURED_MASS_G,5CQA,2.75613387,mg/g,15.88111898,DERIVED_FROM_CONCENTRATION_AND_MEASURED_LIQUID,VALID,,P24-MAT-FIT,ExperimentalData(5).run(1) fraction 3,SOURCE_DERIVED_ANALYTICAL
FIT_2021_12,FIT-C05,5,FIT-E05-R1,1,3,4.45042597,6.69651294,5.7621,MEASURED_MASS_G,CQA_sum,5.61295977,mg/g,32.34243547,DERIVED_FROM_CONCENTRATION_AND_MEASURED_LIQUID,VALID,,P24-MAT-FIT,ExperimentalData(5).run(1) fraction 3,SOURCE_DERIVED_ANALYTICAL
FIT_2021_12,FIT-C05,5,FIT-E05-R1,1,3,4.45042597,6.69651294,5.7621,MEASURED_MASS_G,TDS,8.35502593,percent,481.42494919,DERIVED_FROM_CONCENTRATION_AND_MEASURED_LIQUID,VALID,,P24-MAT-FIT,ExperimentalData(5).run(1) fraction 3,SOURCE_DERIVED_ANALYTICAL
FIT_2021_12,FIT-C05,5,FIT-E05-R1,1,5,8.96762529,11.33665629,6.0775,MEASURED_MASS_G,caffeine,2.75015135,mg/g,16.71404485,DERIVED_FROM_CONCENTRATION_AND_MEASURED_LIQUID,VALID,,P24-MAT-FIT,ExperimentalData(5).run(1) fraction 5,SOURCE_DERIVED_ANALYTICAL
FIT_2021_12,FIT-C05,5,FIT-E05-R1,1,5,8.96762529,11.33665629,6.0775,MEASURED_MASS_G,trigonelline,1.23136545,mg/g,7.48362352,DERIVED_FROM_CONCENTRATION_AND_MEASURED_LIQUID,VALID,,P24-MAT-FIT,ExperimentalData(5).run(1) fraction 5,SOURCE_DERIVED_ANALYTICAL
FIT_2021_12,FIT-C05,5,FIT-E05-R1,1,5,8.96762529,11.33665629,6.0775,MEASURED_MASS_G,5CQA,1.6049353,mg/g,9.75399429,DERIVED_FROM_CONCENTRATION_AND_MEASURED_LIQUID,VALID,,P24-MAT-FIT,ExperimentalData(5).run(1) fraction 5,SOURCE_DERIVED_ANALYTICAL
FIT_2021_12,FIT-C05,5,FIT-E05-R1,1,5,8.96762529,11.33665629,6.0775,MEASURED_MASS_G,CQA_sum,3.22261668,mg/g,19.58545286,DERIVED_FROM_CONCENTRATION_AND_MEASURED_LIQUID,VALID,,P24-MAT-FIT,ExperimentalData(5).run(1) fraction 5,SOURCE_DERIVED_ANALYTICAL
FIT_2021_12,FIT-C05,5,FIT-E05-R1,1,5,8.96762529,11.33665629,6.0775,MEASURED_MASS_G,TDS,5.70298362,percent,346.59882931,DERIVED_FROM_CONCENTRATION_AND_MEASURED_LIQUID,VALID,,P24-MAT-FIT,ExperimentalData(5).run(1) fraction 5,SOURCE_DERIVED_ANALYTICAL
FIT_2021_12,FIT-C05,5,FIT-E05-R1,1,7,13.79386085,16.18916461,6.1449,MEASURED_MASS_G,caffeine,2.28556445,mg/g,14.04456499,DERIVED_FROM_CONCENTRATION_AND_MEASURED_LIQUID,VALID,,P24-MAT-FIT,ExperimentalData(5).run(1) fraction 7,SOURCE_DERIVED_ANALYTICAL
FIT_2021_12,FIT-C05,5,FIT-E05-R1,1,7,13.79386085,16.18916461,6.1449,MEASURED_MASS_G,trigonelline,0.99276485,mg/g,6.1004407,DERIVED_FROM_CONCENTRATION_AND_MEASURED_LIQUID,VALID,,P24-MAT-FIT,ExperimentalData(5).run(1) fraction 7,SOURCE_DERIVED_ANALYTICAL
FIT_2021_12,FIT-C05,5,FIT-E05-R1,1,7,13.79386085,16.18916461,6.1449,MEASURED_MASS_G,5CQA,1.37150937,mg/g,8.4277879,DERIVED_FROM_CONCENTRATION_AND_MEASURED_LIQUID,VALID,,P24-MAT-FIT,ExperimentalData(5).run(1) fraction 7,SOURCE_DERIVED_ANALYTICAL
FIT_2021_12,FIT-C05,5,FIT-E05-R1,1,7,13.79386085,16.18916461,6.1449,MEASURED_MASS_G,CQA_sum,2.82088582,mg/g,17.33406129,DERIVED_FROM_CONCENTRATION_AND_MEASURED_LIQUID,VALID,,P24-MAT-FIT,ExperimentalData(5).run(1) fraction 7,SOURCE_DERIVED_ANALYTICAL
FIT_2021_12,FIT-C05,5,FIT-E05-R1,1,7,13.79386085,16.18916461,6.1449,MEASURED_MASS_G,TDS,4.31764207,percent,265.31478755,DERIVED_FROM_CONCENTRATION_AND_MEASURED_LIQUID,VALID,,P24-MAT-FIT,ExperimentalData(5).run(1) fraction 7,SOURCE_DERIVED_ANALYTICAL
FIT_2021_12,FIT-C05,5,FIT-E05-R1,1,10,21.08727995,23.56954887,6.368,MEASURED_MASS_G,caffeine,1.29073429,mg/g,8.21939597,DERIVED_FROM_CONCENTRATION_AND_MEASURED_LIQUID,VALID,,P24-MAT-FIT,ExperimentalData(5).run(1) fraction 10,SOURCE_DERIVED_ANALYTICAL
FIT_2021_12,FIT-C05,5,FIT-E05-R1,1,10,21.08727995,23.56954887,6.368,MEASURED_MASS_G,trigonelline,0.38597494,mg/g,2.45788842,DERIVED_FROM_CONCENTRATION_AND_MEASURED_LIQUID,VALID,,P24-MAT-FIT,ExperimentalData(5).run(1) fraction 10,SOURCE_DERIVED_ANALYTICAL
FIT_2021_12,FIT-C05,5,FIT-E05-R1,1,10,21.08727995,23.56954887,6.368,MEASURED_MASS_G,5CQA,0.70134257,mg/g,4.46614948,DERIVED_FROM_CONCENTRATION_AND_MEASURED_LIQUID,VALID,,P24-MAT-FIT,ExperimentalData(5).run(1) fraction 10,SOURCE_DERIVED_ANALYTICAL
FIT_2021_12,FIT-C05,5,FIT-E05-R1,1,10,21.08727995,23.56954887,6.368,MEASURED_MASS_G,CQA_sum,1.40875957,mg/g,8.97098096,DERIVED_FROM_CONCENTRATION_AND_MEASURED_LIQUID,VALID,,P24-MAT-FIT,ExperimentalData(5).run(1) fraction 10,SOURCE_DERIVED_ANALYTICAL
FIT_2021_12,FIT-C05,5,FIT-E05-R1,1,10,21.08727995,23.56954887,6.368,MEASURED_MASS_G,TDS,1.73381002,percent,110.40902212,DERIVED_FROM_CONCENTRATION_AND_MEASURED_LIQUID,VALID,,P24-MAT-FIT,ExperimentalData(5).run(1) fraction 10,SOURCE_DERIVED_ANALYTICAL
FIT_2021_12,FIT-C05,5,FIT-E05-R2,2,1,0,2.5333433,7.0479,MEASURED_MASS_G,caffeine,7.90849252,mg/g,55.73826444,DERIVED_FROM_CONCENTRATION_AND_MEASURED_LIQUID,VALID,,P24-MAT-FIT,ExperimentalData(5).run(2) fraction 1,SOURCE_DERIVED_ANALYTICAL
FIT_2021_12,FIT-C05,5,FIT-E05-R2,2,1,0,2.5333433,7.0479,MEASURED_MASS_G,trigonelline,5.03050673,mg/g,35.45450839,DERIVED_FROM_CONCENTRATION_AND_MEASURED_LIQUID,VALID,,P24-MAT-FIT,ExperimentalData(5).run(2) fraction 1,SOURCE_DERIVED_ANALYTICAL
FIT_2021_12,FIT-C05,5,FIT-E05-R2,2,1,0,2.5333433,7.0479,MEASURED_MASS_G,5CQA,5.30242892,mg/g,37.3709888,DERIVED_FROM_CONCENTRATION_AND_MEASURED_LIQUID,VALID,,P24-MAT-FIT,ExperimentalData(5).run(2) fraction 1,SOURCE_DERIVED_ANALYTICAL
FIT_2021_12,FIT-C05,5,FIT-E05-R2,2,1,0,2.5333433,7.0479,MEASURED_MASS_G,CQA_sum,10.86392708,mg/g,76.56787166,DERIVED_FROM_CONCENTRATION_AND_MEASURED_LIQUID,VALID,,P24-MAT-FIT,ExperimentalData(5).run(2) fraction 1,SOURCE_DERIVED_ANALYTICAL
FIT_2021_12,FIT-C05,5,FIT-E05-R2,2,1,0,2.5333433,7.0479,MEASURED_MASS_G,TDS,18.92014201,percent,1333.47268875,DERIVED_FROM_CONCENTRATION_AND_MEASURED_LIQUID,VALID,,P24-MAT-FIT,ExperimentalData(5).run(2) fraction 1,SOURCE_DERIVED_ANALYTICAL
FIT_2021_12,FIT-C05,5,FIT-E05-R2,2,2,2.5333433,4.70691655,6.047,MEASURED_MASS_G,caffeine,4.95484022,mg/g,29.96191884,DERIVED_FROM_CONCENTRATION_AND_MEASURED_LIQUID,VALID,,P24-MAT-FIT,ExperimentalData(5).run(2) fraction 2,SOURCE_DERIVED_ANALYTICAL
FIT_2021_12,FIT-C05,5,FIT-E05-R2,2,2,2.5333433,4.70691655,6.047,MEASURED_MASS_G,trigonelline,2.62189339,mg/g,15.8545893,DERIVED_FROM_CONCENTRATION_AND_MEASURED_LIQUID,VALID,,P24-MAT-FIT,ExperimentalData(5).run(2) fraction 2,SOURCE_DERIVED_ANALYTICAL
FIT_2021_12,FIT-C05,5,FIT-E05-R2,2,2,2.5333433,4.70691655,6.047,MEASURED_MASS_G,5CQA,3.09595865,mg/g,18.72126198,DERIVED_FROM_CONCENTRATION_AND_MEASURED_LIQUID,VALID,,P24-MAT-FIT,ExperimentalData(5).run(2) fraction 2,SOURCE_DERIVED_ANALYTICAL
FIT_2021_12,FIT-C05,5,FIT-E05-R2,2,2,2.5333433,4.70691655,6.047,MEASURED_MASS_G,CQA_sum,6.14727792,mg/g,37.17258956,DERIVED_FROM_CONCENTRATION_AND_MEASURED_LIQUID,VALID,,P24-MAT-FIT,ExperimentalData(5).run(2) fraction 2,SOURCE_DERIVED_ANALYTICAL
FIT_2021_12,FIT-C05,5,FIT-E05-R2,2,2,2.5333433,4.70691655,6.047,MEASURED_MASS_G,TDS,10.31684466,percent,623.85959674,DERIVED_FROM_CONCENTRATION_AND_MEASURED_LIQUID,VALID,,P24-MAT-FIT,ExperimentalData(5).run(2) fraction 2,SOURCE_DERIVED_ANALYTICAL
FIT_2021_12,FIT-C05,5,FIT-E05-R2,2,3,4.70691655,7.08465544,6.615,MEASURED_MASS_G,caffeine,3.74668996,mg/g,24.78435406,DERIVED_FROM_CONCENTRATION_AND_MEASURED_LIQUID,VALID,,P24-MAT-FIT,ExperimentalData(5).run(2) fraction 3,SOURCE_DERIVED_ANALYTICAL
FIT_2021_12,FIT-C05,5,FIT-E05-R2,2,3,4.70691655,7.08465544,6.615,MEASURED_MASS_G,trigonelline,1.90226266,mg/g,12.58346751,DERIVED_FROM_CONCENTRATION_AND_MEASURED_LIQUID,VALID,,P24-MAT-FIT,ExperimentalData(5).run(2) fraction 3,SOURCE_DERIVED_ANALYTICAL
FIT_2021_12,FIT-C05,5,FIT-E05-R2,2,3,4.70691655,7.08465544,6.615,MEASURED_MASS_G,5CQA,2.33699535,mg/g,15.45922427,DERIVED_FROM_CONCENTRATION_AND_MEASURED_LIQUID,VALID,,P24-MAT-FIT,ExperimentalData(5).run(2) fraction 3,SOURCE_DERIVED_ANALYTICAL
FIT_2021_12,FIT-C05,5,FIT-E05-R2,2,3,4.70691655,7.08465544,6.615,MEASURED_MASS_G,CQA_sum,4.7315461,mg/g,31.29917743,DERIVED_FROM_CONCENTRATION_AND_MEASURED_LIQUID,VALID,,P24-MAT-FIT,ExperimentalData(5).run(2) fraction 3,SOURCE_DERIVED_ANALYTICAL
FIT_2021_12,FIT-C05,5,FIT-E05-R2,2,3,4.70691655,7.08465544,6.615,MEASURED_MASS_G,TDS,7.51196305,percent,496.91635571,DERIVED_FROM_CONCENTRATION_AND_MEASURED_LIQUID,VALID,,P24-MAT-FIT,ExperimentalData(5).run(2) fraction 3,SOURCE_DERIVED_ANALYTICAL
FIT_2021_12,FIT-C05,5,FIT-E05-R2,2,5,9.68765948,12.06511081,6.6142,MEASURED_MASS_G,caffeine,2.53412775,mg/g,16.76122775,DERIVED_FROM_CONCENTRATION_AND_MEASURED_LIQUID,VALID,,P24-MAT-FIT,ExperimentalData(5).run(2) fraction 5,SOURCE_DERIVED_ANALYTICAL
FIT_2021_12,FIT-C05,5,FIT-E05-R2,2,5,9.68765948,12.06511081,6.6142,MEASURED_MASS_G,trigonelline,1.18590821,mg/g,7.84383411,DERIVED_FROM_CONCENTRATION_AND_MEASURED_LIQUID,VALID,,P24-MAT-FIT,ExperimentalData(5).run(2) fraction 5,SOURCE_DERIVED_ANALYTICAL
FIT_2021_12,FIT-C05,5,FIT-E05-R2,2,5,9.68765948,12.06511081,6.6142,MEASURED_MASS_G,5CQA,1.52999046,mg/g,10.11966293,DERIVED_FROM_CONCENTRATION_AND_MEASURED_LIQUID,VALID,,P24-MAT-FIT,ExperimentalData(5).run(2) fraction 5,SOURCE_DERIVED_ANALYTICAL
FIT_2021_12,FIT-C05,5,FIT-E05-R2,2,5,9.68765948,12.06511081,6.6142,MEASURED_MASS_G,CQA_sum,3.05295351,mg/g,20.19284512,DERIVED_FROM_CONCENTRATION_AND_MEASURED_LIQUID,VALID,,P24-MAT-FIT,ExperimentalData(5).run(2) fraction 5,SOURCE_DERIVED_ANALYTICAL
FIT_2021_12,FIT-C05,5,FIT-E05-R2,2,5,9.68765948,12.06511081,6.6142,MEASURED_MASS_G,TDS,5.13807977,percent,339.84287209,DERIVED_FROM_CONCENTRATION_AND_MEASURED_LIQUID,VALID,,P24-MAT-FIT,ExperimentalData(5).run(2) fraction 5,SOURCE_DERIVED_ANALYTICAL
FIT_2021_12,FIT-C05,5,FIT-E05-R2,2,7,14.31970332,16.55546082,6.22,MEASURED_MASS_G,caffeine,2.0683007,mg/g,12.86483035,DERIVED_FROM_CONCENTRATION_AND_MEASURED_LIQUID,VALID,,P24-MAT-FIT,ExperimentalData(5).run(2) fraction 7,SOURCE_DERIVED_ANALYTICAL
FIT_2021_12,FIT-C05,5,FIT-E05-R2,2,7,14.31970332,16.55546082,6.22,MEASURED_MASS_G,trigonelline,0.92500311,mg/g,5.75351936,DERIVED_FROM_CONCENTRATION_AND_MEASURED_LIQUID,VALID,,P24-MAT-FIT,ExperimentalData(5).run(2) fraction 7,SOURCE_DERIVED_ANALYTICAL
FIT_2021_12,FIT-C05,5,FIT-E05-R2,2,7,14.31970332,16.55546082,6.22,MEASURED_MASS_G,5CQA,1.2757219,mg/g,7.93499021,DERIVED_FROM_CONCENTRATION_AND_MEASURED_LIQUID,VALID,,P24-MAT-FIT,ExperimentalData(5).run(2) fraction 7,SOURCE_DERIVED_ANALYTICAL
FIT_2021_12,FIT-C05,5,FIT-E05-R2,2,7,14.31970332,16.55546082,6.22,MEASURED_MASS_G,CQA_sum,2.61269944,mg/g,16.25099052,DERIVED_FROM_CONCENTRATION_AND_MEASURED_LIQUID,VALID,,P24-MAT-FIT,ExperimentalData(5).run(2) fraction 7,SOURCE_DERIVED_ANALYTICAL
FIT_2021_12,FIT-C05,5,FIT-E05-R2,2,7,14.31970332,16.55546082,6.22,MEASURED_MASS_G,TDS,3.80941026,percent,236.94531843,DERIVED_FROM_CONCENTRATION_AND_MEASURED_LIQUID,VALID,,P24-MAT-FIT,ExperimentalData(5).run(2) fraction 7,SOURCE_DERIVED_ANALYTICAL
FIT_2021_12,FIT-C05,5,FIT-E05-R2,2,10,21.30450451,23.76060274,6.833,MEASURED_MASS_G,caffeine,1.11779279,mg/g,7.63787815,DERIVED_FROM_CONCENTRATION_AND_MEASURED_LIQUID,VALID,,P24-MAT-FIT,ExperimentalData(5).run(2) fraction 10,SOURCE_DERIVED_ANALYTICAL
FIT_2021_12,FIT-C05,5,FIT-E05-R2,2,10,21.30450451,23.76060274,6.833,MEASURED_MASS_G,trigonelline,0.38192508,mg/g,2.60969408,DERIVED_FROM_CONCENTRATION_AND_MEASURED_LIQUID,VALID,,P24-MAT-FIT,ExperimentalData(5).run(2) fraction 10,SOURCE_DERIVED_ANALYTICAL
FIT_2021_12,FIT-C05,5,FIT-E05-R2,2,10,21.30450451,23.76060274,6.833,MEASURED_MASS_G,5CQA,0.64124339,mg/g,4.38161607,DERIVED_FROM_CONCENTRATION_AND_MEASURED_LIQUID,VALID,,P24-MAT-FIT,ExperimentalData(5).run(2) fraction 10,SOURCE_DERIVED_ANALYTICAL
FIT_2021_12,FIT-C05,5,FIT-E05-R2,2,10,21.30450451,23.76060274,6.833,MEASURED_MASS_G,CQA_sum,1.28815774,mg/g,8.80198186,DERIVED_FROM_CONCENTRATION_AND_MEASURED_LIQUID,VALID,,P24-MAT-FIT,ExperimentalData(5).run(2) fraction 10,SOURCE_DERIVED_ANALYTICAL
FIT_2021_12,FIT-C05,5,FIT-E05-R2,2,10,21.30450451,23.76060274,6.833,MEASURED_MASS_G,TDS,1.73835659,percent,118.78190598,DERIVED_FROM_CONCENTRATION_AND_MEASURED_LIQUID,VALID,,P24-MAT-FIT,ExperimentalData(5).run(2) fraction 10,SOURCE_DERIVED_ANALYTICAL
FIT_2021_12,FIT-C05,5,FIT-E05-R3,3,1,0,3.43907872,9.5175,MEASURED_MASS_G,caffeine,7.61632233,mg/g,72.48834781,DERIVED_FROM_CONCENTRATION_AND_MEASURED_LIQUID,VALID,,P24-MAT-FIT,ExperimentalData(5).run(3) fraction 1,SOURCE_DERIVED_ANALYTICAL
FIT_2021_12,FIT-C05,5,FIT-E05-R3,3,1,0,3.43907872,9.5175,MEASURED_MASS_G,trigonelline,4.63116856,mg/g,44.07714673,DERIVED_FROM_CONCENTRATION_AND_MEASURED_LIQUID,VALID,,P24-MAT-FIT,ExperimentalData(5).run(3) fraction 1,SOURCE_DERIVED_ANALYTICAL
FIT_2021_12,FIT-C05,5,FIT-E05-R3,3,1,0,3.43907872,9.5175,MEASURED_MASS_G,5CQA,4.999143,mg/g,47.57934355,DERIVED_FROM_CONCENTRATION_AND_MEASURED_LIQUID,VALID,,P24-MAT-FIT,ExperimentalData(5).run(3) fraction 1,SOURCE_DERIVED_ANALYTICAL
FIT_2021_12,FIT-C05,5,FIT-E05-R3,3,1,0,3.43907872,9.5175,MEASURED_MASS_G,CQA_sum,10.24399631,mg/g,97.49723484,DERIVED_FROM_CONCENTRATION_AND_MEASURED_LIQUID,VALID,,P24-MAT-FIT,ExperimentalData(5).run(3) fraction 1,SOURCE_DERIVED_ANALYTICAL
FIT_2021_12,FIT-C05,5,FIT-E05-R3,3,1,0,3.43907872,9.5175,MEASURED_MASS_G,TDS,17.82235744,percent,1696.24286901,DERIVED_FROM_CONCENTRATION_AND_MEASURED_LIQUID,VALID,,P24-MAT-FIT,ExperimentalData(5).run(3) fraction 1,SOURCE_DERIVED_ANALYTICAL
FIT_2021_12,FIT-C05,5,FIT-E05-R3,3,2,3.43907872,5.51025869,5.7319,MEASURED_MASS_G,caffeine,4.64483911,mg/g,26.62375331,DERIVED_FROM_CONCENTRATION_AND_MEASURED_LIQUID,VALID,,P24-MAT-FIT,ExperimentalData(5).run(3) fraction 2,SOURCE_DERIVED_ANALYTICAL
FIT_2021_12,FIT-C05,5,FIT-E05-R3,3,2,3.43907872,5.51025869,5.7319,MEASURED_MASS_G,trigonelline,2.28833084,mg/g,13.11648352,DERIVED_FROM_CONCENTRATION_AND_MEASURED_LIQUID,VALID,,P24-MAT-FIT,ExperimentalData(5).run(3) fraction 2,SOURCE_DERIVED_ANALYTICAL
FIT_2021_12,FIT-C05,5,FIT-E05-R3,3,2,3.43907872,5.51025869,5.7319,MEASURED_MASS_G,5CQA,2.78887435,mg/g,15.98554887,DERIVED_FROM_CONCENTRATION_AND_MEASURED_LIQUID,VALID,,P24-MAT-FIT,ExperimentalData(5).run(3) fraction 2,SOURCE_DERIVED_ANALYTICAL
FIT_2021_12,FIT-C05,5,FIT-E05-R3,3,2,3.43907872,5.51025869,5.7319,MEASURED_MASS_G,CQA_sum,5.51554138,mg/g,31.61453166,DERIVED_FROM_CONCENTRATION_AND_MEASURED_LIQUID,VALID,,P24-MAT-FIT,ExperimentalData(5).run(3) fraction 2,SOURCE_DERIVED_ANALYTICAL
FIT_2021_12,FIT-C05,5,FIT-E05-R3,3,2,3.43907872,5.51025869,5.7319,MEASURED_MASS_G,TDS,9.31364597,percent,533.84887324,DERIVED_FROM_CONCENTRATION_AND_MEASURED_LIQUID,VALID,,P24-MAT-FIT,ExperimentalData(5).run(3) fraction 2,SOURCE_DERIVED_ANALYTICAL
FIT_2021_12,FIT-C05,5,FIT-E05-R3,3,3,5.51025869,7.69851368,6.0559,MEASURED_MASS_G,caffeine,3.74873007,mg/g,22.70193446,DERIVED_FROM_CONCENTRATION_AND_MEASURED_LIQUID,VALID,,P24-MAT-FIT,ExperimentalData(5).run(3) fraction 3,SOURCE_DERIVED_ANALYTICAL
FIT_2021_12,FIT-C05,5,FIT-E05-R3,3,3,5.51025869,7.69851368,6.0559,MEASURED_MASS_G,trigonelline,1.75515775,mg/g,10.62905982,DERIVED_FROM_CONCENTRATION_AND_MEASURED_LIQUID,VALID,,P24-MAT-FIT,ExperimentalData(5).run(3) fraction 3,SOURCE_DERIVED_ANALYTICAL
FIT_2021_12,FIT-C05,5,FIT-E05-R3,3,3,5.51025869,7.69851368,6.0559,MEASURED_MASS_G,5CQA,2.25467756,mg/g,13.65410185,DERIVED_FROM_CONCENTRATION_AND_MEASURED_LIQUID,VALID,,P24-MAT-FIT,ExperimentalData(5).run(3) fraction 3,SOURCE_DERIVED_ANALYTICAL
FIT_2021_12,FIT-C05,5,FIT-E05-R3,3,3,5.51025869,7.69851368,6.0559,MEASURED_MASS_G,CQA_sum,4.571205,mg/g,27.68276037,DERIVED_FROM_CONCENTRATION_AND_MEASURED_LIQUID,VALID,,P24-MAT-FIT,ExperimentalData(5).run(3) fraction 3,SOURCE_DERIVED_ANALYTICAL
FIT_2021_12,FIT-C05,5,FIT-E05-R3,3,3,5.51025869,7.69851368,6.0559,MEASURED_MASS_G,TDS,6.82042933,percent,413.0383799,DERIVED_FROM_CONCENTRATION_AND_MEASURED_LIQUID,VALID,,P24-MAT-FIT,ExperimentalData(5).run(3) fraction 3,SOURCE_DERIVED_ANALYTICAL
FIT_2021_12,FIT-C05,5,FIT-E05-R3,3,5,9.73753415,12.03422807,6.356,MEASURED_MASS_G,caffeine,2.44378105,mg/g,15.53267236,DERIVED_FROM_CONCENTRATION_AND_MEASURED_LIQUID,VALID,,P24-MAT-FIT,ExperimentalData(5).run(3) fraction 5,SOURCE_DERIVED_ANALYTICAL
FIT_2021_12,FIT-C05,5,FIT-E05-R3,3,5,9.73753415,12.03422807,6.356,MEASURED_MASS_G,trigonelline,1.05928004,mg/g,6.73278395,DERIVED_FROM_CONCENTRATION_AND_MEASURED_LIQUID,VALID,,P24-MAT-FIT,ExperimentalData(5).run(3) fraction 5,SOURCE_DERIVED_ANALYTICAL
FIT_2021_12,FIT-C05,5,FIT-E05-R3,3,5,9.73753415,12.03422807,6.356,MEASURED_MASS_G,5CQA,1.41857347,mg/g,9.01645295,DERIVED_FROM_CONCENTRATION_AND_MEASURED_LIQUID,VALID,,P24-MAT-FIT,ExperimentalData(5).run(3) fraction 5,SOURCE_DERIVED_ANALYTICAL
FIT_2021_12,FIT-C05,5,FIT-E05-R3,3,5,9.73753415,12.03422807,6.356,MEASURED_MASS_G,CQA_sum,2.83167937,mg/g,17.99815405,DERIVED_FROM_CONCENTRATION_AND_MEASURED_LIQUID,VALID,,P24-MAT-FIT,ExperimentalData(5).run(3) fraction 5,SOURCE_DERIVED_ANALYTICAL
FIT_2021_12,FIT-C05,5,FIT-E05-R3,3,5,9.73753415,12.03422807,6.356,MEASURED_MASS_G,TDS,4.80473235,percent,305.3887881,DERIVED_FROM_CONCENTRATION_AND_MEASURED_LIQUID,VALID,,P24-MAT-FIT,ExperimentalData(5).run(3) fraction 5,SOURCE_DERIVED_ANALYTICAL
FIT_2021_12,FIT-C05,5,FIT-E05-R3,3,7,13.35504387,16.76893701,9.4478,MEASURED_MASS_G,caffeine,1.93075719,mg/g,18.24140777,DERIVED_FROM_CONCENTRATION_AND_MEASURED_LIQUID,VALID,,P24-MAT-FIT,ExperimentalData(5).run(3) fraction 7,SOURCE_DERIVED_ANALYTICAL
FIT_2021_12,FIT-C05,5,FIT-E05-R3,3,7,13.35504387,16.76893701,9.4478,MEASURED_MASS_G,trigonelline,0.8559856,mg/g,8.08718076,DERIVED_FROM_CONCENTRATION_AND_MEASURED_LIQUID,VALID,,P24-MAT-FIT,ExperimentalData(5).run(3) fraction 7,SOURCE_DERIVED_ANALYTICAL
FIT_2021_12,FIT-C05,5,FIT-E05-R3,3,7,13.35504387,16.76893701,9.4478,MEASURED_MASS_G,5CQA,1.17233394,mg/g,11.07597658,DERIVED_FROM_CONCENTRATION_AND_MEASURED_LIQUID,VALID,,P24-MAT-FIT,ExperimentalData(5).run(3) fraction 7,SOURCE_DERIVED_ANALYTICAL
FIT_2021_12,FIT-C05,5,FIT-E05-R3,3,7,13.35504387,16.76893701,9.4478,MEASURED_MASS_G,CQA_sum,2.41599078,mg/g,22.82579771,DERIVED_FROM_CONCENTRATION_AND_MEASURED_LIQUID,VALID,,P24-MAT-FIT,ExperimentalData(5).run(3) fraction 7,SOURCE_DERIVED_ANALYTICAL
FIT_2021_12,FIT-C05,5,FIT-E05-R3,3,7,13.35504387,16.76893701,9.4478,MEASURED_MASS_G,TDS,3.94422292,percent,372.64229258,DERIVED_FROM_CONCENTRATION_AND_MEASURED_LIQUID,VALID,,P24-MAT-FIT,ExperimentalData(5).run(3) fraction 7,SOURCE_DERIVED_ANALYTICAL
FIT_2021_12,FIT-C05,5,FIT-E05-R3,3,10,21.31488056,23.6201383,6.3797,MEASURED_MASS_G,caffeine,1.3136926,mg/g,8.3809647,DERIVED_FROM_CONCENTRATION_AND_MEASURED_LIQUID,VALID,,P24-MAT-FIT,ExperimentalData(5).run(3) fraction 10,SOURCE_DERIVED_ANALYTICAL
FIT_2021_12,FIT-C05,5,FIT-E05-R3,3,10,21.31488056,23.6201383,6.3797,MEASURED_MASS_G,trigonelline,0.44858763,mg/g,2.86185452,DERIVED_FROM_CONCENTRATION_AND_MEASURED_LIQUID,VALID,,P24-MAT-FIT,ExperimentalData(5).run(3) fraction 10,SOURCE_DERIVED_ANALYTICAL
FIT_2021_12,FIT-C05,5,FIT-E05-R3,3,10,21.31488056,23.6201383,6.3797,MEASURED_MASS_G,5CQA,0.37035243,mg/g,2.36273737,DERIVED_FROM_CONCENTRATION_AND_MEASURED_LIQUID,VALID,,P24-MAT-FIT,ExperimentalData(5).run(3) fraction 10,SOURCE_DERIVED_ANALYTICAL
FIT_2021_12,FIT-C05,5,FIT-E05-R3,3,10,21.31488056,23.6201383,6.3797,MEASURED_MASS_G,CQA_sum,2.12696471,mg/g,13.56939678,DERIVED_FROM_CONCENTRATION_AND_MEASURED_LIQUID,VALID,,P24-MAT-FIT,ExperimentalData(5).run(3) fraction 10,SOURCE_DERIVED_ANALYTICAL
FIT_2021_12,FIT-C05,5,FIT-E05-R3,3,10,21.31488056,23.6201383,6.3797,MEASURED_MASS_G,TDS,2.069788,percent,132.04626501,DERIVED_FROM_CONCENTRATION_AND_MEASURED_LIQUID,VALID,,P24-MAT-FIT,ExperimentalData(5).run(3) fraction 10,SOURCE_DERIVED_ANALYTICAL
FIT_2021_12,FIT-C06,6,FIT-E06-R1,1,1,0,2.09904085,5.6423,MEASURED_MASS_G,caffeine,9.17719887,mg/g,51.78050919,DERIVED_FROM_CONCENTRATION_AND_MEASURED_LIQUID,VALID,,P24-MAT-FIT,ExperimentalData(6).run(1) fraction 1,SOURCE_DERIVED_ANALYTICAL
FIT_2021_12,FIT-C06,6,FIT-E06-R1,1,1,0,2.09904085,5.6423,MEASURED_MASS_G,trigonelline,5.82338694,mg/g,32.85729612,DERIVED_FROM_CONCENTRATION_AND_MEASURED_LIQUID,VALID,,P24-MAT-FIT,ExperimentalData(6).run(1) fraction 1,SOURCE_DERIVED_ANALYTICAL
FIT_2021_12,FIT-C06,6,FIT-E06-R1,1,1,0,2.09904085,5.6423,MEASURED_MASS_G,5CQA,6.19930576,mg/g,34.97834288,DERIVED_FROM_CONCENTRATION_AND_MEASURED_LIQUID,VALID,,P24-MAT-FIT,ExperimentalData(6).run(1) fraction 1,SOURCE_DERIVED_ANALYTICAL
FIT_2021_12,FIT-C06,6,FIT-E06-R1,1,1,0,2.09904085,5.6423,MEASURED_MASS_G,CQA_sum,12.75247637,mg/g,71.95329744,DERIVED_FROM_CONCENTRATION_AND_MEASURED_LIQUID,VALID,,P24-MAT-FIT,ExperimentalData(6).run(1) fraction 1,SOURCE_DERIVED_ANALYTICAL
FIT_2021_12,FIT-C06,6,FIT-E06-R1,1,1,0,2.09904085,5.6423,MEASURED_MASS_G,TDS,22.7326488,percent,1282.64424312,DERIVED_FROM_CONCENTRATION_AND_MEASURED_LIQUID,VALID,,P24-MAT-FIT,ExperimentalData(6).run(1) fraction 1,SOURCE_DERIVED_ANALYTICAL
FIT_2021_12,FIT-C06,6,FIT-E06-R1,1,2,2.09904085,4.69915363,6.9892,MEASURED_MASS_G,caffeine,6.27400355,mg/g,43.85026558,DERIVED_FROM_CONCENTRATION_AND_MEASURED_LIQUID,VALID,,P24-MAT-FIT,ExperimentalData(6).run(1) fraction 2,SOURCE_DERIVED_ANALYTICAL
FIT_2021_12,FIT-C06,6,FIT-E06-R1,1,2,2.09904085,4.69915363,6.9892,MEASURED_MASS_G,trigonelline,3.36508556,mg/g,23.51925597,DERIVED_FROM_CONCENTRATION_AND_MEASURED_LIQUID,VALID,,P24-MAT-FIT,ExperimentalData(6).run(1) fraction 2,SOURCE_DERIVED_ANALYTICAL
FIT_2021_12,FIT-C06,6,FIT-E06-R1,1,2,2.09904085,4.69915363,6.9892,MEASURED_MASS_G,5CQA,3.96050565,mg/g,27.68076611,DERIVED_FROM_CONCENTRATION_AND_MEASURED_LIQUID,VALID,,P24-MAT-FIT,ExperimentalData(6).run(1) fraction 2,SOURCE_DERIVED_ANALYTICAL
FIT_2021_12,FIT-C06,6,FIT-E06-R1,1,2,2.09904085,4.69915363,6.9892,MEASURED_MASS_G,CQA_sum,7.97118908,mg/g,55.71223469,DERIVED_FROM_CONCENTRATION_AND_MEASURED_LIQUID,VALID,,P24-MAT-FIT,ExperimentalData(6).run(1) fraction 2,SOURCE_DERIVED_ANALYTICAL
FIT_2021_12,FIT-C06,6,FIT-E06-R1,1,2,2.09904085,4.69915363,6.9892,MEASURED_MASS_G,TDS,13.1189375,percent,916.90877949,DERIVED_FROM_CONCENTRATION_AND_MEASURED_LIQUID,VALID,,P24-MAT-FIT,ExperimentalData(6).run(1) fraction 2,SOURCE_DERIVED_ANALYTICAL
FIT_2021_12,FIT-C06,6,FIT-E06-R1,1,3,4.69915363,7.398707,7.2565,MEASURED_MASS_G,caffeine,4.29025863,mg/g,31.13226174,DERIVED_FROM_CONCENTRATION_AND_MEASURED_LIQUID,VALID,,P24-MAT-FIT,ExperimentalData(6).run(1) fraction 3,SOURCE_DERIVED_ANALYTICAL
FIT_2021_12,FIT-C06,6,FIT-E06-R1,1,3,4.69915363,7.398707,7.2565,MEASURED_MASS_G,trigonelline,2.06202316,mg/g,14.96307109,DERIVED_FROM_CONCENTRATION_AND_MEASURED_LIQUID,VALID,,P24-MAT-FIT,ExperimentalData(6).run(1) fraction 3,SOURCE_DERIVED_ANALYTICAL
FIT_2021_12,FIT-C06,6,FIT-E06-R1,1,3,4.69915363,7.398707,7.2565,MEASURED_MASS_G,5CQA,2.63464173,mg/g,19.11827773,DERIVED_FROM_CONCENTRATION_AND_MEASURED_LIQUID,VALID,,P24-MAT-FIT,ExperimentalData(6).run(1) fraction 3,SOURCE_DERIVED_ANALYTICAL
FIT_2021_12,FIT-C06,6,FIT-E06-R1,1,3,4.69915363,7.398707,7.2565,MEASURED_MASS_G,CQA_sum,5.35792261,mg/g,38.87976539,DERIVED_FROM_CONCENTRATION_AND_MEASURED_LIQUID,VALID,,P24-MAT-FIT,ExperimentalData(6).run(1) fraction 3,SOURCE_DERIVED_ANALYTICAL
FIT_2021_12,FIT-C06,6,FIT-E06-R1,1,3,4.69915363,7.398707,7.2565,MEASURED_MASS_G,TDS,8.50409031,percent,617.09931333,DERIVED_FROM_CONCENTRATION_AND_MEASURED_LIQUID,VALID,,P24-MAT-FIT,ExperimentalData(6).run(1) fraction 3,SOURCE_DERIVED_ANALYTICAL
FIT_2021_12,FIT-C06,6,FIT-E06-R1,1,5,9.91191622,12.4362488,6.7855,MEASURED_MASS_G,caffeine,2.68591973,mg/g,18.22530834,DERIVED_FROM_CONCENTRATION_AND_MEASURED_LIQUID,VALID,,P24-MAT-FIT,ExperimentalData(6).run(1) fraction 5,SOURCE_DERIVED_ANALYTICAL
FIT_2021_12,FIT-C06,6,FIT-E06-R1,1,5,9.91191622,12.4362488,6.7855,MEASURED_MASS_G,trigonelline,1.16067347,mg/g,7.87574983,DERIVED_FROM_CONCENTRATION_AND_MEASURED_LIQUID,VALID,,P24-MAT-FIT,ExperimentalData(6).run(1) fraction 5,SOURCE_DERIVED_ANALYTICAL
FIT_2021_12,FIT-C06,6,FIT-E06-R1,1,5,9.91191622,12.4362488,6.7855,MEASURED_MASS_G,5CQA,1.59473894,mg/g,10.8211011,DERIVED_FROM_CONCENTRATION_AND_MEASURED_LIQUID,VALID,,P24-MAT-FIT,ExperimentalData(6).run(1) fraction 5,SOURCE_DERIVED_ANALYTICAL
FIT_2021_12,FIT-C06,6,FIT-E06-R1,1,5,9.91191622,12.4362488,6.7855,MEASURED_MASS_G,CQA_sum,3.18183578,mg/g,21.59034668,DERIVED_FROM_CONCENTRATION_AND_MEASURED_LIQUID,VALID,,P24-MAT-FIT,ExperimentalData(6).run(1) fraction 5,SOURCE_DERIVED_ANALYTICAL
FIT_2021_12,FIT-C06,6,FIT-E06-R1,1,5,9.91191622,12.4362488,6.7855,MEASURED_MASS_G,TDS,5.16446816,percent,350.43498676,DERIVED_FROM_CONCENTRATION_AND_MEASURED_LIQUID,VALID,,P24-MAT-FIT,ExperimentalData(6).run(1) fraction 5,SOURCE_DERIVED_ANALYTICAL
FIT_2021_12,FIT-C06,6,FIT-E06-R1,1,7,15.14469341,17.39030962,6.0363,MEASURED_MASS_G,caffeine,2.03448686,mg/g,12.28077305,DERIVED_FROM_CONCENTRATION_AND_MEASURED_LIQUID,VALID,,P24-MAT-FIT,ExperimentalData(6).run(1) fraction 7,SOURCE_DERIVED_ANALYTICAL
FIT_2021_12,FIT-C06,6,FIT-E06-R1,1,7,15.14469341,17.39030962,6.0363,MEASURED_MASS_G,trigonelline,0.83839881,mg/g,5.06082673,DERIVED_FROM_CONCENTRATION_AND_MEASURED_LIQUID,VALID,,P24-MAT-FIT,ExperimentalData(6).run(1) fraction 7,SOURCE_DERIVED_ANALYTICAL
FIT_2021_12,FIT-C06,6,FIT-E06-R1,1,7,15.14469341,17.39030962,6.0363,MEASURED_MASS_G,5CQA,1.238601,mg/g,7.47656721,DERIVED_FROM_CONCENTRATION_AND_MEASURED_LIQUID,VALID,,P24-MAT-FIT,ExperimentalData(6).run(1) fraction 7,SOURCE_DERIVED_ANALYTICAL
FIT_2021_12,FIT-C06,6,FIT-E06-R1,1,7,15.14469341,17.39030962,6.0363,MEASURED_MASS_G,CQA_sum,2.53285034,mg/g,15.28904452,DERIVED_FROM_CONCENTRATION_AND_MEASURED_LIQUID,VALID,,P24-MAT-FIT,ExperimentalData(6).run(1) fraction 7,SOURCE_DERIVED_ANALYTICAL
FIT_2021_12,FIT-C06,6,FIT-E06-R1,1,7,15.14469341,17.39030962,6.0363,MEASURED_MASS_G,TDS,3.79706578,percent,229.20228155,DERIVED_FROM_CONCENTRATION_AND_MEASURED_LIQUID,VALID,,P24-MAT-FIT,ExperimentalData(6).run(1) fraction 7,SOURCE_DERIVED_ANALYTICAL
FIT_2021_12,FIT-C06,6,FIT-E06-R1,1,10,21.92112481,24.42451274,6.7292,MEASURED_MASS_G,caffeine,1.04531543,mg/g,7.0341366,DERIVED_FROM_CONCENTRATION_AND_MEASURED_LIQUID,VALID,,P24-MAT-FIT,ExperimentalData(6).run(1) fraction 10,SOURCE_DERIVED_ANALYTICAL
FIT_2021_12,FIT-C06,6,FIT-E06-R1,1,10,21.92112481,24.42451274,6.7292,MEASURED_MASS_G,trigonelline,0.32070607,mg/g,2.1580953,DERIVED_FROM_CONCENTRATION_AND_MEASURED_LIQUID,VALID,,P24-MAT-FIT,ExperimentalData(6).run(1) fraction 10,SOURCE_DERIVED_ANALYTICAL
FIT_2021_12,FIT-C06,6,FIT-E06-R1,1,10,21.92112481,24.42451274,6.7292,MEASURED_MASS_G,5CQA,0.59268793,mg/g,3.98831563,DERIVED_FROM_CONCENTRATION_AND_MEASURED_LIQUID,VALID,,P24-MAT-FIT,ExperimentalData(6).run(1) fraction 10,SOURCE_DERIVED_ANALYTICAL
FIT_2021_12,FIT-C06,6,FIT-E06-R1,1,10,21.92112481,24.42451274,6.7292,MEASURED_MASS_G,CQA_sum,1.18412244,mg/g,7.96819673,DERIVED_FROM_CONCENTRATION_AND_MEASURED_LIQUID,VALID,,P24-MAT-FIT,ExperimentalData(6).run(1) fraction 10,SOURCE_DERIVED_ANALYTICAL
FIT_2021_12,FIT-C06,6,FIT-E06-R1,1,10,21.92112481,24.42451274,6.7292,MEASURED_MASS_G,TDS,1.55535917,percent,104.66322915,DERIVED_FROM_CONCENTRATION_AND_MEASURED_LIQUID,VALID,,P24-MAT-FIT,ExperimentalData(6).run(1) fraction 10,SOURCE_DERIVED_ANALYTICAL
FIT_2021_12,FIT-C06,6,FIT-E06-R2,2,1,0,3.50856215,9.9282,MEASURED_MASS_G,caffeine,7.93200403,mg/g,78.75052239,DERIVED_FROM_CONCENTRATION_AND_MEASURED_LIQUID,VALID,,P24-MAT-FIT,ExperimentalData(6).run(2) fraction 1,SOURCE_DERIVED_ANALYTICAL
FIT_2021_12,FIT-C06,6,FIT-E06-R2,2,1,0,3.50856215,9.9282,MEASURED_MASS_G,trigonelline,4.7378339,mg/g,47.03816255,DERIVED_FROM_CONCENTRATION_AND_MEASURED_LIQUID,VALID,,P24-MAT-FIT,ExperimentalData(6).run(2) fraction 1,SOURCE_DERIVED_ANALYTICAL
FIT_2021_12,FIT-C06,6,FIT-E06-R2,2,1,0,3.50856215,9.9282,MEASURED_MASS_G,5CQA,5.22796626,mg/g,51.9042946,DERIVED_FROM_CONCENTRATION_AND_MEASURED_LIQUID,VALID,,P24-MAT-FIT,ExperimentalData(6).run(2) fraction 1,SOURCE_DERIVED_ANALYTICAL
FIT_2021_12,FIT-C06,6,FIT-E06-R2,2,1,0,3.50856215,9.9282,MEASURED_MASS_G,CQA_sum,10.64359445,mg/g,105.67173447,DERIVED_FROM_CONCENTRATION_AND_MEASURED_LIQUID,VALID,,P24-MAT-FIT,ExperimentalData(6).run(2) fraction 1,SOURCE_DERIVED_ANALYTICAL
FIT_2021_12,FIT-C06,6,FIT-E06-R2,2,1,0,3.50856215,9.9282,MEASURED_MASS_G,TDS,18.68735154,percent,1855.31763606,DERIVED_FROM_CONCENTRATION_AND_MEASURED_LIQUID,VALID,,P24-MAT-FIT,ExperimentalData(6).run(2) fraction 1,SOURCE_DERIVED_ANALYTICAL
FIT_2021_12,FIT-C06,6,FIT-E06-R2,2,2,3.50856215,5.83201893,6.5747,MEASURED_MASS_G,caffeine,5.08438151,mg/g,33.42828314,DERIVED_FROM_CONCENTRATION_AND_MEASURED_LIQUID,VALID,,P24-MAT-FIT,ExperimentalData(6).run(2) fraction 2,SOURCE_DERIVED_ANALYTICAL
FIT_2021_12,FIT-C06,6,FIT-E06-R2,2,2,3.50856215,5.83201893,6.5747,MEASURED_MASS_G,trigonelline,2.49238965,mg/g,16.38671421,DERIVED_FROM_CONCENTRATION_AND_MEASURED_LIQUID,VALID,,P24-MAT-FIT,ExperimentalData(6).run(2) fraction 2,SOURCE_DERIVED_ANALYTICAL
FIT_2021_12,FIT-C06,6,FIT-E06-R2,2,2,3.50856215,5.83201893,6.5747,MEASURED_MASS_G,5CQA,3.0544822,mg/g,20.08230413,DERIVED_FROM_CONCENTRATION_AND_MEASURED_LIQUID,VALID,,P24-MAT-FIT,ExperimentalData(6).run(2) fraction 2,SOURCE_DERIVED_ANALYTICAL
FIT_2021_12,FIT-C06,6,FIT-E06-R2,2,2,3.50856215,5.83201893,6.5747,MEASURED_MASS_G,CQA_sum,6.04051228,mg/g,39.7145561,DERIVED_FROM_CONCENTRATION_AND_MEASURED_LIQUID,VALID,,P24-MAT-FIT,ExperimentalData(6).run(2) fraction 2,SOURCE_DERIVED_ANALYTICAL
FIT_2021_12,FIT-C06,6,FIT-E06-R2,2,2,3.50856215,5.83201893,6.5747,MEASURED_MASS_G,TDS,10.19211416,percent,670.10092963,DERIVED_FROM_CONCENTRATION_AND_MEASURED_LIQUID,VALID,,P24-MAT-FIT,ExperimentalData(6).run(2) fraction 2,SOURCE_DERIVED_ANALYTICAL
FIT_2021_12,FIT-C06,6,FIT-E06-R2,2,3,5.83201893,8.28644337,6.9453,MEASURED_MASS_G,caffeine,3.76861732,mg/g,26.17417788,DERIVED_FROM_CONCENTRATION_AND_MEASURED_LIQUID,VALID,,P24-MAT-FIT,ExperimentalData(6).run(2) fraction 3,SOURCE_DERIVED_ANALYTICAL
FIT_2021_12,FIT-C06,6,FIT-E06-R2,2,3,5.83201893,8.28644337,6.9453,MEASURED_MASS_G,trigonelline,1.77273742,mg/g,12.31219322,DERIVED_FROM_CONCENTRATION_AND_MEASURED_LIQUID,VALID,,P24-MAT-FIT,ExperimentalData(6).run(2) fraction 3,SOURCE_DERIVED_ANALYTICAL
FIT_2021_12,FIT-C06,6,FIT-E06-R2,2,3,5.83201893,8.28644337,6.9453,MEASURED_MASS_G,5CQA,2.2768244,mg/g,15.81322849,DERIVED_FROM_CONCENTRATION_AND_MEASURED_LIQUID,VALID,,P24-MAT-FIT,ExperimentalData(6).run(2) fraction 3,SOURCE_DERIVED_ANALYTICAL
FIT_2021_12,FIT-C06,6,FIT-E06-R2,2,3,5.83201893,8.28644337,6.9453,MEASURED_MASS_G,CQA_sum,4.59583469,mg/g,31.91945065,DERIVED_FROM_CONCENTRATION_AND_MEASURED_LIQUID,VALID,,P24-MAT-FIT,ExperimentalData(6).run(2) fraction 3,SOURCE_DERIVED_ANALYTICAL
FIT_2021_12,FIT-C06,6,FIT-E06-R2,2,3,5.83201893,8.28644337,6.9453,MEASURED_MASS_G,TDS,7.53585033,percent,523.38741283,DERIVED_FROM_CONCENTRATION_AND_MEASURED_LIQUID,VALID,,P24-MAT-FIT,ExperimentalData(6).run(2) fraction 3,SOURCE_DERIVED_ANALYTICAL
FIT_2021_12,FIT-C06,6,FIT-E06-R2,2,5,10.70319605,13.33647298,7.4514,MEASURED_MASS_G,caffeine,2.33832498,mg/g,17.42379475,DERIVED_FROM_CONCENTRATION_AND_MEASURED_LIQUID,VALID,,P24-MAT-FIT,ExperimentalData(6).run(2) fraction 5,SOURCE_DERIVED_ANALYTICAL
FIT_2021_12,FIT-C06,6,FIT-E06-R2,2,5,10.70319605,13.33647298,7.4514,MEASURED_MASS_G,trigonelline,0.98345141,mg/g,7.32808982,DERIVED_FROM_CONCENTRATION_AND_MEASURED_LIQUID,VALID,,P24-MAT-FIT,ExperimentalData(6).run(2) fraction 5,SOURCE_DERIVED_ANALYTICAL
FIT_2021_12,FIT-C06,6,FIT-E06-R2,2,5,10.70319605,13.33647298,7.4514,MEASURED_MASS_G,5CQA,1.35957353,mg/g,10.13072622,DERIVED_FROM_CONCENTRATION_AND_MEASURED_LIQUID,VALID,,P24-MAT-FIT,ExperimentalData(6).run(2) fraction 5,SOURCE_DERIVED_ANALYTICAL
FIT_2021_12,FIT-C06,6,FIT-E06-R2,2,5,10.70319605,13.33647298,7.4514,MEASURED_MASS_G,CQA_sum,2.684772,mg/g,20.0053101,DERIVED_FROM_CONCENTRATION_AND_MEASURED_LIQUID,VALID,,P24-MAT-FIT,ExperimentalData(6).run(2) fraction 5,SOURCE_DERIVED_ANALYTICAL
FIT_2021_12,FIT-C06,6,FIT-E06-R2,2,5,10.70319605,13.33647298,7.4514,MEASURED_MASS_G,TDS,4.51972714,percent,336.78294818,DERIVED_FROM_CONCENTRATION_AND_MEASURED_LIQUID,VALID,,P24-MAT-FIT,ExperimentalData(6).run(2) fraction 5,SOURCE_DERIVED_ANALYTICAL
FIT_2021_12,FIT-C06,6,FIT-E06-R2,2,7,15.51150446,17.51203018,5.6609,MEASURED_MASS_G,caffeine,1.92425438,mg/g,10.8930116,DERIVED_FROM_CONCENTRATION_AND_MEASURED_LIQUID,VALID,,P24-MAT-FIT,ExperimentalData(6).run(2) fraction 7,SOURCE_DERIVED_ANALYTICAL
FIT_2021_12,FIT-C06,6,FIT-E06-R2,2,7,15.51150446,17.51203018,5.6609,MEASURED_MASS_G,trigonelline,0.75475537,mg/g,4.27259467,DERIVED_FROM_CONCENTRATION_AND_MEASURED_LIQUID,VALID,,P24-MAT-FIT,ExperimentalData(6).run(2) fraction 7,SOURCE_DERIVED_ANALYTICAL
FIT_2021_12,FIT-C06,6,FIT-E06-R2,2,7,15.51150446,17.51203018,5.6609,MEASURED_MASS_G,5CQA,1.14314298,mg/g,6.47121812,DERIVED_FROM_CONCENTRATION_AND_MEASURED_LIQUID,VALID,,P24-MAT-FIT,ExperimentalData(6).run(2) fraction 7,SOURCE_DERIVED_ANALYTICAL
FIT_2021_12,FIT-C06,6,FIT-E06-R2,2,7,15.51150446,17.51203018,5.6609,MEASURED_MASS_G,CQA_sum,2.32228971,mg/g,13.14624984,DERIVED_FROM_CONCENTRATION_AND_MEASURED_LIQUID,VALID,,P24-MAT-FIT,ExperimentalData(6).run(2) fraction 7,SOURCE_DERIVED_ANALYTICAL
FIT_2021_12,FIT-C06,6,FIT-E06-R2,2,7,15.51150446,17.51203018,5.6609,MEASURED_MASS_G,TDS,3.32698899,percent,188.3375198,DERIVED_FROM_CONCENTRATION_AND_MEASURED_LIQUID,VALID,,P24-MAT-FIT,ExperimentalData(6).run(2) fraction 7,SOURCE_DERIVED_ANALYTICAL
FIT_2021_12,FIT-C06,6,FIT-E06-R2,2,10,21.97987921,24.63697486,7.5188,MEASURED_MASS_G,caffeine,0.91574109,mg/g,6.8852741,DERIVED_FROM_CONCENTRATION_AND_MEASURED_LIQUID,VALID,,P24-MAT-FIT,ExperimentalData(6).run(2) fraction 10,SOURCE_DERIVED_ANALYTICAL
FIT_2021_12,FIT-C06,6,FIT-E06-R2,2,10,21.97987921,24.63697486,7.5188,MEASURED_MASS_G,trigonelline,0.2759829,mg/g,2.07506022,DERIVED_FROM_CONCENTRATION_AND_MEASURED_LIQUID,VALID,,P24-MAT-FIT,ExperimentalData(6).run(2) fraction 10,SOURCE_DERIVED_ANALYTICAL
FIT_2021_12,FIT-C06,6,FIT-E06-R2,2,10,21.97987921,24.63697486,7.5188,MEASURED_MASS_G,5CQA,0.50908358,mg/g,3.82769764,DERIVED_FROM_CONCENTRATION_AND_MEASURED_LIQUID,VALID,,P24-MAT-FIT,ExperimentalData(6).run(2) fraction 10,SOURCE_DERIVED_ANALYTICAL
FIT_2021_12,FIT-C06,6,FIT-E06-R2,2,10,21.97987921,24.63697486,7.5188,MEASURED_MASS_G,CQA_sum,1.01087341,mg/g,7.60055502,DERIVED_FROM_CONCENTRATION_AND_MEASURED_LIQUID,VALID,,P24-MAT-FIT,ExperimentalData(6).run(2) fraction 10,SOURCE_DERIVED_ANALYTICAL
FIT_2021_12,FIT-C06,6,FIT-E06-R2,2,10,21.97987921,24.63697486,7.5188,MEASURED_MASS_G,TDS,1.41504606,percent,106.39448284,DERIVED_FROM_CONCENTRATION_AND_MEASURED_LIQUID,VALID,,P24-MAT-FIT,ExperimentalData(6).run(2) fraction 10,SOURCE_DERIVED_ANALYTICAL
FIT_2021_12,FIT-C06,6,FIT-E06-R3,3,1,0,2.24197416,6.0712,MEASURED_MASS_G,caffeine,8.92196499,mg/g,54.16703383,DERIVED_FROM_CONCENTRATION_AND_MEASURED_LIQUID,VALID,,P24-MAT-FIT,ExperimentalData(6).run(3) fraction 1,SOURCE_DERIVED_ANALYTICAL
FIT_2021_12,FIT-C06,6,FIT-E06-R3,3,1,0,2.24197416,6.0712,MEASURED_MASS_G,trigonelline,5.54875981,mg/g,33.68763056,DERIVED_FROM_CONCENTRATION_AND_MEASURED_LIQUID,VALID,,P24-MAT-FIT,ExperimentalData(6).run(3) fraction 1,SOURCE_DERIVED_ANALYTICAL
FIT_2021_12,FIT-C06,6,FIT-E06-R3,3,1,0,2.24197416,6.0712,MEASURED_MASS_G,5CQA,5.87556275,mg/g,35.67171658,DERIVED_FROM_CONCENTRATION_AND_MEASURED_LIQUID,VALID,,P24-MAT-FIT,ExperimentalData(6).run(3) fraction 1,SOURCE_DERIVED_ANALYTICAL
FIT_2021_12,FIT-C06,6,FIT-E06-R3,3,1,0,2.24197416,6.0712,MEASURED_MASS_G,CQA_sum,12.07355956,mg/g,73.30099481,DERIVED_FROM_CONCENTRATION_AND_MEASURED_LIQUID,VALID,,P24-MAT-FIT,ExperimentalData(6).run(3) fraction 1,SOURCE_DERIVED_ANALYTICAL
FIT_2021_12,FIT-C06,6,FIT-E06-R3,3,1,0,2.24197416,6.0712,MEASURED_MASS_G,TDS,21.26908586,percent,1291.28874065,DERIVED_FROM_CONCENTRATION_AND_MEASURED_LIQUID,VALID,,P24-MAT-FIT,ExperimentalData(6).run(3) fraction 1,SOURCE_DERIVED_ANALYTICAL
FIT_2021_12,FIT-C06,6,FIT-E06-R3,3,2,2.24197416,4.69787237,6.6505,MEASURED_MASS_G,caffeine,6.11403201,mg/g,40.66136988,DERIVED_FROM_CONCENTRATION_AND_MEASURED_LIQUID,VALID,,P24-MAT-FIT,ExperimentalData(6).run(3) fraction 2,SOURCE_DERIVED_ANALYTICAL
FIT_2021_12,FIT-C06,6,FIT-E06-R3,3,2,2.24197416,4.69787237,6.6505,MEASURED_MASS_G,trigonelline,3.20217974,mg/g,21.29609635,DERIVED_FROM_CONCENTRATION_AND_MEASURED_LIQUID,VALID,,P24-MAT-FIT,ExperimentalData(6).run(3) fraction 2,SOURCE_DERIVED_ANALYTICAL
FIT_2021_12,FIT-C06,6,FIT-E06-R3,3,2,2.24197416,4.69787237,6.6505,MEASURED_MASS_G,5CQA,3.77945385,mg/g,25.13525782,DERIVED_FROM_CONCENTRATION_AND_MEASURED_LIQUID,VALID,,P24-MAT-FIT,ExperimentalData(6).run(3) fraction 2,SOURCE_DERIVED_ANALYTICAL
FIT_2021_12,FIT-C06,6,FIT-E06-R3,3,2,2.24197416,4.69787237,6.6505,MEASURED_MASS_G,CQA_sum,7.59436992,mg/g,50.50635713,DERIVED_FROM_CONCENTRATION_AND_MEASURED_LIQUID,VALID,,P24-MAT-FIT,ExperimentalData(6).run(3) fraction 2,SOURCE_DERIVED_ANALYTICAL
FIT_2021_12,FIT-C06,6,FIT-E06-R3,3,2,2.24197416,4.69787237,6.6505,MEASURED_MASS_G,TDS,12.58605366,percent,837.03549856,DERIVED_FROM_CONCENTRATION_AND_MEASURED_LIQUID,VALID,,P24-MAT-FIT,ExperimentalData(6).run(3) fraction 2,SOURCE_DERIVED_ANALYTICAL
FIT_2021_12,FIT-C06,6,FIT-E06-R3,3,3,4.69787237,7.15624475,6.6572,MEASURED_MASS_G,caffeine,4.08607715,mg/g,27.20183281,DERIVED_FROM_CONCENTRATION_AND_MEASURED_LIQUID,VALID,,P24-MAT-FIT,ExperimentalData(6).run(3) fraction 3,SOURCE_DERIVED_ANALYTICAL
FIT_2021_12,FIT-C06,6,FIT-E06-R3,3,3,4.69787237,7.15624475,6.6572,MEASURED_MASS_G,trigonelline,1.94033846,mg/g,12.91722117,DERIVED_FROM_CONCENTRATION_AND_MEASURED_LIQUID,VALID,,P24-MAT-FIT,ExperimentalData(6).run(3) fraction 3,SOURCE_DERIVED_ANALYTICAL
FIT_2021_12,FIT-C06,6,FIT-E06-R3,3,3,4.69787237,7.15624475,6.6572,MEASURED_MASS_G,5CQA,2.46584649,mg/g,16.41563325,DERIVED_FROM_CONCENTRATION_AND_MEASURED_LIQUID,VALID,,P24-MAT-FIT,ExperimentalData(6).run(3) fraction 3,SOURCE_DERIVED_ANALYTICAL
FIT_2021_12,FIT-C06,6,FIT-E06-R3,3,3,4.69787237,7.15624475,6.6572,MEASURED_MASS_G,CQA_sum,5.01017698,mg/g,33.35375016,DERIVED_FROM_CONCENTRATION_AND_MEASURED_LIQUID,VALID,,P24-MAT-FIT,ExperimentalData(6).run(3) fraction 3,SOURCE_DERIVED_ANALYTICAL
FIT_2021_12,FIT-C06,6,FIT-E06-R3,3,3,4.69787237,7.15624475,6.6572,MEASURED_MASS_G,TDS,8.0496583,percent,535.88185268,DERIVED_FROM_CONCENTRATION_AND_MEASURED_LIQUID,VALID,,P24-MAT-FIT,ExperimentalData(6).run(3) fraction 3,SOURCE_DERIVED_ANALYTICAL
FIT_2021_12,FIT-C06,6,FIT-E06-R3,3,5,9.47532463,11.7858372,6.2568,MEASURED_MASS_G,caffeine,2.7340951,mg/g,17.10668624,DERIVED_FROM_CONCENTRATION_AND_MEASURED_LIQUID,VALID,,P24-MAT-FIT,ExperimentalData(6).run(3) fraction 5,SOURCE_DERIVED_ANALYTICAL
FIT_2021_12,FIT-C06,6,FIT-E06-R3,3,5,9.47532463,11.7858372,6.2568,MEASURED_MASS_G,trigonelline,1.17044915,mg/g,7.32326626,DERIVED_FROM_CONCENTRATION_AND_MEASURED_LIQUID,VALID,,P24-MAT-FIT,ExperimentalData(6).run(3) fraction 5,SOURCE_DERIVED_ANALYTICAL
FIT_2021_12,FIT-C06,6,FIT-E06-R3,3,5,9.47532463,11.7858372,6.2568,MEASURED_MASS_G,5CQA,1.60282364,mg/g,10.02854694,DERIVED_FROM_CONCENTRATION_AND_MEASURED_LIQUID,VALID,,P24-MAT-FIT,ExperimentalData(6).run(3) fraction 5,SOURCE_DERIVED_ANALYTICAL
FIT_2021_12,FIT-C06,6,FIT-E06-R3,3,5,9.47532463,11.7858372,6.2568,MEASURED_MASS_G,CQA_sum,3.20173826,mg/g,20.03263595,DERIVED_FROM_CONCENTRATION_AND_MEASURED_LIQUID,VALID,,P24-MAT-FIT,ExperimentalData(6).run(3) fraction 5,SOURCE_DERIVED_ANALYTICAL
FIT_2021_12,FIT-C06,6,FIT-E06-R3,3,5,9.47532463,11.7858372,6.2568,MEASURED_MASS_G,TDS,5.35387617,percent,334.981324,DERIVED_FROM_CONCENTRATION_AND_MEASURED_LIQUID,VALID,,P24-MAT-FIT,ExperimentalData(6).run(3) fraction 5,SOURCE_DERIVED_ANALYTICAL
FIT_2021_12,FIT-C06,6,FIT-E06-R3,3,7,14.02515255,16.10298165,5.6267,MEASURED_MASS_G,caffeine,2.12705477,mg/g,11.96829908,DERIVED_FROM_CONCENTRATION_AND_MEASURED_LIQUID,VALID,,P24-MAT-FIT,ExperimentalData(6).run(3) fraction 7,SOURCE_DERIVED_ANALYTICAL
FIT_2021_12,FIT-C06,6,FIT-E06-R3,3,7,14.02515255,16.10298165,5.6267,MEASURED_MASS_G,trigonelline,0.90104514,mg/g,5.06991068,DERIVED_FROM_CONCENTRATION_AND_MEASURED_LIQUID,VALID,,P24-MAT-FIT,ExperimentalData(6).run(3) fraction 7,SOURCE_DERIVED_ANALYTICAL
FIT_2021_12,FIT-C06,6,FIT-E06-R3,3,7,14.02515255,16.10298165,5.6267,MEASURED_MASS_G,5CQA,1.29218919,mg/g,7.2707609,DERIVED_FROM_CONCENTRATION_AND_MEASURED_LIQUID,VALID,,P24-MAT-FIT,ExperimentalData(6).run(3) fraction 7,SOURCE_DERIVED_ANALYTICAL
FIT_2021_12,FIT-C06,6,FIT-E06-R3,3,7,14.02515255,16.10298165,5.6267,MEASURED_MASS_G,CQA_sum,2.65001733,mg/g,14.91085253,DERIVED_FROM_CONCENTRATION_AND_MEASURED_LIQUID,VALID,,P24-MAT-FIT,ExperimentalData(6).run(3) fraction 7,SOURCE_DERIVED_ANALYTICAL
FIT_2021_12,FIT-C06,6,FIT-E06-R3,3,7,14.02515255,16.10298165,5.6267,MEASURED_MASS_G,TDS,4.15572029,percent,233.82991346,DERIVED_FROM_CONCENTRATION_AND_MEASURED_LIQUID,VALID,,P24-MAT-FIT,ExperimentalData(6).run(3) fraction 7,SOURCE_DERIVED_ANALYTICAL
FIT_2021_12,FIT-C06,6,FIT-E06-R3,3,10,20.45572471,22.74348963,6.1952,MEASURED_MASS_G,caffeine,1.23401114,mg/g,7.64494584,DERIVED_FROM_CONCENTRATION_AND_MEASURED_LIQUID,VALID,,P24-MAT-FIT,ExperimentalData(6).run(3) fraction 10,SOURCE_DERIVED_ANALYTICAL
FIT_2021_12,FIT-C06,6,FIT-E06-R3,3,10,20.45572471,22.74348963,6.1952,MEASURED_MASS_G,trigonelline,0.42703855,mg/g,2.64558923,DERIVED_FROM_CONCENTRATION_AND_MEASURED_LIQUID,VALID,,P24-MAT-FIT,ExperimentalData(6).run(3) fraction 10,SOURCE_DERIVED_ANALYTICAL
FIT_2021_12,FIT-C06,6,FIT-E06-R3,3,10,20.45572471,22.74348963,6.1952,MEASURED_MASS_G,5CQA,0.71632604,mg/g,4.43778308,DERIVED_FROM_CONCENTRATION_AND_MEASURED_LIQUID,VALID,,P24-MAT-FIT,ExperimentalData(6).run(3) fraction 10,SOURCE_DERIVED_ANALYTICAL
FIT_2021_12,FIT-C06,6,FIT-E06-R3,3,10,20.45572471,22.74348963,6.1952,MEASURED_MASS_G,CQA_sum,1.44373823,mg/g,8.94424706,DERIVED_FROM_CONCENTRATION_AND_MEASURED_LIQUID,VALID,,P24-MAT-FIT,ExperimentalData(6).run(3) fraction 10,SOURCE_DERIVED_ANALYTICAL
FIT_2021_12,FIT-C06,6,FIT-E06-R3,3,10,20.45572471,22.74348963,6.1952,MEASURED_MASS_G,TDS,1.95233323,percent,120.95094813,DERIVED_FROM_CONCENTRATION_AND_MEASURED_LIQUID,VALID,,P24-MAT-FIT,ExperimentalData(6).run(3) fraction 10,SOURCE_DERIVED_ANALYTICAL
FIT_2021_12,FIT-C07,7,FIT-E07-R1,1,1,0,2.99958867,8.8652,MEASURED_MASS_G,caffeine,7.45226622,mg/g,66.06583047,DERIVED_FROM_CONCENTRATION_AND_MEASURED_LIQUID,VALID,,P24-MAT-FIT,ExperimentalData(7).run(1) fraction 1,SOURCE_DERIVED_ANALYTICAL
FIT_2021_12,FIT-C07,7,FIT-E07-R1,1,1,0,2.99958867,8.8652,MEASURED_MASS_G,trigonelline,4.90202426,mg/g,43.45742548,DERIVED_FROM_CONCENTRATION_AND_MEASURED_LIQUID,VALID,,P24-MAT-FIT,ExperimentalData(7).run(1) fraction 1,SOURCE_DERIVED_ANALYTICAL
FIT_2021_12,FIT-C07,7,FIT-E07-R1,1,1,0,2.99958867,8.8652,MEASURED_MASS_G,5CQA,5.28328325,mg/g,46.83736268,DERIVED_FROM_CONCENTRATION_AND_MEASURED_LIQUID,VALID,,P24-MAT-FIT,ExperimentalData(7).run(1) fraction 1,SOURCE_DERIVED_ANALYTICAL
FIT_2021_12,FIT-C07,7,FIT-E07-R1,1,1,0,2.99958867,8.8652,MEASURED_MASS_G,CQA_sum,10.63545848,mg/g,94.28546651,DERIVED_FROM_CONCENTRATION_AND_MEASURED_LIQUID,VALID,,P24-MAT-FIT,ExperimentalData(7).run(1) fraction 1,SOURCE_DERIVED_ANALYTICAL
FIT_2021_12,FIT-C07,7,FIT-E07-R1,1,1,0,2.99958867,8.8652,MEASURED_MASS_G,TDS,18.05421884,percent,1600.54260862,DERIVED_FROM_CONCENTRATION_AND_MEASURED_LIQUID,VALID,,P24-MAT-FIT,ExperimentalData(7).run(1) fraction 1,SOURCE_DERIVED_ANALYTICAL
FIT_2021_12,FIT-C07,7,FIT-E07-R1,1,2,2.99958867,5.05628223,6.0785,MEASURED_MASS_G,caffeine,5.00875056,mg/g,30.44569029,DERIVED_FROM_CONCENTRATION_AND_MEASURED_LIQUID,VALID,,P24-MAT-FIT,ExperimentalData(7).run(1) fraction 2,SOURCE_DERIVED_ANALYTICAL
FIT_2021_12,FIT-C07,7,FIT-E07-R1,1,2,2.99958867,5.05628223,6.0785,MEASURED_MASS_G,trigonelline,2.82670648,mg/g,17.18213537,DERIVED_FROM_CONCENTRATION_AND_MEASURED_LIQUID,VALID,,P24-MAT-FIT,ExperimentalData(7).run(1) fraction 2,SOURCE_DERIVED_ANALYTICAL
FIT_2021_12,FIT-C07,7,FIT-E07-R1,1,2,2.99958867,5.05628223,6.0785,MEASURED_MASS_G,5CQA,3.34791885,mg/g,20.35032472,DERIVED_FROM_CONCENTRATION_AND_MEASURED_LIQUID,VALID,,P24-MAT-FIT,ExperimentalData(7).run(1) fraction 2,SOURCE_DERIVED_ANALYTICAL
FIT_2021_12,FIT-C07,7,FIT-E07-R1,1,2,2.99958867,5.05628223,6.0785,MEASURED_MASS_G,CQA_sum,6.56090331,mg/g,39.88045077,DERIVED_FROM_CONCENTRATION_AND_MEASURED_LIQUID,VALID,,P24-MAT-FIT,ExperimentalData(7).run(1) fraction 2,SOURCE_DERIVED_ANALYTICAL
FIT_2021_12,FIT-C07,7,FIT-E07-R1,1,2,2.99958867,5.05628223,6.0785,MEASURED_MASS_G,TDS,10.59846371,percent,644.22761637,DERIVED_FROM_CONCENTRATION_AND_MEASURED_LIQUID,VALID,,P24-MAT-FIT,ExperimentalData(7).run(1) fraction 2,SOURCE_DERIVED_ANALYTICAL
FIT_2021_12,FIT-C07,7,FIT-E07-R1,1,3,5.05628223,7.07754997,5.9738,MEASURED_MASS_G,caffeine,3.90488419,mg/g,23.32699716,DERIVED_FROM_CONCENTRATION_AND_MEASURED_LIQUID,VALID,,P24-MAT-FIT,ExperimentalData(7).run(1) fraction 3,SOURCE_DERIVED_ANALYTICAL
FIT_2021_12,FIT-C07,7,FIT-E07-R1,1,3,5.05628223,7.07754997,5.9738,MEASURED_MASS_G,trigonelline,2.08312479,mg/g,12.44417086,DERIVED_FROM_CONCENTRATION_AND_MEASURED_LIQUID,VALID,,P24-MAT-FIT,ExperimentalData(7).run(1) fraction 3,SOURCE_DERIVED_ANALYTICAL
FIT_2021_12,FIT-C07,7,FIT-E07-R1,1,3,5.05628223,7.07754997,5.9738,MEASURED_MASS_G,5CQA,2.60884773,mg/g,15.58473455,DERIVED_FROM_CONCENTRATION_AND_MEASURED_LIQUID,VALID,,P24-MAT-FIT,ExperimentalData(7).run(1) fraction 3,SOURCE_DERIVED_ANALYTICAL
FIT_2021_12,FIT-C07,7,FIT-E07-R1,1,3,5.05628223,7.07754997,5.9738,MEASURED_MASS_G,CQA_sum,5.21350684,mg/g,31.14444717,DERIVED_FROM_CONCENTRATION_AND_MEASURED_LIQUID,VALID,,P24-MAT-FIT,ExperimentalData(7).run(1) fraction 3,SOURCE_DERIVED_ANALYTICAL
FIT_2021_12,FIT-C07,7,FIT-E07-R1,1,3,5.05628223,7.07754997,5.9738,MEASURED_MASS_G,TDS,8.00895009,percent,478.43866041,DERIVED_FROM_CONCENTRATION_AND_MEASURED_LIQUID,VALID,,P24-MAT-FIT,ExperimentalData(7).run(1) fraction 3,SOURCE_DERIVED_ANALYTICAL
FIT_2021_12,FIT-C07,7,FIT-E07-R1,1,5,8.99118685,11.06165147,6.1192,MEASURED_MASS_G,caffeine,2.62846876,mg/g,16.08412602,DERIVED_FROM_CONCENTRATION_AND_MEASURED_LIQUID,VALID,,P24-MAT-FIT,ExperimentalData(7).run(1) fraction 5,SOURCE_DERIVED_ANALYTICAL
FIT_2021_12,FIT-C07,7,FIT-E07-R1,1,5,8.99118685,11.06165147,6.1192,MEASURED_MASS_G,trigonelline,1.20737436,mg/g,7.3881652,DERIVED_FROM_CONCENTRATION_AND_MEASURED_LIQUID,VALID,,P24-MAT-FIT,ExperimentalData(7).run(1) fraction 5,SOURCE_DERIVED_ANALYTICAL
FIT_2021_12,FIT-C07,7,FIT-E07-R1,1,5,8.99118685,11.06165147,6.1192,MEASURED_MASS_G,5CQA,1.65629076,mg/g,10.13517439,DERIVED_FROM_CONCENTRATION_AND_MEASURED_LIQUID,VALID,,P24-MAT-FIT,ExperimentalData(7).run(1) fraction 5,SOURCE_DERIVED_ANALYTICAL
FIT_2021_12,FIT-C07,7,FIT-E07-R1,1,5,8.99118685,11.06165147,6.1192,MEASURED_MASS_G,CQA_sum,3.23698699,mg/g,19.8077708,DERIVED_FROM_CONCENTRATION_AND_MEASURED_LIQUID,VALID,,P24-MAT-FIT,ExperimentalData(7).run(1) fraction 5,SOURCE_DERIVED_ANALYTICAL
FIT_2021_12,FIT-C07,7,FIT-E07-R1,1,5,8.99118685,11.06165147,6.1192,MEASURED_MASS_G,TDS,5.11911586,percent,313.24893794,DERIVED_FROM_CONCENTRATION_AND_MEASURED_LIQUID,VALID,,P24-MAT-FIT,ExperimentalData(7).run(1) fraction 5,SOURCE_DERIVED_ANALYTICAL
FIT_2021_12,FIT-C07,7,FIT-E07-R1,1,7,13.00611253,14.84771353,5.4428,MEASURED_MASS_G,caffeine,1.89452948,mg/g,10.31154503,DERIVED_FROM_CONCENTRATION_AND_MEASURED_LIQUID,VALID,,P24-MAT-FIT,ExperimentalData(7).run(1) fraction 7,SOURCE_DERIVED_ANALYTICAL
FIT_2021_12,FIT-C07,7,FIT-E07-R1,1,7,13.00611253,14.84771353,5.4428,MEASURED_MASS_G,trigonelline,0.77941202,mg/g,4.24218373,DERIVED_FROM_CONCENTRATION_AND_MEASURED_LIQUID,VALID,,P24-MAT-FIT,ExperimentalData(7).run(1) fraction 7,SOURCE_DERIVED_ANALYTICAL
FIT_2021_12,FIT-C07,7,FIT-E07-R1,1,7,13.00611253,14.84771353,5.4428,MEASURED_MASS_G,5CQA,1.18931259,mg/g,6.47319059,DERIVED_FROM_CONCENTRATION_AND_MEASURED_LIQUID,VALID,,P24-MAT-FIT,ExperimentalData(7).run(1) fraction 7,SOURCE_DERIVED_ANALYTICAL
FIT_2021_12,FIT-C07,7,FIT-E07-R1,1,7,13.00611253,14.84771353,5.4428,MEASURED_MASS_G,CQA_sum,2.36753383,mg/g,12.88601315,DERIVED_FROM_CONCENTRATION_AND_MEASURED_LIQUID,VALID,,P24-MAT-FIT,ExperimentalData(7).run(1) fraction 7,SOURCE_DERIVED_ANALYTICAL
FIT_2021_12,FIT-C07,7,FIT-E07-R1,1,7,13.00611253,14.84771353,5.4428,MEASURED_MASS_G,TDS,3.28780464,percent,178.94863078,DERIVED_FROM_CONCENTRATION_AND_MEASURED_LIQUID,VALID,,P24-MAT-FIT,ExperimentalData(7).run(1) fraction 7,SOURCE_DERIVED_ANALYTICAL
FIT_2021_12,FIT-C07,7,FIT-E07-R1,1,10,18.6583402,20.64059556,5.8585,MEASURED_MASS_G,caffeine,1.08503182,mg/g,6.35665894,DERIVED_FROM_CONCENTRATION_AND_MEASURED_LIQUID,VALID,,P24-MAT-FIT,ExperimentalData(7).run(1) fraction 10,SOURCE_DERIVED_ANALYTICAL
FIT_2021_12,FIT-C07,7,FIT-E07-R1,1,10,18.6583402,20.64059556,5.8585,MEASURED_MASS_G,trigonelline,0.34608131,mg/g,2.02751737,DERIVED_FROM_CONCENTRATION_AND_MEASURED_LIQUID,VALID,,P24-MAT-FIT,ExperimentalData(7).run(1) fraction 10,SOURCE_DERIVED_ANALYTICAL
FIT_2021_12,FIT-C07,7,FIT-E07-R1,1,10,18.6583402,20.64059556,5.8585,MEASURED_MASS_G,5CQA,0.63639867,mg/g,3.72834159,DERIVED_FROM_CONCENTRATION_AND_MEASURED_LIQUID,VALID,,P24-MAT-FIT,ExperimentalData(7).run(1) fraction 10,SOURCE_DERIVED_ANALYTICAL
FIT_2021_12,FIT-C07,7,FIT-E07-R1,1,10,18.6583402,20.64059556,5.8585,MEASURED_MASS_G,CQA_sum,1.23825836,mg/g,7.25433662,DERIVED_FROM_CONCENTRATION_AND_MEASURED_LIQUID,VALID,,P24-MAT-FIT,ExperimentalData(7).run(1) fraction 10,SOURCE_DERIVED_ANALYTICAL
FIT_2021_12,FIT-C07,7,FIT-E07-R1,1,10,18.6583402,20.64059556,5.8585,MEASURED_MASS_G,TDS,1.3925147,percent,81.58047347,DERIVED_FROM_CONCENTRATION_AND_MEASURED_LIQUID,VALID,,P24-MAT-FIT,ExperimentalData(7).run(1) fraction 10,SOURCE_DERIVED_ANALYTICAL
FIT_2021_12,FIT-C07,7,FIT-E07-R2,2,1,0,2.34137604,6.8257,MEASURED_MASS_G,caffeine,8.37447106,mg/g,57.16162714,DERIVED_FROM_CONCENTRATION_AND_MEASURED_LIQUID,VALID,,P24-MAT-FIT,ExperimentalData(7).run(2) fraction 1,SOURCE_DERIVED_ANALYTICAL
FIT_2021_12,FIT-C07,7,FIT-E07-R2,2,1,0,2.34137604,6.8257,MEASURED_MASS_G,trigonelline,5.62248019,mg/g,38.37736307,DERIVED_FROM_CONCENTRATION_AND_MEASURED_LIQUID,VALID,,P24-MAT-FIT,ExperimentalData(7).run(2) fraction 1,SOURCE_DERIVED_ANALYTICAL
FIT_2021_12,FIT-C07,7,FIT-E07-R2,2,1,0,2.34137604,6.8257,MEASURED_MASS_G,5CQA,5.76214411,mg/g,39.33066703,DERIVED_FROM_CONCENTRATION_AND_MEASURED_LIQUID,VALID,,P24-MAT-FIT,ExperimentalData(7).run(2) fraction 1,SOURCE_DERIVED_ANALYTICAL
FIT_2021_12,FIT-C07,7,FIT-E07-R2,2,1,0,2.34137604,6.8257,MEASURED_MASS_G,CQA_sum,11.69132212,mg/g,79.80145738,DERIVED_FROM_CONCENTRATION_AND_MEASURED_LIQUID,VALID,,P24-MAT-FIT,ExperimentalData(7).run(2) fraction 1,SOURCE_DERIVED_ANALYTICAL
FIT_2021_12,FIT-C07,7,FIT-E07-R2,2,1,0,2.34137604,6.8257,MEASURED_MASS_G,TDS,19.85674825,percent,1355.3620652,DERIVED_FROM_CONCENTRATION_AND_MEASURED_LIQUID,VALID,,P24-MAT-FIT,ExperimentalData(7).run(2) fraction 1,SOURCE_DERIVED_ANALYTICAL
FIT_2021_12,FIT-C07,7,FIT-E07-R2,2,2,2.34137604,4.45001058,6.1472,MEASURED_MASS_G,caffeine,5.83989847,mg/g,35.89902387,DERIVED_FROM_CONCENTRATION_AND_MEASURED_LIQUID,VALID,,P24-MAT-FIT,ExperimentalData(7).run(2) fraction 2,SOURCE_DERIVED_ANALYTICAL
FIT_2021_12,FIT-C07,7,FIT-E07-R2,2,2,2.34137604,4.45001058,6.1472,MEASURED_MASS_G,trigonelline,3.38064523,mg/g,20.78150233,DERIVED_FROM_CONCENTRATION_AND_MEASURED_LIQUID,VALID,,P24-MAT-FIT,ExperimentalData(7).run(2) fraction 2,SOURCE_DERIVED_ANALYTICAL
FIT_2021_12,FIT-C07,7,FIT-E07-R2,2,2,2.34137604,4.45001058,6.1472,MEASURED_MASS_G,5CQA,3.85127217,mg/g,23.6745403,DERIVED_FROM_CONCENTRATION_AND_MEASURED_LIQUID,VALID,,P24-MAT-FIT,ExperimentalData(7).run(2) fraction 2,SOURCE_DERIVED_ANALYTICAL
FIT_2021_12,FIT-C07,7,FIT-E07-R2,2,2,2.34137604,4.45001058,6.1472,MEASURED_MASS_G,CQA_sum,7.64126061,mg/g,46.97235719,DERIVED_FROM_CONCENTRATION_AND_MEASURED_LIQUID,VALID,,P24-MAT-FIT,ExperimentalData(7).run(2) fraction 2,SOURCE_DERIVED_ANALYTICAL
FIT_2021_12,FIT-C07,7,FIT-E07-R2,2,2,2.34137604,4.45001058,6.1472,MEASURED_MASS_G,TDS,12.24589005,percent,752.77935291,DERIVED_FROM_CONCENTRATION_AND_MEASURED_LIQUID,VALID,,P24-MAT-FIT,ExperimentalData(7).run(2) fraction 2,SOURCE_DERIVED_ANALYTICAL
FIT_2021_12,FIT-C07,7,FIT-E07-R2,2,3,4.45001058,6.53092882,6.0664,MEASURED_MASS_G,caffeine,4.34387671,mg/g,26.35169369,DERIVED_FROM_CONCENTRATION_AND_MEASURED_LIQUID,VALID,,P24-MAT-FIT,ExperimentalData(7).run(2) fraction 3,SOURCE_DERIVED_ANALYTICAL
FIT_2021_12,FIT-C07,7,FIT-E07-R2,2,3,4.45001058,6.53092882,6.0664,MEASURED_MASS_G,trigonelline,2.32219575,mg/g,14.08736829,DERIVED_FROM_CONCENTRATION_AND_MEASURED_LIQUID,VALID,,P24-MAT-FIT,ExperimentalData(7).run(2) fraction 3,SOURCE_DERIVED_ANALYTICAL
FIT_2021_12,FIT-C07,7,FIT-E07-R2,2,3,4.45001058,6.53092882,6.0664,MEASURED_MASS_G,5CQA,2.82278663,mg/g,17.12415283,DERIVED_FROM_CONCENTRATION_AND_MEASURED_LIQUID,VALID,,P24-MAT-FIT,ExperimentalData(7).run(2) fraction 3,SOURCE_DERIVED_ANALYTICAL
FIT_2021_12,FIT-C07,7,FIT-E07-R2,2,3,4.45001058,6.53092882,6.0664,MEASURED_MASS_G,CQA_sum,5.67445587,mg/g,34.4235191,DERIVED_FROM_CONCENTRATION_AND_MEASURED_LIQUID,VALID,,P24-MAT-FIT,ExperimentalData(7).run(2) fraction 3,SOURCE_DERIVED_ANALYTICAL
FIT_2021_12,FIT-C07,7,FIT-E07-R2,2,3,4.45001058,6.53092882,6.0664,MEASURED_MASS_G,TDS,8.6615304,percent,525.44308012,DERIVED_FROM_CONCENTRATION_AND_MEASURED_LIQUID,VALID,,P24-MAT-FIT,ExperimentalData(7).run(2) fraction 3,SOURCE_DERIVED_ANALYTICAL
FIT_2021_12,FIT-C07,7,FIT-E07-R2,2,5,8.47508356,10.37944756,5.5517,MEASURED_MASS_G,caffeine,2.90226277,mg/g,16.1124922,DERIVED_FROM_CONCENTRATION_AND_MEASURED_LIQUID,VALID,,P24-MAT-FIT,ExperimentalData(7).run(2) fraction 5,SOURCE_DERIVED_ANALYTICAL
FIT_2021_12,FIT-C07,7,FIT-E07-R2,2,5,8.47508356,10.37944756,5.5517,MEASURED_MASS_G,trigonelline,1.34886895,mg/g,7.48851576,DERIVED_FROM_CONCENTRATION_AND_MEASURED_LIQUID,VALID,,P24-MAT-FIT,ExperimentalData(7).run(2) fraction 5,SOURCE_DERIVED_ANALYTICAL
FIT_2021_12,FIT-C07,7,FIT-E07-R2,2,5,8.47508356,10.37944756,5.5517,MEASURED_MASS_G,5CQA,1.7819612,mg/g,9.89291399,DERIVED_FROM_CONCENTRATION_AND_MEASURED_LIQUID,VALID,,P24-MAT-FIT,ExperimentalData(7).run(2) fraction 5,SOURCE_DERIVED_ANALYTICAL
FIT_2021_12,FIT-C07,7,FIT-E07-R2,2,5,8.47508356,10.37944756,5.5517,MEASURED_MASS_G,CQA_sum,3.5139955,mg/g,19.50864879,DERIVED_FROM_CONCENTRATION_AND_MEASURED_LIQUID,VALID,,P24-MAT-FIT,ExperimentalData(7).run(2) fraction 5,SOURCE_DERIVED_ANALYTICAL
FIT_2021_12,FIT-C07,7,FIT-E07-R2,2,5,8.47508356,10.37944756,5.5517,MEASURED_MASS_G,TDS,5.51943467,percent,306.42245433,DERIVED_FROM_CONCENTRATION_AND_MEASURED_LIQUID,VALID,,P24-MAT-FIT,ExperimentalData(7).run(2) fraction 5,SOURCE_DERIVED_ANALYTICAL
FIT_2021_12,FIT-C07,7,FIT-E07-R2,2,7,12.49655479,14.39515599,5.5349,MEASURED_MASS_G,caffeine,1.9764782,mg/g,10.93960917,DERIVED_FROM_CONCENTRATION_AND_MEASURED_LIQUID,VALID,,P24-MAT-FIT,ExperimentalData(7).run(2) fraction 7,SOURCE_DERIVED_ANALYTICAL
FIT_2021_12,FIT-C07,7,FIT-E07-R2,2,7,12.49655479,14.39515599,5.5349,MEASURED_MASS_G,trigonelline,0.81964846,mg/g,4.53667227,DERIVED_FROM_CONCENTRATION_AND_MEASURED_LIQUID,VALID,,P24-MAT-FIT,ExperimentalData(7).run(2) fraction 7,SOURCE_DERIVED_ANALYTICAL
FIT_2021_12,FIT-C07,7,FIT-E07-R2,2,7,12.49655479,14.39515599,5.5349,MEASURED_MASS_G,5CQA,1.20689733,mg/g,6.68005602,DERIVED_FROM_CONCENTRATION_AND_MEASURED_LIQUID,VALID,,P24-MAT-FIT,ExperimentalData(7).run(2) fraction 7,SOURCE_DERIVED_ANALYTICAL
FIT_2021_12,FIT-C07,7,FIT-E07-R2,2,7,12.49655479,14.39515599,5.5349,MEASURED_MASS_G,CQA_sum,2.41690062,mg/g,13.37730323,DERIVED_FROM_CONCENTRATION_AND_MEASURED_LIQUID,VALID,,P24-MAT-FIT,ExperimentalData(7).run(2) fraction 7,SOURCE_DERIVED_ANALYTICAL
FIT_2021_12,FIT-C07,7,FIT-E07-R2,2,7,12.49655479,14.39515599,5.5349,MEASURED_MASS_G,TDS,3.28353602,percent,181.74043527,DERIVED_FROM_CONCENTRATION_AND_MEASURED_LIQUID,VALID,,P24-MAT-FIT,ExperimentalData(7).run(2) fraction 7,SOURCE_DERIVED_ANALYTICAL
FIT_2021_12,FIT-C07,7,FIT-E07-R2,2,10,18.23537356,20.14711257,5.5732,MEASURED_MASS_G,caffeine,1.18244586,mg/g,6.59000728,DERIVED_FROM_CONCENTRATION_AND_MEASURED_LIQUID,VALID,,P24-MAT-FIT,ExperimentalData(7).run(2) fraction 10,SOURCE_DERIVED_ANALYTICAL
FIT_2021_12,FIT-C07,7,FIT-E07-R2,2,10,18.23537356,20.14711257,5.5732,MEASURED_MASS_G,trigonelline,0.38490407,mg/g,2.14514734,DERIVED_FROM_CONCENTRATION_AND_MEASURED_LIQUID,VALID,,P24-MAT-FIT,ExperimentalData(7).run(2) fraction 10,SOURCE_DERIVED_ANALYTICAL
FIT_2021_12,FIT-C07,7,FIT-E07-R2,2,10,18.23537356,20.14711257,5.5732,MEASURED_MASS_G,5CQA,0.67781111,mg/g,3.77757687,DERIVED_FROM_CONCENTRATION_AND_MEASURED_LIQUID,VALID,,P24-MAT-FIT,ExperimentalData(7).run(2) fraction 10,SOURCE_DERIVED_ANALYTICAL
FIT_2021_12,FIT-C07,7,FIT-E07-R2,2,10,18.23537356,20.14711257,5.5732,MEASURED_MASS_G,CQA_sum,1.33067994,mg/g,7.41614546,DERIVED_FROM_CONCENTRATION_AND_MEASURED_LIQUID,VALID,,P24-MAT-FIT,ExperimentalData(7).run(2) fraction 10,SOURCE_DERIVED_ANALYTICAL
FIT_2021_12,FIT-C07,7,FIT-E07-R2,2,10,18.23537356,20.14711257,5.5732,MEASURED_MASS_G,TDS,1.55636917,percent,86.73956635,DERIVED_FROM_CONCENTRATION_AND_MEASURED_LIQUID,VALID,,P24-MAT-FIT,ExperimentalData(7).run(2) fraction 10,SOURCE_DERIVED_ANALYTICAL
FIT_2021_12,FIT-C07,7,FIT-E07-R3,3,1,0,2.58637622,7.6728,MEASURED_MASS_G,caffeine,8.04111462,mg/g,61.69786427,DERIVED_FROM_CONCENTRATION_AND_MEASURED_LIQUID,VALID,,P24-MAT-FIT,ExperimentalData(7).run(3) fraction 1,SOURCE_DERIVED_ANALYTICAL
FIT_2021_12,FIT-C07,7,FIT-E07-R3,3,1,0,2.58637622,7.6728,MEASURED_MASS_G,trigonelline,5.28044186,mg/g,40.51577431,DERIVED_FROM_CONCENTRATION_AND_MEASURED_LIQUID,VALID,,P24-MAT-FIT,ExperimentalData(7).run(3) fraction 1,SOURCE_DERIVED_ANALYTICAL
FIT_2021_12,FIT-C07,7,FIT-E07-R3,3,1,0,2.58637622,7.6728,MEASURED_MASS_G,5CQA,5.45161715,mg/g,41.82916807,DERIVED_FROM_CONCENTRATION_AND_MEASURED_LIQUID,VALID,,P24-MAT-FIT,ExperimentalData(7).run(3) fraction 1,SOURCE_DERIVED_ANALYTICAL
FIT_2021_12,FIT-C07,7,FIT-E07-R3,3,1,0,2.58637622,7.6728,MEASURED_MASS_G,CQA_sum,11.05620061,mg/g,84.83201604,DERIVED_FROM_CONCENTRATION_AND_MEASURED_LIQUID,VALID,,P24-MAT-FIT,ExperimentalData(7).run(3) fraction 1,SOURCE_DERIVED_ANALYTICAL
FIT_2021_12,FIT-C07,7,FIT-E07-R3,3,1,0,2.58637622,7.6728,MEASURED_MASS_G,TDS,18.99559774,percent,1457.49422301,DERIVED_FROM_CONCENTRATION_AND_MEASURED_LIQUID,VALID,,P24-MAT-FIT,ExperimentalData(7).run(3) fraction 1,SOURCE_DERIVED_ANALYTICAL
FIT_2021_12,FIT-C07,7,FIT-E07-R3,3,2,2.58637622,4.74330774,6.3988,MEASURED_MASS_G,caffeine,5.62554559,mg/g,35.99674114,DERIVED_FROM_CONCENTRATION_AND_MEASURED_LIQUID,VALID,,P24-MAT-FIT,ExperimentalData(7).run(3) fraction 2,SOURCE_DERIVED_ANALYTICAL
FIT_2021_12,FIT-C07,7,FIT-E07-R3,3,2,2.58637622,4.74330774,6.3988,MEASURED_MASS_G,trigonelline,3.17019034,mg/g,20.28541398,DERIVED_FROM_CONCENTRATION_AND_MEASURED_LIQUID,VALID,,P24-MAT-FIT,ExperimentalData(7).run(3) fraction 2,SOURCE_DERIVED_ANALYTICAL
FIT_2021_12,FIT-C07,7,FIT-E07-R3,3,2,2.58637622,4.74330774,6.3988,MEASURED_MASS_G,5CQA,3.60985864,mg/g,23.0987635,DERIVED_FROM_CONCENTRATION_AND_MEASURED_LIQUID,VALID,,P24-MAT-FIT,ExperimentalData(7).run(3) fraction 2,SOURCE_DERIVED_ANALYTICAL
FIT_2021_12,FIT-C07,7,FIT-E07-R3,3,2,2.58637622,4.74330774,6.3988,MEASURED_MASS_G,CQA_sum,7.15906991,mg/g,45.80945653,DERIVED_FROM_CONCENTRATION_AND_MEASURED_LIQUID,VALID,,P24-MAT-FIT,ExperimentalData(7).run(3) fraction 2,SOURCE_DERIVED_ANALYTICAL
FIT_2021_12,FIT-C07,7,FIT-E07-R3,3,2,2.58637622,4.74330774,6.3988,MEASURED_MASS_G,TDS,11.55830585,percent,739.59287471,DERIVED_FROM_CONCENTRATION_AND_MEASURED_LIQUID,VALID,,P24-MAT-FIT,ExperimentalData(7).run(3) fraction 2,SOURCE_DERIVED_ANALYTICAL
FIT_2021_12,FIT-C07,7,FIT-E07-R3,3,3,4.74330774,6.88078953,6.3411,MEASURED_MASS_G,caffeine,4.23756502,mg/g,26.87082352,DERIVED_FROM_CONCENTRATION_AND_MEASURED_LIQUID,VALID,,P24-MAT-FIT,ExperimentalData(7).run(3) fraction 3,SOURCE_DERIVED_ANALYTICAL
FIT_2021_12,FIT-C07,7,FIT-E07-R3,3,3,4.74330774,6.88078953,6.3411,MEASURED_MASS_G,trigonelline,2.22403594,mg/g,14.1028343,DERIVED_FROM_CONCENTRATION_AND_MEASURED_LIQUID,VALID,,P24-MAT-FIT,ExperimentalData(7).run(3) fraction 3,SOURCE_DERIVED_ANALYTICAL
FIT_2021_12,FIT-C07,7,FIT-E07-R3,3,3,4.74330774,6.88078953,6.3411,MEASURED_MASS_G,5CQA,2.69359693,mg/g,17.08036751,DERIVED_FROM_CONCENTRATION_AND_MEASURED_LIQUID,VALID,,P24-MAT-FIT,ExperimentalData(7).run(3) fraction 3,SOURCE_DERIVED_ANALYTICAL
FIT_2021_12,FIT-C07,7,FIT-E07-R3,3,3,4.74330774,6.88078953,6.3411,MEASURED_MASS_G,CQA_sum,5.41625052,mg/g,34.34498619,DERIVED_FROM_CONCENTRATION_AND_MEASURED_LIQUID,VALID,,P24-MAT-FIT,ExperimentalData(7).run(3) fraction 3,SOURCE_DERIVED_ANALYTICAL
FIT_2021_12,FIT-C07,7,FIT-E07-R3,3,3,4.74330774,6.88078953,6.3411,MEASURED_MASS_G,TDS,8.54172969,percent,541.63962159,DERIVED_FROM_CONCENTRATION_AND_MEASURED_LIQUID,VALID,,P24-MAT-FIT,ExperimentalData(7).run(3) fraction 3,SOURCE_DERIVED_ANALYTICAL
FIT_2021_12,FIT-C07,7,FIT-E07-R3,3,5,8.84130234,10.82439977,5.8831,MEASURED_MASS_G,caffeine,2.79856714,mg/g,16.46425033,DERIVED_FROM_CONCENTRATION_AND_MEASURED_LIQUID,VALID,,P24-MAT-FIT,ExperimentalData(7).run(3) fraction 5,SOURCE_DERIVED_ANALYTICAL
FIT_2021_12,FIT-C07,7,FIT-E07-R3,3,5,8.84130234,10.82439977,5.8831,MEASURED_MASS_G,trigonelline,1.25796011,mg/g,7.40070514,DERIVED_FROM_CONCENTRATION_AND_MEASURED_LIQUID,VALID,,P24-MAT-FIT,ExperimentalData(7).run(3) fraction 5,SOURCE_DERIVED_ANALYTICAL
FIT_2021_12,FIT-C07,7,FIT-E07-R3,3,5,8.84130234,10.82439977,5.8831,MEASURED_MASS_G,5CQA,1.68330656,mg/g,9.90306082,DERIVED_FROM_CONCENTRATION_AND_MEASURED_LIQUID,VALID,,P24-MAT-FIT,ExperimentalData(7).run(3) fraction 5,SOURCE_DERIVED_ANALYTICAL
FIT_2021_12,FIT-C07,7,FIT-E07-R3,3,5,8.84130234,10.82439977,5.8831,MEASURED_MASS_G,CQA_sum,3.31059895,mg/g,19.47658466,DERIVED_FROM_CONCENTRATION_AND_MEASURED_LIQUID,VALID,,P24-MAT-FIT,ExperimentalData(7).run(3) fraction 5,SOURCE_DERIVED_ANALYTICAL
FIT_2021_12,FIT-C07,7,FIT-E07-R3,3,5,8.84130234,10.82439977,5.8831,MEASURED_MASS_G,TDS,5.21506978,percent,306.80777011,DERIVED_FROM_CONCENTRATION_AND_MEASURED_LIQUID,VALID,,P24-MAT-FIT,ExperimentalData(7).run(3) fraction 5,SOURCE_DERIVED_ANALYTICAL
FIT_2021_12,FIT-C07,7,FIT-E07-R3,3,7,12.69551797,14.64989586,5.7979,MEASURED_MASS_G,caffeine,1.90795953,mg/g,11.06215854,DERIVED_FROM_CONCENTRATION_AND_MEASURED_LIQUID,VALID,,P24-MAT-FIT,ExperimentalData(7).run(3) fraction 7,SOURCE_DERIVED_ANALYTICAL
FIT_2021_12,FIT-C07,7,FIT-E07-R3,3,7,12.69551797,14.64989586,5.7979,MEASURED_MASS_G,trigonelline,0.75527364,mg/g,4.37900104,DERIVED_FROM_CONCENTRATION_AND_MEASURED_LIQUID,VALID,,P24-MAT-FIT,ExperimentalData(7).run(3) fraction 7,SOURCE_DERIVED_ANALYTICAL
FIT_2021_12,FIT-C07,7,FIT-E07-R3,3,7,12.69551797,14.64989586,5.7979,MEASURED_MASS_G,5CQA,1.13534936,mg/g,6.58264203,DERIVED_FROM_CONCENTRATION_AND_MEASURED_LIQUID,VALID,,P24-MAT-FIT,ExperimentalData(7).run(3) fraction 7,SOURCE_DERIVED_ANALYTICAL
FIT_2021_12,FIT-C07,7,FIT-E07-R3,3,7,12.69551797,14.64989586,5.7979,MEASURED_MASS_G,CQA_sum,2.27002633,mg/g,13.16138565,DERIVED_FROM_CONCENTRATION_AND_MEASURED_LIQUID,VALID,,P24-MAT-FIT,ExperimentalData(7).run(3) fraction 7,SOURCE_DERIVED_ANALYTICAL
FIT_2021_12,FIT-C07,7,FIT-E07-R3,3,7,12.69551797,14.64989586,5.7979,MEASURED_MASS_G,TDS,3.13729058,percent,181.89697072,DERIVED_FROM_CONCENTRATION_AND_MEASURED_LIQUID,VALID,,P24-MAT-FIT,ExperimentalData(7).run(3) fraction 7,SOURCE_DERIVED_ANALYTICAL
FIT_2021_12,FIT-C07,7,FIT-E07-R3,3,10,18.47404363,20.37829716,5.6492,MEASURED_MASS_G,caffeine,1.12900381,mg/g,6.37796833,DERIVED_FROM_CONCENTRATION_AND_MEASURED_LIQUID,VALID,,P24-MAT-FIT,ExperimentalData(7).run(3) fraction 10,SOURCE_DERIVED_ANALYTICAL
FIT_2021_12,FIT-C07,7,FIT-E07-R3,3,10,18.47404363,20.37829716,5.6492,MEASURED_MASS_G,trigonelline,0.34582913,mg/g,1.95365792,DERIVED_FROM_CONCENTRATION_AND_MEASURED_LIQUID,VALID,,P24-MAT-FIT,ExperimentalData(7).run(3) fraction 10,SOURCE_DERIVED_ANALYTICAL
FIT_2021_12,FIT-C07,7,FIT-E07-R3,3,10,18.47404363,20.37829716,5.6492,MEASURED_MASS_G,5CQA,0.6268853,mg/g,3.54140044,DERIVED_FROM_CONCENTRATION_AND_MEASURED_LIQUID,VALID,,P24-MAT-FIT,ExperimentalData(7).run(3) fraction 10,SOURCE_DERIVED_ANALYTICAL
FIT_2021_12,FIT-C07,7,FIT-E07-R3,3,10,18.47404363,20.37829716,5.6492,MEASURED_MASS_G,CQA_sum,1.2251025,mg/g,6.92084902,DERIVED_FROM_CONCENTRATION_AND_MEASURED_LIQUID,VALID,,P24-MAT-FIT,ExperimentalData(7).run(3) fraction 10,SOURCE_DERIVED_ANALYTICAL
FIT_2021_12,FIT-C07,7,FIT-E07-R3,3,10,18.47404363,20.37829716,5.6492,MEASURED_MASS_G,TDS,1.59300975,percent,89.99230674,DERIVED_FROM_CONCENTRATION_AND_MEASURED_LIQUID,VALID,,P24-MAT-FIT,ExperimentalData(7).run(3) fraction 10,SOURCE_DERIVED_ANALYTICAL
FIT_2021_12,FIT-C08,8,FIT-E08-R1,1,1,0,1.87936446,4.6497,MEASURED_MASS_G,caffeine,8.81273203,mg/g,40.97656011,DERIVED_FROM_CONCENTRATION_AND_MEASURED_LIQUID,VALID,,P24-MAT-FIT,ExperimentalData(8).run(1) fraction 1,SOURCE_DERIVED_ANALYTICAL
FIT_2021_12,FIT-C08,8,FIT-E08-R1,1,1,0,1.87936446,4.6497,MEASURED_MASS_G,trigonelline,5.93487707,mg/g,27.59539791,DERIVED_FROM_CONCENTRATION_AND_MEASURED_LIQUID,VALID,,P24-MAT-FIT,ExperimentalData(8).run(1) fraction 1,SOURCE_DERIVED_ANALYTICAL
FIT_2021_12,FIT-C08,8,FIT-E08-R1,1,1,0,1.87936446,4.6497,MEASURED_MASS_G,5CQA,6.3063462,mg/g,29.32261794,DERIVED_FROM_CONCENTRATION_AND_MEASURED_LIQUID,VALID,,P24-MAT-FIT,ExperimentalData(8).run(1) fraction 1,SOURCE_DERIVED_ANALYTICAL
FIT_2021_12,FIT-C08,8,FIT-E08-R1,1,1,0,1.87936446,4.6497,MEASURED_MASS_G,CQA_sum,12.74848513,mg/g,59.27663131,DERIVED_FROM_CONCENTRATION_AND_MEASURED_LIQUID,VALID,,P24-MAT-FIT,ExperimentalData(8).run(1) fraction 1,SOURCE_DERIVED_ANALYTICAL
FIT_2021_12,FIT-C08,8,FIT-E08-R1,1,1,0,1.87936446,4.6497,MEASURED_MASS_G,TDS,22.28075776,percent,1035.98839345,DERIVED_FROM_CONCENTRATION_AND_MEASURED_LIQUID,VALID,,P24-MAT-FIT,ExperimentalData(8).run(1) fraction 1,SOURCE_DERIVED_ANALYTICAL
FIT_2021_12,FIT-C08,8,FIT-E08-R1,1,2,1.87936446,4.13276679,5.5751,MEASURED_MASS_G,caffeine,7.0566302,mg/g,39.34141905,DERIVED_FROM_CONCENTRATION_AND_MEASURED_LIQUID,VALID,,P24-MAT-FIT,ExperimentalData(8).run(1) fraction 2,SOURCE_DERIVED_ANALYTICAL
FIT_2021_12,FIT-C08,8,FIT-E08-R1,1,2,1.87936446,4.13276679,5.5751,MEASURED_MASS_G,trigonelline,4.23625241,mg/g,23.6175308,DERIVED_FROM_CONCENTRATION_AND_MEASURED_LIQUID,VALID,,P24-MAT-FIT,ExperimentalData(8).run(1) fraction 2,SOURCE_DERIVED_ANALYTICAL
FIT_2021_12,FIT-C08,8,FIT-E08-R1,1,2,1.87936446,4.13276679,5.5751,MEASURED_MASS_G,5CQA,4.85452544,mg/g,27.06446477,DERIVED_FROM_CONCENTRATION_AND_MEASURED_LIQUID,VALID,,P24-MAT-FIT,ExperimentalData(8).run(1) fraction 2,SOURCE_DERIVED_ANALYTICAL
FIT_2021_12,FIT-C08,8,FIT-E08-R1,1,2,1.87936446,4.13276679,5.5751,MEASURED_MASS_G,CQA_sum,9.69138021,mg/g,54.03041378,DERIVED_FROM_CONCENTRATION_AND_MEASURED_LIQUID,VALID,,P24-MAT-FIT,ExperimentalData(8).run(1) fraction 2,SOURCE_DERIVED_ANALYTICAL
FIT_2021_12,FIT-C08,8,FIT-E08-R1,1,2,1.87936446,4.13276679,5.5751,MEASURED_MASS_G,TDS,16.07720241,percent,896.32011161,DERIVED_FROM_CONCENTRATION_AND_MEASURED_LIQUID,VALID,,P24-MAT-FIT,ExperimentalData(8).run(1) fraction 2,SOURCE_DERIVED_ANALYTICAL
FIT_2021_12,FIT-C08,8,FIT-E08-R1,1,3,4.13276679,6.37816615,5.5553,MEASURED_MASS_G,caffeine,5.29263145,mg/g,29.40215548,DERIVED_FROM_CONCENTRATION_AND_MEASURED_LIQUID,VALID,,P24-MAT-FIT,ExperimentalData(8).run(1) fraction 3,SOURCE_DERIVED_ANALYTICAL
FIT_2021_12,FIT-C08,8,FIT-E08-R1,1,3,4.13276679,6.37816615,5.5553,MEASURED_MASS_G,trigonelline,2.87293108,mg/g,15.95999403,DERIVED_FROM_CONCENTRATION_AND_MEASURED_LIQUID,VALID,,P24-MAT-FIT,ExperimentalData(8).run(1) fraction 3,SOURCE_DERIVED_ANALYTICAL
FIT_2021_12,FIT-C08,8,FIT-E08-R1,1,3,4.13276679,6.37816615,5.5553,MEASURED_MASS_G,5CQA,3.55120952,mg/g,19.72803425,DERIVED_FROM_CONCENTRATION_AND_MEASURED_LIQUID,VALID,,P24-MAT-FIT,ExperimentalData(8).run(1) fraction 3,SOURCE_DERIVED_ANALYTICAL
FIT_2021_12,FIT-C08,8,FIT-E08-R1,1,3,4.13276679,6.37816615,5.5553,MEASURED_MASS_G,CQA_sum,7.14653446,mg/g,39.70114289,DERIVED_FROM_CONCENTRATION_AND_MEASURED_LIQUID,VALID,,P24-MAT-FIT,ExperimentalData(8).run(1) fraction 3,SOURCE_DERIVED_ANALYTICAL
FIT_2021_12,FIT-C08,8,FIT-E08-R1,1,3,4.13276679,6.37816615,5.5553,MEASURED_MASS_G,TDS,10.87158844,percent,603.94935242,DERIVED_FROM_CONCENTRATION_AND_MEASURED_LIQUID,VALID,,P24-MAT-FIT,ExperimentalData(8).run(1) fraction 3,SOURCE_DERIVED_ANALYTICAL
FIT_2021_12,FIT-C08,8,FIT-E08-R1,1,5,8.41366939,10.41392722,4.9488,MEASURED_MASS_G,caffeine,3.35688691,mg/g,16.61256194,DERIVED_FROM_CONCENTRATION_AND_MEASURED_LIQUID,VALID,,P24-MAT-FIT,ExperimentalData(8).run(1) fraction 5,SOURCE_DERIVED_ANALYTICAL
FIT_2021_12,FIT-C08,8,FIT-E08-R1,1,5,8.41366939,10.41392722,4.9488,MEASURED_MASS_G,trigonelline,1.54691704,mg/g,7.65538306,DERIVED_FROM_CONCENTRATION_AND_MEASURED_LIQUID,VALID,,P24-MAT-FIT,ExperimentalData(8).run(1) fraction 5,SOURCE_DERIVED_ANALYTICAL
FIT_2021_12,FIT-C08,8,FIT-E08-R1,1,5,8.41366939,10.41392722,4.9488,MEASURED_MASS_G,5CQA,2.11941969,mg/g,10.48858419,DERIVED_FROM_CONCENTRATION_AND_MEASURED_LIQUID,VALID,,P24-MAT-FIT,ExperimentalData(8).run(1) fraction 5,SOURCE_DERIVED_ANALYTICAL
FIT_2021_12,FIT-C08,8,FIT-E08-R1,1,5,8.41366939,10.41392722,4.9488,MEASURED_MASS_G,CQA_sum,4.18156781,mg/g,20.69374276,DERIVED_FROM_CONCENTRATION_AND_MEASURED_LIQUID,VALID,,P24-MAT-FIT,ExperimentalData(8).run(1) fraction 5,SOURCE_DERIVED_ANALYTICAL
FIT_2021_12,FIT-C08,8,FIT-E08-R1,1,5,8.41366939,10.41392722,4.9488,MEASURED_MASS_G,TDS,6.17751302,percent,305.71276434,DERIVED_FROM_CONCENTRATION_AND_MEASURED_LIQUID,VALID,,P24-MAT-FIT,ExperimentalData(8).run(1) fraction 5,SOURCE_DERIVED_ANALYTICAL
FIT_2021_12,FIT-C08,8,FIT-E08-R1,1,7,12.49207256,14.4361075,4.8097,MEASURED_MASS_G,caffeine,2.40395123,mg/g,11.56228422,DERIVED_FROM_CONCENTRATION_AND_MEASURED_LIQUID,VALID,,P24-MAT-FIT,ExperimentalData(8).run(1) fraction 7,SOURCE_DERIVED_ANALYTICAL
FIT_2021_12,FIT-C08,8,FIT-E08-R1,1,7,12.49207256,14.4361075,4.8097,MEASURED_MASS_G,trigonelline,1.04534033,mg/g,5.02777338,DERIVED_FROM_CONCENTRATION_AND_MEASURED_LIQUID,VALID,,P24-MAT-FIT,ExperimentalData(8).run(1) fraction 7,SOURCE_DERIVED_ANALYTICAL
FIT_2021_12,FIT-C08,8,FIT-E08-R1,1,7,12.49207256,14.4361075,4.8097,MEASURED_MASS_G,5CQA,1.53179051,mg/g,7.36745281,DERIVED_FROM_CONCENTRATION_AND_MEASURED_LIQUID,VALID,,P24-MAT-FIT,ExperimentalData(8).run(1) fraction 7,SOURCE_DERIVED_ANALYTICAL
FIT_2021_12,FIT-C08,8,FIT-E08-R1,1,7,12.49207256,14.4361075,4.8097,MEASURED_MASS_G,CQA_sum,3.06804691,mg/g,14.75638524,DERIVED_FROM_CONCENTRATION_AND_MEASURED_LIQUID,VALID,,P24-MAT-FIT,ExperimentalData(8).run(1) fraction 7,SOURCE_DERIVED_ANALYTICAL
FIT_2021_12,FIT-C08,8,FIT-E08-R1,1,7,12.49207256,14.4361075,4.8097,MEASURED_MASS_G,TDS,4.6540166,percent,223.84423628,DERIVED_FROM_CONCENTRATION_AND_MEASURED_LIQUID,VALID,,P24-MAT-FIT,ExperimentalData(8).run(1) fraction 7,SOURCE_DERIVED_ANALYTICAL
FIT_2021_12,FIT-C08,8,FIT-E08-R1,1,10,18.12733661,19.90755315,4.4044,MEASURED_MASS_G,caffeine,1.58021717,mg/g,6.9599085,DERIVED_FROM_CONCENTRATION_AND_MEASURED_LIQUID,VALID,,P24-MAT-FIT,ExperimentalData(8).run(1) fraction 10,SOURCE_DERIVED_ANALYTICAL
FIT_2021_12,FIT-C08,8,FIT-E08-R1,1,10,18.12733661,19.90755315,4.4044,MEASURED_MASS_G,trigonelline,0.56367043,mg/g,2.48263006,DERIVED_FROM_CONCENTRATION_AND_MEASURED_LIQUID,VALID,,P24-MAT-FIT,ExperimentalData(8).run(1) fraction 10,SOURCE_DERIVED_ANALYTICAL
FIT_2021_12,FIT-C08,8,FIT-E08-R1,1,10,18.12733661,19.90755315,4.4044,MEASURED_MASS_G,5CQA,0.95361363,mg/g,4.20009587,DERIVED_FROM_CONCENTRATION_AND_MEASURED_LIQUID,VALID,,P24-MAT-FIT,ExperimentalData(8).run(1) fraction 10,SOURCE_DERIVED_ANALYTICAL
FIT_2021_12,FIT-C08,8,FIT-E08-R1,1,10,18.12733661,19.90755315,4.4044,MEASURED_MASS_G,CQA_sum,1.88002537,mg/g,8.28038374,DERIVED_FROM_CONCENTRATION_AND_MEASURED_LIQUID,VALID,,P24-MAT-FIT,ExperimentalData(8).run(1) fraction 10,SOURCE_DERIVED_ANALYTICAL
FIT_2021_12,FIT-C08,8,FIT-E08-R1,1,10,18.12733661,19.90755315,4.4044,MEASURED_MASS_G,TDS,2.44334185,percent,107.61454823,DERIVED_FROM_CONCENTRATION_AND_MEASURED_LIQUID,VALID,,P24-MAT-FIT,ExperimentalData(8).run(1) fraction 10,SOURCE_DERIVED_ANALYTICAL
FIT_2021_12,FIT-C08,8,FIT-E08-R2,2,1,0,3.15655736,8.9818,MEASURED_MASS_G,caffeine,8.06664264,mg/g,72.45297088,DERIVED_FROM_CONCENTRATION_AND_MEASURED_LIQUID,VALID,,P24-MAT-FIT,ExperimentalData(8).run(2) fraction 1,SOURCE_DERIVED_ANALYTICAL
FIT_2021_12,FIT-C08,8,FIT-E08-R2,2,1,0,3.15655736,8.9818,MEASURED_MASS_G,trigonelline,5.04646402,mg/g,45.32633055,DERIVED_FROM_CONCENTRATION_AND_MEASURED_LIQUID,VALID,,P24-MAT-FIT,ExperimentalData(8).run(2) fraction 1,SOURCE_DERIVED_ANALYTICAL
FIT_2021_12,FIT-C08,8,FIT-E08-R2,2,1,0,3.15655736,8.9818,MEASURED_MASS_G,5CQA,5.50953168,mg/g,49.48551168,DERIVED_FROM_CONCENTRATION_AND_MEASURED_LIQUID,VALID,,P24-MAT-FIT,ExperimentalData(8).run(2) fraction 1,SOURCE_DERIVED_ANALYTICAL
FIT_2021_12,FIT-C08,8,FIT-E08-R2,2,1,0,3.15655736,8.9818,MEASURED_MASS_G,CQA_sum,11.20986931,mg/g,100.68480413,DERIVED_FROM_CONCENTRATION_AND_MEASURED_LIQUID,VALID,,P24-MAT-FIT,ExperimentalData(8).run(2) fraction 1,SOURCE_DERIVED_ANALYTICAL
FIT_2021_12,FIT-C08,8,FIT-E08-R2,2,1,0,3.15655736,8.9818,MEASURED_MASS_G,TDS,19.60743853,percent,1761.10091352,DERIVED_FROM_CONCENTRATION_AND_MEASURED_LIQUID,VALID,,P24-MAT-FIT,ExperimentalData(8).run(2) fraction 1,SOURCE_DERIVED_ANALYTICAL
FIT_2021_12,FIT-C08,8,FIT-E08-R2,2,2,3.15655736,5.29717404,6.091,MEASURED_MASS_G,caffeine,5.57141057,mg/g,33.93546175,DERIVED_FROM_CONCENTRATION_AND_MEASURED_LIQUID,VALID,,P24-MAT-FIT,ExperimentalData(8).run(2) fraction 2,SOURCE_DERIVED_ANALYTICAL
FIT_2021_12,FIT-C08,8,FIT-E08-R2,2,2,3.15655736,5.29717404,6.091,MEASURED_MASS_G,trigonelline,2.92776109,mg/g,17.83299277,DERIVED_FROM_CONCENTRATION_AND_MEASURED_LIQUID,VALID,,P24-MAT-FIT,ExperimentalData(8).run(2) fraction 2,SOURCE_DERIVED_ANALYTICAL
FIT_2021_12,FIT-C08,8,FIT-E08-R2,2,2,3.15655736,5.29717404,6.091,MEASURED_MASS_G,5CQA,3.54896999,mg/g,21.6167762,DERIVED_FROM_CONCENTRATION_AND_MEASURED_LIQUID,VALID,,P24-MAT-FIT,ExperimentalData(8).run(2) fraction 2,SOURCE_DERIVED_ANALYTICAL
FIT_2021_12,FIT-C08,8,FIT-E08-R2,2,2,3.15655736,5.29717404,6.091,MEASURED_MASS_G,CQA_sum,7.03848724,mg/g,42.8714258,DERIVED_FROM_CONCENTRATION_AND_MEASURED_LIQUID,VALID,,P24-MAT-FIT,ExperimentalData(8).run(2) fraction 2,SOURCE_DERIVED_ANALYTICAL
FIT_2021_12,FIT-C08,8,FIT-E08-R2,2,2,3.15655736,5.29717404,6.091,MEASURED_MASS_G,TDS,11.50789225,percent,700.94571707,DERIVED_FROM_CONCENTRATION_AND_MEASURED_LIQUID,VALID,,P24-MAT-FIT,ExperimentalData(8).run(2) fraction 2,SOURCE_DERIVED_ANALYTICAL
FIT_2021_12,FIT-C08,8,FIT-E08-R2,2,3,5.29717404,7.36620253,5.8873,MEASURED_MASS_G,caffeine,4.24292754,mg/g,24.97938728,DERIVED_FROM_CONCENTRATION_AND_MEASURED_LIQUID,VALID,,P24-MAT-FIT,ExperimentalData(8).run(2) fraction 3,SOURCE_DERIVED_ANALYTICAL
FIT_2021_12,FIT-C08,8,FIT-E08-R2,2,3,5.29717404,7.36620253,5.8873,MEASURED_MASS_G,trigonelline,2.09055661,mg/g,12.30773394,DERIVED_FROM_CONCENTRATION_AND_MEASURED_LIQUID,VALID,,P24-MAT-FIT,ExperimentalData(8).run(2) fraction 3,SOURCE_DERIVED_ANALYTICAL
FIT_2021_12,FIT-C08,8,FIT-E08-R2,2,3,5.29717404,7.36620253,5.8873,MEASURED_MASS_G,5CQA,2.68575391,mg/g,15.81183897,DERIVED_FROM_CONCENTRATION_AND_MEASURED_LIQUID,VALID,,P24-MAT-FIT,ExperimentalData(8).run(2) fraction 3,SOURCE_DERIVED_ANALYTICAL
FIT_2021_12,FIT-C08,8,FIT-E08-R2,2,3,5.29717404,7.36620253,5.8873,MEASURED_MASS_G,CQA_sum,5.42047452,mg/g,31.91195963,DERIVED_FROM_CONCENTRATION_AND_MEASURED_LIQUID,VALID,,P24-MAT-FIT,ExperimentalData(8).run(2) fraction 3,SOURCE_DERIVED_ANALYTICAL
FIT_2021_12,FIT-C08,8,FIT-E08-R2,2,3,5.29717404,7.36620253,5.8873,MEASURED_MASS_G,TDS,8.41366394,percent,495.33763735,DERIVED_FROM_CONCENTRATION_AND_MEASURED_LIQUID,VALID,,P24-MAT-FIT,ExperimentalData(8).run(2) fraction 3,SOURCE_DERIVED_ANALYTICAL
FIT_2021_12,FIT-C08,8,FIT-E08-R2,2,5,9.40493696,11.40568081,5.693,MEASURED_MASS_G,caffeine,2.86995712,mg/g,16.33866588,DERIVED_FROM_CONCENTRATION_AND_MEASURED_LIQUID,VALID,,P24-MAT-FIT,ExperimentalData(8).run(2) fraction 5,SOURCE_DERIVED_ANALYTICAL
FIT_2021_12,FIT-C08,8,FIT-E08-R2,2,5,9.40493696,11.40568081,5.693,MEASURED_MASS_G,trigonelline,1.22903491,mg/g,6.99689572,DERIVED_FROM_CONCENTRATION_AND_MEASURED_LIQUID,VALID,,P24-MAT-FIT,ExperimentalData(8).run(2) fraction 5,SOURCE_DERIVED_ANALYTICAL
FIT_2021_12,FIT-C08,8,FIT-E08-R2,2,5,9.40493696,11.40568081,5.693,MEASURED_MASS_G,5CQA,1.73247055,mg/g,9.86295482,DERIVED_FROM_CONCENTRATION_AND_MEASURED_LIQUID,VALID,,P24-MAT-FIT,ExperimentalData(8).run(2) fraction 5,SOURCE_DERIVED_ANALYTICAL
FIT_2021_12,FIT-C08,8,FIT-E08-R2,2,5,9.40493696,11.40568081,5.693,MEASURED_MASS_G,CQA_sum,3.42675665,mg/g,19.50852558,DERIVED_FROM_CONCENTRATION_AND_MEASURED_LIQUID,VALID,,P24-MAT-FIT,ExperimentalData(8).run(2) fraction 5,SOURCE_DERIVED_ANALYTICAL
FIT_2021_12,FIT-C08,8,FIT-E08-R2,2,5,9.40493696,11.40568081,5.693,MEASURED_MASS_G,TDS,5.20143006,percent,296.11741343,DERIVED_FROM_CONCENTRATION_AND_MEASURED_LIQUID,VALID,,P24-MAT-FIT,ExperimentalData(8).run(2) fraction 5,SOURCE_DERIVED_ANALYTICAL
FIT_2021_12,FIT-C08,8,FIT-E08-R2,2,7,13.36059697,15.142605,5.0706,MEASURED_MASS_G,caffeine,2.00506529,mg/g,10.16688406,DERIVED_FROM_CONCENTRATION_AND_MEASURED_LIQUID,VALID,,P24-MAT-FIT,ExperimentalData(8).run(2) fraction 7,SOURCE_DERIVED_ANALYTICAL
FIT_2021_12,FIT-C08,8,FIT-E08-R2,2,7,13.36059697,15.142605,5.0706,MEASURED_MASS_G,trigonelline,0.77425672,mg/g,3.92594614,DERIVED_FROM_CONCENTRATION_AND_MEASURED_LIQUID,VALID,,P24-MAT-FIT,ExperimentalData(8).run(2) fraction 7,SOURCE_DERIVED_ANALYTICAL
FIT_2021_12,FIT-C08,8,FIT-E08-R2,2,7,13.36059697,15.142605,5.0706,MEASURED_MASS_G,5CQA,1.21236116,mg/g,6.14739849,DERIVED_FROM_CONCENTRATION_AND_MEASURED_LIQUID,VALID,,P24-MAT-FIT,ExperimentalData(8).run(2) fraction 7,SOURCE_DERIVED_ANALYTICAL
FIT_2021_12,FIT-C08,8,FIT-E08-R2,2,7,13.36059697,15.142605,5.0706,MEASURED_MASS_G,CQA_sum,2.43934068,mg/g,12.36892084,DERIVED_FROM_CONCENTRATION_AND_MEASURED_LIQUID,VALID,,P24-MAT-FIT,ExperimentalData(8).run(2) fraction 7,SOURCE_DERIVED_ANALYTICAL
FIT_2021_12,FIT-C08,8,FIT-E08-R2,2,7,13.36059697,15.142605,5.0706,MEASURED_MASS_G,TDS,3.47443317,percent,176.17460851,DERIVED_FROM_CONCENTRATION_AND_MEASURED_LIQUID,VALID,,P24-MAT-FIT,ExperimentalData(8).run(2) fraction 7,SOURCE_DERIVED_ANALYTICAL
FIT_2021_12,FIT-C08,8,FIT-E08-R2,2,10,18.85317125,20.62470639,5.0408,MEASURED_MASS_G,caffeine,1.21360402,mg/g,6.11753515,DERIVED_FROM_CONCENTRATION_AND_MEASURED_LIQUID,VALID,,P24-MAT-FIT,ExperimentalData(8).run(2) fraction 10,SOURCE_DERIVED_ANALYTICAL
FIT_2021_12,FIT-C08,8,FIT-E08-R2,2,10,18.85317125,20.62470639,5.0408,MEASURED_MASS_G,trigonelline,0.36522197,mg/g,1.8410109,DERIVED_FROM_CONCENTRATION_AND_MEASURED_LIQUID,VALID,,P24-MAT-FIT,ExperimentalData(8).run(2) fraction 10,SOURCE_DERIVED_ANALYTICAL
FIT_2021_12,FIT-C08,8,FIT-E08-R2,2,10,18.85317125,20.62470639,5.0408,MEASURED_MASS_G,5CQA,0.69340335,mg/g,3.49530762,DERIVED_FROM_CONCENTRATION_AND_MEASURED_LIQUID,VALID,,P24-MAT-FIT,ExperimentalData(8).run(2) fraction 10,SOURCE_DERIVED_ANALYTICAL
FIT_2021_12,FIT-C08,8,FIT-E08-R2,2,10,18.85317125,20.62470639,5.0408,MEASURED_MASS_G,CQA_sum,1.36653078,mg/g,6.88840834,DERIVED_FROM_CONCENTRATION_AND_MEASURED_LIQUID,VALID,,P24-MAT-FIT,ExperimentalData(8).run(2) fraction 10,SOURCE_DERIVED_ANALYTICAL
FIT_2021_12,FIT-C08,8,FIT-E08-R2,2,10,18.85317125,20.62470639,5.0408,MEASURED_MASS_G,TDS,1.74871884,percent,88.14941914,DERIVED_FROM_CONCENTRATION_AND_MEASURED_LIQUID,VALID,,P24-MAT-FIT,ExperimentalData(8).run(2) fraction 10,SOURCE_DERIVED_ANALYTICAL
FIT_2021_12,FIT-C08,8,FIT-E08-R3,3,1,0,2.66870521,8.0238,MEASURED_MASS_G,caffeine,8.03567954,mg/g,64.47668547,DERIVED_FROM_CONCENTRATION_AND_MEASURED_LIQUID,VALID,,P24-MAT-FIT,ExperimentalData(8).run(3) fraction 1,SOURCE_DERIVED_ANALYTICAL
FIT_2021_12,FIT-C08,8,FIT-E08-R3,3,1,0,2.66870521,8.0238,MEASURED_MASS_G,trigonelline,5.27683011,mg/g,42.34022941,DERIVED_FROM_CONCENTRATION_AND_MEASURED_LIQUID,VALID,,P24-MAT-FIT,ExperimentalData(8).run(3) fraction 1,SOURCE_DERIVED_ANALYTICAL
FIT_2021_12,FIT-C08,8,FIT-E08-R3,3,1,0,2.66870521,8.0238,MEASURED_MASS_G,5CQA,5.69946391,mg/g,45.73135854,DERIVED_FROM_CONCENTRATION_AND_MEASURED_LIQUID,VALID,,P24-MAT-FIT,ExperimentalData(8).run(3) fraction 1,SOURCE_DERIVED_ANALYTICAL
FIT_2021_12,FIT-C08,8,FIT-E08-R3,3,1,0,2.66870521,8.0238,MEASURED_MASS_G,CQA_sum,11.54712683,mg/g,92.65183629,DERIVED_FROM_CONCENTRATION_AND_MEASURED_LIQUID,VALID,,P24-MAT-FIT,ExperimentalData(8).run(3) fraction 1,SOURCE_DERIVED_ANALYTICAL
FIT_2021_12,FIT-C08,8,FIT-E08-R3,3,1,0,2.66870521,8.0238,MEASURED_MASS_G,TDS,20.02839905,percent,1607.03868266,DERIVED_FROM_CONCENTRATION_AND_MEASURED_LIQUID,VALID,,P24-MAT-FIT,ExperimentalData(8).run(3) fraction 1,SOURCE_DERIVED_ANALYTICAL
FIT_2021_12,FIT-C08,8,FIT-E08-R3,3,2,2.66870521,4.78303495,6.357,MEASURED_MASS_G,caffeine,5.62222423,mg/g,35.74047946,DERIVED_FROM_CONCENTRATION_AND_MEASURED_LIQUID,VALID,,P24-MAT-FIT,ExperimentalData(8).run(3) fraction 2,SOURCE_DERIVED_ANALYTICAL
FIT_2021_12,FIT-C08,8,FIT-E08-R3,3,2,2.66870521,4.78303495,6.357,MEASURED_MASS_G,trigonelline,3.16140142,mg/g,20.09702885,DERIVED_FROM_CONCENTRATION_AND_MEASURED_LIQUID,VALID,,P24-MAT-FIT,ExperimentalData(8).run(3) fraction 2,SOURCE_DERIVED_ANALYTICAL
FIT_2021_12,FIT-C08,8,FIT-E08-R3,3,2,2.66870521,4.78303495,6.357,MEASURED_MASS_G,5CQA,3.72880882,mg/g,23.70403764,DERIVED_FROM_CONCENTRATION_AND_MEASURED_LIQUID,VALID,,P24-MAT-FIT,ExperimentalData(8).run(3) fraction 2,SOURCE_DERIVED_ANALYTICAL
FIT_2021_12,FIT-C08,8,FIT-E08-R3,3,2,2.66870521,4.78303495,6.357,MEASURED_MASS_G,CQA_sum,7.38435478,mg/g,46.94234334,DERIVED_FROM_CONCENTRATION_AND_MEASURED_LIQUID,VALID,,P24-MAT-FIT,ExperimentalData(8).run(3) fraction 2,SOURCE_DERIVED_ANALYTICAL
FIT_2021_12,FIT-C08,8,FIT-E08-R3,3,2,2.66870521,4.78303495,6.357,MEASURED_MASS_G,TDS,11.69167227,percent,743.23960609,DERIVED_FROM_CONCENTRATION_AND_MEASURED_LIQUID,VALID,,P24-MAT-FIT,ExperimentalData(8).run(3) fraction 2,SOURCE_DERIVED_ANALYTICAL
FIT_2021_12,FIT-C08,8,FIT-E08-R3,3,3,4.78303495,6.83380509,6.1659,MEASURED_MASS_G,caffeine,3.94380788,mg/g,24.31712503,DERIVED_FROM_CONCENTRATION_AND_MEASURED_LIQUID,VALID,,P24-MAT-FIT,ExperimentalData(8).run(3) fraction 3,SOURCE_DERIVED_ANALYTICAL
FIT_2021_12,FIT-C08,8,FIT-E08-R3,3,3,4.78303495,6.83380509,6.1659,MEASURED_MASS_G,trigonelline,2.06553067,mg/g,12.73585554,DERIVED_FROM_CONCENTRATION_AND_MEASURED_LIQUID,VALID,,P24-MAT-FIT,ExperimentalData(8).run(3) fraction 3,SOURCE_DERIVED_ANALYTICAL
FIT_2021_12,FIT-C08,8,FIT-E08-R3,3,3,4.78303495,6.83380509,6.1659,MEASURED_MASS_G,5CQA,2.60246628,mg/g,16.04654684,DERIVED_FROM_CONCENTRATION_AND_MEASURED_LIQUID,VALID,,P24-MAT-FIT,ExperimentalData(8).run(3) fraction 3,SOURCE_DERIVED_ANALYTICAL
FIT_2021_12,FIT-C08,8,FIT-E08-R3,3,3,4.78303495,6.83380509,6.1659,MEASURED_MASS_G,CQA_sum,5.22725417,mg/g,32.23072646,DERIVED_FROM_CONCENTRATION_AND_MEASURED_LIQUID,VALID,,P24-MAT-FIT,ExperimentalData(8).run(3) fraction 3,SOURCE_DERIVED_ANALYTICAL
FIT_2021_12,FIT-C08,8,FIT-E08-R3,3,3,4.78303495,6.83380509,6.1659,MEASURED_MASS_G,TDS,8.51479296,percent,525.01361939,DERIVED_FROM_CONCENTRATION_AND_MEASURED_LIQUID,VALID,,P24-MAT-FIT,ExperimentalData(8).run(3) fraction 3,SOURCE_DERIVED_ANALYTICAL
FIT_2021_12,FIT-C08,8,FIT-E08-R3,3,5,8.84872109,10.83376973,5.9683,MEASURED_MASS_G,caffeine,2.72079707,mg/g,16.23853315,DERIVED_FROM_CONCENTRATION_AND_MEASURED_LIQUID,VALID,,P24-MAT-FIT,ExperimentalData(8).run(3) fraction 5,SOURCE_DERIVED_ANALYTICAL
FIT_2021_12,FIT-C08,8,FIT-E08-R3,3,5,8.84872109,10.83376973,5.9683,MEASURED_MASS_G,trigonelline,1.21499213,mg/g,7.25143755,DERIVED_FROM_CONCENTRATION_AND_MEASURED_LIQUID,VALID,,P24-MAT-FIT,ExperimentalData(8).run(3) fraction 5,SOURCE_DERIVED_ANALYTICAL
FIT_2021_12,FIT-C08,8,FIT-E08-R3,3,5,8.84872109,10.83376973,5.9683,MEASURED_MASS_G,5CQA,1.69827739,mg/g,10.13582892,DERIVED_FROM_CONCENTRATION_AND_MEASURED_LIQUID,VALID,,P24-MAT-FIT,ExperimentalData(8).run(3) fraction 5,SOURCE_DERIVED_ANALYTICAL
FIT_2021_12,FIT-C08,8,FIT-E08-R3,3,5,8.84872109,10.83376973,5.9683,MEASURED_MASS_G,CQA_sum,3.33727437,mg/g,19.91785462,DERIVED_FROM_CONCENTRATION_AND_MEASURED_LIQUID,VALID,,P24-MAT-FIT,ExperimentalData(8).run(3) fraction 5,SOURCE_DERIVED_ANALYTICAL
FIT_2021_12,FIT-C08,8,FIT-E08-R3,3,5,8.84872109,10.83376973,5.9683,MEASURED_MASS_G,TDS,5.18453056,percent,309.42833745,DERIVED_FROM_CONCENTRATION_AND_MEASURED_LIQUID,VALID,,P24-MAT-FIT,ExperimentalData(8).run(3) fraction 5,SOURCE_DERIVED_ANALYTICAL
FIT_2021_12,FIT-C08,8,FIT-E08-R3,3,7,12.8467234,14.74855586,5.7181,MEASURED_MASS_G,caffeine,1.83323176,mg/g,10.48260255,DERIVED_FROM_CONCENTRATION_AND_MEASURED_LIQUID,VALID,,P24-MAT-FIT,ExperimentalData(8).run(3) fraction 7,SOURCE_DERIVED_ANALYTICAL
FIT_2021_12,FIT-C08,8,FIT-E08-R3,3,7,12.8467234,14.74855586,5.7181,MEASURED_MASS_G,trigonelline,0.73199578,mg/g,4.18562505,DERIVED_FROM_CONCENTRATION_AND_MEASURED_LIQUID,VALID,,P24-MAT-FIT,ExperimentalData(8).run(3) fraction 7,SOURCE_DERIVED_ANALYTICAL
FIT_2021_12,FIT-C08,8,FIT-E08-R3,3,7,12.8467234,14.74855586,5.7181,MEASURED_MASS_G,5CQA,1.14362226,mg/g,6.53934646,DERIVED_FROM_CONCENTRATION_AND_MEASURED_LIQUID,VALID,,P24-MAT-FIT,ExperimentalData(8).run(3) fraction 7,SOURCE_DERIVED_ANALYTICAL
FIT_2021_12,FIT-C08,8,FIT-E08-R3,3,7,12.8467234,14.74855586,5.7181,MEASURED_MASS_G,CQA_sum,2.28590798,mg/g,13.07105042,DERIVED_FROM_CONCENTRATION_AND_MEASURED_LIQUID,VALID,,P24-MAT-FIT,ExperimentalData(8).run(3) fraction 7,SOURCE_DERIVED_ANALYTICAL
FIT_2021_12,FIT-C08,8,FIT-E08-R3,3,7,12.8467234,14.74855586,5.7181,MEASURED_MASS_G,TDS,3.11071834,percent,177.8739852,DERIVED_FROM_CONCENTRATION_AND_MEASURED_LIQUID,VALID,,P24-MAT-FIT,ExperimentalData(8).run(3) fraction 7,SOURCE_DERIVED_ANALYTICAL
FIT_2021_12,FIT-C08,8,FIT-E08-R3,3,10,18.39363772,20.24947178,5.5798,MEASURED_MASS_G,caffeine,1.09490694,mg/g,6.10936173,DERIVED_FROM_CONCENTRATION_AND_MEASURED_LIQUID,VALID,,P24-MAT-FIT,ExperimentalData(8).run(3) fraction 10,SOURCE_DERIVED_ANALYTICAL
FIT_2021_12,FIT-C08,8,FIT-E08-R3,3,10,18.39363772,20.24947178,5.5798,MEASURED_MASS_G,trigonelline,0.34980118,mg/g,1.95182064,DERIVED_FROM_CONCENTRATION_AND_MEASURED_LIQUID,VALID,,P24-MAT-FIT,ExperimentalData(8).run(3) fraction 10,SOURCE_DERIVED_ANALYTICAL
FIT_2021_12,FIT-C08,8,FIT-E08-R3,3,10,18.39363772,20.24947178,5.5798,MEASURED_MASS_G,5CQA,0.64922055,mg/g,3.62252084,DERIVED_FROM_CONCENTRATION_AND_MEASURED_LIQUID,VALID,,P24-MAT-FIT,ExperimentalData(8).run(3) fraction 10,SOURCE_DERIVED_ANALYTICAL
FIT_2021_12,FIT-C08,8,FIT-E08-R3,3,10,18.39363772,20.24947178,5.5798,MEASURED_MASS_G,CQA_sum,1.27193454,mg/g,7.09714036,DERIVED_FROM_CONCENTRATION_AND_MEASURED_LIQUID,VALID,,P24-MAT-FIT,ExperimentalData(8).run(3) fraction 10,SOURCE_DERIVED_ANALYTICAL
FIT_2021_12,FIT-C08,8,FIT-E08-R3,3,10,18.39363772,20.24947178,5.5798,MEASURED_MASS_G,TDS,1.56247094,percent,87.18275377,DERIVED_FROM_CONCENTRATION_AND_MEASURED_LIQUID,VALID,,P24-MAT-FIT,ExperimentalData(8).run(3) fraction 10,SOURCE_DERIVED_ANALYTICAL
FIT_2021_12,FIT-C09,9,FIT-E09-R1,1,1,0,3.58015118,7.1118,MEASURED_MASS_G,caffeine,8.32872436,mg/g,59.23222193,DERIVED_FROM_CONCENTRATION_AND_MEASURED_LIQUID,VALID,,P24-MAT-FIT,ExperimentalData(9).run(1) fraction 1,SOURCE_DERIVED_ANALYTICAL
FIT_2021_12,FIT-C09,9,FIT-E09-R1,1,1,0,3.58015118,7.1118,MEASURED_MASS_G,trigonelline,5.26274012,mg/g,37.42755521,DERIVED_FROM_CONCENTRATION_AND_MEASURED_LIQUID,VALID,,P24-MAT-FIT,ExperimentalData(9).run(1) fraction 1,SOURCE_DERIVED_ANALYTICAL
FIT_2021_12,FIT-C09,9,FIT-E09-R1,1,1,0,3.58015118,7.1118,MEASURED_MASS_G,5CQA,5.55971354,mg/g,39.53957076,DERIVED_FROM_CONCENTRATION_AND_MEASURED_LIQUID,VALID,,P24-MAT-FIT,ExperimentalData(9).run(1) fraction 1,SOURCE_DERIVED_ANALYTICAL
FIT_2021_12,FIT-C09,9,FIT-E09-R1,1,1,0,3.58015118,7.1118,MEASURED_MASS_G,CQA_sum,11.52135253,mg/g,81.9375549,DERIVED_FROM_CONCENTRATION_AND_MEASURED_LIQUID,VALID,,P24-MAT-FIT,ExperimentalData(9).run(1) fraction 1,SOURCE_DERIVED_ANALYTICAL
FIT_2021_12,FIT-C09,9,FIT-E09-R1,1,1,0,3.58015118,7.1118,MEASURED_MASS_G,TDS,20.53536558,percent,1460.43412956,DERIVED_FROM_CONCENTRATION_AND_MEASURED_LIQUID,VALID,,P24-MAT-FIT,ExperimentalData(9).run(1) fraction 1,SOURCE_DERIVED_ANALYTICAL
FIT_2021_12,FIT-C09,9,FIT-E09-R1,1,2,3.58015118,6.48185672,5.7641,MEASURED_MASS_G,caffeine,6.26539572,mg/g,36.11436745,DERIVED_FROM_CONCENTRATION_AND_MEASURED_LIQUID,VALID,,P24-MAT-FIT,ExperimentalData(9).run(1) fraction 2,SOURCE_DERIVED_ANALYTICAL
FIT_2021_12,FIT-C09,9,FIT-E09-R1,1,2,3.58015118,6.48185672,5.7641,MEASURED_MASS_G,trigonelline,3.47684418,mg/g,20.04087754,DERIVED_FROM_CONCENTRATION_AND_MEASURED_LIQUID,VALID,,P24-MAT-FIT,ExperimentalData(9).run(1) fraction 2,SOURCE_DERIVED_ANALYTICAL
FIT_2021_12,FIT-C09,9,FIT-E09-R1,1,2,3.58015118,6.48185672,5.7641,MEASURED_MASS_G,5CQA,4.01660149,mg/g,23.15209263,DERIVED_FROM_CONCENTRATION_AND_MEASURED_LIQUID,VALID,,P24-MAT-FIT,ExperimentalData(9).run(1) fraction 2,SOURCE_DERIVED_ANALYTICAL
FIT_2021_12,FIT-C09,9,FIT-E09-R1,1,2,3.58015118,6.48185672,5.7641,MEASURED_MASS_G,CQA_sum,8.20303144,mg/g,47.28309355,DERIVED_FROM_CONCENTRATION_AND_MEASURED_LIQUID,VALID,,P24-MAT-FIT,ExperimentalData(9).run(1) fraction 2,SOURCE_DERIVED_ANALYTICAL
FIT_2021_12,FIT-C09,9,FIT-E09-R1,1,2,3.58015118,6.48185672,5.7641,MEASURED_MASS_G,TDS,13.57361763,percent,782.39689385,DERIVED_FROM_CONCENTRATION_AND_MEASURED_LIQUID,VALID,,P24-MAT-FIT,ExperimentalData(9).run(1) fraction 2,SOURCE_DERIVED_ANALYTICAL
FIT_2021_12,FIT-C09,9,FIT-E09-R1,1,3,6.48185672,9.24643338,5.4917,MEASURED_MASS_G,caffeine,4.73923202,mg/g,26.02644051,DERIVED_FROM_CONCENTRATION_AND_MEASURED_LIQUID,VALID,,P24-MAT-FIT,ExperimentalData(9).run(1) fraction 3,SOURCE_DERIVED_ANALYTICAL
FIT_2021_12,FIT-C09,9,FIT-E09-R1,1,3,6.48185672,9.24643338,5.4917,MEASURED_MASS_G,trigonelline,2.46119428,mg/g,13.51614063,DERIVED_FROM_CONCENTRATION_AND_MEASURED_LIQUID,VALID,,P24-MAT-FIT,ExperimentalData(9).run(1) fraction 3,SOURCE_DERIVED_ANALYTICAL
FIT_2021_12,FIT-C09,9,FIT-E09-R1,1,3,6.48185672,9.24643338,5.4917,MEASURED_MASS_G,5CQA,3.01789746,mg/g,16.57338746,DERIVED_FROM_CONCENTRATION_AND_MEASURED_LIQUID,VALID,,P24-MAT-FIT,ExperimentalData(9).run(1) fraction 3,SOURCE_DERIVED_ANALYTICAL
FIT_2021_12,FIT-C09,9,FIT-E09-R1,1,3,6.48185672,9.24643338,5.4917,MEASURED_MASS_G,CQA_sum,6.25180648,mg/g,34.33304565,DERIVED_FROM_CONCENTRATION_AND_MEASURED_LIQUID,VALID,,P24-MAT-FIT,ExperimentalData(9).run(1) fraction 3,SOURCE_DERIVED_ANALYTICAL
FIT_2021_12,FIT-C09,9,FIT-E09-R1,1,3,6.48185672,9.24643338,5.4917,MEASURED_MASS_G,TDS,9.53656812,percent,523.71971145,DERIVED_FROM_CONCENTRATION_AND_MEASURED_LIQUID,VALID,,P24-MAT-FIT,ExperimentalData(9).run(1) fraction 3,SOURCE_DERIVED_ANALYTICAL
FIT_2021_12,FIT-C09,9,FIT-E09-R1,1,5,11.94325105,14.50067449,5.0802,MEASURED_MASS_G,caffeine,3.02090721,mg/g,15.34681281,DERIVED_FROM_CONCENTRATION_AND_MEASURED_LIQUID,VALID,,P24-MAT-FIT,ExperimentalData(9).run(1) fraction 5,SOURCE_DERIVED_ANALYTICAL
FIT_2021_12,FIT-C09,9,FIT-E09-R1,1,5,11.94325105,14.50067449,5.0802,MEASURED_MASS_G,trigonelline,1.31199241,mg/g,6.66518385,DERIVED_FROM_CONCENTRATION_AND_MEASURED_LIQUID,VALID,,P24-MAT-FIT,ExperimentalData(9).run(1) fraction 5,SOURCE_DERIVED_ANALYTICAL
FIT_2021_12,FIT-C09,9,FIT-E09-R1,1,5,11.94325105,14.50067449,5.0802,MEASURED_MASS_G,5CQA,1.82539464,mg/g,9.27336986,DERIVED_FROM_CONCENTRATION_AND_MEASURED_LIQUID,VALID,,P24-MAT-FIT,ExperimentalData(9).run(1) fraction 5,SOURCE_DERIVED_ANALYTICAL
FIT_2021_12,FIT-C09,9,FIT-E09-R1,1,5,11.94325105,14.50067449,5.0802,MEASURED_MASS_G,CQA_sum,3.70792798,mg/g,18.83701574,DERIVED_FROM_CONCENTRATION_AND_MEASURED_LIQUID,VALID,,P24-MAT-FIT,ExperimentalData(9).run(1) fraction 5,SOURCE_DERIVED_ANALYTICAL
FIT_2021_12,FIT-C09,9,FIT-E09-R1,1,5,11.94325105,14.50067449,5.0802,MEASURED_MASS_G,TDS,5.52300477,percent,280.57968821,DERIVED_FROM_CONCENTRATION_AND_MEASURED_LIQUID,VALID,,P24-MAT-FIT,ExperimentalData(9).run(1) fraction 5,SOURCE_DERIVED_ANALYTICAL
FIT_2021_12,FIT-C09,9,FIT-E09-R1,1,7,17.26001568,19.83994155,5.1249,MEASURED_MASS_G,caffeine,1.99182947,mg/g,10.20792686,DERIVED_FROM_CONCENTRATION_AND_MEASURED_LIQUID,VALID,,P24-MAT-FIT,ExperimentalData(9).run(1) fraction 7,SOURCE_DERIVED_ANALYTICAL
FIT_2021_12,FIT-C09,9,FIT-E09-R1,1,7,17.26001568,19.83994155,5.1249,MEASURED_MASS_G,trigonelline,0.73869571,mg/g,3.78574164,DERIVED_FROM_CONCENTRATION_AND_MEASURED_LIQUID,VALID,,P24-MAT-FIT,ExperimentalData(9).run(1) fraction 7,SOURCE_DERIVED_ANALYTICAL
FIT_2021_12,FIT-C09,9,FIT-E09-R1,1,7,17.26001568,19.83994155,5.1249,MEASURED_MASS_G,5CQA,1.18460722,mg/g,6.07099356,DERIVED_FROM_CONCENTRATION_AND_MEASURED_LIQUID,VALID,,P24-MAT-FIT,ExperimentalData(9).run(1) fraction 7,SOURCE_DERIVED_ANALYTICAL
FIT_2021_12,FIT-C09,9,FIT-E09-R1,1,7,17.26001568,19.83994155,5.1249,MEASURED_MASS_G,CQA_sum,2.45104314,mg/g,12.56135096,DERIVED_FROM_CONCENTRATION_AND_MEASURED_LIQUID,VALID,,P24-MAT-FIT,ExperimentalData(9).run(1) fraction 7,SOURCE_DERIVED_ANALYTICAL
FIT_2021_12,FIT-C09,9,FIT-E09-R1,1,7,17.26001568,19.83994155,5.1249,MEASURED_MASS_G,TDS,3.32256579,percent,170.2781742,DERIVED_FROM_CONCENTRATION_AND_MEASURED_LIQUID,VALID,,P24-MAT-FIT,ExperimentalData(9).run(1) fraction 7,SOURCE_DERIVED_ANALYTICAL
FIT_2021_12,FIT-C09,9,FIT-E09-R1,1,10,25.01952696,27.65422384,5.2337,MEASURED_MASS_G,caffeine,1.21896173,mg/g,6.37968002,DERIVED_FROM_CONCENTRATION_AND_MEASURED_LIQUID,VALID,,P24-MAT-FIT,ExperimentalData(9).run(1) fraction 10,SOURCE_DERIVED_ANALYTICAL
FIT_2021_12,FIT-C09,9,FIT-E09-R1,1,10,25.01952696,27.65422384,5.2337,MEASURED_MASS_G,trigonelline,0.36082555,mg/g,1.8884527,DERIVED_FROM_CONCENTRATION_AND_MEASURED_LIQUID,VALID,,P24-MAT-FIT,ExperimentalData(9).run(1) fraction 10,SOURCE_DERIVED_ANALYTICAL
FIT_2021_12,FIT-C09,9,FIT-E09-R1,1,10,25.01952696,27.65422384,5.2337,MEASURED_MASS_G,5CQA,0.68956009,mg/g,3.60895066,DERIVED_FROM_CONCENTRATION_AND_MEASURED_LIQUID,VALID,,P24-MAT-FIT,ExperimentalData(9).run(1) fraction 10,SOURCE_DERIVED_ANALYTICAL
FIT_2021_12,FIT-C09,9,FIT-E09-R1,1,10,25.01952696,27.65422384,5.2337,MEASURED_MASS_G,CQA_sum,1.41288911,mg/g,7.39463774,DERIVED_FROM_CONCENTRATION_AND_MEASURED_LIQUID,VALID,,P24-MAT-FIT,ExperimentalData(9).run(1) fraction 10,SOURCE_DERIVED_ANALYTICAL
FIT_2021_12,FIT-C09,9,FIT-E09-R1,1,10,25.01952696,27.65422384,5.2337,MEASURED_MASS_G,TDS,1.77242469,percent,92.76339123,DERIVED_FROM_CONCENTRATION_AND_MEASURED_LIQUID,VALID,,P24-MAT-FIT,ExperimentalData(9).run(1) fraction 10,SOURCE_DERIVED_ANALYTICAL
FIT_2021_12,FIT-C09,9,FIT-E09-R2,2,1,0,4.39514697,8.1326,MEASURED_MASS_G,caffeine,8.42055684,mg/g,68.48102058,DERIVED_FROM_CONCENTRATION_AND_MEASURED_LIQUID,VALID,,P24-MAT-FIT,ExperimentalData(9).run(2) fraction 1,SOURCE_DERIVED_ANALYTICAL
FIT_2021_12,FIT-C09,9,FIT-E09-R2,2,1,0,4.39514697,8.1326,MEASURED_MASS_G,trigonelline,5.35071163,mg/g,43.51519738,DERIVED_FROM_CONCENTRATION_AND_MEASURED_LIQUID,VALID,,P24-MAT-FIT,ExperimentalData(9).run(2) fraction 1,SOURCE_DERIVED_ANALYTICAL
FIT_2021_12,FIT-C09,9,FIT-E09-R2,2,1,0,4.39514697,8.1326,MEASURED_MASS_G,5CQA,5.62738137,mg/g,45.76524172,DERIVED_FROM_CONCENTRATION_AND_MEASURED_LIQUID,VALID,,P24-MAT-FIT,ExperimentalData(9).run(2) fraction 1,SOURCE_DERIVED_ANALYTICAL
FIT_2021_12,FIT-C09,9,FIT-E09-R2,2,1,0,4.39514697,8.1326,MEASURED_MASS_G,CQA_sum,11.56087196,mg/g,94.01994733,DERIVED_FROM_CONCENTRATION_AND_MEASURED_LIQUID,VALID,,P24-MAT-FIT,ExperimentalData(9).run(2) fraction 1,SOURCE_DERIVED_ANALYTICAL
FIT_2021_12,FIT-C09,9,FIT-E09-R2,2,1,0,4.39514697,8.1326,MEASURED_MASS_G,TDS,20.50015126,percent,1667.19530172,DERIVED_FROM_CONCENTRATION_AND_MEASURED_LIQUID,VALID,,P24-MAT-FIT,ExperimentalData(9).run(2) fraction 1,SOURCE_DERIVED_ANALYTICAL
FIT_2021_12,FIT-C09,9,FIT-E09-R2,2,2,4.39514697,7.49135686,5.7291,MEASURED_MASS_G,caffeine,6.0412628,mg/g,34.61099868,DERIVED_FROM_CONCENTRATION_AND_MEASURED_LIQUID,VALID,,P24-MAT-FIT,ExperimentalData(9).run(2) fraction 2,SOURCE_DERIVED_ANALYTICAL
FIT_2021_12,FIT-C09,9,FIT-E09-R2,2,2,4.39514697,7.49135686,5.7291,MEASURED_MASS_G,trigonelline,3.28215551,mg/g,18.80379712,DERIVED_FROM_CONCENTRATION_AND_MEASURED_LIQUID,VALID,,P24-MAT-FIT,ExperimentalData(9).run(2) fraction 2,SOURCE_DERIVED_ANALYTICAL
FIT_2021_12,FIT-C09,9,FIT-E09-R2,2,2,4.39514697,7.49135686,5.7291,MEASURED_MASS_G,5CQA,3.82208771,mg/g,21.89712267,DERIVED_FROM_CONCENTRATION_AND_MEASURED_LIQUID,VALID,,P24-MAT-FIT,ExperimentalData(9).run(2) fraction 2,SOURCE_DERIVED_ANALYTICAL
FIT_2021_12,FIT-C09,9,FIT-E09-R2,2,2,4.39514697,7.49135686,5.7291,MEASURED_MASS_G,CQA_sum,7.69937849,mg/g,44.11050928,DERIVED_FROM_CONCENTRATION_AND_MEASURED_LIQUID,VALID,,P24-MAT-FIT,ExperimentalData(9).run(2) fraction 2,SOURCE_DERIVED_ANALYTICAL
FIT_2021_12,FIT-C09,9,FIT-E09-R2,2,2,4.39514697,7.49135686,5.7291,MEASURED_MASS_G,TDS,12.67677685,percent,726.26522255,DERIVED_FROM_CONCENTRATION_AND_MEASURED_LIQUID,VALID,,P24-MAT-FIT,ExperimentalData(9).run(2) fraction 2,SOURCE_DERIVED_ANALYTICAL
FIT_2021_12,FIT-C09,9,FIT-E09-R2,2,3,7.49135686,10.42403091,5.4265,MEASURED_MASS_G,caffeine,4.509985,mg/g,24.47343359,DERIVED_FROM_CONCENTRATION_AND_MEASURED_LIQUID,VALID,,P24-MAT-FIT,ExperimentalData(9).run(2) fraction 3,SOURCE_DERIVED_ANALYTICAL
FIT_2021_12,FIT-C09,9,FIT-E09-R2,2,3,7.49135686,10.42403091,5.4265,MEASURED_MASS_G,trigonelline,2.25701156,mg/g,12.24767323,DERIVED_FROM_CONCENTRATION_AND_MEASURED_LIQUID,VALID,,P24-MAT-FIT,ExperimentalData(9).run(2) fraction 3,SOURCE_DERIVED_ANALYTICAL
FIT_2021_12,FIT-C09,9,FIT-E09-R2,2,3,7.49135686,10.42403091,5.4265,MEASURED_MASS_G,5CQA,2.82870795,mg/g,15.34998366,DERIVED_FROM_CONCENTRATION_AND_MEASURED_LIQUID,VALID,,P24-MAT-FIT,ExperimentalData(9).run(2) fraction 3,SOURCE_DERIVED_ANALYTICAL
FIT_2021_12,FIT-C09,9,FIT-E09-R2,2,3,7.49135686,10.42403091,5.4265,MEASURED_MASS_G,CQA_sum,5.77191624,mg/g,31.32130348,DERIVED_FROM_CONCENTRATION_AND_MEASURED_LIQUID,VALID,,P24-MAT-FIT,ExperimentalData(9).run(2) fraction 3,SOURCE_DERIVED_ANALYTICAL
FIT_2021_12,FIT-C09,9,FIT-E09-R2,2,3,7.49135686,10.42403091,5.4265,MEASURED_MASS_G,TDS,8.71469606,percent,472.90298192,DERIVED_FROM_CONCENTRATION_AND_MEASURED_LIQUID,VALID,,P24-MAT-FIT,ExperimentalData(9).run(2) fraction 3,SOURCE_DERIVED_ANALYTICAL
FIT_2021_12,FIT-C09,9,FIT-E09-R2,2,5,13.36324424,16.23139028,5.3071,MEASURED_MASS_G,caffeine,2.90882485,mg/g,15.43742436,DERIVED_FROM_CONCENTRATION_AND_MEASURED_LIQUID,VALID,,P24-MAT-FIT,ExperimentalData(9).run(2) fraction 5,SOURCE_DERIVED_ANALYTICAL
FIT_2021_12,FIT-C09,9,FIT-E09-R2,2,5,13.36324424,16.23139028,5.3071,MEASURED_MASS_G,trigonelline,1.24894569,mg/g,6.62827966,DERIVED_FROM_CONCENTRATION_AND_MEASURED_LIQUID,VALID,,P24-MAT-FIT,ExperimentalData(9).run(2) fraction 5,SOURCE_DERIVED_ANALYTICAL
FIT_2021_12,FIT-C09,9,FIT-E09-R2,2,5,13.36324424,16.23139028,5.3071,MEASURED_MASS_G,5CQA,1.73436295,mg/g,9.20443759,DERIVED_FROM_CONCENTRATION_AND_MEASURED_LIQUID,VALID,,P24-MAT-FIT,ExperimentalData(9).run(2) fraction 5,SOURCE_DERIVED_ANALYTICAL
FIT_2021_12,FIT-C09,9,FIT-E09-R2,2,5,13.36324424,16.23139028,5.3071,MEASURED_MASS_G,CQA_sum,3.46628488,mg/g,18.39592049,DERIVED_FROM_CONCENTRATION_AND_MEASURED_LIQUID,VALID,,P24-MAT-FIT,ExperimentalData(9).run(2) fraction 5,SOURCE_DERIVED_ANALYTICAL
FIT_2021_12,FIT-C09,9,FIT-E09-R2,2,5,13.36324424,16.23139028,5.3071,MEASURED_MASS_G,TDS,5.50168814,percent,291.98009121,DERIVED_FROM_CONCENTRATION_AND_MEASURED_LIQUID,VALID,,P24-MAT-FIT,ExperimentalData(9).run(2) fraction 5,SOURCE_DERIVED_ANALYTICAL
FIT_2021_12,FIT-C09,9,FIT-E09-R2,2,7,19.03646748,21.84311195,5.1933,MEASURED_MASS_G,caffeine,2.01713945,mg/g,10.47561031,DERIVED_FROM_CONCENTRATION_AND_MEASURED_LIQUID,VALID,,P24-MAT-FIT,ExperimentalData(9).run(2) fraction 7,SOURCE_DERIVED_ANALYTICAL
FIT_2021_12,FIT-C09,9,FIT-E09-R2,2,7,19.03646748,21.84311195,5.1933,MEASURED_MASS_G,trigonelline,0.75589114,mg/g,3.92556944,DERIVED_FROM_CONCENTRATION_AND_MEASURED_LIQUID,VALID,,P24-MAT-FIT,ExperimentalData(9).run(2) fraction 7,SOURCE_DERIVED_ANALYTICAL
FIT_2021_12,FIT-C09,9,FIT-E09-R2,2,7,19.03646748,21.84311195,5.1933,MEASURED_MASS_G,5CQA,1.19890252,mg/g,6.22626048,DERIVED_FROM_CONCENTRATION_AND_MEASURED_LIQUID,VALID,,P24-MAT-FIT,ExperimentalData(9).run(2) fraction 7,SOURCE_DERIVED_ANALYTICAL
FIT_2021_12,FIT-C09,9,FIT-E09-R2,2,7,19.03646748,21.84311195,5.1933,MEASURED_MASS_G,CQA_sum,2.43983385,mg/g,12.67078916,DERIVED_FROM_CONCENTRATION_AND_MEASURED_LIQUID,VALID,,P24-MAT-FIT,ExperimentalData(9).run(2) fraction 7,SOURCE_DERIVED_ANALYTICAL
FIT_2021_12,FIT-C09,9,FIT-E09-R2,2,7,19.03646748,21.84311195,5.1933,MEASURED_MASS_G,TDS,3.27716433,percent,170.19297529,DERIVED_FROM_CONCENTRATION_AND_MEASURED_LIQUID,VALID,,P24-MAT-FIT,ExperimentalData(9).run(2) fraction 7,SOURCE_DERIVED_ANALYTICAL
FIT_2021_12,FIT-C09,9,FIT-E09-R2,2,10,27.35896033,30.16603714,5.1941,MEASURED_MASS_G,caffeine,1.17933872,mg/g,6.12560323,DERIVED_FROM_CONCENTRATION_AND_MEASURED_LIQUID,VALID,,P24-MAT-FIT,ExperimentalData(9).run(2) fraction 10,SOURCE_DERIVED_ANALYTICAL
FIT_2021_12,FIT-C09,9,FIT-E09-R2,2,10,27.35896033,30.16603714,5.1941,MEASURED_MASS_G,trigonelline,0.33603441,mg/g,1.74539631,DERIVED_FROM_CONCENTRATION_AND_MEASURED_LIQUID,VALID,,P24-MAT-FIT,ExperimentalData(9).run(2) fraction 10,SOURCE_DERIVED_ANALYTICAL
FIT_2021_12,FIT-C09,9,FIT-E09-R2,2,10,27.35896033,30.16603714,5.1941,MEASURED_MASS_G,5CQA,0.65920922,mg/g,3.42399861,DERIVED_FROM_CONCENTRATION_AND_MEASURED_LIQUID,VALID,,P24-MAT-FIT,ExperimentalData(9).run(2) fraction 10,SOURCE_DERIVED_ANALYTICAL
FIT_2021_12,FIT-C09,9,FIT-E09-R2,2,10,27.35896033,30.16603714,5.1941,MEASURED_MASS_G,CQA_sum,1.31522718,mg/g,6.83142149,DERIVED_FROM_CONCENTRATION_AND_MEASURED_LIQUID,VALID,,P24-MAT-FIT,ExperimentalData(9).run(2) fraction 10,SOURCE_DERIVED_ANALYTICAL
FIT_2021_12,FIT-C09,9,FIT-E09-R2,2,10,27.35896033,30.16603714,5.1941,MEASURED_MASS_G,TDS,1.56247094,percent,81.15630333,DERIVED_FROM_CONCENTRATION_AND_MEASURED_LIQUID,VALID,,P24-MAT-FIT,ExperimentalData(9).run(2) fraction 10,SOURCE_DERIVED_ANALYTICAL
FIT_2021_12,FIT-C09,9,FIT-E09-R3,3,1,0,4.32679559,8.156,MEASURED_MASS_G,caffeine,8.68234202,mg/g,70.81318155,DERIVED_FROM_CONCENTRATION_AND_MEASURED_LIQUID,VALID,,P24-MAT-FIT,ExperimentalData(9).run(3) fraction 1,SOURCE_DERIVED_ANALYTICAL
FIT_2021_12,FIT-C09,9,FIT-E09-R3,3,1,0,4.32679559,8.156,MEASURED_MASS_G,trigonelline,5.43982446,mg/g,44.36720828,DERIVED_FROM_CONCENTRATION_AND_MEASURED_LIQUID,VALID,,P24-MAT-FIT,ExperimentalData(9).run(3) fraction 1,SOURCE_DERIVED_ANALYTICAL
FIT_2021_12,FIT-C09,9,FIT-E09-R3,3,1,0,4.32679559,8.156,MEASURED_MASS_G,5CQA,5.73005784,mg/g,46.73435172,DERIVED_FROM_CONCENTRATION_AND_MEASURED_LIQUID,VALID,,P24-MAT-FIT,ExperimentalData(9).run(3) fraction 1,SOURCE_DERIVED_ANALYTICAL
FIT_2021_12,FIT-C09,9,FIT-E09-R3,3,1,0,4.32679559,8.156,MEASURED_MASS_G,CQA_sum,11.83362444,mg/g,96.51504095,DERIVED_FROM_CONCENTRATION_AND_MEASURED_LIQUID,VALID,,P24-MAT-FIT,ExperimentalData(9).run(3) fraction 1,SOURCE_DERIVED_ANALYTICAL
FIT_2021_12,FIT-C09,9,FIT-E09-R3,3,1,0,4.32679559,8.156,MEASURED_MASS_G,TDS,20.65394694,percent,1684.53591207,DERIVED_FROM_CONCENTRATION_AND_MEASURED_LIQUID,VALID,,P24-MAT-FIT,ExperimentalData(9).run(3) fraction 1,SOURCE_DERIVED_ANALYTICAL
FIT_2021_12,FIT-C09,9,FIT-E09-R3,3,2,4.32679559,7.31417315,5.6312,MEASURED_MASS_G,caffeine,6.17758925,mg/g,34.78724058,DERIVED_FROM_CONCENTRATION_AND_MEASURED_LIQUID,VALID,,P24-MAT-FIT,ExperimentalData(9).run(3) fraction 2,SOURCE_DERIVED_ANALYTICAL
FIT_2021_12,FIT-C09,9,FIT-E09-R3,3,2,4.32679559,7.31417315,5.6312,MEASURED_MASS_G,trigonelline,3.31424926,mg/g,18.66320046,DERIVED_FROM_CONCENTRATION_AND_MEASURED_LIQUID,VALID,,P24-MAT-FIT,ExperimentalData(9).run(3) fraction 2,SOURCE_DERIVED_ANALYTICAL
FIT_2021_12,FIT-C09,9,FIT-E09-R3,3,2,4.32679559,7.31417315,5.6312,MEASURED_MASS_G,5CQA,3.88963946,mg/g,21.90333771,DERIVED_FROM_CONCENTRATION_AND_MEASURED_LIQUID,VALID,,P24-MAT-FIT,ExperimentalData(9).run(3) fraction 2,SOURCE_DERIVED_ANALYTICAL
FIT_2021_12,FIT-C09,9,FIT-E09-R3,3,2,4.32679559,7.31417315,5.6312,MEASURED_MASS_G,CQA_sum,7.86453838,mg/g,44.28678854,DERIVED_FROM_CONCENTRATION_AND_MEASURED_LIQUID,VALID,,P24-MAT-FIT,ExperimentalData(9).run(3) fraction 2,SOURCE_DERIVED_ANALYTICAL
FIT_2021_12,FIT-C09,9,FIT-E09-R3,3,2,4.32679559,7.31417315,5.6312,MEASURED_MASS_G,TDS,13.13507351,percent,739.6622594,DERIVED_FROM_CONCENTRATION_AND_MEASURED_LIQUID,VALID,,P24-MAT-FIT,ExperimentalData(9).run(3) fraction 2,SOURCE_DERIVED_ANALYTICAL
FIT_2021_12,FIT-C09,9,FIT-E09-R3,3,3,7.31417315,10.29826158,5.625,MEASURED_MASS_G,caffeine,4.60944204,mg/g,25.92811149,DERIVED_FROM_CONCENTRATION_AND_MEASURED_LIQUID,VALID,,P24-MAT-FIT,ExperimentalData(9).run(3) fraction 3,SOURCE_DERIVED_ANALYTICAL
FIT_2021_12,FIT-C09,9,FIT-E09-R3,3,3,7.31417315,10.29826158,5.625,MEASURED_MASS_G,trigonelline,2.2619671,mg/g,12.72356494,DERIVED_FROM_CONCENTRATION_AND_MEASURED_LIQUID,VALID,,P24-MAT-FIT,ExperimentalData(9).run(3) fraction 3,SOURCE_DERIVED_ANALYTICAL
FIT_2021_12,FIT-C09,9,FIT-E09-R3,3,3,7.31417315,10.29826158,5.625,MEASURED_MASS_G,5CQA,2.86805825,mg/g,16.13282767,DERIVED_FROM_CONCENTRATION_AND_MEASURED_LIQUID,VALID,,P24-MAT-FIT,ExperimentalData(9).run(3) fraction 3,SOURCE_DERIVED_ANALYTICAL
FIT_2021_12,FIT-C09,9,FIT-E09-R3,3,3,7.31417315,10.29826158,5.625,MEASURED_MASS_G,CQA_sum,5.29652799,mg/g,29.79296997,DERIVED_FROM_CONCENTRATION_AND_MEASURED_LIQUID,VALID,,P24-MAT-FIT,ExperimentalData(9).run(3) fraction 3,SOURCE_DERIVED_ANALYTICAL
FIT_2021_12,FIT-C09,9,FIT-E09-R3,3,3,7.31417315,10.29826158,5.625,MEASURED_MASS_G,TDS,9.05423348,percent,509.30063297,DERIVED_FROM_CONCENTRATION_AND_MEASURED_LIQUID,VALID,,P24-MAT-FIT,ExperimentalData(9).run(3) fraction 3,SOURCE_DERIVED_ANALYTICAL
FIT_2021_12,FIT-C09,9,FIT-E09-R3,3,5,13.25603698,16.05773792,5.2812,MEASURED_MASS_G,caffeine,2.98099529,mg/g,15.74323233,DERIVED_FROM_CONCENTRATION_AND_MEASURED_LIQUID,VALID,,P24-MAT-FIT,ExperimentalData(9).run(3) fraction 5,SOURCE_DERIVED_ANALYTICAL
FIT_2021_12,FIT-C09,9,FIT-E09-R3,3,5,13.25603698,16.05773792,5.2812,MEASURED_MASS_G,trigonelline,1.2332989,mg/g,6.51329815,DERIVED_FROM_CONCENTRATION_AND_MEASURED_LIQUID,VALID,,P24-MAT-FIT,ExperimentalData(9).run(3) fraction 5,SOURCE_DERIVED_ANALYTICAL
FIT_2021_12,FIT-C09,9,FIT-E09-R3,3,5,13.25603698,16.05773792,5.2812,MEASURED_MASS_G,5CQA,1.75448842,mg/g,9.26580425,DERIVED_FROM_CONCENTRATION_AND_MEASURED_LIQUID,VALID,,P24-MAT-FIT,ExperimentalData(9).run(3) fraction 5,SOURCE_DERIVED_ANALYTICAL
FIT_2021_12,FIT-C09,9,FIT-E09-R3,3,5,13.25603698,16.05773792,5.2812,MEASURED_MASS_G,CQA_sum,4.10903729,mg/g,21.70064773,DERIVED_FROM_CONCENTRATION_AND_MEASURED_LIQUID,VALID,,P24-MAT-FIT,ExperimentalData(9).run(3) fraction 5,SOURCE_DERIVED_ANALYTICAL
FIT_2021_12,FIT-C09,9,FIT-E09-R3,3,5,13.25603698,16.05773792,5.2812,MEASURED_MASS_G,TDS,5.53735518,percent,292.43880167,DERIVED_FROM_CONCENTRATION_AND_MEASURED_LIQUID,VALID,,P24-MAT-FIT,ExperimentalData(9).run(3) fraction 5,SOURCE_DERIVED_ANALYTICAL
FIT_2021_12,FIT-C09,9,FIT-E09-R3,3,7,19.02622951,21.73143167,5.0993,MEASURED_MASS_G,caffeine,1.9981245,mg/g,10.18903626,DERIVED_FROM_CONCENTRATION_AND_MEASURED_LIQUID,VALID,,P24-MAT-FIT,ExperimentalData(9).run(3) fraction 7,SOURCE_DERIVED_ANALYTICAL
FIT_2021_12,FIT-C09,9,FIT-E09-R3,3,7,19.02622951,21.73143167,5.0993,MEASURED_MASS_G,trigonelline,0.70415974,mg/g,3.59072174,DERIVED_FROM_CONCENTRATION_AND_MEASURED_LIQUID,VALID,,P24-MAT-FIT,ExperimentalData(9).run(3) fraction 7,SOURCE_DERIVED_ANALYTICAL
FIT_2021_12,FIT-C09,9,FIT-E09-R3,3,7,19.02622951,21.73143167,5.0993,MEASURED_MASS_G,5CQA,1.161378,mg/g,5.92221484,DERIVED_FROM_CONCENTRATION_AND_MEASURED_LIQUID,VALID,,P24-MAT-FIT,ExperimentalData(9).run(3) fraction 7,SOURCE_DERIVED_ANALYTICAL
FIT_2021_12,FIT-C09,9,FIT-E09-R3,3,7,19.02622951,21.73143167,5.0993,MEASURED_MASS_G,CQA_sum,2.36940413,mg/g,12.08230249,DERIVED_FROM_CONCENTRATION_AND_MEASURED_LIQUID,VALID,,P24-MAT-FIT,ExperimentalData(9).run(3) fraction 7,SOURCE_DERIVED_ANALYTICAL
FIT_2021_12,FIT-C09,9,FIT-E09-R3,3,7,19.02622951,21.73143167,5.0993,MEASURED_MASS_G,TDS,3.30071152,percent,168.31318228,DERIVED_FROM_CONCENTRATION_AND_MEASURED_LIQUID,VALID,,P24-MAT-FIT,ExperimentalData(9).run(3) fraction 7,SOURCE_DERIVED_ANALYTICAL
FIT_2021_12,FIT-C09,9,FIT-E09-R3,3,10,27.271173,29.94348387,5.0373,MEASURED_MASS_G,caffeine,1.15102963,mg/g,5.79808155,DERIVED_FROM_CONCENTRATION_AND_MEASURED_LIQUID,VALID,,P24-MAT-FIT,ExperimentalData(9).run(3) fraction 10,SOURCE_DERIVED_ANALYTICAL
FIT_2021_12,FIT-C09,9,FIT-E09-R3,3,10,27.271173,29.94348387,5.0373,MEASURED_MASS_G,trigonelline,0.30332979,mg/g,1.52796316,DERIVED_FROM_CONCENTRATION_AND_MEASURED_LIQUID,VALID,,P24-MAT-FIT,ExperimentalData(9).run(3) fraction 10,SOURCE_DERIVED_ANALYTICAL
FIT_2021_12,FIT-C09,9,FIT-E09-R3,3,10,27.271173,29.94348387,5.0373,MEASURED_MASS_G,5CQA,0.62821458,mg/g,3.16450528,DERIVED_FROM_CONCENTRATION_AND_MEASURED_LIQUID,VALID,,P24-MAT-FIT,ExperimentalData(9).run(3) fraction 10,SOURCE_DERIVED_ANALYTICAL
FIT_2021_12,FIT-C09,9,FIT-E09-R3,3,10,27.271173,29.94348387,5.0373,MEASURED_MASS_G,CQA_sum,1.25655631,mg/g,6.32965108,DERIVED_FROM_CONCENTRATION_AND_MEASURED_LIQUID,VALID,,P24-MAT-FIT,ExperimentalData(9).run(3) fraction 10,SOURCE_DERIVED_ANALYTICAL
FIT_2021_12,FIT-C09,9,FIT-E09-R3,3,10,27.271173,29.94348387,5.0373,MEASURED_MASS_G,TDS,1.42574326,percent,71.8189651,DERIVED_FROM_CONCENTRATION_AND_MEASURED_LIQUID,VALID,,P24-MAT-FIT,ExperimentalData(9).run(3) fraction 10,SOURCE_DERIVED_ANALYTICAL
FIT_2021_12,FIT-C10,10,FIT-E10-R1,1,1,0,5.3589246,5.8529,MEASURED_MASS_G,caffeine,8.79318955,mg/g,51.46565913,DERIVED_FROM_CONCENTRATION_AND_MEASURED_LIQUID,VALID,,P24-MAT-FIT,ExperimentalData(10).run(1) fraction 1,SOURCE_DERIVED_ANALYTICAL
FIT_2021_12,FIT-C10,10,FIT-E10-R1,1,1,0,5.3589246,5.8529,MEASURED_MASS_G,trigonelline,6.02584926,mg/g,35.26869311,DERIVED_FROM_CONCENTRATION_AND_MEASURED_LIQUID,VALID,,P24-MAT-FIT,ExperimentalData(10).run(1) fraction 1,SOURCE_DERIVED_ANALYTICAL
FIT_2021_12,FIT-C10,10,FIT-E10-R1,1,1,0,5.3589246,5.8529,MEASURED_MASS_G,5CQA,6.12299742,mg/g,35.83729162,DERIVED_FROM_CONCENTRATION_AND_MEASURED_LIQUID,VALID,,P24-MAT-FIT,ExperimentalData(10).run(1) fraction 1,SOURCE_DERIVED_ANALYTICAL
FIT_2021_12,FIT-C10,10,FIT-E10-R1,1,1,0,5.3589246,5.8529,MEASURED_MASS_G,CQA_sum,12.79473642,mg/g,74.88631281,DERIVED_FROM_CONCENTRATION_AND_MEASURED_LIQUID,VALID,,P24-MAT-FIT,ExperimentalData(10).run(1) fraction 1,SOURCE_DERIVED_ANALYTICAL
FIT_2021_12,FIT-C10,10,FIT-E10-R1,1,1,0,5.3589246,5.8529,MEASURED_MASS_G,TDS,23.12680154,percent,1353.58856721,DERIVED_FROM_CONCENTRATION_AND_MEASURED_LIQUID,VALID,,P24-MAT-FIT,ExperimentalData(10).run(1) fraction 1,SOURCE_DERIVED_ANALYTICAL
FIT_2021_12,FIT-C10,10,FIT-E10-R1,1,2,5.3589246,11.05625556,6.2225,MEASURED_MASS_G,caffeine,6.91072604,mg/g,43.00199279,DERIVED_FROM_CONCENTRATION_AND_MEASURED_LIQUID,VALID,,P24-MAT-FIT,ExperimentalData(10).run(1) fraction 2,SOURCE_DERIVED_ANALYTICAL
FIT_2021_12,FIT-C10,10,FIT-E10-R1,1,2,5.3589246,11.05625556,6.2225,MEASURED_MASS_G,trigonelline,4.30932794,mg/g,26.81479313,DERIVED_FROM_CONCENTRATION_AND_MEASURED_LIQUID,VALID,,P24-MAT-FIT,ExperimentalData(10).run(1) fraction 2,SOURCE_DERIVED_ANALYTICAL
FIT_2021_12,FIT-C10,10,FIT-E10-R1,1,2,5.3589246,11.05625556,6.2225,MEASURED_MASS_G,5CQA,4.72291837,mg/g,29.38835955,DERIVED_FROM_CONCENTRATION_AND_MEASURED_LIQUID,VALID,,P24-MAT-FIT,ExperimentalData(10).run(1) fraction 2,SOURCE_DERIVED_ANALYTICAL
FIT_2021_12,FIT-C10,10,FIT-E10-R1,1,2,5.3589246,11.05625556,6.2225,MEASURED_MASS_G,CQA_sum,9.77490389,mg/g,60.82433946,DERIVED_FROM_CONCENTRATION_AND_MEASURED_LIQUID,VALID,,P24-MAT-FIT,ExperimentalData(10).run(1) fraction 2,SOURCE_DERIVED_ANALYTICAL
FIT_2021_12,FIT-C10,10,FIT-E10-R1,1,2,5.3589246,11.05625556,6.2225,MEASURED_MASS_G,TDS,16.92512816,percent,1053.16609956,DERIVED_FROM_CONCENTRATION_AND_MEASURED_LIQUID,VALID,,P24-MAT-FIT,ExperimentalData(10).run(1) fraction 2,SOURCE_DERIVED_ANALYTICAL
FIT_2021_12,FIT-C10,10,FIT-E10-R1,1,3,11.05625556,16.41673668,5.8546,MEASURED_MASS_G,caffeine,5.01425429,mg/g,29.35645314,DERIVED_FROM_CONCENTRATION_AND_MEASURED_LIQUID,VALID,,P24-MAT-FIT,ExperimentalData(10).run(1) fraction 3,SOURCE_DERIVED_ANALYTICAL
FIT_2021_12,FIT-C10,10,FIT-E10-R1,1,3,11.05625556,16.41673668,5.8546,MEASURED_MASS_G,trigonelline,2.74698494,mg/g,16.08249802,DERIVED_FROM_CONCENTRATION_AND_MEASURED_LIQUID,VALID,,P24-MAT-FIT,ExperimentalData(10).run(1) fraction 3,SOURCE_DERIVED_ANALYTICAL
FIT_2021_12,FIT-C10,10,FIT-E10-R1,1,3,11.05625556,16.41673668,5.8546,MEASURED_MASS_G,5CQA,3.38945723,mg/g,19.84391631,DERIVED_FROM_CONCENTRATION_AND_MEASURED_LIQUID,VALID,,P24-MAT-FIT,ExperimentalData(10).run(1) fraction 3,SOURCE_DERIVED_ANALYTICAL
FIT_2021_12,FIT-C10,10,FIT-E10-R1,1,3,11.05625556,16.41673668,5.8546,MEASURED_MASS_G,CQA_sum,7.06528301,mg/g,41.3644059,DERIVED_FROM_CONCENTRATION_AND_MEASURED_LIQUID,VALID,,P24-MAT-FIT,ExperimentalData(10).run(1) fraction 3,SOURCE_DERIVED_ANALYTICAL
FIT_2021_12,FIT-C10,10,FIT-E10-R1,1,3,11.05625556,16.41673668,5.8546,MEASURED_MASS_G,TDS,10.64849255,percent,623.4266451,DERIVED_FROM_CONCENTRATION_AND_MEASURED_LIQUID,VALID,,P24-MAT-FIT,ExperimentalData(10).run(1) fraction 3,SOURCE_DERIVED_ANALYTICAL
FIT_2021_12,FIT-C10,10,FIT-E10-R1,1,5,21.75835641,27.28813227,6.0395,MEASURED_MASS_G,caffeine,2.48143618,mg/g,14.98663379,DERIVED_FROM_CONCENTRATION_AND_MEASURED_LIQUID,VALID,,P24-MAT-FIT,ExperimentalData(10).run(1) fraction 5,SOURCE_DERIVED_ANALYTICAL
FIT_2021_12,FIT-C10,10,FIT-E10-R1,1,5,21.75835641,27.28813227,6.0395,MEASURED_MASS_G,trigonelline,0.97099502,mg/g,5.86432444,DERIVED_FROM_CONCENTRATION_AND_MEASURED_LIQUID,VALID,,P24-MAT-FIT,ExperimentalData(10).run(1) fraction 5,SOURCE_DERIVED_ANALYTICAL
FIT_2021_12,FIT-C10,10,FIT-E10-R1,1,5,21.75835641,27.28813227,6.0395,MEASURED_MASS_G,5CQA,1.51737321,mg/g,9.1641755,DERIVED_FROM_CONCENTRATION_AND_MEASURED_LIQUID,VALID,,P24-MAT-FIT,ExperimentalData(10).run(1) fraction 5,SOURCE_DERIVED_ANALYTICAL
FIT_2021_12,FIT-C10,10,FIT-E10-R1,1,5,21.75835641,27.28813227,6.0395,MEASURED_MASS_G,CQA_sum,3.06804572,mg/g,18.52946213,DERIVED_FROM_CONCENTRATION_AND_MEASURED_LIQUID,VALID,,P24-MAT-FIT,ExperimentalData(10).run(1) fraction 5,SOURCE_DERIVED_ANALYTICAL
FIT_2021_12,FIT-C10,10,FIT-E10-R1,1,5,21.75835641,27.28813227,6.0395,MEASURED_MASS_G,TDS,4.58335188,percent,276.81153672,DERIVED_FROM_CONCENTRATION_AND_MEASURED_LIQUID,VALID,,P24-MAT-FIT,ExperimentalData(10).run(1) fraction 5,SOURCE_DERIVED_ANALYTICAL
FIT_2021_12,FIT-C10,10,FIT-E10-R1,1,7,32.0556698,36.38445104,4.7278,MEASURED_MASS_G,caffeine,1.50565183,mg/g,7.11842073,DERIVED_FROM_CONCENTRATION_AND_MEASURED_LIQUID,VALID,,P24-MAT-FIT,ExperimentalData(10).run(1) fraction 7,SOURCE_DERIVED_ANALYTICAL
FIT_2021_12,FIT-C10,10,FIT-E10-R1,1,7,32.0556698,36.38445104,4.7278,MEASURED_MASS_G,trigonelline,0.49951774,mg/g,2.36161998,DERIVED_FROM_CONCENTRATION_AND_MEASURED_LIQUID,VALID,,P24-MAT-FIT,ExperimentalData(10).run(1) fraction 7,SOURCE_DERIVED_ANALYTICAL
FIT_2021_12,FIT-C10,10,FIT-E10-R1,1,7,32.0556698,36.38445104,4.7278,MEASURED_MASS_G,5CQA,0.91194035,mg/g,4.31147159,DERIVED_FROM_CONCENTRATION_AND_MEASURED_LIQUID,VALID,,P24-MAT-FIT,ExperimentalData(10).run(1) fraction 7,SOURCE_DERIVED_ANALYTICAL
FIT_2021_12,FIT-C10,10,FIT-E10-R1,1,7,32.0556698,36.38445104,4.7278,MEASURED_MASS_G,CQA_sum,1.88578722,mg/g,8.9156248,DERIVED_FROM_CONCENTRATION_AND_MEASURED_LIQUID,VALID,,P24-MAT-FIT,ExperimentalData(10).run(1) fraction 7,SOURCE_DERIVED_ANALYTICAL
FIT_2021_12,FIT-C10,10,FIT-E10-R1,1,7,32.0556698,36.38445104,4.7278,MEASURED_MASS_G,TDS,2.42575054,percent,114.68463425,DERIVED_FROM_CONCENTRATION_AND_MEASURED_LIQUID,VALID,,P24-MAT-FIT,ExperimentalData(10).run(1) fraction 7,SOURCE_DERIVED_ANALYTICAL
FIT_2021_12,FIT-C10,10,FIT-E10-R1,1,10,46.61959509,51.66941259,5.5153,MEASURED_MASS_G,caffeine,0.87868254,mg/g,4.84619781,DERIVED_FROM_CONCENTRATION_AND_MEASURED_LIQUID,VALID,,P24-MAT-FIT,ExperimentalData(10).run(1) fraction 10,SOURCE_DERIVED_ANALYTICAL
FIT_2021_12,FIT-C10,10,FIT-E10-R1,1,10,46.61959509,51.66941259,5.5153,MEASURED_MASS_G,trigonelline,0.23592782,mg/g,1.30121269,DERIVED_FROM_CONCENTRATION_AND_MEASURED_LIQUID,VALID,,P24-MAT-FIT,ExperimentalData(10).run(1) fraction 10,SOURCE_DERIVED_ANALYTICAL
FIT_2021_12,FIT-C10,10,FIT-E10-R1,1,10,46.61959509,51.66941259,5.5153,MEASURED_MASS_G,5CQA,0.51425775,mg/g,2.83628579,DERIVED_FROM_CONCENTRATION_AND_MEASURED_LIQUID,VALID,,P24-MAT-FIT,ExperimentalData(10).run(1) fraction 10,SOURCE_DERIVED_ANALYTICAL
FIT_2021_12,FIT-C10,10,FIT-E10-R1,1,10,46.61959509,51.66941259,5.5153,MEASURED_MASS_G,CQA_sum,1.06122126,mg/g,5.85295364,DERIVED_FROM_CONCENTRATION_AND_MEASURED_LIQUID,VALID,,P24-MAT-FIT,ExperimentalData(10).run(1) fraction 10,SOURCE_DERIVED_ANALYTICAL
FIT_2021_12,FIT-C10,10,FIT-E10-R1,1,10,46.61959509,51.66941259,5.5153,MEASURED_MASS_G,TDS,1.39159908,percent,76.75086413,DERIVED_FROM_CONCENTRATION_AND_MEASURED_LIQUID,VALID,,P24-MAT-FIT,ExperimentalData(10).run(1) fraction 10,SOURCE_DERIVED_ANALYTICAL
FIT_2021_12,FIT-C10,10,FIT-E10-R2,2,1,0,4.94693787,4.7264,MEASURED_MASS_G,caffeine,9.18205894,mg/g,43.3980834,DERIVED_FROM_CONCENTRATION_AND_MEASURED_LIQUID,VALID,,P24-MAT-FIT,ExperimentalData(10).run(2) fraction 1,SOURCE_DERIVED_ANALYTICAL
FIT_2021_12,FIT-C10,10,FIT-E10-R2,2,1,0,4.94693787,4.7264,MEASURED_MASS_G,trigonelline,6.13819573,mg/g,29.01156831,DERIVED_FROM_CONCENTRATION_AND_MEASURED_LIQUID,VALID,,P24-MAT-FIT,ExperimentalData(10).run(2) fraction 1,SOURCE_DERIVED_ANALYTICAL
FIT_2021_12,FIT-C10,10,FIT-E10-R2,2,1,0,4.94693787,4.7264,MEASURED_MASS_G,5CQA,6.2886793,mg/g,29.72281384,DERIVED_FROM_CONCENTRATION_AND_MEASURED_LIQUID,VALID,,P24-MAT-FIT,ExperimentalData(10).run(2) fraction 1,SOURCE_DERIVED_ANALYTICAL
FIT_2021_12,FIT-C10,10,FIT-E10-R2,2,1,0,4.94693787,4.7264,MEASURED_MASS_G,CQA_sum,13.11236369,mg/g,61.97427573,DERIVED_FROM_CONCENTRATION_AND_MEASURED_LIQUID,VALID,,P24-MAT-FIT,ExperimentalData(10).run(2) fraction 1,SOURCE_DERIVED_ANALYTICAL
FIT_2021_12,FIT-C10,10,FIT-E10-R2,2,1,0,4.94693787,4.7264,MEASURED_MASS_G,TDS,23.84737727,percent,1127.12243918,DERIVED_FROM_CONCENTRATION_AND_MEASURED_LIQUID,VALID,,P24-MAT-FIT,ExperimentalData(10).run(2) fraction 1,SOURCE_DERIVED_ANALYTICAL
FIT_2021_12,FIT-C10,10,FIT-E10-R2,2,2,4.94693787,11.95998426,6.7004,MEASURED_MASS_G,caffeine,7.33461408,mg/g,49.14484819,DERIVED_FROM_CONCENTRATION_AND_MEASURED_LIQUID,VALID,,P24-MAT-FIT,ExperimentalData(10).run(2) fraction 2,SOURCE_DERIVED_ANALYTICAL
FIT_2021_12,FIT-C10,10,FIT-E10-R2,2,2,4.94693787,11.95998426,6.7004,MEASURED_MASS_G,trigonelline,4.4329178,mg/g,29.70232241,DERIVED_FROM_CONCENTRATION_AND_MEASURED_LIQUID,VALID,,P24-MAT-FIT,ExperimentalData(10).run(2) fraction 2,SOURCE_DERIVED_ANALYTICAL
FIT_2021_12,FIT-C10,10,FIT-E10-R2,2,2,4.94693787,11.95998426,6.7004,MEASURED_MASS_G,5CQA,4.93884384,mg/g,33.09222923,DERIVED_FROM_CONCENTRATION_AND_MEASURED_LIQUID,VALID,,P24-MAT-FIT,ExperimentalData(10).run(2) fraction 2,SOURCE_DERIVED_ANALYTICAL
FIT_2021_12,FIT-C10,10,FIT-E10-R2,2,2,4.94693787,11.95998426,6.7004,MEASURED_MASS_G,CQA_sum,10.19228649,mg/g,68.29239642,DERIVED_FROM_CONCENTRATION_AND_MEASURED_LIQUID,VALID,,P24-MAT-FIT,ExperimentalData(10).run(2) fraction 2,SOURCE_DERIVED_ANALYTICAL
FIT_2021_12,FIT-C10,10,FIT-E10-R2,2,2,4.94693787,11.95998426,6.7004,MEASURED_MASS_G,TDS,17.55271276,percent,1176.10196586,DERIVED_FROM_CONCENTRATION_AND_MEASURED_LIQUID,VALID,,P24-MAT-FIT,ExperimentalData(10).run(2) fraction 2,SOURCE_DERIVED_ANALYTICAL
FIT_2021_12,FIT-C10,10,FIT-E10-R2,2,3,11.95998426,17.97189955,5.7439,MEASURED_MASS_G,caffeine,5.26111834,mg/g,30.21933761,DERIVED_FROM_CONCENTRATION_AND_MEASURED_LIQUID,VALID,,P24-MAT-FIT,ExperimentalData(10).run(2) fraction 3,SOURCE_DERIVED_ANALYTICAL
FIT_2021_12,FIT-C10,10,FIT-E10-R2,2,3,11.95998426,17.97189955,5.7439,MEASURED_MASS_G,trigonelline,2.81678828,mg/g,16.17935021,DERIVED_FROM_CONCENTRATION_AND_MEASURED_LIQUID,VALID,,P24-MAT-FIT,ExperimentalData(10).run(2) fraction 3,SOURCE_DERIVED_ANALYTICAL
FIT_2021_12,FIT-C10,10,FIT-E10-R2,2,3,11.95998426,17.97189955,5.7439,MEASURED_MASS_G,5CQA,3.50771169,mg/g,20.14794517,DERIVED_FROM_CONCENTRATION_AND_MEASURED_LIQUID,VALID,,P24-MAT-FIT,ExperimentalData(10).run(2) fraction 3,SOURCE_DERIVED_ANALYTICAL
FIT_2021_12,FIT-C10,10,FIT-E10-R2,2,3,11.95998426,17.97189955,5.7439,MEASURED_MASS_G,CQA_sum,7.28540339,mg/g,41.84662854,DERIVED_FROM_CONCENTRATION_AND_MEASURED_LIQUID,VALID,,P24-MAT-FIT,ExperimentalData(10).run(2) fraction 3,SOURCE_DERIVED_ANALYTICAL
FIT_2021_12,FIT-C10,10,FIT-E10-R2,2,3,11.95998426,17.97189955,5.7439,MEASURED_MASS_G,TDS,10.96123684,percent,629.6024829,DERIVED_FROM_CONCENTRATION_AND_MEASURED_LIQUID,VALID,,P24-MAT-FIT,ExperimentalData(10).run(2) fraction 3,SOURCE_DERIVED_ANALYTICAL
FIT_2021_12,FIT-C10,10,FIT-E10-R2,2,5,23.85999485,29.32199453,5.2185,MEASURED_MASS_G,caffeine,2.85675932,mg/g,14.90799853,DERIVED_FROM_CONCENTRATION_AND_MEASURED_LIQUID,VALID,,P24-MAT-FIT,ExperimentalData(10).run(2) fraction 5,SOURCE_DERIVED_ANALYTICAL
FIT_2021_12,FIT-C10,10,FIT-E10-R2,2,5,23.85999485,29.32199453,5.2185,MEASURED_MASS_G,trigonelline,1.13198071,mg/g,5.90724132,DERIVED_FROM_CONCENTRATION_AND_MEASURED_LIQUID,VALID,,P24-MAT-FIT,ExperimentalData(10).run(2) fraction 5,SOURCE_DERIVED_ANALYTICAL
FIT_2021_12,FIT-C10,10,FIT-E10-R2,2,5,23.85999485,29.32199453,5.2185,MEASURED_MASS_G,5CQA,1.77058609,mg/g,9.23980351,DERIVED_FROM_CONCENTRATION_AND_MEASURED_LIQUID,VALID,,P24-MAT-FIT,ExperimentalData(10).run(2) fraction 5,SOURCE_DERIVED_ANALYTICAL
FIT_2021_12,FIT-C10,10,FIT-E10-R2,2,5,23.85999485,29.32199453,5.2185,MEASURED_MASS_G,CQA_sum,3.58305093,mg/g,18.69815127,DERIVED_FROM_CONCENTRATION_AND_MEASURED_LIQUID,VALID,,P24-MAT-FIT,ExperimentalData(10).run(2) fraction 5,SOURCE_DERIVED_ANALYTICAL
FIT_2021_12,FIT-C10,10,FIT-E10-R2,2,5,23.85999485,29.32199453,5.2185,MEASURED_MASS_G,TDS,5.23920028,percent,273.40766659,DERIVED_FROM_CONCENTRATION_AND_MEASURED_LIQUID,VALID,,P24-MAT-FIT,ExperimentalData(10).run(2) fraction 5,SOURCE_DERIVED_ANALYTICAL
FIT_2021_12,FIT-C10,10,FIT-E10-R2,2,7,35.08030389,40.69982602,5.369,MEASURED_MASS_G,caffeine,1.7610687,mg/g,9.45517783,DERIVED_FROM_CONCENTRATION_AND_MEASURED_LIQUID,VALID,,P24-MAT-FIT,ExperimentalData(10).run(2) fraction 7,SOURCE_DERIVED_ANALYTICAL
FIT_2021_12,FIT-C10,10,FIT-E10-R2,2,7,35.08030389,40.69982602,5.369,MEASURED_MASS_G,trigonelline,0.56575718,mg/g,3.0375503,DERIVED_FROM_CONCENTRATION_AND_MEASURED_LIQUID,VALID,,P24-MAT-FIT,ExperimentalData(10).run(2) fraction 7,SOURCE_DERIVED_ANALYTICAL
FIT_2021_12,FIT-C10,10,FIT-E10-R2,2,7,35.08030389,40.69982602,5.369,MEASURED_MASS_G,5CQA,1.07292415,mg/g,5.76052975,DERIVED_FROM_CONCENTRATION_AND_MEASURED_LIQUID,VALID,,P24-MAT-FIT,ExperimentalData(10).run(2) fraction 7,SOURCE_DERIVED_ANALYTICAL
FIT_2021_12,FIT-C10,10,FIT-E10-R2,2,7,35.08030389,40.69982602,5.369,MEASURED_MASS_G,CQA_sum,2.20561662,mg/g,11.84195564,DERIVED_FROM_CONCENTRATION_AND_MEASURED_LIQUID,VALID,,P24-MAT-FIT,ExperimentalData(10).run(2) fraction 7,SOURCE_DERIVED_ANALYTICAL
FIT_2021_12,FIT-C10,10,FIT-E10-R2,2,7,35.08030389,40.69982602,5.369,MEASURED_MASS_G,TDS,2.83009211,percent,151.94764546,DERIVED_FROM_CONCENTRATION_AND_MEASURED_LIQUID,VALID,,P24-MAT-FIT,ExperimentalData(10).run(2) fraction 7,SOURCE_DERIVED_ANALYTICAL
FIT_2021_12,FIT-C10,10,FIT-E10-R2,2,10,51.73906273,57.47968352,5.4847,MEASURED_MASS_G,caffeine,0.97904964,mg/g,5.36979353,DERIVED_FROM_CONCENTRATION_AND_MEASURED_LIQUID,VALID,,P24-MAT-FIT,ExperimentalData(10).run(2) fraction 10,SOURCE_DERIVED_ANALYTICAL
FIT_2021_12,FIT-C10,10,FIT-E10-R2,2,10,51.73906273,57.47968352,5.4847,MEASURED_MASS_G,trigonelline,0.24119525,mg/g,1.32288356,DERIVED_FROM_CONCENTRATION_AND_MEASURED_LIQUID,VALID,,P24-MAT-FIT,ExperimentalData(10).run(2) fraction 10,SOURCE_DERIVED_ANALYTICAL
FIT_2021_12,FIT-C10,10,FIT-E10-R2,2,10,51.73906273,57.47968352,5.4847,MEASURED_MASS_G,5CQA,0.56505916,mg/g,3.09917998,DERIVED_FROM_CONCENTRATION_AND_MEASURED_LIQUID,VALID,,P24-MAT-FIT,ExperimentalData(10).run(2) fraction 10,SOURCE_DERIVED_ANALYTICAL
FIT_2021_12,FIT-C10,10,FIT-E10-R2,2,10,51.73906273,57.47968352,5.4847,MEASURED_MASS_G,CQA_sum,1.14961792,mg/g,6.30530943,DERIVED_FROM_CONCENTRATION_AND_MEASURED_LIQUID,VALID,,P24-MAT-FIT,ExperimentalData(10).run(2) fraction 10,SOURCE_DERIVED_ANALYTICAL
FIT_2021_12,FIT-C10,10,FIT-E10-R2,2,10,51.73906273,57.47968352,5.4847,MEASURED_MASS_G,TDS,1.42870265,percent,78.36005442,DERIVED_FROM_CONCENTRATION_AND_MEASURED_LIQUID,VALID,,P24-MAT-FIT,ExperimentalData(10).run(2) fraction 10,SOURCE_DERIVED_ANALYTICAL
FIT_2021_12,FIT-C10,10,FIT-E10-R3,3,1,0,4.97577329,4.5597,MEASURED_MASS_G,caffeine,9.30380229,mg/g,42.42254732,DERIVED_FROM_CONCENTRATION_AND_MEASURED_LIQUID,VALID,,P24-MAT-FIT,ExperimentalData(10).run(3) fraction 1,SOURCE_DERIVED_ANALYTICAL
FIT_2021_12,FIT-C10,10,FIT-E10-R3,3,1,0,4.97577329,4.5597,MEASURED_MASS_G,trigonelline,6.18887297,mg/g,28.21940406,DERIVED_FROM_CONCENTRATION_AND_MEASURED_LIQUID,VALID,,P24-MAT-FIT,ExperimentalData(10).run(3) fraction 1,SOURCE_DERIVED_ANALYTICAL
FIT_2021_12,FIT-C10,10,FIT-E10-R3,3,1,0,4.97577329,4.5597,MEASURED_MASS_G,5CQA,6.43571076,mg/g,29.34491037,DERIVED_FROM_CONCENTRATION_AND_MEASURED_LIQUID,VALID,,P24-MAT-FIT,ExperimentalData(10).run(3) fraction 1,SOURCE_DERIVED_ANALYTICAL
FIT_2021_12,FIT-C10,10,FIT-E10-R3,3,1,0,4.97577329,4.5597,MEASURED_MASS_G,CQA_sum,13.40077132,mg/g,61.10349699,DERIVED_FROM_CONCENTRATION_AND_MEASURED_LIQUID,VALID,,P24-MAT-FIT,ExperimentalData(10).run(3) fraction 1,SOURCE_DERIVED_ANALYTICAL
FIT_2021_12,FIT-C10,10,FIT-E10-R3,3,1,0,4.97577329,4.5597,MEASURED_MASS_G,TDS,24.16633642,percent,1101.91244197,DERIVED_FROM_CONCENTRATION_AND_MEASURED_LIQUID,VALID,,P24-MAT-FIT,ExperimentalData(10).run(3) fraction 1,SOURCE_DERIVED_ANALYTICAL
FIT_2021_12,FIT-C10,10,FIT-E10-R3,3,2,4.97577329,12.20159525,6.6216,MEASURED_MASS_G,caffeine,7.53730678,mg/g,49.90903054,DERIVED_FROM_CONCENTRATION_AND_MEASURED_LIQUID,VALID,,P24-MAT-FIT,ExperimentalData(10).run(3) fraction 2,SOURCE_DERIVED_ANALYTICAL
FIT_2021_12,FIT-C10,10,FIT-E10-R3,3,2,4.97577329,12.20159525,6.6216,MEASURED_MASS_G,trigonelline,4.57232888,mg/g,30.27613294,DERIVED_FROM_CONCENTRATION_AND_MEASURED_LIQUID,VALID,,P24-MAT-FIT,ExperimentalData(10).run(3) fraction 2,SOURCE_DERIVED_ANALYTICAL
FIT_2021_12,FIT-C10,10,FIT-E10-R3,3,2,4.97577329,12.20159525,6.6216,MEASURED_MASS_G,5CQA,5.12500446,mg/g,33.93572955,DERIVED_FROM_CONCENTRATION_AND_MEASURED_LIQUID,VALID,,P24-MAT-FIT,ExperimentalData(10).run(3) fraction 2,SOURCE_DERIVED_ANALYTICAL
FIT_2021_12,FIT-C10,10,FIT-E10-R3,3,2,4.97577329,12.20159525,6.6216,MEASURED_MASS_G,CQA_sum,10.57861409,mg/g,70.04735106,DERIVED_FROM_CONCENTRATION_AND_MEASURED_LIQUID,VALID,,P24-MAT-FIT,ExperimentalData(10).run(3) fraction 2,SOURCE_DERIVED_ANALYTICAL
FIT_2021_12,FIT-C10,10,FIT-E10-R3,3,2,4.97577329,12.20159525,6.6216,MEASURED_MASS_G,TDS,18.12280823,percent,1200.0198698,DERIVED_FROM_CONCENTRATION_AND_MEASURED_LIQUID,VALID,,P24-MAT-FIT,ExperimentalData(10).run(3) fraction 2,SOURCE_DERIVED_ANALYTICAL
FIT_2021_12,FIT-C10,10,FIT-E10-R3,3,3,12.20159525,18.19779655,5.4948,MEASURED_MASS_G,caffeine,5.66029677,mg/g,31.10219869,DERIVED_FROM_CONCENTRATION_AND_MEASURED_LIQUID,VALID,,P24-MAT-FIT,ExperimentalData(10).run(3) fraction 3,SOURCE_DERIVED_ANALYTICAL
FIT_2021_12,FIT-C10,10,FIT-E10-R3,3,3,12.20159525,18.19779655,5.4948,MEASURED_MASS_G,trigonelline,3.06934804,mg/g,16.86545359,DERIVED_FROM_CONCENTRATION_AND_MEASURED_LIQUID,VALID,,P24-MAT-FIT,ExperimentalData(10).run(3) fraction 3,SOURCE_DERIVED_ANALYTICAL
FIT_2021_12,FIT-C10,10,FIT-E10-R3,3,3,12.20159525,18.19779655,5.4948,MEASURED_MASS_G,5CQA,3.80953166,mg/g,20.93261458,DERIVED_FROM_CONCENTRATION_AND_MEASURED_LIQUID,VALID,,P24-MAT-FIT,ExperimentalData(10).run(3) fraction 3,SOURCE_DERIVED_ANALYTICAL
FIT_2021_12,FIT-C10,10,FIT-E10-R3,3,3,12.20159525,18.19779655,5.4948,MEASURED_MASS_G,CQA_sum,7.93678091,mg/g,43.61102373,DERIVED_FROM_CONCENTRATION_AND_MEASURED_LIQUID,VALID,,P24-MAT-FIT,ExperimentalData(10).run(3) fraction 3,SOURCE_DERIVED_ANALYTICAL
FIT_2021_12,FIT-C10,10,FIT-E10-R3,3,3,12.20159525,18.19779655,5.4948,MEASURED_MASS_G,TDS,11.8097105,percent,648.91997236,DERIVED_FROM_CONCENTRATION_AND_MEASURED_LIQUID,VALID,,P24-MAT-FIT,ExperimentalData(10).run(3) fraction 3,SOURCE_DERIVED_ANALYTICAL
FIT_2021_12,FIT-C10,10,FIT-E10-R3,3,5,24.23230072,30.10824626,5.3846,MEASURED_MASS_G,caffeine,2.9829541,mg/g,16.06201466,DERIVED_FROM_CONCENTRATION_AND_MEASURED_LIQUID,VALID,,P24-MAT-FIT,ExperimentalData(10).run(3) fraction 5,SOURCE_DERIVED_ANALYTICAL
FIT_2021_12,FIT-C10,10,FIT-E10-R3,3,5,24.23230072,30.10824626,5.3846,MEASURED_MASS_G,trigonelline,1.16424552,mg/g,6.26899644,DERIVED_FROM_CONCENTRATION_AND_MEASURED_LIQUID,VALID,,P24-MAT-FIT,ExperimentalData(10).run(3) fraction 5,SOURCE_DERIVED_ANALYTICAL
FIT_2021_12,FIT-C10,10,FIT-E10-R3,3,5,24.23230072,30.10824626,5.3846,MEASURED_MASS_G,5CQA,1.85083081,mg/g,9.96598359,DERIVED_FROM_CONCENTRATION_AND_MEASURED_LIQUID,VALID,,P24-MAT-FIT,ExperimentalData(10).run(3) fraction 5,SOURCE_DERIVED_ANALYTICAL
FIT_2021_12,FIT-C10,10,FIT-E10-R3,3,5,24.23230072,30.10824626,5.3846,MEASURED_MASS_G,CQA_sum,3.74479137,mg/g,20.16420361,DERIVED_FROM_CONCENTRATION_AND_MEASURED_LIQUID,VALID,,P24-MAT-FIT,ExperimentalData(10).run(3) fraction 5,SOURCE_DERIVED_ANALYTICAL
FIT_2021_12,FIT-C10,10,FIT-E10-R3,3,5,24.23230072,30.10824626,5.3846,MEASURED_MASS_G,TDS,5.28848294,percent,284.76365223,DERIVED_FROM_CONCENTRATION_AND_MEASURED_LIQUID,VALID,,P24-MAT-FIT,ExperimentalData(10).run(3) fraction 5,SOURCE_DERIVED_ANALYTICAL
FIT_2021_12,FIT-C10,10,FIT-E10-R3,3,7,35.83414489,41.48638415,5.1796,MEASURED_MASS_G,caffeine,1.77689046,mg/g,9.20358184,DERIVED_FROM_CONCENTRATION_AND_MEASURED_LIQUID,VALID,,P24-MAT-FIT,ExperimentalData(10).run(3) fraction 7,SOURCE_DERIVED_ANALYTICAL
FIT_2021_12,FIT-C10,10,FIT-E10-R3,3,7,35.83414489,41.48638415,5.1796,MEASURED_MASS_G,trigonelline,0.55252512,mg/g,2.86185911,DERIVED_FROM_CONCENTRATION_AND_MEASURED_LIQUID,VALID,,P24-MAT-FIT,ExperimentalData(10).run(3) fraction 7,SOURCE_DERIVED_ANALYTICAL
FIT_2021_12,FIT-C10,10,FIT-E10-R3,3,7,35.83414489,41.48638415,5.1796,MEASURED_MASS_G,5CQA,1.0680833,mg/g,5.53224426,DERIVED_FROM_CONCENTRATION_AND_MEASURED_LIQUID,VALID,,P24-MAT-FIT,ExperimentalData(10).run(3) fraction 7,SOURCE_DERIVED_ANALYTICAL
FIT_2021_12,FIT-C10,10,FIT-E10-R3,3,7,35.83414489,41.48638415,5.1796,MEASURED_MASS_G,CQA_sum,2.19955461,mg/g,11.39281308,DERIVED_FROM_CONCENTRATION_AND_MEASURED_LIQUID,VALID,,P24-MAT-FIT,ExperimentalData(10).run(3) fraction 7,SOURCE_DERIVED_ANALYTICAL
FIT_2021_12,FIT-C10,10,FIT-E10-R3,3,7,35.83414489,41.48638415,5.1796,MEASURED_MASS_G,TDS,2.61960014,percent,135.68480884,DERIVED_FROM_CONCENTRATION_AND_MEASURED_LIQUID,VALID,,P24-MAT-FIT,ExperimentalData(10).run(3) fraction 7,SOURCE_DERIVED_ANALYTICAL
FIT_2021_12,FIT-C10,10,FIT-E10-R3,3,10,52.53736524,58.31531651,5.2948,MEASURED_MASS_G,caffeine,1.00452076,mg/g,5.3187365,DERIVED_FROM_CONCENTRATION_AND_MEASURED_LIQUID,VALID,,P24-MAT-FIT,ExperimentalData(10).run(3) fraction 10,SOURCE_DERIVED_ANALYTICAL
FIT_2021_12,FIT-C10,10,FIT-E10-R3,3,10,52.53736524,58.31531651,5.2948,MEASURED_MASS_G,trigonelline,0.24331222,mg/g,1.28828957,DERIVED_FROM_CONCENTRATION_AND_MEASURED_LIQUID,VALID,,P24-MAT-FIT,ExperimentalData(10).run(3) fraction 10,SOURCE_DERIVED_ANALYTICAL
FIT_2021_12,FIT-C10,10,FIT-E10-R3,3,10,52.53736524,58.31531651,5.2948,MEASURED_MASS_G,5CQA,0.57650528,mg/g,3.05248018,DERIVED_FROM_CONCENTRATION_AND_MEASURED_LIQUID,VALID,,P24-MAT-FIT,ExperimentalData(10).run(3) fraction 10,SOURCE_DERIVED_ANALYTICAL
FIT_2021_12,FIT-C10,10,FIT-E10-R3,3,10,52.53736524,58.31531651,5.2948,MEASURED_MASS_G,CQA_sum,1.1768074,mg/g,6.23095982,DERIVED_FROM_CONCENTRATION_AND_MEASURED_LIQUID,VALID,,P24-MAT-FIT,ExperimentalData(10).run(3) fraction 10,SOURCE_DERIVED_ANALYTICAL
FIT_2021_12,FIT-C10,10,FIT-E10-R3,3,10,52.53736524,58.31531651,5.2948,MEASURED_MASS_G,TDS,1.38614317,percent,73.39350848,DERIVED_FROM_CONCENTRATION_AND_MEASURED_LIQUID,VALID,,P24-MAT-FIT,ExperimentalData(10).run(3) fraction 10,SOURCE_DERIVED_ANALYTICAL
FIT_2021_12,FIT-C11,11,FIT-E11-R1,1,1,0,3.55755097,9.991,MEASURED_MASS_G,caffeine,7.82248414,mg/g,78.15443908,DERIVED_FROM_CONCENTRATION_AND_MEASURED_LIQUID,VALID,,P24-MAT-FIT,ExperimentalData(11).run(1) fraction 1,SOURCE_DERIVED_ANALYTICAL
FIT_2021_12,FIT-C11,11,FIT-E11-R1,1,1,0,3.55755097,9.991,MEASURED_MASS_G,trigonelline,4.88498819,mg/g,48.80591702,DERIVED_FROM_CONCENTRATION_AND_MEASURED_LIQUID,VALID,,P24-MAT-FIT,ExperimentalData(11).run(1) fraction 1,SOURCE_DERIVED_ANALYTICAL
FIT_2021_12,FIT-C11,11,FIT-E11-R1,1,1,0,3.55755097,9.991,MEASURED_MASS_G,5CQA,5.11400113,mg/g,51.09398526,DERIVED_FROM_CONCENTRATION_AND_MEASURED_LIQUID,VALID,,P24-MAT-FIT,ExperimentalData(11).run(1) fraction 1,SOURCE_DERIVED_ANALYTICAL
FIT_2021_12,FIT-C11,11,FIT-E11-R1,1,1,0,3.55755097,9.991,MEASURED_MASS_G,CQA_sum,10.63306932,mg/g,106.23499556,DERIVED_FROM_CONCENTRATION_AND_MEASURED_LIQUID,VALID,,P24-MAT-FIT,ExperimentalData(11).run(1) fraction 1,SOURCE_DERIVED_ANALYTICAL
FIT_2021_12,FIT-C11,11,FIT-E11-R1,1,1,0,3.55755097,9.991,MEASURED_MASS_G,TDS,18.6327727,percent,1861.60032065,DERIVED_FROM_CONCENTRATION_AND_MEASURED_LIQUID,VALID,,P24-MAT-FIT,ExperimentalData(11).run(1) fraction 1,SOURCE_DERIVED_ANALYTICAL
FIT_2021_12,FIT-C11,11,FIT-E11-R1,1,2,3.55755097,5.70461541,6.0298,MEASURED_MASS_G,caffeine,4.862547,mg/g,29.32018588,DERIVED_FROM_CONCENTRATION_AND_MEASURED_LIQUID,VALID,,P24-MAT-FIT,ExperimentalData(11).run(1) fraction 2,SOURCE_DERIVED_ANALYTICAL
FIT_2021_12,FIT-C11,11,FIT-E11-R1,1,2,3.55755097,5.70461541,6.0298,MEASURED_MASS_G,trigonelline,2.50774055,mg/g,15.12117398,DERIVED_FROM_CONCENTRATION_AND_MEASURED_LIQUID,VALID,,P24-MAT-FIT,ExperimentalData(11).run(1) fraction 2,SOURCE_DERIVED_ANALYTICAL
FIT_2021_12,FIT-C11,11,FIT-E11-R1,1,2,3.55755097,5.70461541,6.0298,MEASURED_MASS_G,5CQA,2.91182113,mg/g,17.55769907,DERIVED_FROM_CONCENTRATION_AND_MEASURED_LIQUID,VALID,,P24-MAT-FIT,ExperimentalData(11).run(1) fraction 2,SOURCE_DERIVED_ANALYTICAL
FIT_2021_12,FIT-C11,11,FIT-E11-R1,1,2,3.55755097,5.70461541,6.0298,MEASURED_MASS_G,CQA_sum,5.89397939,mg/g,35.53951693,DERIVED_FROM_CONCENTRATION_AND_MEASURED_LIQUID,VALID,,P24-MAT-FIT,ExperimentalData(11).run(1) fraction 2,SOURCE_DERIVED_ANALYTICAL
FIT_2021_12,FIT-C11,11,FIT-E11-R1,1,2,3.55755097,5.70461541,6.0298,MEASURED_MASS_G,TDS,9.80586229,percent,591.27388435,DERIVED_FROM_CONCENTRATION_AND_MEASURED_LIQUID,VALID,,P24-MAT-FIT,ExperimentalData(11).run(1) fraction 2,SOURCE_DERIVED_ANALYTICAL
FIT_2021_12,FIT-C11,11,FIT-E11-R1,1,3,5.70461541,7.86058174,6.0548,MEASURED_MASS_G,caffeine,3.76648107,mg/g,22.80528956,DERIVED_FROM_CONCENTRATION_AND_MEASURED_LIQUID,VALID,,P24-MAT-FIT,ExperimentalData(11).run(1) fraction 3,SOURCE_DERIVED_ANALYTICAL
FIT_2021_12,FIT-C11,11,FIT-E11-R1,1,3,5.70461541,7.86058174,6.0548,MEASURED_MASS_G,trigonelline,1.84050358,mg/g,11.14388107,DERIVED_FROM_CONCENTRATION_AND_MEASURED_LIQUID,VALID,,P24-MAT-FIT,ExperimentalData(11).run(1) fraction 3,SOURCE_DERIVED_ANALYTICAL
FIT_2021_12,FIT-C11,11,FIT-E11-R1,1,3,5.70461541,7.86058174,6.0548,MEASURED_MASS_G,5CQA,2.26956653,mg/g,13.74177144,DERIVED_FROM_CONCENTRATION_AND_MEASURED_LIQUID,VALID,,P24-MAT-FIT,ExperimentalData(11).run(1) fraction 3,SOURCE_DERIVED_ANALYTICAL
FIT_2021_12,FIT-C11,11,FIT-E11-R1,1,3,5.70461541,7.86058174,6.0548,MEASURED_MASS_G,CQA_sum,4.69677136,mg/g,28.43801124,DERIVED_FROM_CONCENTRATION_AND_MEASURED_LIQUID,VALID,,P24-MAT-FIT,ExperimentalData(11).run(1) fraction 3,SOURCE_DERIVED_ANALYTICAL
FIT_2021_12,FIT-C11,11,FIT-E11-R1,1,3,5.70461541,7.86058174,6.0548,MEASURED_MASS_G,TDS,7.364581,percent,445.91065053,DERIVED_FROM_CONCENTRATION_AND_MEASURED_LIQUID,VALID,,P24-MAT-FIT,ExperimentalData(11).run(1) fraction 3,SOURCE_DERIVED_ANALYTICAL
FIT_2021_12,FIT-C11,11,FIT-E11-R1,1,5,9.87668159,12.12017129,6.3006,MEASURED_MASS_G,caffeine,2.60045299,mg/g,16.38441413,DERIVED_FROM_CONCENTRATION_AND_MEASURED_LIQUID,VALID,,P24-MAT-FIT,ExperimentalData(11).run(1) fraction 5,SOURCE_DERIVED_ANALYTICAL
FIT_2021_12,FIT-C11,11,FIT-E11-R1,1,5,9.87668159,12.12017129,6.3006,MEASURED_MASS_G,trigonelline,1.14769441,mg/g,7.23116339,DERIVED_FROM_CONCENTRATION_AND_MEASURED_LIQUID,VALID,,P24-MAT-FIT,ExperimentalData(11).run(1) fraction 5,SOURCE_DERIVED_ANALYTICAL
FIT_2021_12,FIT-C11,11,FIT-E11-R1,1,5,9.87668159,12.12017129,6.3006,MEASURED_MASS_G,5CQA,1.51224022,mg/g,9.52802076,DERIVED_FROM_CONCENTRATION_AND_MEASURED_LIQUID,VALID,,P24-MAT-FIT,ExperimentalData(11).run(1) fraction 5,SOURCE_DERIVED_ANALYTICAL
FIT_2021_12,FIT-C11,11,FIT-E11-R1,1,5,9.87668159,12.12017129,6.3006,MEASURED_MASS_G,CQA_sum,3.08273566,mg/g,19.42308433,DERIVED_FROM_CONCENTRATION_AND_MEASURED_LIQUID,VALID,,P24-MAT-FIT,ExperimentalData(11).run(1) fraction 5,SOURCE_DERIVED_ANALYTICAL
FIT_2021_12,FIT-C11,11,FIT-E11-R1,1,5,9.87668159,12.12017129,6.3006,MEASURED_MASS_G,TDS,5.00198767,percent,315.15523487,DERIVED_FROM_CONCENTRATION_AND_MEASURED_LIQUID,VALID,,P24-MAT-FIT,ExperimentalData(11).run(1) fraction 5,SOURCE_DERIVED_ANALYTICAL
FIT_2021_12,FIT-C11,11,FIT-E11-R1,1,7,14.21503506,16.32285997,5.9196,MEASURED_MASS_G,caffeine,1.96436382,mg/g,11.62824807,DERIVED_FROM_CONCENTRATION_AND_MEASURED_LIQUID,VALID,,P24-MAT-FIT,ExperimentalData(11).run(1) fraction 7,SOURCE_DERIVED_ANALYTICAL
FIT_2021_12,FIT-C11,11,FIT-E11-R1,1,7,14.21503506,16.32285997,5.9196,MEASURED_MASS_G,trigonelline,0.81837274,mg/g,4.84443929,DERIVED_FROM_CONCENTRATION_AND_MEASURED_LIQUID,VALID,,P24-MAT-FIT,ExperimentalData(11).run(1) fraction 7,SOURCE_DERIVED_ANALYTICAL
FIT_2021_12,FIT-C11,11,FIT-E11-R1,1,7,14.21503506,16.32285997,5.9196,MEASURED_MASS_G,5CQA,1.16837738,mg/g,6.91632672,DERIVED_FROM_CONCENTRATION_AND_MEASURED_LIQUID,VALID,,P24-MAT-FIT,ExperimentalData(11).run(1) fraction 7,SOURCE_DERIVED_ANALYTICAL
FIT_2021_12,FIT-C11,11,FIT-E11-R1,1,7,14.21503506,16.32285997,5.9196,MEASURED_MASS_G,CQA_sum,2.44357137,mg/g,14.46496509,DERIVED_FROM_CONCENTRATION_AND_MEASURED_LIQUID,VALID,,P24-MAT-FIT,ExperimentalData(11).run(1) fraction 7,SOURCE_DERIVED_ANALYTICAL
FIT_2021_12,FIT-C11,11,FIT-E11-R1,1,7,14.21503506,16.32285997,5.9196,MEASURED_MASS_G,TDS,3.45187798,percent,204.33736889,DERIVED_FROM_CONCENTRATION_AND_MEASURED_LIQUID,VALID,,P24-MAT-FIT,ExperimentalData(11).run(1) fraction 7,SOURCE_DERIVED_ANALYTICAL
FIT_2021_12,FIT-C11,11,FIT-E11-R1,1,10,20.55873489,22.61307725,5.7694,MEASURED_MASS_G,caffeine,1.07608067,mg/g,6.20833981,DERIVED_FROM_CONCENTRATION_AND_MEASURED_LIQUID,VALID,,P24-MAT-FIT,ExperimentalData(11).run(1) fraction 10,SOURCE_DERIVED_ANALYTICAL
FIT_2021_12,FIT-C11,11,FIT-E11-R1,1,10,20.55873489,22.61307725,5.7694,MEASURED_MASS_G,trigonelline,0.33096912,mg/g,1.90949326,DERIVED_FROM_CONCENTRATION_AND_MEASURED_LIQUID,VALID,,P24-MAT-FIT,ExperimentalData(11).run(1) fraction 10,SOURCE_DERIVED_ANALYTICAL
FIT_2021_12,FIT-C11,11,FIT-E11-R1,1,10,20.55873489,22.61307725,5.7694,MEASURED_MASS_G,5CQA,0.59101143,mg/g,3.40978133,DERIVED_FROM_CONCENTRATION_AND_MEASURED_LIQUID,VALID,,P24-MAT-FIT,ExperimentalData(11).run(1) fraction 10,SOURCE_DERIVED_ANALYTICAL
FIT_2021_12,FIT-C11,11,FIT-E11-R1,1,10,20.55873489,22.61307725,5.7694,MEASURED_MASS_G,CQA_sum,1.21882321,mg/g,7.03187863,DERIVED_FROM_CONCENTRATION_AND_MEASURED_LIQUID,VALID,,P24-MAT-FIT,ExperimentalData(11).run(1) fraction 10,SOURCE_DERIVED_ANALYTICAL
FIT_2021_12,FIT-C11,11,FIT-E11-R1,1,10,20.55873489,22.61307725,5.7694,MEASURED_MASS_G,TDS,1.55636917,percent,89.79316265,DERIVED_FROM_CONCENTRATION_AND_MEASURED_LIQUID,VALID,,P24-MAT-FIT,ExperimentalData(11).run(1) fraction 10,SOURCE_DERIVED_ANALYTICAL
FIT_2021_12,FIT-C11,11,FIT-E11-R2,2,1,0,2.9075731,8.3641,MEASURED_MASS_G,caffeine,8.52136259,mg/g,71.2735288,DERIVED_FROM_CONCENTRATION_AND_MEASURED_LIQUID,VALID,,P24-MAT-FIT,ExperimentalData(11).run(2) fraction 1,SOURCE_DERIVED_ANALYTICAL
FIT_2021_12,FIT-C11,11,FIT-E11-R2,2,1,0,2.9075731,8.3641,MEASURED_MASS_G,trigonelline,5.23084435,mg/g,43.7513052,DERIVED_FROM_CONCENTRATION_AND_MEASURED_LIQUID,VALID,,P24-MAT-FIT,ExperimentalData(11).run(2) fraction 1,SOURCE_DERIVED_ANALYTICAL
FIT_2021_12,FIT-C11,11,FIT-E11-R2,2,1,0,2.9075731,8.3641,MEASURED_MASS_G,5CQA,5.549592,mg/g,46.41734246,DERIVED_FROM_CONCENTRATION_AND_MEASURED_LIQUID,VALID,,P24-MAT-FIT,ExperimentalData(11).run(2) fraction 1,SOURCE_DERIVED_ANALYTICAL
FIT_2021_12,FIT-C11,11,FIT-E11-R2,2,1,0,2.9075731,8.3641,MEASURED_MASS_G,CQA_sum,11.5427494,mg/g,96.54471025,DERIVED_FROM_CONCENTRATION_AND_MEASURED_LIQUID,VALID,,P24-MAT-FIT,ExperimentalData(11).run(2) fraction 1,SOURCE_DERIVED_ANALYTICAL
FIT_2021_12,FIT-C11,11,FIT-E11-R2,2,1,0,2.9075731,8.3641,MEASURED_MASS_G,TDS,19.77478608,percent,1653.98288259,DERIVED_FROM_CONCENTRATION_AND_MEASURED_LIQUID,VALID,,P24-MAT-FIT,ExperimentalData(11).run(2) fraction 1,SOURCE_DERIVED_ANALYTICAL
FIT_2021_12,FIT-C11,11,FIT-E11-R2,2,2,2.9075731,5.10637289,6.3252,MEASURED_MASS_G,caffeine,5.65108643,mg/g,35.74425191,DERIVED_FROM_CONCENTRATION_AND_MEASURED_LIQUID,VALID,,P24-MAT-FIT,ExperimentalData(11).run(2) fraction 2,SOURCE_DERIVED_ANALYTICAL
FIT_2021_12,FIT-C11,11,FIT-E11-R2,2,2,2.9075731,5.10637289,6.3252,MEASURED_MASS_G,trigonelline,2.90297687,mg/g,18.36190933,DERIVED_FROM_CONCENTRATION_AND_MEASURED_LIQUID,VALID,,P24-MAT-FIT,ExperimentalData(11).run(2) fraction 2,SOURCE_DERIVED_ANALYTICAL
FIT_2021_12,FIT-C11,11,FIT-E11-R2,2,2,2.9075731,5.10637289,6.3252,MEASURED_MASS_G,5CQA,3.45107998,mg/g,21.82877112,DERIVED_FROM_CONCENTRATION_AND_MEASURED_LIQUID,VALID,,P24-MAT-FIT,ExperimentalData(11).run(2) fraction 2,SOURCE_DERIVED_ANALYTICAL
FIT_2021_12,FIT-C11,11,FIT-E11-R2,2,2,2.9075731,5.10637289,6.3252,MEASURED_MASS_G,CQA_sum,7.00922841,mg/g,44.33477156,DERIVED_FROM_CONCENTRATION_AND_MEASURED_LIQUID,VALID,,P24-MAT-FIT,ExperimentalData(11).run(2) fraction 2,SOURCE_DERIVED_ANALYTICAL
FIT_2021_12,FIT-C11,11,FIT-E11-R2,2,2,2.9075731,5.10637289,6.3252,MEASURED_MASS_G,TDS,11.36696165,percent,718.98305819,DERIVED_FROM_CONCENTRATION_AND_MEASURED_LIQUID,VALID,,P24-MAT-FIT,ExperimentalData(11).run(2) fraction 2,SOURCE_DERIVED_ANALYTICAL
FIT_2021_12,FIT-C11,11,FIT-E11-R2,2,3,5.10637289,7.23227565,6.1155,MEASURED_MASS_G,caffeine,4.29075859,mg/g,26.24013413,DERIVED_FROM_CONCENTRATION_AND_MEASURED_LIQUID,VALID,,P24-MAT-FIT,ExperimentalData(11).run(2) fraction 3,SOURCE_DERIVED_ANALYTICAL
FIT_2021_12,FIT-C11,11,FIT-E11-R2,2,3,5.10637289,7.23227565,6.1155,MEASURED_MASS_G,trigonelline,2.06791678,mg/g,12.64634505,DERIVED_FROM_CONCENTRATION_AND_MEASURED_LIQUID,VALID,,P24-MAT-FIT,ExperimentalData(11).run(2) fraction 3,SOURCE_DERIVED_ANALYTICAL
FIT_2021_12,FIT-C11,11,FIT-E11-R2,2,3,5.10637289,7.23227565,6.1155,MEASURED_MASS_G,5CQA,2.6002893,mg/g,15.9020692,DERIVED_FROM_CONCENTRATION_AND_MEASURED_LIQUID,VALID,,P24-MAT-FIT,ExperimentalData(11).run(2) fraction 3,SOURCE_DERIVED_ANALYTICAL
FIT_2021_12,FIT-C11,11,FIT-E11-R2,2,3,5.10637289,7.23227565,6.1155,MEASURED_MASS_G,CQA_sum,5.37735722,mg/g,32.8852281,DERIVED_FROM_CONCENTRATION_AND_MEASURED_LIQUID,VALID,,P24-MAT-FIT,ExperimentalData(11).run(2) fraction 3,SOURCE_DERIVED_ANALYTICAL
FIT_2021_12,FIT-C11,11,FIT-E11-R2,2,3,5.10637289,7.23227565,6.1155,MEASURED_MASS_G,TDS,8.3708951,percent,511.92208982,DERIVED_FROM_CONCENTRATION_AND_MEASURED_LIQUID,VALID,,P24-MAT-FIT,ExperimentalData(11).run(2) fraction 3,SOURCE_DERIVED_ANALYTICAL
FIT_2021_12,FIT-C11,11,FIT-E11-R2,2,5,9.42429676,11.46040789,5.8572,MEASURED_MASS_G,caffeine,2.89699833,mg/g,16.9682986,DERIVED_FROM_CONCENTRATION_AND_MEASURED_LIQUID,VALID,,P24-MAT-FIT,ExperimentalData(11).run(2) fraction 5,SOURCE_DERIVED_ANALYTICAL
FIT_2021_12,FIT-C11,11,FIT-E11-R2,2,5,9.42429676,11.46040789,5.8572,MEASURED_MASS_G,trigonelline,1.20658296,mg/g,7.06719769,DERIVED_FROM_CONCENTRATION_AND_MEASURED_LIQUID,VALID,,P24-MAT-FIT,ExperimentalData(11).run(2) fraction 5,SOURCE_DERIVED_ANALYTICAL
FIT_2021_12,FIT-C11,11,FIT-E11-R2,2,5,9.42429676,11.46040789,5.8572,MEASURED_MASS_G,5CQA,1.67452829,mg/g,9.80804712,DERIVED_FROM_CONCENTRATION_AND_MEASURED_LIQUID,VALID,,P24-MAT-FIT,ExperimentalData(11).run(2) fraction 5,SOURCE_DERIVED_ANALYTICAL
FIT_2021_12,FIT-C11,11,FIT-E11-R2,2,5,9.42429676,11.46040789,5.8572,MEASURED_MASS_G,CQA_sum,3.40868029,mg/g,19.96532218,DERIVED_FROM_CONCENTRATION_AND_MEASURED_LIQUID,VALID,,P24-MAT-FIT,ExperimentalData(11).run(2) fraction 5,SOURCE_DERIVED_ANALYTICAL
FIT_2021_12,FIT-C11,11,FIT-E11-R2,2,5,9.42429676,11.46040789,5.8572,MEASURED_MASS_G,TDS,5.19127048,percent,304.06309452,DERIVED_FROM_CONCENTRATION_AND_MEASURED_LIQUID,VALID,,P24-MAT-FIT,ExperimentalData(11).run(2) fraction 5,SOURCE_DERIVED_ANALYTICAL
FIT_2021_12,FIT-C11,11,FIT-E11-R2,2,7,13.54490847,15.52480859,5.6955,MEASURED_MASS_G,caffeine,1.96200559,mg/g,11.17460281,DERIVED_FROM_CONCENTRATION_AND_MEASURED_LIQUID,VALID,,P24-MAT-FIT,ExperimentalData(11).run(2) fraction 7,SOURCE_DERIVED_ANALYTICAL
FIT_2021_12,FIT-C11,11,FIT-E11-R2,2,7,13.54490847,15.52480859,5.6955,MEASURED_MASS_G,trigonelline,0.70826953,mg/g,4.03394911,DERIVED_FROM_CONCENTRATION_AND_MEASURED_LIQUID,VALID,,P24-MAT-FIT,ExperimentalData(11).run(2) fraction 7,SOURCE_DERIVED_ANALYTICAL
FIT_2021_12,FIT-C11,11,FIT-E11-R2,2,7,13.54490847,15.52480859,5.6955,MEASURED_MASS_G,5CQA,1.11568172,mg/g,6.35436521,DERIVED_FROM_CONCENTRATION_AND_MEASURED_LIQUID,VALID,,P24-MAT-FIT,ExperimentalData(11).run(2) fraction 7,SOURCE_DERIVED_ANALYTICAL
FIT_2021_12,FIT-C11,11,FIT-E11-R2,2,7,13.54490847,15.52480859,5.6955,MEASURED_MASS_G,CQA_sum,2.31979609,mg/g,13.2123986,DERIVED_FROM_CONCENTRATION_AND_MEASURED_LIQUID,VALID,,P24-MAT-FIT,ExperimentalData(11).run(2) fraction 7,SOURCE_DERIVED_ANALYTICAL
FIT_2021_12,FIT-C11,11,FIT-E11-R2,2,7,13.54490847,15.52480859,5.6955,MEASURED_MASS_G,TDS,3.00901841,percent,171.37864381,DERIVED_FROM_CONCENTRATION_AND_MEASURED_LIQUID,VALID,,P24-MAT-FIT,ExperimentalData(11).run(2) fraction 7,SOURCE_DERIVED_ANALYTICAL
FIT_2021_12,FIT-C11,11,FIT-E11-R2,2,10,19.58458588,21.48345453,5.4624,MEASURED_MASS_G,caffeine,1.02834722,mg/g,5.61724385,DERIVED_FROM_CONCENTRATION_AND_MEASURED_LIQUID,VALID,,P24-MAT-FIT,ExperimentalData(11).run(2) fraction 10,SOURCE_DERIVED_ANALYTICAL
FIT_2021_12,FIT-C11,11,FIT-E11-R2,2,10,19.58458588,21.48345453,5.4624,MEASURED_MASS_G,trigonelline,0.26127936,mg/g,1.42721239,DERIVED_FROM_CONCENTRATION_AND_MEASURED_LIQUID,VALID,,P24-MAT-FIT,ExperimentalData(11).run(2) fraction 10,SOURCE_DERIVED_ANALYTICAL
FIT_2021_12,FIT-C11,11,FIT-E11-R2,2,10,19.58458588,21.48345453,5.4624,MEASURED_MASS_G,5CQA,0.53598661,mg/g,2.92777327,DERIVED_FROM_CONCENTRATION_AND_MEASURED_LIQUID,VALID,,P24-MAT-FIT,ExperimentalData(11).run(2) fraction 10,SOURCE_DERIVED_ANALYTICAL
FIT_2021_12,FIT-C11,11,FIT-E11-R2,2,10,19.58458588,21.48345453,5.4624,MEASURED_MASS_G,CQA_sum,1.09979448,mg/g,6.00751735,DERIVED_FROM_CONCENTRATION_AND_MEASURED_LIQUID,VALID,,P24-MAT-FIT,ExperimentalData(11).run(2) fraction 10,SOURCE_DERIVED_ANALYTICAL
FIT_2021_12,FIT-C11,11,FIT-E11-R2,2,10,19.58458588,21.48345453,5.4624,MEASURED_MASS_G,TDS,1.40270732,percent,76.62148464,DERIVED_FROM_CONCENTRATION_AND_MEASURED_LIQUID,VALID,,P24-MAT-FIT,ExperimentalData(11).run(2) fraction 10,SOURCE_DERIVED_ANALYTICAL
FIT_2021_12,FIT-C11,11,FIT-E11-R3,3,1,0,3.3786598,9.6003,MEASURED_MASS_G,caffeine,7.92782368,mg/g,76.1094857,DERIVED_FROM_CONCENTRATION_AND_MEASURED_LIQUID,VALID,,P24-MAT-FIT,ExperimentalData(11).run(3) fraction 1,SOURCE_DERIVED_ANALYTICAL
FIT_2021_12,FIT-C11,11,FIT-E11-R3,3,1,0,3.3786598,9.6003,MEASURED_MASS_G,trigonelline,4.95764336,mg/g,47.59486355,DERIVED_FROM_CONCENTRATION_AND_MEASURED_LIQUID,VALID,,P24-MAT-FIT,ExperimentalData(11).run(3) fraction 1,SOURCE_DERIVED_ANALYTICAL
FIT_2021_12,FIT-C11,11,FIT-E11-R3,3,1,0,3.3786598,9.6003,MEASURED_MASS_G,5CQA,5.27342769,mg/g,50.62648784,DERIVED_FROM_CONCENTRATION_AND_MEASURED_LIQUID,VALID,,P24-MAT-FIT,ExperimentalData(11).run(3) fraction 1,SOURCE_DERIVED_ANALYTICAL
FIT_2021_12,FIT-C11,11,FIT-E11-R3,3,1,0,3.3786598,9.6003,MEASURED_MASS_G,CQA_sum,10.94266663,mg/g,105.05288242,DERIVED_FROM_CONCENTRATION_AND_MEASURED_LIQUID,VALID,,P24-MAT-FIT,ExperimentalData(11).run(3) fraction 1,SOURCE_DERIVED_ANALYTICAL
FIT_2021_12,FIT-C11,11,FIT-E11-R3,3,1,0,3.3786598,9.6003,MEASURED_MASS_G,TDS,19.42236708,percent,1864.60550698,DERIVED_FROM_CONCENTRATION_AND_MEASURED_LIQUID,VALID,,P24-MAT-FIT,ExperimentalData(11).run(3) fraction 1,SOURCE_DERIVED_ANALYTICAL
FIT_2021_12,FIT-C11,11,FIT-E11-R3,3,2,3.3786598,5.49898412,6.0248,MEASURED_MASS_G,caffeine,,mg/g,,DERIVED_FROM_CONCENTRATION_AND_MEASURED_LIQUID,INVALID,INVALID_SPILL,P24-MAT-FIT,ExperimentalData(11).run(3) fraction 2,SOURCE_DERIVED_ANALYTICAL
FIT_2021_12,FIT-C11,11,FIT-E11-R3,3,2,3.3786598,5.49898412,6.0248,MEASURED_MASS_G,trigonelline,,mg/g,,DERIVED_FROM_CONCENTRATION_AND_MEASURED_LIQUID,INVALID,INVALID_SPILL,P24-MAT-FIT,ExperimentalData(11).run(3) fraction 2,SOURCE_DERIVED_ANALYTICAL
FIT_2021_12,FIT-C11,11,FIT-E11-R3,3,2,3.3786598,5.49898412,6.0248,MEASURED_MASS_G,5CQA,,mg/g,,DERIVED_FROM_CONCENTRATION_AND_MEASURED_LIQUID,INVALID,INVALID_SPILL,P24-MAT-FIT,ExperimentalData(11).run(3) fraction 2,SOURCE_DERIVED_ANALYTICAL
FIT_2021_12,FIT-C11,11,FIT-E11-R3,3,2,3.3786598,5.49898412,6.0248,MEASURED_MASS_G,CQA_sum,,mg/g,,DERIVED_FROM_CONCENTRATION_AND_MEASURED_LIQUID,INVALID,INVALID_SPILL,P24-MAT-FIT,ExperimentalData(11).run(3) fraction 2,SOURCE_DERIVED_ANALYTICAL
FIT_2021_12,FIT-C11,11,FIT-E11-R3,3,2,3.3786598,5.49898412,6.0248,MEASURED_MASS_G,TDS,10.60257524,percent,638.78395322,DERIVED_FROM_CONCENTRATION_AND_MEASURED_LIQUID,VALID,,P24-MAT-FIT,ExperimentalData(11).run(3) fraction 2,SOURCE_DERIVED_ANALYTICAL
FIT_2021_12,FIT-C11,11,FIT-E11-R3,3,3,5.49898412,7.6058998,5.9867,MEASURED_MASS_G,caffeine,3.88569453,mg/g,23.26248745,DERIVED_FROM_CONCENTRATION_AND_MEASURED_LIQUID,VALID,,P24-MAT-FIT,ExperimentalData(11).run(3) fraction 3,SOURCE_DERIVED_ANALYTICAL
FIT_2021_12,FIT-C11,11,FIT-E11-R3,3,3,5.49898412,7.6058998,5.9867,MEASURED_MASS_G,trigonelline,1.89814513,mg/g,11.36362545,DERIVED_FROM_CONCENTRATION_AND_MEASURED_LIQUID,VALID,,P24-MAT-FIT,ExperimentalData(11).run(3) fraction 3,SOURCE_DERIVED_ANALYTICAL
FIT_2021_12,FIT-C11,11,FIT-E11-R3,3,3,5.49898412,7.6058998,5.9867,MEASURED_MASS_G,5CQA,2.38690056,mg/g,14.28965759,DERIVED_FROM_CONCENTRATION_AND_MEASURED_LIQUID,VALID,,P24-MAT-FIT,ExperimentalData(11).run(3) fraction 3,SOURCE_DERIVED_ANALYTICAL
FIT_2021_12,FIT-C11,11,FIT-E11-R3,3,3,5.49898412,7.6058998,5.9867,MEASURED_MASS_G,CQA_sum,4.92718294,mg/g,29.49756614,DERIVED_FROM_CONCENTRATION_AND_MEASURED_LIQUID,VALID,,P24-MAT-FIT,ExperimentalData(11).run(3) fraction 3,SOURCE_DERIVED_ANALYTICAL
FIT_2021_12,FIT-C11,11,FIT-E11-R3,3,3,5.49898412,7.6058998,5.9867,MEASURED_MASS_G,TDS,7.68268948,percent,459.93957124,DERIVED_FROM_CONCENTRATION_AND_MEASURED_LIQUID,VALID,,P24-MAT-FIT,ExperimentalData(11).run(3) fraction 3,SOURCE_DERIVED_ANALYTICAL
FIT_2021_12,FIT-C11,11,FIT-E11-R3,3,5,9.6028717,11.70278392,5.9668,MEASURED_MASS_G,caffeine,2.67119059,mg/g,15.93845999,DERIVED_FROM_CONCENTRATION_AND_MEASURED_LIQUID,VALID,,P24-MAT-FIT,ExperimentalData(11).run(3) fraction 5,SOURCE_DERIVED_ANALYTICAL
FIT_2021_12,FIT-C11,11,FIT-E11-R3,3,5,9.6028717,11.70278392,5.9668,MEASURED_MASS_G,trigonelline,1.16120352,mg/g,6.92866915,DERIVED_FROM_CONCENTRATION_AND_MEASURED_LIQUID,VALID,,P24-MAT-FIT,ExperimentalData(11).run(3) fraction 5,SOURCE_DERIVED_ANALYTICAL
FIT_2021_12,FIT-C11,11,FIT-E11-R3,3,5,9.6028717,11.70278392,5.9668,MEASURED_MASS_G,5CQA,1.57133141,mg/g,9.37582025,DERIVED_FROM_CONCENTRATION_AND_MEASURED_LIQUID,VALID,,P24-MAT-FIT,ExperimentalData(11).run(3) fraction 5,SOURCE_DERIVED_ANALYTICAL
FIT_2021_12,FIT-C11,11,FIT-E11-R3,3,5,9.6028717,11.70278392,5.9668,MEASURED_MASS_G,CQA_sum,3.19273538,mg/g,19.05041345,DERIVED_FROM_CONCENTRATION_AND_MEASURED_LIQUID,VALID,,P24-MAT-FIT,ExperimentalData(11).run(3) fraction 5,SOURCE_DERIVED_ANALYTICAL
FIT_2021_12,FIT-C11,11,FIT-E11-R3,3,5,9.6028717,11.70278392,5.9668,MEASURED_MASS_G,TDS,5.18117048,percent,309.15008043,DERIVED_FROM_CONCENTRATION_AND_MEASURED_LIQUID,VALID,,P24-MAT-FIT,ExperimentalData(11).run(3) fraction 5,SOURCE_DERIVED_ANALYTICAL
FIT_2021_12,FIT-C11,11,FIT-E11-R3,3,7,13.754235,15.75490219,5.6848,MEASURED_MASS_G,caffeine,1.95307923,mg/g,11.10286481,DERIVED_FROM_CONCENTRATION_AND_MEASURED_LIQUID,VALID,,P24-MAT-FIT,ExperimentalData(11).run(3) fraction 7,SOURCE_DERIVED_ANALYTICAL
FIT_2021_12,FIT-C11,11,FIT-E11-R3,3,7,13.754235,15.75490219,5.6848,MEASURED_MASS_G,trigonelline,0.78238604,mg/g,4.44770815,DERIVED_FROM_CONCENTRATION_AND_MEASURED_LIQUID,VALID,,P24-MAT-FIT,ExperimentalData(11).run(3) fraction 7,SOURCE_DERIVED_ANALYTICAL
FIT_2021_12,FIT-C11,11,FIT-E11-R3,3,7,13.754235,15.75490219,5.6848,MEASURED_MASS_G,5CQA,1.15527444,mg/g,6.56750416,DERIVED_FROM_CONCENTRATION_AND_MEASURED_LIQUID,VALID,,P24-MAT-FIT,ExperimentalData(11).run(3) fraction 7,SOURCE_DERIVED_ANALYTICAL
FIT_2021_12,FIT-C11,11,FIT-E11-R3,3,7,13.754235,15.75490219,5.6848,MEASURED_MASS_G,CQA_sum,2.40781565,mg/g,13.68795039,DERIVED_FROM_CONCENTRATION_AND_MEASURED_LIQUID,VALID,,P24-MAT-FIT,ExperimentalData(11).run(3) fraction 7,SOURCE_DERIVED_ANALYTICAL
FIT_2021_12,FIT-C11,11,FIT-E11-R3,3,7,13.754235,15.75490219,5.6848,MEASURED_MASS_G,TDS,3.46310024,percent,196.87032245,DERIVED_FROM_CONCENTRATION_AND_MEASURED_LIQUID,VALID,,P24-MAT-FIT,ExperimentalData(11).run(3) fraction 7,SOURCE_DERIVED_ANALYTICAL
FIT_2021_12,FIT-C11,11,FIT-E11-R3,3,10,19.93019692,21.95352858,5.7492,MEASURED_MASS_G,caffeine,1.08629001,mg/g,6.24529854,DERIVED_FROM_CONCENTRATION_AND_MEASURED_LIQUID,VALID,,P24-MAT-FIT,ExperimentalData(11).run(3) fraction 10,SOURCE_DERIVED_ANALYTICAL
FIT_2021_12,FIT-C11,11,FIT-E11-R3,3,10,19.93019692,21.95352858,5.7492,MEASURED_MASS_G,trigonelline,0.31557554,mg/g,1.8143069,DERIVED_FROM_CONCENTRATION_AND_MEASURED_LIQUID,VALID,,P24-MAT-FIT,ExperimentalData(11).run(3) fraction 10,SOURCE_DERIVED_ANALYTICAL
FIT_2021_12,FIT-C11,11,FIT-E11-R3,3,10,19.93019692,21.95352858,5.7492,MEASURED_MASS_G,5CQA,0.58536739,mg/g,3.36539418,DERIVED_FROM_CONCENTRATION_AND_MEASURED_LIQUID,VALID,,P24-MAT-FIT,ExperimentalData(11).run(3) fraction 10,SOURCE_DERIVED_ANALYTICAL
FIT_2021_12,FIT-C11,11,FIT-E11-R3,3,10,19.93019692,21.95352858,5.7492,MEASURED_MASS_G,CQA_sum,1.20747923,mg/g,6.94203959,DERIVED_FROM_CONCENTRATION_AND_MEASURED_LIQUID,VALID,,P24-MAT-FIT,ExperimentalData(11).run(3) fraction 10,SOURCE_DERIVED_ANALYTICAL
FIT_2021_12,FIT-C11,11,FIT-E11-R3,3,10,19.93019692,21.95352858,5.7492,MEASURED_MASS_G,TDS,1.56864529,percent,90.1845551,DERIVED_FROM_CONCENTRATION_AND_MEASURED_LIQUID,VALID,,P24-MAT-FIT,ExperimentalData(11).run(3) fraction 10,SOURCE_DERIVED_ANALYTICAL
FIT_2021_12,FIT-C12,12,FIT-E12-R1,1,1,0,3.48910657,6.6829,MEASURED_MASS_G,caffeine,8.74381569,mg/g,58.43404589,DERIVED_FROM_CONCENTRATION_AND_MEASURED_LIQUID,VALID,,P24-MAT-FIT,ExperimentalData(12).run(1) fraction 1,SOURCE_DERIVED_ANALYTICAL
FIT_2021_12,FIT-C12,12,FIT-E12-R1,1,1,0,3.48910657,6.6829,MEASURED_MASS_G,trigonelline,5.61314177,mg/g,37.51206515,DERIVED_FROM_CONCENTRATION_AND_MEASURED_LIQUID,VALID,,P24-MAT-FIT,ExperimentalData(12).run(1) fraction 1,SOURCE_DERIVED_ANALYTICAL
FIT_2021_12,FIT-C12,12,FIT-E12-R1,1,1,0,3.48910657,6.6829,MEASURED_MASS_G,5CQA,5.83965109,mg/g,39.02580425,DERIVED_FROM_CONCENTRATION_AND_MEASURED_LIQUID,VALID,,P24-MAT-FIT,ExperimentalData(12).run(1) fraction 1,SOURCE_DERIVED_ANALYTICAL
FIT_2021_12,FIT-C12,12,FIT-E12-R1,1,1,0,3.48910657,6.6829,MEASURED_MASS_G,CQA_sum,12.19914635,mg/g,81.52567514,DERIVED_FROM_CONCENTRATION_AND_MEASURED_LIQUID,VALID,,P24-MAT-FIT,ExperimentalData(12).run(1) fraction 1,SOURCE_DERIVED_ANALYTICAL
FIT_2021_12,FIT-C12,12,FIT-E12-R1,1,1,0,3.48910657,6.6829,MEASURED_MASS_G,TDS,21.30774635,percent,1423.97538056,DERIVED_FROM_CONCENTRATION_AND_MEASURED_LIQUID,VALID,,P24-MAT-FIT,ExperimentalData(12).run(1) fraction 1,SOURCE_DERIVED_ANALYTICAL
FIT_2021_12,FIT-C12,12,FIT-E12-R1,1,2,3.48910657,6.56460972,5.8907,MEASURED_MASS_G,caffeine,5.84455937,mg/g,34.42854588,DERIVED_FROM_CONCENTRATION_AND_MEASURED_LIQUID,VALID,,P24-MAT-FIT,ExperimentalData(12).run(1) fraction 2,SOURCE_DERIVED_ANALYTICAL
FIT_2021_12,FIT-C12,12,FIT-E12-R1,1,2,3.48910657,6.56460972,5.8907,MEASURED_MASS_G,trigonelline,3.14282071,mg/g,18.51341397,DERIVED_FROM_CONCENTRATION_AND_MEASURED_LIQUID,VALID,,P24-MAT-FIT,ExperimentalData(12).run(1) fraction 2,SOURCE_DERIVED_ANALYTICAL
FIT_2021_12,FIT-C12,12,FIT-E12-R1,1,2,3.48910657,6.56460972,5.8907,MEASURED_MASS_G,5CQA,3.67001492,mg/g,21.6189569,DERIVED_FROM_CONCENTRATION_AND_MEASURED_LIQUID,VALID,,P24-MAT-FIT,ExperimentalData(12).run(1) fraction 2,SOURCE_DERIVED_ANALYTICAL
FIT_2021_12,FIT-C12,12,FIT-E12-R1,1,2,3.48910657,6.56460972,5.8907,MEASURED_MASS_G,CQA_sum,7.50804379,mg/g,44.22763354,DERIVED_FROM_CONCENTRATION_AND_MEASURED_LIQUID,VALID,,P24-MAT-FIT,ExperimentalData(12).run(1) fraction 2,SOURCE_DERIVED_ANALYTICAL
FIT_2021_12,FIT-C12,12,FIT-E12-R1,1,2,3.48910657,6.56460972,5.8907,MEASURED_MASS_G,TDS,12.19240927,percent,718.2182527,DERIVED_FROM_CONCENTRATION_AND_MEASURED_LIQUID,VALID,,P24-MAT-FIT,ExperimentalData(12).run(1) fraction 2,SOURCE_DERIVED_ANALYTICAL
FIT_2021_12,FIT-C12,12,FIT-E12-R1,1,3,6.56460972,9.67128193,5.9504,MEASURED_MASS_G,caffeine,4.18367655,mg/g,24.89454897,DERIVED_FROM_CONCENTRATION_AND_MEASURED_LIQUID,VALID,,P24-MAT-FIT,ExperimentalData(12).run(1) fraction 3,SOURCE_DERIVED_ANALYTICAL
FIT_2021_12,FIT-C12,12,FIT-E12-R1,1,3,6.56460972,9.67128193,5.9504,MEASURED_MASS_G,trigonelline,2.04155238,mg/g,12.14805329,DERIVED_FROM_CONCENTRATION_AND_MEASURED_LIQUID,VALID,,P24-MAT-FIT,ExperimentalData(12).run(1) fraction 3,SOURCE_DERIVED_ANALYTICAL
FIT_2021_12,FIT-C12,12,FIT-E12-R1,1,3,6.56460972,9.67128193,5.9504,MEASURED_MASS_G,5CQA,2.57604532,mg/g,15.32850004,DERIVED_FROM_CONCENTRATION_AND_MEASURED_LIQUID,VALID,,P24-MAT-FIT,ExperimentalData(12).run(1) fraction 3,SOURCE_DERIVED_ANALYTICAL
FIT_2021_12,FIT-C12,12,FIT-E12-R1,1,3,6.56460972,9.67128193,5.9504,MEASURED_MASS_G,CQA_sum,5.34253877,mg/g,31.79024267,DERIVED_FROM_CONCENTRATION_AND_MEASURED_LIQUID,VALID,,P24-MAT-FIT,ExperimentalData(12).run(1) fraction 3,SOURCE_DERIVED_ANALYTICAL
FIT_2021_12,FIT-C12,12,FIT-E12-R1,1,3,6.56460972,9.67128193,5.9504,MEASURED_MASS_G,TDS,8.02409726,percent,477.4658835,DERIVED_FROM_CONCENTRATION_AND_MEASURED_LIQUID,VALID,,P24-MAT-FIT,ExperimentalData(12).run(1) fraction 3,SOURCE_DERIVED_ANALYTICAL
FIT_2021_12,FIT-C12,12,FIT-E12-R1,1,5,12.54081873,15.52516416,5.7161,MEASURED_MASS_G,caffeine,2.66842304,mg/g,15.25297292,DERIVED_FROM_CONCENTRATION_AND_MEASURED_LIQUID,VALID,,P24-MAT-FIT,ExperimentalData(12).run(1) fraction 5,SOURCE_DERIVED_ANALYTICAL
FIT_2021_12,FIT-C12,12,FIT-E12-R1,1,5,12.54081873,15.52516416,5.7161,MEASURED_MASS_G,trigonelline,1.13541818,mg/g,6.49016385,DERIVED_FROM_CONCENTRATION_AND_MEASURED_LIQUID,VALID,,P24-MAT-FIT,ExperimentalData(12).run(1) fraction 5,SOURCE_DERIVED_ANALYTICAL
FIT_2021_12,FIT-C12,12,FIT-E12-R1,1,5,12.54081873,15.52516416,5.7161,MEASURED_MASS_G,5CQA,1.56840417,mg/g,8.96515507,DERIVED_FROM_CONCENTRATION_AND_MEASURED_LIQUID,VALID,,P24-MAT-FIT,ExperimentalData(12).run(1) fraction 5,SOURCE_DERIVED_ANALYTICAL
FIT_2021_12,FIT-C12,12,FIT-E12-R1,1,5,12.54081873,15.52516416,5.7161,MEASURED_MASS_G,CQA_sum,3.1959858,mg/g,18.26857444,DERIVED_FROM_CONCENTRATION_AND_MEASURED_LIQUID,VALID,,P24-MAT-FIT,ExperimentalData(12).run(1) fraction 5,SOURCE_DERIVED_ANALYTICAL
FIT_2021_12,FIT-C12,12,FIT-E12-R1,1,5,12.54081873,15.52516416,5.7161,MEASURED_MASS_G,TDS,4.98590488,percent,284.9993086,DERIVED_FROM_CONCENTRATION_AND_MEASURED_LIQUID,VALID,,P24-MAT-FIT,ExperimentalData(12).run(1) fraction 5,SOURCE_DERIVED_ANALYTICAL
FIT_2021_12,FIT-C12,12,FIT-E12-R1,1,7,18.34426661,21.07670135,5.2336,MEASURED_MASS_G,caffeine,1.85570906,mg/g,9.71203893,DERIVED_FROM_CONCENTRATION_AND_MEASURED_LIQUID,VALID,,P24-MAT-FIT,ExperimentalData(12).run(1) fraction 7,SOURCE_DERIVED_ANALYTICAL
FIT_2021_12,FIT-C12,12,FIT-E12-R1,1,7,18.34426661,21.07670135,5.2336,MEASURED_MASS_G,trigonelline,0.74793034,mg/g,3.91436822,DERIVED_FROM_CONCENTRATION_AND_MEASURED_LIQUID,VALID,,P24-MAT-FIT,ExperimentalData(12).run(1) fraction 7,SOURCE_DERIVED_ANALYTICAL
FIT_2021_12,FIT-C12,12,FIT-E12-R1,1,7,18.34426661,21.07670135,5.2336,MEASURED_MASS_G,5CQA,1.11092283,mg/g,5.81412571,DERIVED_FROM_CONCENTRATION_AND_MEASURED_LIQUID,VALID,,P24-MAT-FIT,ExperimentalData(12).run(1) fraction 7,SOURCE_DERIVED_ANALYTICAL
FIT_2021_12,FIT-C12,12,FIT-E12-R1,1,7,18.34426661,21.07670135,5.2336,MEASURED_MASS_G,CQA_sum,2.32066481,mg/g,12.14543133,DERIVED_FROM_CONCENTRATION_AND_MEASURED_LIQUID,VALID,,P24-MAT-FIT,ExperimentalData(12).run(1) fraction 7,SOURCE_DERIVED_ANALYTICAL
FIT_2021_12,FIT-C12,12,FIT-E12-R1,1,7,18.34426661,21.07670135,5.2336,MEASURED_MASS_G,TDS,3.3115845,percent,173.31508662,DERIVED_FROM_CONCENTRATION_AND_MEASURED_LIQUID,VALID,,P24-MAT-FIT,ExperimentalData(12).run(1) fraction 7,SOURCE_DERIVED_ANALYTICAL
FIT_2021_12,FIT-C12,12,FIT-E12-R1,1,10,26.84950228,29.73491076,5.5266,MEASURED_MASS_G,caffeine,1.19802264,mg/g,6.62099194,DERIVED_FROM_CONCENTRATION_AND_MEASURED_LIQUID,VALID,,P24-MAT-FIT,ExperimentalData(12).run(1) fraction 10,SOURCE_DERIVED_ANALYTICAL
FIT_2021_12,FIT-C12,12,FIT-E12-R1,1,10,26.84950228,29.73491076,5.5266,MEASURED_MASS_G,trigonelline,0.44318955,mg/g,2.44933137,DERIVED_FROM_CONCENTRATION_AND_MEASURED_LIQUID,VALID,,P24-MAT-FIT,ExperimentalData(12).run(1) fraction 10,SOURCE_DERIVED_ANALYTICAL
FIT_2021_12,FIT-C12,12,FIT-E12-R1,1,10,26.84950228,29.73491076,5.5266,MEASURED_MASS_G,5CQA,0.70616507,mg/g,3.9026919,DERIVED_FROM_CONCENTRATION_AND_MEASURED_LIQUID,VALID,,P24-MAT-FIT,ExperimentalData(12).run(1) fraction 10,SOURCE_DERIVED_ANALYTICAL
FIT_2021_12,FIT-C12,12,FIT-E12-R1,1,10,26.84950228,29.73491076,5.5266,MEASURED_MASS_G,CQA_sum,1.46707615,mg/g,8.10794307,DERIVED_FROM_CONCENTRATION_AND_MEASURED_LIQUID,VALID,,P24-MAT-FIT,ExperimentalData(12).run(1) fraction 10,SOURCE_DERIVED_ANALYTICAL
FIT_2021_12,FIT-C12,12,FIT-E12-R1,1,10,26.84950228,29.73491076,5.5266,MEASURED_MASS_G,TDS,1.90470513,percent,105.26543383,DERIVED_FROM_CONCENTRATION_AND_MEASURED_LIQUID,VALID,,P24-MAT-FIT,ExperimentalData(12).run(1) fraction 10,SOURCE_DERIVED_ANALYTICAL
FIT_2021_12,FIT-C12,12,FIT-E12-R2,2,1,0,3.55640387,6.8244,MEASURED_MASS_G,caffeine,8.5715411,mg/g,58.49562506,DERIVED_FROM_CONCENTRATION_AND_MEASURED_LIQUID,VALID,,P24-MAT-FIT,ExperimentalData(12).run(2) fraction 1,SOURCE_DERIVED_ANALYTICAL
FIT_2021_12,FIT-C12,12,FIT-E12-R2,2,1,0,3.55640387,6.8244,MEASURED_MASS_G,trigonelline,5.20654065,mg/g,35.531516,DERIVED_FROM_CONCENTRATION_AND_MEASURED_LIQUID,VALID,,P24-MAT-FIT,ExperimentalData(12).run(2) fraction 1,SOURCE_DERIVED_ANALYTICAL
FIT_2021_12,FIT-C12,12,FIT-E12-R2,2,1,0,3.55640387,6.8244,MEASURED_MASS_G,5CQA,5.51169084,mg/g,37.61398295,DERIVED_FROM_CONCENTRATION_AND_MEASURED_LIQUID,VALID,,P24-MAT-FIT,ExperimentalData(12).run(2) fraction 1,SOURCE_DERIVED_ANALYTICAL
FIT_2021_12,FIT-C12,12,FIT-E12-R2,2,1,0,3.55640387,6.8244,MEASURED_MASS_G,CQA_sum,11.52964046,mg/g,78.68287836,DERIVED_FROM_CONCENTRATION_AND_MEASURED_LIQUID,VALID,,P24-MAT-FIT,ExperimentalData(12).run(2) fraction 1,SOURCE_DERIVED_ANALYTICAL
FIT_2021_12,FIT-C12,12,FIT-E12-R2,2,1,0,3.55640387,6.8244,MEASURED_MASS_G,TDS,19.87202984,percent,1356.14680429,DERIVED_FROM_CONCENTRATION_AND_MEASURED_LIQUID,VALID,,P24-MAT-FIT,ExperimentalData(12).run(2) fraction 1,SOURCE_DERIVED_ANALYTICAL
FIT_2021_12,FIT-C12,12,FIT-E12-R2,2,2,3.55640387,6.51501879,5.6773,MEASURED_MASS_G,caffeine,5.68263049,mg/g,32.2619981,DERIVED_FROM_CONCENTRATION_AND_MEASURED_LIQUID,VALID,,P24-MAT-FIT,ExperimentalData(12).run(2) fraction 2,SOURCE_DERIVED_ANALYTICAL
FIT_2021_12,FIT-C12,12,FIT-E12-R2,2,2,3.55640387,6.51501879,5.6773,MEASURED_MASS_G,trigonelline,2.9681417,mg/g,16.85103089,DERIVED_FROM_CONCENTRATION_AND_MEASURED_LIQUID,VALID,,P24-MAT-FIT,ExperimentalData(12).run(2) fraction 2,SOURCE_DERIVED_ANALYTICAL
FIT_2021_12,FIT-C12,12,FIT-E12-R2,2,2,3.55640387,6.51501879,5.6773,MEASURED_MASS_G,5CQA,3.43283575,mg/g,19.4892384,DERIVED_FROM_CONCENTRATION_AND_MEASURED_LIQUID,VALID,,P24-MAT-FIT,ExperimentalData(12).run(2) fraction 2,SOURCE_DERIVED_ANALYTICAL
FIT_2021_12,FIT-C12,12,FIT-E12-R2,2,2,3.55640387,6.51501879,5.6773,MEASURED_MASS_G,CQA_sum,7.04550606,mg/g,39.99945156,DERIVED_FROM_CONCENTRATION_AND_MEASURED_LIQUID,VALID,,P24-MAT-FIT,ExperimentalData(12).run(2) fraction 2,SOURCE_DERIVED_ANALYTICAL
FIT_2021_12,FIT-C12,12,FIT-E12-R2,2,2,3.55640387,6.51501879,5.6773,MEASURED_MASS_G,TDS,11.93098295,percent,677.35769474,DERIVED_FROM_CONCENTRATION_AND_MEASURED_LIQUID,VALID,,P24-MAT-FIT,ExperimentalData(12).run(2) fraction 2,SOURCE_DERIVED_ANALYTICAL
FIT_2021_12,FIT-C12,12,FIT-E12-R2,2,3,6.51501879,9.55050048,5.8248,MEASURED_MASS_G,caffeine,4.40775846,mg/g,25.67431146,DERIVED_FROM_CONCENTRATION_AND_MEASURED_LIQUID,VALID,,P24-MAT-FIT,ExperimentalData(12).run(2) fraction 3,SOURCE_DERIVED_ANALYTICAL
FIT_2021_12,FIT-C12,12,FIT-E12-R2,2,3,6.51501879,9.55050048,5.8248,MEASURED_MASS_G,trigonelline,2.1657164,mg/g,12.61486486,DERIVED_FROM_CONCENTRATION_AND_MEASURED_LIQUID,VALID,,P24-MAT-FIT,ExperimentalData(12).run(2) fraction 3,SOURCE_DERIVED_ANALYTICAL
FIT_2021_12,FIT-C12,12,FIT-E12-R2,2,3,6.51501879,9.55050048,5.8248,MEASURED_MASS_G,5CQA,2.65753728,mg/g,15.47962314,DERIVED_FROM_CONCENTRATION_AND_MEASURED_LIQUID,VALID,,P24-MAT-FIT,ExperimentalData(12).run(2) fraction 3,SOURCE_DERIVED_ANALYTICAL
FIT_2021_12,FIT-C12,12,FIT-E12-R2,2,3,6.51501879,9.55050048,5.8248,MEASURED_MASS_G,CQA_sum,5.5446662,mg/g,32.29657167,DERIVED_FROM_CONCENTRATION_AND_MEASURED_LIQUID,VALID,,P24-MAT-FIT,ExperimentalData(12).run(2) fraction 3,SOURCE_DERIVED_ANALYTICAL
FIT_2021_12,FIT-C12,12,FIT-E12-R2,2,3,6.51501879,9.55050048,5.8248,MEASURED_MASS_G,TDS,8.71256429,percent,507.48944461,DERIVED_FROM_CONCENTRATION_AND_MEASURED_LIQUID,VALID,,P24-MAT-FIT,ExperimentalData(12).run(2) fraction 3,SOURCE_DERIVED_ANALYTICAL
FIT_2021_12,FIT-C12,12,FIT-E12-R2,2,5,12.48587298,15.39253118,5.5776,MEASURED_MASS_G,caffeine,2.99184503,mg/g,16.68731486,DERIVED_FROM_CONCENTRATION_AND_MEASURED_LIQUID,VALID,,P24-MAT-FIT,ExperimentalData(12).run(2) fraction 5,SOURCE_DERIVED_ANALYTICAL
FIT_2021_12,FIT-C12,12,FIT-E12-R2,2,5,12.48587298,15.39253118,5.5776,MEASURED_MASS_G,trigonelline,1.30817818,mg/g,7.29649463,DERIVED_FROM_CONCENTRATION_AND_MEASURED_LIQUID,VALID,,P24-MAT-FIT,ExperimentalData(12).run(2) fraction 5,SOURCE_DERIVED_ANALYTICAL
FIT_2021_12,FIT-C12,12,FIT-E12-R2,2,5,12.48587298,15.39253118,5.5776,MEASURED_MASS_G,5CQA,1.73460529,mg/g,9.67493446,DERIVED_FROM_CONCENTRATION_AND_MEASURED_LIQUID,VALID,,P24-MAT-FIT,ExperimentalData(12).run(2) fraction 5,SOURCE_DERIVED_ANALYTICAL
FIT_2021_12,FIT-C12,12,FIT-E12-R2,2,5,12.48587298,15.39253118,5.5776,MEASURED_MASS_G,CQA_sum,3.57062095,mg/g,19.91549539,DERIVED_FROM_CONCENTRATION_AND_MEASURED_LIQUID,VALID,,P24-MAT-FIT,ExperimentalData(12).run(2) fraction 5,SOURCE_DERIVED_ANALYTICAL
FIT_2021_12,FIT-C12,12,FIT-E12-R2,2,5,12.48587298,15.39253118,5.5776,MEASURED_MASS_G,TDS,5.66272027,percent,315.84388569,DERIVED_FROM_CONCENTRATION_AND_MEASURED_LIQUID,VALID,,P24-MAT-FIT,ExperimentalData(12).run(2) fraction 5,SOURCE_DERIVED_ANALYTICAL
FIT_2021_12,FIT-C12,12,FIT-E12-R2,2,7,18.2107014,21.02637019,5.403,MEASURED_MASS_G,caffeine,2.08320467,mg/g,11.25555485,DERIVED_FROM_CONCENTRATION_AND_MEASURED_LIQUID,VALID,,P24-MAT-FIT,ExperimentalData(12).run(2) fraction 7,SOURCE_DERIVED_ANALYTICAL
FIT_2021_12,FIT-C12,12,FIT-E12-R2,2,7,18.2107014,21.02637019,5.403,MEASURED_MASS_G,trigonelline,0.81741205,mg/g,4.41647731,DERIVED_FROM_CONCENTRATION_AND_MEASURED_LIQUID,VALID,,P24-MAT-FIT,ExperimentalData(12).run(2) fraction 7,SOURCE_DERIVED_ANALYTICAL
FIT_2021_12,FIT-C12,12,FIT-E12-R2,2,7,18.2107014,21.02637019,5.403,MEASURED_MASS_G,5CQA,1.20264441,mg/g,6.49788773,DERIVED_FROM_CONCENTRATION_AND_MEASURED_LIQUID,VALID,,P24-MAT-FIT,ExperimentalData(12).run(2) fraction 7,SOURCE_DERIVED_ANALYTICAL
FIT_2021_12,FIT-C12,12,FIT-E12-R2,2,7,18.2107014,21.02637019,5.403,MEASURED_MASS_G,CQA_sum,2.5249982,mg/g,13.64256528,DERIVED_FROM_CONCENTRATION_AND_MEASURED_LIQUID,VALID,,P24-MAT-FIT,ExperimentalData(12).run(2) fraction 7,SOURCE_DERIVED_ANALYTICAL
FIT_2021_12,FIT-C12,12,FIT-E12-R2,2,7,18.2107014,21.02637019,5.403,MEASURED_MASS_G,TDS,3.79706578,percent,205.15546397,DERIVED_FROM_CONCENTRATION_AND_MEASURED_LIQUID,VALID,,P24-MAT-FIT,ExperimentalData(12).run(2) fraction 7,SOURCE_DERIVED_ANALYTICAL
FIT_2021_12,FIT-C12,12,FIT-E12-R2,2,10,26.44508648,29.37071384,5.614,MEASURED_MASS_G,caffeine,1.26795385,mg/g,7.11829291,DERIVED_FROM_CONCENTRATION_AND_MEASURED_LIQUID,VALID,,P24-MAT-FIT,ExperimentalData(12).run(2) fraction 10,SOURCE_DERIVED_ANALYTICAL
FIT_2021_12,FIT-C12,12,FIT-E12-R2,2,10,26.44508648,29.37071384,5.614,MEASURED_MASS_G,trigonelline,0.39325398,mg/g,2.20772782,DERIVED_FROM_CONCENTRATION_AND_MEASURED_LIQUID,VALID,,P24-MAT-FIT,ExperimentalData(12).run(2) fraction 10,SOURCE_DERIVED_ANALYTICAL
FIT_2021_12,FIT-C12,12,FIT-E12-R2,2,10,26.44508648,29.37071384,5.614,MEASURED_MASS_G,5CQA,0.68575129,mg/g,3.84980774,DERIVED_FROM_CONCENTRATION_AND_MEASURED_LIQUID,VALID,,P24-MAT-FIT,ExperimentalData(12).run(2) fraction 10,SOURCE_DERIVED_ANALYTICAL
FIT_2021_12,FIT-C12,12,FIT-E12-R2,2,10,26.44508648,29.37071384,5.614,MEASURED_MASS_G,CQA_sum,1.42511514,mg/g,8.0005964,DERIVED_FROM_CONCENTRATION_AND_MEASURED_LIQUID,VALID,,P24-MAT-FIT,ExperimentalData(12).run(2) fraction 10,SOURCE_DERIVED_ANALYTICAL
FIT_2021_12,FIT-C12,12,FIT-E12-R2,2,10,26.44508648,29.37071384,5.614,MEASURED_MASS_G,TDS,1.89853289,percent,106.58363638,DERIVED_FROM_CONCENTRATION_AND_MEASURED_LIQUID,VALID,,P24-MAT-FIT,ExperimentalData(12).run(2) fraction 10,SOURCE_DERIVED_ANALYTICAL
FIT_2021_12,FIT-C12,12,FIT-E12-R3,3,1,0,4.10164892,7.9131,MEASURED_MASS_G,caffeine,8.46986632,mg/g,67.02289921,DERIVED_FROM_CONCENTRATION_AND_MEASURED_LIQUID,VALID,,P24-MAT-FIT,ExperimentalData(12).run(3) fraction 1,SOURCE_DERIVED_ANALYTICAL
FIT_2021_12,FIT-C12,12,FIT-E12-R3,3,1,0,4.10164892,7.9131,MEASURED_MASS_G,trigonelline,5.25242656,mg/g,41.56297665,DERIVED_FROM_CONCENTRATION_AND_MEASURED_LIQUID,VALID,,P24-MAT-FIT,ExperimentalData(12).run(3) fraction 1,SOURCE_DERIVED_ANALYTICAL
FIT_2021_12,FIT-C12,12,FIT-E12-R3,3,1,0,4.10164892,7.9131,MEASURED_MASS_G,5CQA,5.67610284,mg/g,44.91556935,DERIVED_FROM_CONCENTRATION_AND_MEASURED_LIQUID,VALID,,P24-MAT-FIT,ExperimentalData(12).run(3) fraction 1,SOURCE_DERIVED_ANALYTICAL
FIT_2021_12,FIT-C12,12,FIT-E12-R3,3,1,0,4.10164892,7.9131,MEASURED_MASS_G,CQA_sum,11.80530624,mg/g,93.4165688,DERIVED_FROM_CONCENTRATION_AND_MEASURED_LIQUID,VALID,,P24-MAT-FIT,ExperimentalData(12).run(3) fraction 1,SOURCE_DERIVED_ANALYTICAL
FIT_2021_12,FIT-C12,12,FIT-E12-R3,3,1,0,4.10164892,7.9131,MEASURED_MASS_G,TDS,20.22103476,percent,1600.1107017,DERIVED_FROM_CONCENTRATION_AND_MEASURED_LIQUID,VALID,,P24-MAT-FIT,ExperimentalData(12).run(3) fraction 1,SOURCE_DERIVED_ANALYTICAL
FIT_2021_12,FIT-C12,12,FIT-E12-R3,3,2,4.10164892,7.24359773,6.0616,MEASURED_MASS_G,caffeine,5.74414232,mg/g,34.8186931,DERIVED_FROM_CONCENTRATION_AND_MEASURED_LIQUID,VALID,,P24-MAT-FIT,ExperimentalData(12).run(3) fraction 2,SOURCE_DERIVED_ANALYTICAL
FIT_2021_12,FIT-C12,12,FIT-E12-R3,3,2,4.10164892,7.24359773,6.0616,MEASURED_MASS_G,trigonelline,2.99328969,mg/g,18.1441248,DERIVED_FROM_CONCENTRATION_AND_MEASURED_LIQUID,VALID,,P24-MAT-FIT,ExperimentalData(12).run(3) fraction 2,SOURCE_DERIVED_ANALYTICAL
FIT_2021_12,FIT-C12,12,FIT-E12-R3,3,2,4.10164892,7.24359773,6.0616,MEASURED_MASS_G,5CQA,3.61250676,mg/g,21.897571,DERIVED_FROM_CONCENTRATION_AND_MEASURED_LIQUID,VALID,,P24-MAT-FIT,ExperimentalData(12).run(3) fraction 2,SOURCE_DERIVED_ANALYTICAL
FIT_2021_12,FIT-C12,12,FIT-E12-R3,3,2,4.10164892,7.24359773,6.0616,MEASURED_MASS_G,CQA_sum,7.35699213,mg/g,44.59514351,DERIVED_FROM_CONCENTRATION_AND_MEASURED_LIQUID,VALID,,P24-MAT-FIT,ExperimentalData(12).run(3) fraction 2,SOURCE_DERIVED_ANALYTICAL
FIT_2021_12,FIT-C12,12,FIT-E12-R3,3,2,4.10164892,7.24359773,6.0616,MEASURED_MASS_G,TDS,11.61234431,percent,703.89386291,DERIVED_FROM_CONCENTRATION_AND_MEASURED_LIQUID,VALID,,P24-MAT-FIT,ExperimentalData(12).run(3) fraction 2,SOURCE_DERIVED_ANALYTICAL
FIT_2021_12,FIT-C12,12,FIT-E12-R3,3,3,7.24359773,10.16421683,5.6346,MEASURED_MASS_G,caffeine,4.29307983,mg/g,24.18978758,DERIVED_FROM_CONCENTRATION_AND_MEASURED_LIQUID,VALID,,P24-MAT-FIT,ExperimentalData(12).run(3) fraction 3,SOURCE_DERIVED_ANALYTICAL
FIT_2021_12,FIT-C12,12,FIT-E12-R3,3,3,7.24359773,10.16421683,5.6346,MEASURED_MASS_G,trigonelline,2.0997802,mg/g,11.8314215,DERIVED_FROM_CONCENTRATION_AND_MEASURED_LIQUID,VALID,,P24-MAT-FIT,ExperimentalData(12).run(3) fraction 3,SOURCE_DERIVED_ANALYTICAL
FIT_2021_12,FIT-C12,12,FIT-E12-R3,3,3,7.24359773,10.16421683,5.6346,MEASURED_MASS_G,5CQA,2.69339772,mg/g,15.17621882,DERIVED_FROM_CONCENTRATION_AND_MEASURED_LIQUID,VALID,,P24-MAT-FIT,ExperimentalData(12).run(3) fraction 3,SOURCE_DERIVED_ANALYTICAL
FIT_2021_12,FIT-C12,12,FIT-E12-R3,3,3,7.24359773,10.16421683,5.6346,MEASURED_MASS_G,CQA_sum,5.57081256,mg/g,31.38930043,DERIVED_FROM_CONCENTRATION_AND_MEASURED_LIQUID,VALID,,P24-MAT-FIT,ExperimentalData(12).run(3) fraction 3,SOURCE_DERIVED_ANALYTICAL
FIT_2021_12,FIT-C12,12,FIT-E12-R3,3,3,7.24359773,10.16421683,5.6346,MEASURED_MASS_G,TDS,8.56346628,percent,482.51707112,DERIVED_FROM_CONCENTRATION_AND_MEASURED_LIQUID,VALID,,P24-MAT-FIT,ExperimentalData(12).run(3) fraction 3,SOURCE_DERIVED_ANALYTICAL
FIT_2021_12,FIT-C12,12,FIT-E12-R3,3,5,13.06819733,15.93910796,5.5387,MEASURED_MASS_G,caffeine,2.80020553,mg/g,15.5094984,DERIVED_FROM_CONCENTRATION_AND_MEASURED_LIQUID,VALID,,P24-MAT-FIT,ExperimentalData(12).run(3) fraction 5,SOURCE_DERIVED_ANALYTICAL
FIT_2021_12,FIT-C12,12,FIT-E12-R3,3,5,13.06819733,15.93910796,5.5387,MEASURED_MASS_G,trigonelline,1.18598863,mg/g,6.56883524,DERIVED_FROM_CONCENTRATION_AND_MEASURED_LIQUID,VALID,,P24-MAT-FIT,ExperimentalData(12).run(3) fraction 5,SOURCE_DERIVED_ANALYTICAL
FIT_2021_12,FIT-C12,12,FIT-E12-R3,3,5,13.06819733,15.93910796,5.5387,MEASURED_MASS_G,5CQA,1.67877092,mg/g,9.29820852,DERIVED_FROM_CONCENTRATION_AND_MEASURED_LIQUID,VALID,,P24-MAT-FIT,ExperimentalData(12).run(3) fraction 5,SOURCE_DERIVED_ANALYTICAL
FIT_2021_12,FIT-C12,12,FIT-E12-R3,3,5,13.06819733,15.93910796,5.5387,MEASURED_MASS_G,CQA_sum,3.41381897,mg/g,18.90811915,DERIVED_FROM_CONCENTRATION_AND_MEASURED_LIQUID,VALID,,P24-MAT-FIT,ExperimentalData(12).run(3) fraction 5,SOURCE_DERIVED_ANALYTICAL
FIT_2021_12,FIT-C12,12,FIT-E12-R3,3,5,13.06819733,15.93910796,5.5387,MEASURED_MASS_G,TDS,5.2707231,percent,291.92954049,DERIVED_FROM_CONCENTRATION_AND_MEASURED_LIQUID,VALID,,P24-MAT-FIT,ExperimentalData(12).run(3) fraction 5,SOURCE_DERIVED_ANALYTICAL
FIT_2021_12,FIT-C12,12,FIT-E12-R3,3,7,18.90233433,21.53268496,5.0746,MEASURED_MASS_G,caffeine,2.01422385,mg/g,10.22138035,DERIVED_FROM_CONCENTRATION_AND_MEASURED_LIQUID,VALID,,P24-MAT-FIT,ExperimentalData(12).run(3) fraction 7,SOURCE_DERIVED_ANALYTICAL
FIT_2021_12,FIT-C12,12,FIT-E12-R3,3,7,18.90233433,21.53268496,5.0746,MEASURED_MASS_G,trigonelline,0.78171769,mg/g,3.96690458,DERIVED_FROM_CONCENTRATION_AND_MEASURED_LIQUID,VALID,,P24-MAT-FIT,ExperimentalData(12).run(3) fraction 7,SOURCE_DERIVED_ANALYTICAL
FIT_2021_12,FIT-C12,12,FIT-E12-R3,3,7,18.90233433,21.53268496,5.0746,MEASURED_MASS_G,5CQA,1.21454095,mg/g,6.16330949,DERIVED_FROM_CONCENTRATION_AND_MEASURED_LIQUID,VALID,,P24-MAT-FIT,ExperimentalData(12).run(3) fraction 7,SOURCE_DERIVED_ANALYTICAL
FIT_2021_12,FIT-C12,12,FIT-E12-R3,3,7,18.90233433,21.53268496,5.0746,MEASURED_MASS_G,CQA_sum,2.52718689,mg/g,12.82446262,DERIVED_FROM_CONCENTRATION_AND_MEASURED_LIQUID,VALID,,P24-MAT-FIT,ExperimentalData(12).run(3) fraction 7,SOURCE_DERIVED_ANALYTICAL
FIT_2021_12,FIT-C12,12,FIT-E12-R3,3,7,18.90233433,21.53268496,5.0746,MEASURED_MASS_G,TDS,3.46535792,percent,175.85305305,DERIVED_FROM_CONCENTRATION_AND_MEASURED_LIQUID,VALID,,P24-MAT-FIT,ExperimentalData(12).run(3) fraction 7,SOURCE_DERIVED_ANALYTICAL
FIT_2021_12,FIT-C12,12,FIT-E12-R3,3,10,27.26730134,30.00779849,5.2871,MEASURED_MASS_G,caffeine,1.19504928,mg/g,6.31834507,DERIVED_FROM_CONCENTRATION_AND_MEASURED_LIQUID,VALID,,P24-MAT-FIT,ExperimentalData(12).run(3) fraction 10,SOURCE_DERIVED_ANALYTICAL
FIT_2021_12,FIT-C12,12,FIT-E12-R3,3,10,27.26730134,30.00779849,5.2871,MEASURED_MASS_G,trigonelline,0.35729564,mg/g,1.8890578,DERIVED_FROM_CONCENTRATION_AND_MEASURED_LIQUID,VALID,,P24-MAT-FIT,ExperimentalData(12).run(3) fraction 10,SOURCE_DERIVED_ANALYTICAL
FIT_2021_12,FIT-C12,12,FIT-E12-R3,3,10,27.26730134,30.00779849,5.2871,MEASURED_MASS_G,5CQA,0.67375005,mg/g,3.5621839,DERIVED_FROM_CONCENTRATION_AND_MEASURED_LIQUID,VALID,,P24-MAT-FIT,ExperimentalData(12).run(3) fraction 10,SOURCE_DERIVED_ANALYTICAL
FIT_2021_12,FIT-C12,12,FIT-E12-R3,3,10,27.26730134,30.00779849,5.2871,MEASURED_MASS_G,CQA_sum,1.38722708,mg/g,7.33440828,DERIVED_FROM_CONCENTRATION_AND_MEASURED_LIQUID,VALID,,P24-MAT-FIT,ExperimentalData(12).run(3) fraction 10,SOURCE_DERIVED_ANALYTICAL
FIT_2021_12,FIT-C12,12,FIT-E12-R3,3,10,27.26730134,30.00779849,5.2871,MEASURED_MASS_G,TDS,1.56657903,percent,82.82660005,DERIVED_FROM_CONCENTRATION_AND_MEASURED_LIQUID,VALID,,P24-MAT-FIT,ExperimentalData(12).run(3) fraction 10,SOURCE_DERIVED_ANALYTICAL
FIT_2021_12,FIT-C13,13,FIT-E13-R1,1,1,0,3.29225045,6.5735,MEASURED_MASS_G,caffeine,8.52632586,mg/g,56.04780301,DERIVED_FROM_CONCENTRATION_AND_MEASURED_LIQUID,VALID,,P24-MAT-FIT,ExperimentalData(13).run(1) fraction 1,SOURCE_DERIVED_ANALYTICAL
FIT_2021_12,FIT-C13,13,FIT-E13-R1,1,1,0,3.29225045,6.5735,MEASURED_MASS_G,trigonelline,5.77198874,mg/g,37.94216799,DERIVED_FROM_CONCENTRATION_AND_MEASURED_LIQUID,VALID,,P24-MAT-FIT,ExperimentalData(13).run(1) fraction 1,SOURCE_DERIVED_ANALYTICAL
FIT_2021_12,FIT-C13,13,FIT-E13-R1,1,1,0,3.29225045,6.5735,MEASURED_MASS_G,5CQA,6.0693077,mg/g,39.8965942,DERIVED_FROM_CONCENTRATION_AND_MEASURED_LIQUID,VALID,,P24-MAT-FIT,ExperimentalData(13).run(1) fraction 1,SOURCE_DERIVED_ANALYTICAL
FIT_2021_12,FIT-C13,13,FIT-E13-R1,1,1,0,3.29225045,6.5735,MEASURED_MASS_G,CQA_sum,12.29010127,mg/g,80.78898068,DERIVED_FROM_CONCENTRATION_AND_MEASURED_LIQUID,VALID,,P24-MAT-FIT,ExperimentalData(13).run(1) fraction 1,SOURCE_DERIVED_ANALYTICAL
FIT_2021_12,FIT-C13,13,FIT-E13-R1,1,1,0,3.29225045,6.5735,MEASURED_MASS_G,TDS,21.34600437,percent,1403.17959707,DERIVED_FROM_CONCENTRATION_AND_MEASURED_LIQUID,VALID,,P24-MAT-FIT,ExperimentalData(13).run(1) fraction 1,SOURCE_DERIVED_ANALYTICAL
FIT_2021_12,FIT-C13,13,FIT-E13-R1,1,2,3.29225045,6.62642093,6.6572,MEASURED_MASS_G,caffeine,6.20306931,mg/g,41.295073,DERIVED_FROM_CONCENTRATION_AND_MEASURED_LIQUID,VALID,,P24-MAT-FIT,ExperimentalData(13).run(1) fraction 2,SOURCE_DERIVED_ANALYTICAL
FIT_2021_12,FIT-C13,13,FIT-E13-R1,1,2,3.29225045,6.62642093,6.6572,MEASURED_MASS_G,trigonelline,3.67001492,mg/g,24.4320233,DERIVED_FROM_CONCENTRATION_AND_MEASURED_LIQUID,VALID,,P24-MAT-FIT,ExperimentalData(13).run(1) fraction 2,SOURCE_DERIVED_ANALYTICAL
FIT_2021_12,FIT-C13,13,FIT-E13-R1,1,2,3.29225045,6.62642093,6.6572,MEASURED_MASS_G,5CQA,4.23180139,mg/g,28.17194822,DERIVED_FROM_CONCENTRATION_AND_MEASURED_LIQUID,VALID,,P24-MAT-FIT,ExperimentalData(13).run(1) fraction 2,SOURCE_DERIVED_ANALYTICAL
FIT_2021_12,FIT-C13,13,FIT-E13-R1,1,2,3.29225045,6.62642093,6.6572,MEASURED_MASS_G,CQA_sum,8.43109357,mg/g,56.12747613,DERIVED_FROM_CONCENTRATION_AND_MEASURED_LIQUID,VALID,,P24-MAT-FIT,ExperimentalData(13).run(1) fraction 2,SOURCE_DERIVED_ANALYTICAL
FIT_2021_12,FIT-C13,13,FIT-E13-R1,1,2,3.29225045,6.62642093,6.6572,MEASURED_MASS_G,TDS,13.73282973,percent,914.22194104,DERIVED_FROM_CONCENTRATION_AND_MEASURED_LIQUID,VALID,,P24-MAT-FIT,ExperimentalData(13).run(1) fraction 2,SOURCE_DERIVED_ANALYTICAL
FIT_2021_12,FIT-C13,13,FIT-E13-R1,1,3,6.62642093,9.86297834,6.4623,MEASURED_MASS_G,caffeine,4.46203685,mg/g,28.83502071,DERIVED_FROM_CONCENTRATION_AND_MEASURED_LIQUID,VALID,,P24-MAT-FIT,ExperimentalData(13).run(1) fraction 3,SOURCE_DERIVED_ANALYTICAL
FIT_2021_12,FIT-C13,13,FIT-E13-R1,1,3,6.62642093,9.86297834,6.4623,MEASURED_MASS_G,trigonelline,2.41254669,mg/g,15.59060051,DERIVED_FROM_CONCENTRATION_AND_MEASURED_LIQUID,VALID,,P24-MAT-FIT,ExperimentalData(13).run(1) fraction 3,SOURCE_DERIVED_ANALYTICAL
FIT_2021_12,FIT-C13,13,FIT-E13-R1,1,3,6.62642093,9.86297834,6.4623,MEASURED_MASS_G,5CQA,2.99513172,mg/g,19.3554397,DERIVED_FROM_CONCENTRATION_AND_MEASURED_LIQUID,VALID,,P24-MAT-FIT,ExperimentalData(13).run(1) fraction 3,SOURCE_DERIVED_ANALYTICAL
FIT_2021_12,FIT-C13,13,FIT-E13-R1,1,3,6.62642093,9.86297834,6.4623,MEASURED_MASS_G,CQA_sum,6.01913374,mg/g,38.89744797,DERIVED_FROM_CONCENTRATION_AND_MEASURED_LIQUID,VALID,,P24-MAT-FIT,ExperimentalData(13).run(1) fraction 3,SOURCE_DERIVED_ANALYTICAL
FIT_2021_12,FIT-C13,13,FIT-E13-R1,1,3,6.62642093,9.86297834,6.4623,MEASURED_MASS_G,TDS,9.1959764,percent,594.27158299,DERIVED_FROM_CONCENTRATION_AND_MEASURED_LIQUID,VALID,,P24-MAT-FIT,ExperimentalData(13).run(1) fraction 3,SOURCE_DERIVED_ANALYTICAL
FIT_2021_12,FIT-C13,13,FIT-E13-R1,1,5,12.76502686,15.70208388,5.8643,MEASURED_MASS_G,caffeine,2.7298173,mg/g,16.00846757,DERIVED_FROM_CONCENTRATION_AND_MEASURED_LIQUID,VALID,,P24-MAT-FIT,ExperimentalData(13).run(1) fraction 5,SOURCE_DERIVED_ANALYTICAL
FIT_2021_12,FIT-C13,13,FIT-E13-R1,1,5,12.76502686,15.70208388,5.8643,MEASURED_MASS_G,trigonelline,1.21247661,mg/g,7.11032657,DERIVED_FROM_CONCENTRATION_AND_MEASURED_LIQUID,VALID,,P24-MAT-FIT,ExperimentalData(13).run(1) fraction 5,SOURCE_DERIVED_ANALYTICAL
FIT_2021_12,FIT-C13,13,FIT-E13-R1,1,5,12.76502686,15.70208388,5.8643,MEASURED_MASS_G,5CQA,1.71613583,mg/g,10.06393534,DERIVED_FROM_CONCENTRATION_AND_MEASURED_LIQUID,VALID,,P24-MAT-FIT,ExperimentalData(13).run(1) fraction 5,SOURCE_DERIVED_ANALYTICAL
FIT_2021_12,FIT-C13,13,FIT-E13-R1,1,5,12.76502686,15.70208388,5.8643,MEASURED_MASS_G,CQA_sum,3.35750265,mg/g,19.68940281,DERIVED_FROM_CONCENTRATION_AND_MEASURED_LIQUID,VALID,,P24-MAT-FIT,ExperimentalData(13).run(1) fraction 5,SOURCE_DERIVED_ANALYTICAL
FIT_2021_12,FIT-C13,13,FIT-E13-R1,1,5,12.76502686,15.70208388,5.8643,MEASURED_MASS_G,TDS,5.12503782,percent,300.54759265,DERIVED_FROM_CONCENTRATION_AND_MEASURED_LIQUID,VALID,,P24-MAT-FIT,ExperimentalData(13).run(1) fraction 5,SOURCE_DERIVED_ANALYTICAL
FIT_2021_12,FIT-C13,13,FIT-E13-R1,1,7,18.52019217,21.37876807,5.7076,MEASURED_MASS_G,caffeine,1.79668179,mg/g,10.25474099,DERIVED_FROM_CONCENTRATION_AND_MEASURED_LIQUID,VALID,,P24-MAT-FIT,ExperimentalData(13).run(1) fraction 7,SOURCE_DERIVED_ANALYTICAL
FIT_2021_12,FIT-C13,13,FIT-E13-R1,1,7,18.52019217,21.37876807,5.7076,MEASURED_MASS_G,trigonelline,0.68288279,mg/g,3.89762181,DERIVED_FROM_CONCENTRATION_AND_MEASURED_LIQUID,VALID,,P24-MAT-FIT,ExperimentalData(13).run(1) fraction 7,SOURCE_DERIVED_ANALYTICAL
FIT_2021_12,FIT-C13,13,FIT-E13-R1,1,7,18.52019217,21.37876807,5.7076,MEASURED_MASS_G,5CQA,1.12118697,mg/g,6.39928677,DERIVED_FROM_CONCENTRATION_AND_MEASURED_LIQUID,VALID,,P24-MAT-FIT,ExperimentalData(13).run(1) fraction 7,SOURCE_DERIVED_ANALYTICAL
FIT_2021_12,FIT-C13,13,FIT-E13-R1,1,7,18.52019217,21.37876807,5.7076,MEASURED_MASS_G,CQA_sum,2.22501535,mg/g,12.69949759,DERIVED_FROM_CONCENTRATION_AND_MEASURED_LIQUID,VALID,,P24-MAT-FIT,ExperimentalData(13).run(1) fraction 7,SOURCE_DERIVED_ANALYTICAL
FIT_2021_12,FIT-C13,13,FIT-E13-R1,1,7,18.52019217,21.37876807,5.7076,MEASURED_MASS_G,TDS,3.13522228,percent,178.94594678,DERIVED_FROM_CONCENTRATION_AND_MEASURED_LIQUID,VALID,,P24-MAT-FIT,ExperimentalData(13).run(1) fraction 7,SOURCE_DERIVED_ANALYTICAL
FIT_2021_12,FIT-C13,13,FIT-E13-R1,1,10,26.97802289,30.04817227,6.13004,MEASURED_MASS_G,caffeine,1.052657,mg/g,6.45282954,DERIVED_FROM_CONCENTRATION_AND_MEASURED_LIQUID,VALID,,P24-MAT-FIT,ExperimentalData(13).run(1) fraction 10,SOURCE_DERIVED_ANALYTICAL
FIT_2021_12,FIT-C13,13,FIT-E13-R1,1,10,26.97802289,30.04817227,6.13004,MEASURED_MASS_G,trigonelline,0.31827317,mg/g,1.95102729,DERIVED_FROM_CONCENTRATION_AND_MEASURED_LIQUID,VALID,,P24-MAT-FIT,ExperimentalData(13).run(1) fraction 10,SOURCE_DERIVED_ANALYTICAL
FIT_2021_12,FIT-C13,13,FIT-E13-R1,1,10,26.97802289,30.04817227,6.13004,MEASURED_MASS_G,5CQA,0.6220783,mg/g,3.81336487,DERIVED_FROM_CONCENTRATION_AND_MEASURED_LIQUID,VALID,,P24-MAT-FIT,ExperimentalData(13).run(1) fraction 10,SOURCE_DERIVED_ANALYTICAL
FIT_2021_12,FIT-C13,13,FIT-E13-R1,1,10,26.97802289,30.04817227,6.13004,MEASURED_MASS_G,CQA_sum,1.20909289,mg/g,7.4117878,DERIVED_FROM_CONCENTRATION_AND_MEASURED_LIQUID,VALID,,P24-MAT-FIT,ExperimentalData(13).run(1) fraction 10,SOURCE_DERIVED_ANALYTICAL
FIT_2021_12,FIT-C13,13,FIT-E13-R1,1,10,26.97802289,30.04817227,6.13004,MEASURED_MASS_G,TDS,1.55941106,percent,95.59252201,DERIVED_FROM_CONCENTRATION_AND_MEASURED_LIQUID,VALID,,P24-MAT-FIT,ExperimentalData(13).run(1) fraction 10,SOURCE_DERIVED_ANALYTICAL
FIT_2021_12,FIT-C13,13,FIT-E13-R2,2,1,0,3.66680347,7.3346,MEASURED_MASS_G,caffeine,8.46137542,mg/g,62.06080413,DERIVED_FROM_CONCENTRATION_AND_MEASURED_LIQUID,VALID,,P24-MAT-FIT,ExperimentalData(13).run(2) fraction 1,SOURCE_DERIVED_ANALYTICAL
FIT_2021_12,FIT-C13,13,FIT-E13-R2,2,1,0,3.66680347,7.3346,MEASURED_MASS_G,trigonelline,5.44487872,mg/g,39.93600745,DERIVED_FROM_CONCENTRATION_AND_MEASURED_LIQUID,VALID,,P24-MAT-FIT,ExperimentalData(13).run(2) fraction 1,SOURCE_DERIVED_ANALYTICAL
FIT_2021_12,FIT-C13,13,FIT-E13-R2,2,1,0,3.66680347,7.3346,MEASURED_MASS_G,5CQA,5.87906535,mg/g,43.12059271,DERIVED_FROM_CONCENTRATION_AND_MEASURED_LIQUID,VALID,,P24-MAT-FIT,ExperimentalData(13).run(2) fraction 1,SOURCE_DERIVED_ANALYTICAL
FIT_2021_12,FIT-C13,13,FIT-E13-R2,2,1,0,3.66680347,7.3346,MEASURED_MASS_G,CQA_sum,11.9364289,mg/g,87.54893142,DERIVED_FROM_CONCENTRATION_AND_MEASURED_LIQUID,VALID,,P24-MAT-FIT,ExperimentalData(13).run(2) fraction 1,SOURCE_DERIVED_ANALYTICAL
FIT_2021_12,FIT-C13,13,FIT-E13-R2,2,1,0,3.66680347,7.3346,MEASURED_MASS_G,TDS,21.0067855,percent,1540.7636895,DERIVED_FROM_CONCENTRATION_AND_MEASURED_LIQUID,VALID,,P24-MAT-FIT,ExperimentalData(13).run(2) fraction 1,SOURCE_DERIVED_ANALYTICAL
FIT_2021_12,FIT-C13,13,FIT-E13-R2,2,2,3.66680347,6.68969413,6.0466,MEASURED_MASS_G,caffeine,6.12544318,mg/g,37.0381047,DERIVED_FROM_CONCENTRATION_AND_MEASURED_LIQUID,VALID,,P24-MAT-FIT,ExperimentalData(13).run(2) fraction 2,SOURCE_DERIVED_ANALYTICAL
FIT_2021_12,FIT-C13,13,FIT-E13-R2,2,2,3.66680347,6.68969413,6.0466,MEASURED_MASS_G,trigonelline,3.42899026,mg/g,20.73373251,DERIVED_FROM_CONCENTRATION_AND_MEASURED_LIQUID,VALID,,P24-MAT-FIT,ExperimentalData(13).run(2) fraction 2,SOURCE_DERIVED_ANALYTICAL
FIT_2021_12,FIT-C13,13,FIT-E13-R2,2,2,3.66680347,6.68969413,6.0466,MEASURED_MASS_G,5CQA,4.06892032,mg/g,24.60313359,DERIVED_FROM_CONCENTRATION_AND_MEASURED_LIQUID,VALID,,P24-MAT-FIT,ExperimentalData(13).run(2) fraction 2,SOURCE_DERIVED_ANALYTICAL
FIT_2021_12,FIT-C13,13,FIT-E13-R2,2,2,3.66680347,6.68969413,6.0466,MEASURED_MASS_G,CQA_sum,8.10449921,mg/g,49.00466495,DERIVED_FROM_CONCENTRATION_AND_MEASURED_LIQUID,VALID,,P24-MAT-FIT,ExperimentalData(13).run(2) fraction 2,SOURCE_DERIVED_ANALYTICAL
FIT_2021_12,FIT-C13,13,FIT-E13-R2,2,2,3.66680347,6.68969413,6.0466,MEASURED_MASS_G,TDS,13.0629356,percent,789.86346402,DERIVED_FROM_CONCENTRATION_AND_MEASURED_LIQUID,VALID,,P24-MAT-FIT,ExperimentalData(13).run(2) fraction 2,SOURCE_DERIVED_ANALYTICAL
FIT_2021_12,FIT-C13,13,FIT-E13-R2,2,3,6.68969413,9.93820424,6.4979,MEASURED_MASS_G,caffeine,4.51763462,mg/g,29.35513802,DERIVED_FROM_CONCENTRATION_AND_MEASURED_LIQUID,VALID,,P24-MAT-FIT,ExperimentalData(13).run(2) fraction 3,SOURCE_DERIVED_ANALYTICAL
FIT_2021_12,FIT-C13,13,FIT-E13-R2,2,3,6.68969413,9.93820424,6.4979,MEASURED_MASS_G,trigonelline,2.33587584,mg/g,15.1782876,DERIVED_FROM_CONCENTRATION_AND_MEASURED_LIQUID,VALID,,P24-MAT-FIT,ExperimentalData(13).run(2) fraction 3,SOURCE_DERIVED_ANALYTICAL
FIT_2021_12,FIT-C13,13,FIT-E13-R2,2,3,6.68969413,9.93820424,6.4979,MEASURED_MASS_G,5CQA,2.97357588,mg/g,19.32199868,DERIVED_FROM_CONCENTRATION_AND_MEASURED_LIQUID,VALID,,P24-MAT-FIT,ExperimentalData(13).run(2) fraction 3,SOURCE_DERIVED_ANALYTICAL
FIT_2021_12,FIT-C13,13,FIT-E13-R2,2,3,6.68969413,9.93820424,6.4979,MEASURED_MASS_G,CQA_sum,5.99278273,mg/g,38.94050289,DERIVED_FROM_CONCENTRATION_AND_MEASURED_LIQUID,VALID,,P24-MAT-FIT,ExperimentalData(13).run(2) fraction 3,SOURCE_DERIVED_ANALYTICAL
FIT_2021_12,FIT-C13,13,FIT-E13-R2,2,3,6.68969413,9.93820424,6.4979,MEASURED_MASS_G,TDS,9.17290274,percent,596.04604736,DERIVED_FROM_CONCENTRATION_AND_MEASURED_LIQUID,VALID,,P24-MAT-FIT,ExperimentalData(13).run(2) fraction 3,SOURCE_DERIVED_ANALYTICAL
FIT_2021_12,FIT-C13,13,FIT-E13-R2,2,5,12.96354457,15.92429365,5.9223,MEASURED_MASS_G,caffeine,2.81363638,mg/g,16.66319875,DERIVED_FROM_CONCENTRATION_AND_MEASURED_LIQUID,VALID,,P24-MAT-FIT,ExperimentalData(13).run(2) fraction 5,SOURCE_DERIVED_ANALYTICAL
FIT_2021_12,FIT-C13,13,FIT-E13-R2,2,5,12.96354457,15.92429365,5.9223,MEASURED_MASS_G,trigonelline,1.19023078,mg/g,7.04890376,DERIVED_FROM_CONCENTRATION_AND_MEASURED_LIQUID,VALID,,P24-MAT-FIT,ExperimentalData(13).run(2) fraction 5,SOURCE_DERIVED_ANALYTICAL
FIT_2021_12,FIT-C13,13,FIT-E13-R2,2,5,12.96354457,15.92429365,5.9223,MEASURED_MASS_G,5CQA,1.74211837,mg/g,10.31734764,DERIVED_FROM_CONCENTRATION_AND_MEASURED_LIQUID,VALID,,P24-MAT-FIT,ExperimentalData(13).run(2) fraction 5,SOURCE_DERIVED_ANALYTICAL
FIT_2021_12,FIT-C13,13,FIT-E13-R2,2,5,12.96354457,15.92429365,5.9223,MEASURED_MASS_G,CQA_sum,3.42354369,mg/g,20.2752528,DERIVED_FROM_CONCENTRATION_AND_MEASURED_LIQUID,VALID,,P24-MAT-FIT,ExperimentalData(13).run(2) fraction 5,SOURCE_DERIVED_ANALYTICAL
FIT_2021_12,FIT-C13,13,FIT-E13-R2,2,5,12.96354457,15.92429365,5.9223,MEASURED_MASS_G,TDS,5.18117048,percent,306.84445957,DERIVED_FROM_CONCENTRATION_AND_MEASURED_LIQUID,VALID,,P24-MAT-FIT,ExperimentalData(13).run(2) fraction 5,SOURCE_DERIVED_ANALYTICAL
FIT_2021_12,FIT-C13,13,FIT-E13-R2,2,7,18.94853413,21.88803609,5.8798,MEASURED_MASS_G,caffeine,1.85205607,mg/g,10.88971927,DERIVED_FROM_CONCENTRATION_AND_MEASURED_LIQUID,VALID,,P24-MAT-FIT,ExperimentalData(13).run(2) fraction 7,SOURCE_DERIVED_ANALYTICAL
FIT_2021_12,FIT-C13,13,FIT-E13-R2,2,7,18.94853413,21.88803609,5.8798,MEASURED_MASS_G,trigonelline,0.67472194,mg/g,3.96723009,DERIVED_FROM_CONCENTRATION_AND_MEASURED_LIQUID,VALID,,P24-MAT-FIT,ExperimentalData(13).run(2) fraction 7,SOURCE_DERIVED_ANALYTICAL
FIT_2021_12,FIT-C13,13,FIT-E13-R2,2,7,18.94853413,21.88803609,5.8798,MEASURED_MASS_G,5CQA,1.13881694,mg/g,6.69601584,DERIVED_FROM_CONCENTRATION_AND_MEASURED_LIQUID,VALID,,P24-MAT-FIT,ExperimentalData(13).run(2) fraction 7,SOURCE_DERIVED_ANALYTICAL
FIT_2021_12,FIT-C13,13,FIT-E13-R2,2,7,18.94853413,21.88803609,5.8798,MEASURED_MASS_G,CQA_sum,2.26868461,mg/g,13.3394118,DERIVED_FROM_CONCENTRATION_AND_MEASURED_LIQUID,VALID,,P24-MAT-FIT,ExperimentalData(13).run(2) fraction 7,SOURCE_DERIVED_ANALYTICAL
FIT_2021_12,FIT-C13,13,FIT-E13-R2,2,7,18.94853413,21.88803609,5.8798,MEASURED_MASS_G,TDS,2.94555423,percent,173.19269777,DERIVED_FROM_CONCENTRATION_AND_MEASURED_LIQUID,VALID,,P24-MAT-FIT,ExperimentalData(13).run(2) fraction 7,SOURCE_DERIVED_ANALYTICAL
FIT_2021_12,FIT-C13,13,FIT-E13-R2,2,10,27.51782374,30.71324104,6.3917,MEASURED_MASS_G,caffeine,1.00778384,mg/g,6.44145198,DERIVED_FROM_CONCENTRATION_AND_MEASURED_LIQUID,VALID,,P24-MAT-FIT,ExperimentalData(13).run(2) fraction 10,SOURCE_DERIVED_ANALYTICAL
FIT_2021_12,FIT-C13,13,FIT-E13-R2,2,10,27.51782374,30.71324104,6.3917,MEASURED_MASS_G,trigonelline,0.29390896,mg/g,1.8785779,DERIVED_FROM_CONCENTRATION_AND_MEASURED_LIQUID,VALID,,P24-MAT-FIT,ExperimentalData(13).run(2) fraction 10,SOURCE_DERIVED_ANALYTICAL
FIT_2021_12,FIT-C13,13,FIT-E13-R2,2,10,27.51782374,30.71324104,6.3917,MEASURED_MASS_G,5CQA,0.58773917,mg/g,3.75665244,DERIVED_FROM_CONCENTRATION_AND_MEASURED_LIQUID,VALID,,P24-MAT-FIT,ExperimentalData(13).run(2) fraction 10,SOURCE_DERIVED_ANALYTICAL
FIT_2021_12,FIT-C13,13,FIT-E13-R2,2,10,27.51782374,30.71324104,6.3917,MEASURED_MASS_G,CQA_sum,1.14785784,mg/g,7.33676296,DERIVED_FROM_CONCENTRATION_AND_MEASURED_LIQUID,VALID,,P24-MAT-FIT,ExperimentalData(13).run(2) fraction 10,SOURCE_DERIVED_ANALYTICAL
FIT_2021_12,FIT-C13,13,FIT-E13-R2,2,10,27.51782374,30.71324104,6.3917,MEASURED_MASS_G,TDS,1.41793976,percent,90.63045535,DERIVED_FROM_CONCENTRATION_AND_MEASURED_LIQUID,VALID,,P24-MAT-FIT,ExperimentalData(13).run(2) fraction 10,SOURCE_DERIVED_ANALYTICAL
FIT_2021_12,FIT-C13,13,FIT-E13-R3,3,1,0,3.39839839,6.762,MEASURED_MASS_G,caffeine,8.56101193,mg/g,57.88956267,DERIVED_FROM_CONCENTRATION_AND_MEASURED_LIQUID,VALID,,P24-MAT-FIT,ExperimentalData(13).run(3) fraction 1,SOURCE_DERIVED_ANALYTICAL
FIT_2021_12,FIT-C13,13,FIT-E13-R3,3,1,0,3.39839839,6.762,MEASURED_MASS_G,trigonelline,5.58558722,mg/g,37.76974077,DERIVED_FROM_CONCENTRATION_AND_MEASURED_LIQUID,VALID,,P24-MAT-FIT,ExperimentalData(13).run(3) fraction 1,SOURCE_DERIVED_ANALYTICAL
FIT_2021_12,FIT-C13,13,FIT-E13-R3,3,1,0,3.39839839,6.762,MEASURED_MASS_G,5CQA,6.07162548,mg/g,41.05633148,DERIVED_FROM_CONCENTRATION_AND_MEASURED_LIQUID,VALID,,P24-MAT-FIT,ExperimentalData(13).run(3) fraction 1,SOURCE_DERIVED_ANALYTICAL
FIT_2021_12,FIT-C13,13,FIT-E13-R3,3,1,0,3.39839839,6.762,MEASURED_MASS_G,CQA_sum,12.31394799,mg/g,83.26691634,DERIVED_FROM_CONCENTRATION_AND_MEASURED_LIQUID,VALID,,P24-MAT-FIT,ExperimentalData(13).run(3) fraction 1,SOURCE_DERIVED_ANALYTICAL
FIT_2021_12,FIT-C13,13,FIT-E13-R3,3,1,0,3.39839839,6.762,MEASURED_MASS_G,TDS,21.06833039,percent,1424.64050125,DERIVED_FROM_CONCENTRATION_AND_MEASURED_LIQUID,VALID,,P24-MAT-FIT,ExperimentalData(13).run(3) fraction 1,SOURCE_DERIVED_ANALYTICAL
FIT_2021_12,FIT-C13,13,FIT-E13-R3,3,2,3.39839839,6.56807583,6.3069,MEASURED_MASS_G,caffeine,6.12377021,mg/g,38.62200633,DERIVED_FROM_CONCENTRATION_AND_MEASURED_LIQUID,VALID,,P24-MAT-FIT,ExperimentalData(13).run(3) fraction 2,SOURCE_DERIVED_ANALYTICAL
FIT_2021_12,FIT-C13,13,FIT-E13-R3,3,2,3.39839839,6.56807583,6.3069,MEASURED_MASS_G,trigonelline,3.45960002,mg/g,21.8193514,DERIVED_FROM_CONCENTRATION_AND_MEASURED_LIQUID,VALID,,P24-MAT-FIT,ExperimentalData(13).run(3) fraction 2,SOURCE_DERIVED_ANALYTICAL
FIT_2021_12,FIT-C13,13,FIT-E13-R3,3,2,3.39839839,6.56807583,6.3069,MEASURED_MASS_G,5CQA,4.15078438,mg/g,26.17858201,DERIVED_FROM_CONCENTRATION_AND_MEASURED_LIQUID,VALID,,P24-MAT-FIT,ExperimentalData(13).run(3) fraction 2,SOURCE_DERIVED_ANALYTICAL
FIT_2021_12,FIT-C13,13,FIT-E13-R3,3,2,3.39839839,6.56807583,6.3069,MEASURED_MASS_G,CQA_sum,8.26516445,mg/g,52.12756564,DERIVED_FROM_CONCENTRATION_AND_MEASURED_LIQUID,VALID,,P24-MAT-FIT,ExperimentalData(13).run(3) fraction 2,SOURCE_DERIVED_ANALYTICAL
FIT_2021_12,FIT-C13,13,FIT-E13-R3,3,2,3.39839839,6.56807583,6.3069,MEASURED_MASS_G,TDS,13.60681821,percent,858.16841739,DERIVED_FROM_CONCENTRATION_AND_MEASURED_LIQUID,VALID,,P24-MAT-FIT,ExperimentalData(13).run(3) fraction 2,SOURCE_DERIVED_ANALYTICAL
FIT_2021_12,FIT-C13,13,FIT-E13-R3,3,3,6.56807583,9.95325655,6.7357,MEASURED_MASS_G,caffeine,4.3825267,mg/g,29.51938513,DERIVED_FROM_CONCENTRATION_AND_MEASURED_LIQUID,VALID,,P24-MAT-FIT,ExperimentalData(13).run(3) fraction 3,SOURCE_DERIVED_ANALYTICAL
FIT_2021_12,FIT-C13,13,FIT-E13-R3,3,3,6.56807583,9.95325655,6.7357,MEASURED_MASS_G,trigonelline,2.29798723,mg/g,15.47855261,DERIVED_FROM_CONCENTRATION_AND_MEASURED_LIQUID,VALID,,P24-MAT-FIT,ExperimentalData(13).run(3) fraction 3,SOURCE_DERIVED_ANALYTICAL
FIT_2021_12,FIT-C13,13,FIT-E13-R3,3,3,6.56807583,9.95325655,6.7357,MEASURED_MASS_G,5CQA,2.94888553,mg/g,19.86280828,DERIVED_FROM_CONCENTRATION_AND_MEASURED_LIQUID,VALID,,P24-MAT-FIT,ExperimentalData(13).run(3) fraction 3,SOURCE_DERIVED_ANALYTICAL
FIT_2021_12,FIT-C13,13,FIT-E13-R3,3,3,6.56807583,9.95325655,6.7357,MEASURED_MASS_G,CQA_sum,5.93140965,mg/g,39.95219597,DERIVED_FROM_CONCENTRATION_AND_MEASURED_LIQUID,VALID,,P24-MAT-FIT,ExperimentalData(13).run(3) fraction 3,SOURCE_DERIVED_ANALYTICAL
FIT_2021_12,FIT-C13,13,FIT-E13-R3,3,3,6.56807583,9.95325655,6.7357,MEASURED_MASS_G,TDS,8.86655813,percent,597.22475604,DERIVED_FROM_CONCENTRATION_AND_MEASURED_LIQUID,VALID,,P24-MAT-FIT,ExperimentalData(13).run(3) fraction 3,SOURCE_DERIVED_ANALYTICAL
FIT_2021_12,FIT-C13,13,FIT-E13-R3,3,5,13.19324394,16.52605656,6.6315,MEASURED_MASS_G,caffeine,2.61253127,mg/g,17.32500115,DERIVED_FROM_CONCENTRATION_AND_MEASURED_LIQUID,VALID,,P24-MAT-FIT,ExperimentalData(13).run(3) fraction 5,SOURCE_DERIVED_ANALYTICAL
FIT_2021_12,FIT-C13,13,FIT-E13-R3,3,5,13.19324394,16.52605656,6.6315,MEASURED_MASS_G,trigonelline,1.12282022,mg/g,7.44598226,DERIVED_FROM_CONCENTRATION_AND_MEASURED_LIQUID,VALID,,P24-MAT-FIT,ExperimentalData(13).run(3) fraction 5,SOURCE_DERIVED_ANALYTICAL
FIT_2021_12,FIT-C13,13,FIT-E13-R3,3,5,13.19324394,16.52605656,6.6315,MEASURED_MASS_G,5CQA,1.65022491,mg/g,10.94346652,DERIVED_FROM_CONCENTRATION_AND_MEASURED_LIQUID,VALID,,P24-MAT-FIT,ExperimentalData(13).run(3) fraction 5,SOURCE_DERIVED_ANALYTICAL
FIT_2021_12,FIT-C13,13,FIT-E13-R3,3,5,13.19324394,16.52605656,6.6315,MEASURED_MASS_G,CQA_sum,3.23276285,mg/g,21.43806682,DERIVED_FROM_CONCENTRATION_AND_MEASURED_LIQUID,VALID,,P24-MAT-FIT,ExperimentalData(13).run(3) fraction 5,SOURCE_DERIVED_ANALYTICAL
FIT_2021_12,FIT-C13,13,FIT-E13-R3,3,5,13.19324394,16.52605656,6.6315,MEASURED_MASS_G,TDS,5.02804906,percent,333.43507341,DERIVED_FROM_CONCENTRATION_AND_MEASURED_LIQUID,VALID,,P24-MAT-FIT,ExperimentalData(13).run(3) fraction 5,SOURCE_DERIVED_ANALYTICAL
FIT_2021_12,FIT-C13,13,FIT-E13-R3,3,7,19.88389732,22.78092892,5.7644,MEASURED_MASS_G,caffeine,1.84320906,mg/g,10.62499431,DERIVED_FROM_CONCENTRATION_AND_MEASURED_LIQUID,VALID,,P24-MAT-FIT,ExperimentalData(13).run(3) fraction 7,SOURCE_DERIVED_ANALYTICAL
FIT_2021_12,FIT-C13,13,FIT-E13-R3,3,7,19.88389732,22.78092892,5.7644,MEASURED_MASS_G,trigonelline,0.66692917,mg/g,3.84444651,DERIVED_FROM_CONCENTRATION_AND_MEASURED_LIQUID,VALID,,P24-MAT-FIT,ExperimentalData(13).run(3) fraction 7,SOURCE_DERIVED_ANALYTICAL
FIT_2021_12,FIT-C13,13,FIT-E13-R3,3,7,19.88389732,22.78092892,5.7644,MEASURED_MASS_G,5CQA,1.15323789,mg/g,6.64772451,DERIVED_FROM_CONCENTRATION_AND_MEASURED_LIQUID,VALID,,P24-MAT-FIT,ExperimentalData(13).run(3) fraction 7,SOURCE_DERIVED_ANALYTICAL
FIT_2021_12,FIT-C13,13,FIT-E13-R3,3,7,19.88389732,22.78092892,5.7644,MEASURED_MASS_G,CQA_sum,2.29432256,mg/g,13.22539298,DERIVED_FROM_CONCENTRATION_AND_MEASURED_LIQUID,VALID,,P24-MAT-FIT,ExperimentalData(13).run(3) fraction 7,SOURCE_DERIVED_ANALYTICAL
FIT_2021_12,FIT-C13,13,FIT-E13-R3,3,7,19.88389732,22.78092892,5.7644,MEASURED_MASS_G,TDS,2.93980842,percent,169.46231681,DERIVED_FROM_CONCENTRATION_AND_MEASURED_LIQUID,VALID,,P24-MAT-FIT,ExperimentalData(13).run(3) fraction 7,SOURCE_DERIVED_ANALYTICAL
FIT_2021_12,FIT-C13,13,FIT-E13-R3,3,10,28.44020708,31.37749477,5.8445,MEASURED_MASS_G,caffeine,1.10290997,mg/g,6.44595732,DERIVED_FROM_CONCENTRATION_AND_MEASURED_LIQUID,VALID,,P24-MAT-FIT,ExperimentalData(13).run(3) fraction 10,SOURCE_DERIVED_ANALYTICAL
FIT_2021_12,FIT-C13,13,FIT-E13-R3,3,10,28.44020708,31.37749477,5.8445,MEASURED_MASS_G,trigonelline,0.31787438,mg/g,1.85781683,DERIVED_FROM_CONCENTRATION_AND_MEASURED_LIQUID,VALID,,P24-MAT-FIT,ExperimentalData(13).run(3) fraction 10,SOURCE_DERIVED_ANALYTICAL
FIT_2021_12,FIT-C13,13,FIT-E13-R3,3,10,28.44020708,31.37749477,5.8445,MEASURED_MASS_G,5CQA,0.6570417,mg/g,3.84008022,DERIVED_FROM_CONCENTRATION_AND_MEASURED_LIQUID,VALID,,P24-MAT-FIT,ExperimentalData(13).run(3) fraction 10,SOURCE_DERIVED_ANALYTICAL
FIT_2021_12,FIT-C13,13,FIT-E13-R3,3,10,28.44020708,31.37749477,5.8445,MEASURED_MASS_G,CQA_sum,1.28116224,mg/g,7.48775273,DERIVED_FROM_CONCENTRATION_AND_MEASURED_LIQUID,VALID,,P24-MAT-FIT,ExperimentalData(13).run(3) fraction 10,SOURCE_DERIVED_ANALYTICAL
FIT_2021_12,FIT-C13,13,FIT-E13-R3,3,10,28.44020708,31.37749477,5.8445,MEASURED_MASS_G,TDS,1.59518222,percent,93.23042513,DERIVED_FROM_CONCENTRATION_AND_MEASURED_LIQUID,VALID,,P24-MAT-FIT,ExperimentalData(13).run(3) fraction 10,SOURCE_DERIVED_ANALYTICAL
FIT_2021_12,FIT-C14,14,FIT-E14-R1,1,1,0,3.58635719,6.9038,MEASURED_MASS_G,caffeine,9.65970748,mg/g,66.68868848,DERIVED_FROM_CONCENTRATION_AND_MEASURED_LIQUID,VALID,,P24-MAT-FIT,ExperimentalData(14).run(1) fraction 1,SOURCE_DERIVED_ANALYTICAL
FIT_2021_12,FIT-C14,14,FIT-E14-R1,1,1,0,3.58635719,6.9038,MEASURED_MASS_G,trigonelline,6.02066156,mg/g,41.56544326,DERIVED_FROM_CONCENTRATION_AND_MEASURED_LIQUID,VALID,,P24-MAT-FIT,ExperimentalData(14).run(1) fraction 1,SOURCE_DERIVED_ANALYTICAL
FIT_2021_12,FIT-C14,14,FIT-E14-R1,1,1,0,3.58635719,6.9038,MEASURED_MASS_G,5CQA,6.36027074,mg/g,43.91003717,DERIVED_FROM_CONCENTRATION_AND_MEASURED_LIQUID,VALID,,P24-MAT-FIT,ExperimentalData(14).run(1) fraction 1,SOURCE_DERIVED_ANALYTICAL
FIT_2021_12,FIT-C14,14,FIT-E14-R1,1,1,0,3.58635719,6.9038,MEASURED_MASS_G,CQA_sum,13.07305753,mg/g,90.25377459,DERIVED_FROM_CONCENTRATION_AND_MEASURED_LIQUID,VALID,,P24-MAT-FIT,ExperimentalData(14).run(1) fraction 1,SOURCE_DERIVED_ANALYTICAL
FIT_2021_12,FIT-C14,14,FIT-E14-R1,1,1,0,3.58635719,6.9038,MEASURED_MASS_G,TDS,21.47624009,percent,1482.67666334,DERIVED_FROM_CONCENTRATION_AND_MEASURED_LIQUID,VALID,,P24-MAT-FIT,ExperimentalData(14).run(1) fraction 1,SOURCE_DERIVED_ANALYTICAL
FIT_2021_12,FIT-C14,14,FIT-E14-R1,1,2,3.58635719,6.66482287,5.9261,MEASURED_MASS_G,caffeine,6.9779104,mg/g,41.3517948,DERIVED_FROM_CONCENTRATION_AND_MEASURED_LIQUID,VALID,,P24-MAT-FIT,ExperimentalData(14).run(1) fraction 2,SOURCE_DERIVED_ANALYTICAL
FIT_2021_12,FIT-C14,14,FIT-E14-R1,1,2,3.58635719,6.66482287,5.9261,MEASURED_MASS_G,trigonelline,3.99826631,mg/g,23.694126,DERIVED_FROM_CONCENTRATION_AND_MEASURED_LIQUID,VALID,,P24-MAT-FIT,ExperimentalData(14).run(1) fraction 2,SOURCE_DERIVED_ANALYTICAL
FIT_2021_12,FIT-C14,14,FIT-E14-R1,1,2,3.58635719,6.66482287,5.9261,MEASURED_MASS_G,5CQA,4.4357937,mg/g,26.28695707,DERIVED_FROM_CONCENTRATION_AND_MEASURED_LIQUID,VALID,,P24-MAT-FIT,ExperimentalData(14).run(1) fraction 2,SOURCE_DERIVED_ANALYTICAL
FIT_2021_12,FIT-C14,14,FIT-E14-R1,1,2,3.58635719,6.66482287,5.9261,MEASURED_MASS_G,CQA_sum,8.91898792,mg/g,52.85481429,DERIVED_FROM_CONCENTRATION_AND_MEASURED_LIQUID,VALID,,P24-MAT-FIT,ExperimentalData(14).run(1) fraction 2,SOURCE_DERIVED_ANALYTICAL
FIT_2021_12,FIT-C14,14,FIT-E14-R1,1,2,3.58635719,6.66482287,5.9261,MEASURED_MASS_G,TDS,13.04946604,percent,773.32440675,DERIVED_FROM_CONCENTRATION_AND_MEASURED_LIQUID,VALID,,P24-MAT-FIT,ExperimentalData(14).run(1) fraction 2,SOURCE_DERIVED_ANALYTICAL
FIT_2021_12,FIT-C14,14,FIT-E14-R1,1,3,6.66482287,9.60583524,5.6615,MEASURED_MASS_G,caffeine,4.58567971,mg/g,25.96182568,DERIVED_FROM_CONCENTRATION_AND_MEASURED_LIQUID,VALID,,P24-MAT-FIT,ExperimentalData(14).run(1) fraction 3,SOURCE_DERIVED_ANALYTICAL
FIT_2021_12,FIT-C14,14,FIT-E14-R1,1,3,6.66482287,9.60583524,5.6615,MEASURED_MASS_G,trigonelline,2.43724509,mg/g,13.79846309,DERIVED_FROM_CONCENTRATION_AND_MEASURED_LIQUID,VALID,,P24-MAT-FIT,ExperimentalData(14).run(1) fraction 3,SOURCE_DERIVED_ANALYTICAL
FIT_2021_12,FIT-C14,14,FIT-E14-R1,1,3,6.66482287,9.60583524,5.6615,MEASURED_MASS_G,5CQA,2.89452409,mg/g,16.38734813,DERIVED_FROM_CONCENTRATION_AND_MEASURED_LIQUID,VALID,,P24-MAT-FIT,ExperimentalData(14).run(1) fraction 3,SOURCE_DERIVED_ANALYTICAL
FIT_2021_12,FIT-C14,14,FIT-E14-R1,1,3,6.66482287,9.60583524,5.6615,MEASURED_MASS_G,CQA_sum,5.89768074,mg/g,33.38971949,DERIVED_FROM_CONCENTRATION_AND_MEASURED_LIQUID,VALID,,P24-MAT-FIT,ExperimentalData(14).run(1) fraction 3,SOURCE_DERIVED_ANALYTICAL
FIT_2021_12,FIT-C14,14,FIT-E14-R1,1,3,6.66482287,9.60583524,5.6615,MEASURED_MASS_G,TDS,9.33320579,percent,528.3994459,DERIVED_FROM_CONCENTRATION_AND_MEASURED_LIQUID,VALID,,P24-MAT-FIT,ExperimentalData(14).run(1) fraction 3,SOURCE_DERIVED_ANALYTICAL
FIT_2021_12,FIT-C14,14,FIT-E14-R1,1,5,12.49188707,15.30734214,5.4198,MEASURED_MASS_G,caffeine,2.93996056,mg/g,15.93399822,DERIVED_FROM_CONCENTRATION_AND_MEASURED_LIQUID,VALID,,P24-MAT-FIT,ExperimentalData(14).run(1) fraction 5,SOURCE_DERIVED_ANALYTICAL
FIT_2021_12,FIT-C14,14,FIT-E14-R1,1,5,12.49188707,15.30734214,5.4198,MEASURED_MASS_G,trigonelline,1.31999201,mg/g,7.15409272,DERIVED_FROM_CONCENTRATION_AND_MEASURED_LIQUID,VALID,,P24-MAT-FIT,ExperimentalData(14).run(1) fraction 5,SOURCE_DERIVED_ANALYTICAL
FIT_2021_12,FIT-C14,14,FIT-E14-R1,1,5,12.49188707,15.30734214,5.4198,MEASURED_MASS_G,5CQA,1.76148547,mg/g,9.54689897,DERIVED_FROM_CONCENTRATION_AND_MEASURED_LIQUID,VALID,,P24-MAT-FIT,ExperimentalData(14).run(1) fraction 5,SOURCE_DERIVED_ANALYTICAL
FIT_2021_12,FIT-C14,14,FIT-E14-R1,1,5,12.49188707,15.30734214,5.4198,MEASURED_MASS_G,CQA_sum,3.50868749,mg/g,19.01638447,DERIVED_FROM_CONCENTRATION_AND_MEASURED_LIQUID,VALID,,P24-MAT-FIT,ExperimentalData(14).run(1) fraction 5,SOURCE_DERIVED_ANALYTICAL
FIT_2021_12,FIT-C14,14,FIT-E14-R1,1,5,12.49188707,15.30734214,5.4198,MEASURED_MASS_G,TDS,5.69928753,percent,308.88998567,DERIVED_FROM_CONCENTRATION_AND_MEASURED_LIQUID,VALID,,P24-MAT-FIT,ExperimentalData(14).run(1) fraction 5,SOURCE_DERIVED_ANALYTICAL
FIT_2021_12,FIT-C14,14,FIT-E14-R1,1,7,18.04139535,20.72708536,5.17,MEASURED_MASS_G,caffeine,2.01206628,mg/g,10.40238269,DERIVED_FROM_CONCENTRATION_AND_MEASURED_LIQUID,VALID,,P24-MAT-FIT,ExperimentalData(14).run(1) fraction 7,SOURCE_DERIVED_ANALYTICAL
FIT_2021_12,FIT-C14,14,FIT-E14-R1,1,7,18.04139535,20.72708536,5.17,MEASURED_MASS_G,trigonelline,0.78825569,mg/g,4.07528189,DERIVED_FROM_CONCENTRATION_AND_MEASURED_LIQUID,VALID,,P24-MAT-FIT,ExperimentalData(14).run(1) fraction 7,SOURCE_DERIVED_ANALYTICAL
FIT_2021_12,FIT-C14,14,FIT-E14-R1,1,7,18.04139535,20.72708536,5.17,MEASURED_MASS_G,5CQA,1.20419722,mg/g,6.22569963,DERIVED_FROM_CONCENTRATION_AND_MEASURED_LIQUID,VALID,,P24-MAT-FIT,ExperimentalData(14).run(1) fraction 7,SOURCE_DERIVED_ANALYTICAL
FIT_2021_12,FIT-C14,14,FIT-E14-R1,1,7,18.04139535,20.72708536,5.17,MEASURED_MASS_G,CQA_sum,2.43369721,mg/g,12.58221458,DERIVED_FROM_CONCENTRATION_AND_MEASURED_LIQUID,VALID,,P24-MAT-FIT,ExperimentalData(14).run(1) fraction 7,SOURCE_DERIVED_ANALYTICAL
FIT_2021_12,FIT-C14,14,FIT-E14-R1,1,7,18.04139535,20.72708536,5.17,MEASURED_MASS_G,TDS,3.46310024,percent,179.04228242,DERIVED_FROM_CONCENTRATION_AND_MEASURED_LIQUID,VALID,,P24-MAT-FIT,ExperimentalData(14).run(1) fraction 7,SOURCE_DERIVED_ANALYTICAL
FIT_2021_12,FIT-C14,14,FIT-E14-R1,1,10,26.08599795,28.89719332,5.4116,MEASURED_MASS_G,caffeine,1.18931681,mg/g,6.43610683,DERIVED_FROM_CONCENTRATION_AND_MEASURED_LIQUID,VALID,,P24-MAT-FIT,ExperimentalData(14).run(1) fraction 10,SOURCE_DERIVED_ANALYTICAL
FIT_2021_12,FIT-C14,14,FIT-E14-R1,1,10,26.08599795,28.89719332,5.4116,MEASURED_MASS_G,trigonelline,0.3429468,mg/g,1.85589091,DERIVED_FROM_CONCENTRATION_AND_MEASURED_LIQUID,VALID,,P24-MAT-FIT,ExperimentalData(14).run(1) fraction 10,SOURCE_DERIVED_ANALYTICAL
FIT_2021_12,FIT-C14,14,FIT-E14-R1,1,10,26.08599795,28.89719332,5.4116,MEASURED_MASS_G,5CQA,0.65917868,mg/g,3.56721136,DERIVED_FROM_CONCENTRATION_AND_MEASURED_LIQUID,VALID,,P24-MAT-FIT,ExperimentalData(14).run(1) fraction 10,SOURCE_DERIVED_ANALYTICAL
FIT_2021_12,FIT-C14,14,FIT-E14-R1,1,10,26.08599795,28.89719332,5.4116,MEASURED_MASS_G,CQA_sum,1.30176956,mg/g,7.04465613,DERIVED_FROM_CONCENTRATION_AND_MEASURED_LIQUID,VALID,,P24-MAT-FIT,ExperimentalData(14).run(1) fraction 10,SOURCE_DERIVED_ANALYTICAL
FIT_2021_12,FIT-C14,14,FIT-E14-R1,1,10,26.08599795,28.89719332,5.4116,MEASURED_MASS_G,TDS,1.77001083,percent,95.7859062,DERIVED_FROM_CONCENTRATION_AND_MEASURED_LIQUID,VALID,,P24-MAT-FIT,ExperimentalData(14).run(1) fraction 10,SOURCE_DERIVED_ANALYTICAL
FIT_2021_12,FIT-C14,14,FIT-E14-R2,2,1,0,3.44771704,6.6346,MEASURED_MASS_G,caffeine,9.19130191,mg/g,60.98061164,DERIVED_FROM_CONCENTRATION_AND_MEASURED_LIQUID,VALID,,P24-MAT-FIT,ExperimentalData(14).run(2) fraction 1,SOURCE_DERIVED_ANALYTICAL
FIT_2021_12,FIT-C14,14,FIT-E14-R2,2,1,0,3.44771704,6.6346,MEASURED_MASS_G,trigonelline,6.08646893,mg/g,40.38128673,DERIVED_FROM_CONCENTRATION_AND_MEASURED_LIQUID,VALID,,P24-MAT-FIT,ExperimentalData(14).run(2) fraction 1,SOURCE_DERIVED_ANALYTICAL
FIT_2021_12,FIT-C14,14,FIT-E14-R2,2,1,0,3.44771704,6.6346,MEASURED_MASS_G,5CQA,6.19461009,mg/g,41.0987601,DERIVED_FROM_CONCENTRATION_AND_MEASURED_LIQUID,VALID,,P24-MAT-FIT,ExperimentalData(14).run(2) fraction 1,SOURCE_DERIVED_ANALYTICAL
FIT_2021_12,FIT-C14,14,FIT-E14-R2,2,1,0,3.44771704,6.6346,MEASURED_MASS_G,CQA_sum,12.72611489,mg/g,84.43268184,DERIVED_FROM_CONCENTRATION_AND_MEASURED_LIQUID,VALID,,P24-MAT-FIT,ExperimentalData(14).run(2) fraction 1,SOURCE_DERIVED_ANALYTICAL
FIT_2021_12,FIT-C14,14,FIT-E14-R2,2,1,0,3.44771704,6.6346,MEASURED_MASS_G,TDS,21.0067855,percent,1393.71619098,DERIVED_FROM_CONCENTRATION_AND_MEASURED_LIQUID,VALID,,P24-MAT-FIT,ExperimentalData(14).run(2) fraction 1,SOURCE_DERIVED_ANALYTICAL
FIT_2021_12,FIT-C14,14,FIT-E14-R2,2,2,3.44771704,6.71360606,6.2847,MEASURED_MASS_G,caffeine,5.98424596,mg/g,37.60919061,DERIVED_FROM_CONCENTRATION_AND_MEASURED_LIQUID,VALID,,P24-MAT-FIT,ExperimentalData(14).run(2) fraction 2,SOURCE_DERIVED_ANALYTICAL
FIT_2021_12,FIT-C14,14,FIT-E14-R2,2,2,3.44771704,6.71360606,6.2847,MEASURED_MASS_G,trigonelline,3.41126629,mg/g,21.43878525,DERIVED_FROM_CONCENTRATION_AND_MEASURED_LIQUID,VALID,,P24-MAT-FIT,ExperimentalData(14).run(2) fraction 2,SOURCE_DERIVED_ANALYTICAL
FIT_2021_12,FIT-C14,14,FIT-E14-R2,2,2,3.44771704,6.71360606,6.2847,MEASURED_MASS_G,5CQA,3.88794845,mg/g,24.43458965,DERIVED_FROM_CONCENTRATION_AND_MEASURED_LIQUID,VALID,,P24-MAT-FIT,ExperimentalData(14).run(2) fraction 2,SOURCE_DERIVED_ANALYTICAL
FIT_2021_12,FIT-C14,14,FIT-E14-R2,2,2,3.44771704,6.71360606,6.2847,MEASURED_MASS_G,CQA_sum,7.8364186,mg/g,49.24953999,DERIVED_FROM_CONCENTRATION_AND_MEASURED_LIQUID,VALID,,P24-MAT-FIT,ExperimentalData(14).run(2) fraction 2,SOURCE_DERIVED_ANALYTICAL
FIT_2021_12,FIT-C14,14,FIT-E14-R2,2,2,3.44771704,6.71360606,6.2847,MEASURED_MASS_G,TDS,13.08808162,percent,822.54666581,DERIVED_FROM_CONCENTRATION_AND_MEASURED_LIQUID,VALID,,P24-MAT-FIT,ExperimentalData(14).run(2) fraction 2,SOURCE_DERIVED_ANALYTICAL
FIT_2021_12,FIT-C14,14,FIT-E14-R2,2,3,6.71360606,9.78171358,5.9041,MEASURED_MASS_G,caffeine,4.57403331,mg/g,27.00555007,DERIVED_FROM_CONCENTRATION_AND_MEASURED_LIQUID,VALID,,P24-MAT-FIT,ExperimentalData(14).run(2) fraction 3,SOURCE_DERIVED_ANALYTICAL
FIT_2021_12,FIT-C14,14,FIT-E14-R2,2,3,6.71360606,9.78171358,5.9041,MEASURED_MASS_G,trigonelline,2.44759836,mg/g,14.45086545,DERIVED_FROM_CONCENTRATION_AND_MEASURED_LIQUID,VALID,,P24-MAT-FIT,ExperimentalData(14).run(2) fraction 3,SOURCE_DERIVED_ANALYTICAL
FIT_2021_12,FIT-C14,14,FIT-E14-R2,2,3,6.71360606,9.78171358,5.9041,MEASURED_MASS_G,5CQA,2.95740672,mg/g,17.46082504,DERIVED_FROM_CONCENTRATION_AND_MEASURED_LIQUID,VALID,,P24-MAT-FIT,ExperimentalData(14).run(2) fraction 3,SOURCE_DERIVED_ANALYTICAL
FIT_2021_12,FIT-C14,14,FIT-E14-R2,2,3,6.71360606,9.78171358,5.9041,MEASURED_MASS_G,CQA_sum,6.03837991,mg/g,35.65119885,DERIVED_FROM_CONCENTRATION_AND_MEASURED_LIQUID,VALID,,P24-MAT-FIT,ExperimentalData(14).run(2) fraction 3,SOURCE_DERIVED_ANALYTICAL
FIT_2021_12,FIT-C14,14,FIT-E14-R2,2,3,6.71360606,9.78171358,5.9041,MEASURED_MASS_G,TDS,9.57280593,percent,565.1880348,DERIVED_FROM_CONCENTRATION_AND_MEASURED_LIQUID,VALID,,P24-MAT-FIT,ExperimentalData(14).run(2) fraction 3,SOURCE_DERIVED_ANALYTICAL
FIT_2021_12,FIT-C14,14,FIT-E14-R2,2,5,12.71710068,15.58664722,5.522,MEASURED_MASS_G,caffeine,3.05514474,mg/g,16.87050926,DERIVED_FROM_CONCENTRATION_AND_MEASURED_LIQUID,VALID,,P24-MAT-FIT,ExperimentalData(14).run(2) fraction 5,SOURCE_DERIVED_ANALYTICAL
FIT_2021_12,FIT-C14,14,FIT-E14-R2,2,5,12.71710068,15.58664722,5.522,MEASURED_MASS_G,trigonelline,1.37912439,mg/g,7.61552488,DERIVED_FROM_CONCENTRATION_AND_MEASURED_LIQUID,VALID,,P24-MAT-FIT,ExperimentalData(14).run(2) fraction 5,SOURCE_DERIVED_ANALYTICAL
FIT_2021_12,FIT-C14,14,FIT-E14-R2,2,5,12.71710068,15.58664722,5.522,MEASURED_MASS_G,5CQA,1.87691209,mg/g,10.36430856,DERIVED_FROM_CONCENTRATION_AND_MEASURED_LIQUID,VALID,,P24-MAT-FIT,ExperimentalData(14).run(2) fraction 5,SOURCE_DERIVED_ANALYTICAL
FIT_2021_12,FIT-C14,14,FIT-E14-R2,2,5,12.71710068,15.58664722,5.522,MEASURED_MASS_G,CQA_sum,3.75688006,mg/g,20.74549171,DERIVED_FROM_CONCENTRATION_AND_MEASURED_LIQUID,VALID,,P24-MAT-FIT,ExperimentalData(14).run(2) fraction 5,SOURCE_DERIVED_ANALYTICAL
FIT_2021_12,FIT-C14,14,FIT-E14-R2,2,5,12.71710068,15.58664722,5.522,MEASURED_MASS_G,TDS,5.98957222,percent,330.74417783,DERIVED_FROM_CONCENTRATION_AND_MEASURED_LIQUID,VALID,,P24-MAT-FIT,ExperimentalData(14).run(2) fraction 5,SOURCE_DERIVED_ANALYTICAL
FIT_2021_12,FIT-C14,14,FIT-E14-R2,2,7,18.47484946,21.16376319,5.1744,MEASURED_MASS_G,caffeine,2.0692399,mg/g,10.70707494,DERIVED_FROM_CONCENTRATION_AND_MEASURED_LIQUID,VALID,,P24-MAT-FIT,ExperimentalData(14).run(2) fraction 7,SOURCE_DERIVED_ANALYTICAL
FIT_2021_12,FIT-C14,14,FIT-E14-R2,2,7,18.47484946,21.16376319,5.1744,MEASURED_MASS_G,trigonelline,0.80640867,mg/g,4.17268105,DERIVED_FROM_CONCENTRATION_AND_MEASURED_LIQUID,VALID,,P24-MAT-FIT,ExperimentalData(14).run(2) fraction 7,SOURCE_DERIVED_ANALYTICAL
FIT_2021_12,FIT-C14,14,FIT-E14-R2,2,7,18.47484946,21.16376319,5.1744,MEASURED_MASS_G,5CQA,1.25957564,mg/g,6.51754817,DERIVED_FROM_CONCENTRATION_AND_MEASURED_LIQUID,VALID,,P24-MAT-FIT,ExperimentalData(14).run(2) fraction 7,SOURCE_DERIVED_ANALYTICAL
FIT_2021_12,FIT-C14,14,FIT-E14-R2,2,7,18.47484946,21.16376319,5.1744,MEASURED_MASS_G,CQA_sum,2.54509279,mg/g,13.16932811,DERIVED_FROM_CONCENTRATION_AND_MEASURED_LIQUID,VALID,,P24-MAT-FIT,ExperimentalData(14).run(2) fraction 7,SOURCE_DERIVED_ANALYTICAL
FIT_2021_12,FIT-C14,14,FIT-E14-R2,2,7,18.47484946,21.16376319,5.1744,MEASURED_MASS_G,TDS,3.63625525,percent,188.15439177,DERIVED_FROM_CONCENTRATION_AND_MEASURED_LIQUID,VALID,,P24-MAT-FIT,ExperimentalData(14).run(2) fraction 7,SOURCE_DERIVED_ANALYTICAL
FIT_2021_12,FIT-C14,14,FIT-E14-R2,2,10,26.6695822,29.54245455,5.5284,MEASURED_MASS_G,caffeine,1.23689286,mg/g,6.83803849,DERIVED_FROM_CONCENTRATION_AND_MEASURED_LIQUID,VALID,,P24-MAT-FIT,ExperimentalData(14).run(2) fraction 10,SOURCE_DERIVED_ANALYTICAL
FIT_2021_12,FIT-C14,14,FIT-E14-R2,2,10,26.6695822,29.54245455,5.5284,MEASURED_MASS_G,trigonelline,0.3427103,mg/g,1.89463961,DERIVED_FROM_CONCENTRATION_AND_MEASURED_LIQUID,VALID,,P24-MAT-FIT,ExperimentalData(14).run(2) fraction 10,SOURCE_DERIVED_ANALYTICAL
FIT_2021_12,FIT-C14,14,FIT-E14-R2,2,10,26.6695822,29.54245455,5.5284,MEASURED_MASS_G,5CQA,0.6853649,mg/g,3.78897134,DERIVED_FROM_CONCENTRATION_AND_MEASURED_LIQUID,VALID,,P24-MAT-FIT,ExperimentalData(14).run(2) fraction 10,SOURCE_DERIVED_ANALYTICAL
FIT_2021_12,FIT-C14,14,FIT-E14-R2,2,10,26.6695822,29.54245455,5.5284,MEASURED_MASS_G,CQA_sum,1.35365137,mg/g,7.48352626,DERIVED_FROM_CONCENTRATION_AND_MEASURED_LIQUID,VALID,,P24-MAT-FIT,ExperimentalData(14).run(2) fraction 10,SOURCE_DERIVED_ANALYTICAL
FIT_2021_12,FIT-C14,14,FIT-E14-R2,2,10,26.6695822,29.54245455,5.5284,MEASURED_MASS_G,TDS,1.74293921,percent,96.35665144,DERIVED_FROM_CONCENTRATION_AND_MEASURED_LIQUID,VALID,,P24-MAT-FIT,ExperimentalData(14).run(2) fraction 10,SOURCE_DERIVED_ANALYTICAL
FIT_2021_12,FIT-C14,14,FIT-E14-R3,3,1,0,3.44160332,6.7238,MEASURED_MASS_G,caffeine,8.43357567,mg/g,56.70567608,DERIVED_FROM_CONCENTRATION_AND_MEASURED_LIQUID,VALID,,P24-MAT-FIT,ExperimentalData(14).run(3) fraction 1,SOURCE_DERIVED_ANALYTICAL
FIT_2021_12,FIT-C14,14,FIT-E14-R3,3,1,0,3.44160332,6.7238,MEASURED_MASS_G,trigonelline,5.80585418,mg/g,39.03740233,DERIVED_FROM_CONCENTRATION_AND_MEASURED_LIQUID,VALID,,P24-MAT-FIT,ExperimentalData(14).run(3) fraction 1,SOURCE_DERIVED_ANALYTICAL
FIT_2021_12,FIT-C14,14,FIT-E14-R3,3,1,0,3.44160332,6.7238,MEASURED_MASS_G,5CQA,5.80098894,mg/g,39.00468942,DERIVED_FROM_CONCENTRATION_AND_MEASURED_LIQUID,VALID,,P24-MAT-FIT,ExperimentalData(14).run(3) fraction 1,SOURCE_DERIVED_ANALYTICAL
FIT_2021_12,FIT-C14,14,FIT-E14-R3,3,1,0,3.44160332,6.7238,MEASURED_MASS_G,CQA_sum,11.94879413,mg/g,80.341302,DERIVED_FROM_CONCENTRATION_AND_MEASURED_LIQUID,VALID,,P24-MAT-FIT,ExperimentalData(14).run(3) fraction 1,SOURCE_DERIVED_ANALYTICAL
FIT_2021_12,FIT-C14,14,FIT-E14-R3,3,1,0,3.44160332,6.7238,MEASURED_MASS_G,TDS,20.6495661,percent,1388.43552522,DERIVED_FROM_CONCENTRATION_AND_MEASURED_LIQUID,VALID,,P24-MAT-FIT,ExperimentalData(14).run(3) fraction 1,SOURCE_DERIVED_ANALYTICAL
FIT_2021_12,FIT-C14,14,FIT-E14-R3,3,2,3.44160332,6.6675114,6.3024,MEASURED_MASS_G,caffeine,,mg/g,,DERIVED_FROM_CONCENTRATION_AND_MEASURED_LIQUID,INVALID,INVALID_SPILL,P24-MAT-FIT,ExperimentalData(14).run(3) fraction 2,SOURCE_DERIVED_ANALYTICAL
FIT_2021_12,FIT-C14,14,FIT-E14-R3,3,2,3.44160332,6.6675114,6.3024,MEASURED_MASS_G,trigonelline,,mg/g,,DERIVED_FROM_CONCENTRATION_AND_MEASURED_LIQUID,INVALID,INVALID_SPILL,P24-MAT-FIT,ExperimentalData(14).run(3) fraction 2,SOURCE_DERIVED_ANALYTICAL
FIT_2021_12,FIT-C14,14,FIT-E14-R3,3,2,3.44160332,6.6675114,6.3024,MEASURED_MASS_G,5CQA,,mg/g,,DERIVED_FROM_CONCENTRATION_AND_MEASURED_LIQUID,INVALID,INVALID_SPILL,P24-MAT-FIT,ExperimentalData(14).run(3) fraction 2,SOURCE_DERIVED_ANALYTICAL
FIT_2021_12,FIT-C14,14,FIT-E14-R3,3,2,3.44160332,6.6675114,6.3024,MEASURED_MASS_G,CQA_sum,,mg/g,,DERIVED_FROM_CONCENTRATION_AND_MEASURED_LIQUID,INVALID,INVALID_SPILL,P24-MAT-FIT,ExperimentalData(14).run(3) fraction 2,SOURCE_DERIVED_ANALYTICAL
FIT_2021_12,FIT-C14,14,FIT-E14-R3,3,2,3.44160332,6.6675114,6.3024,MEASURED_MASS_G,TDS,13.28003439,percent,836.96088724,DERIVED_FROM_CONCENTRATION_AND_MEASURED_LIQUID,VALID,,P24-MAT-FIT,ExperimentalData(14).run(3) fraction 2,SOURCE_DERIVED_ANALYTICAL
FIT_2021_12,FIT-C14,14,FIT-E14-R3,3,3,6.6675114,9.6929263,5.9107,MEASURED_MASS_G,caffeine,4.50205189,mg/g,26.61027812,DERIVED_FROM_CONCENTRATION_AND_MEASURED_LIQUID,VALID,,P24-MAT-FIT,ExperimentalData(14).run(3) fraction 3,SOURCE_DERIVED_ANALYTICAL
FIT_2021_12,FIT-C14,14,FIT-E14-R3,3,3,6.6675114,9.6929263,5.9107,MEASURED_MASS_G,trigonelline,2.48216296,mg/g,14.67132058,DERIVED_FROM_CONCENTRATION_AND_MEASURED_LIQUID,VALID,,P24-MAT-FIT,ExperimentalData(14).run(3) fraction 3,SOURCE_DERIVED_ANALYTICAL
FIT_2021_12,FIT-C14,14,FIT-E14-R3,3,3,6.6675114,9.6929263,5.9107,MEASURED_MASS_G,5CQA,2.94494073,mg/g,17.40666115,DERIVED_FROM_CONCENTRATION_AND_MEASURED_LIQUID,VALID,,P24-MAT-FIT,ExperimentalData(14).run(3) fraction 3,SOURCE_DERIVED_ANALYTICAL
FIT_2021_12,FIT-C14,14,FIT-E14-R3,3,3,6.6675114,9.6929263,5.9107,MEASURED_MASS_G,CQA_sum,6.00830824,mg/g,35.51330753,DERIVED_FROM_CONCENTRATION_AND_MEASURED_LIQUID,VALID,,P24-MAT-FIT,ExperimentalData(14).run(3) fraction 3,SOURCE_DERIVED_ANALYTICAL
FIT_2021_12,FIT-C14,14,FIT-E14-R3,3,3,6.6675114,9.6929263,5.9107,MEASURED_MASS_G,TDS,9.49481312,percent,561.20991892,DERIVED_FROM_CONCENTRATION_AND_MEASURED_LIQUID,VALID,,P24-MAT-FIT,ExperimentalData(14).run(3) fraction 3,SOURCE_DERIVED_ANALYTICAL
FIT_2021_12,FIT-C14,14,FIT-E14-R3,3,5,12.53003015,15.50251936,5.8073,MEASURED_MASS_G,caffeine,2.90724035,mg/g,16.88321688,DERIVED_FROM_CONCENTRATION_AND_MEASURED_LIQUID,VALID,,P24-MAT-FIT,ExperimentalData(14).run(3) fraction 5,SOURCE_DERIVED_ANALYTICAL
FIT_2021_12,FIT-C14,14,FIT-E14-R3,3,5,12.53003015,15.50251936,5.8073,MEASURED_MASS_G,trigonelline,1.35228228,mg/g,7.85310886,DERIVED_FROM_CONCENTRATION_AND_MEASURED_LIQUID,VALID,,P24-MAT-FIT,ExperimentalData(14).run(3) fraction 5,SOURCE_DERIVED_ANALYTICAL
FIT_2021_12,FIT-C14,14,FIT-E14-R3,3,5,12.53003015,15.50251936,5.8073,MEASURED_MASS_G,5CQA,1.7972473,mg/g,10.43715425,DERIVED_FROM_CONCENTRATION_AND_MEASURED_LIQUID,VALID,,P24-MAT-FIT,ExperimentalData(14).run(3) fraction 5,SOURCE_DERIVED_ANALYTICAL
FIT_2021_12,FIT-C14,14,FIT-E14-R3,3,5,12.53003015,15.50251936,5.8073,MEASURED_MASS_G,CQA_sum,3.58005573,mg/g,20.79045767,DERIVED_FROM_CONCENTRATION_AND_MEASURED_LIQUID,VALID,,P24-MAT-FIT,ExperimentalData(14).run(3) fraction 5,SOURCE_DERIVED_ANALYTICAL
FIT_2021_12,FIT-C14,14,FIT-E14-R3,3,5,12.53003015,15.50251936,5.8073,MEASURED_MASS_G,TDS,5.70668694,percent,331.40443075,DERIVED_FROM_CONCENTRATION_AND_MEASURED_LIQUID,VALID,,P24-MAT-FIT,ExperimentalData(14).run(3) fraction 5,SOURCE_DERIVED_ANALYTICAL
FIT_2021_12,FIT-C14,14,FIT-E14-R3,3,7,18.36194005,21.03878244,5.2297,MEASURED_MASS_G,caffeine,1.93895983,mg/g,10.1401782,DERIVED_FROM_CONCENTRATION_AND_MEASURED_LIQUID,VALID,,P24-MAT-FIT,ExperimentalData(14).run(3) fraction 7,SOURCE_DERIVED_ANALYTICAL
FIT_2021_12,FIT-C14,14,FIT-E14-R3,3,7,18.36194005,21.03878244,5.2297,MEASURED_MASS_G,trigonelline,0.78983897,mg/g,4.13062086,DERIVED_FROM_CONCENTRATION_AND_MEASURED_LIQUID,VALID,,P24-MAT-FIT,ExperimentalData(14).run(3) fraction 7,SOURCE_DERIVED_ANALYTICAL
FIT_2021_12,FIT-C14,14,FIT-E14-R3,3,7,18.36194005,21.03878244,5.2297,MEASURED_MASS_G,5CQA,1.19144575,mg/g,6.23090384,DERIVED_FROM_CONCENTRATION_AND_MEASURED_LIQUID,VALID,,P24-MAT-FIT,ExperimentalData(14).run(3) fraction 7,SOURCE_DERIVED_ANALYTICAL
FIT_2021_12,FIT-C14,14,FIT-E14-R3,3,7,18.36194005,21.03878244,5.2297,MEASURED_MASS_G,CQA_sum,2.40703228,mg/g,12.58805672,DERIVED_FROM_CONCENTRATION_AND_MEASURED_LIQUID,VALID,,P24-MAT-FIT,ExperimentalData(14).run(3) fraction 7,SOURCE_DERIVED_ANALYTICAL
FIT_2021_12,FIT-C14,14,FIT-E14-R3,3,7,18.36194005,21.03878244,5.2297,MEASURED_MASS_G,TDS,3.45411366,percent,180.63978186,DERIVED_FROM_CONCENTRATION_AND_MEASURED_LIQUID,VALID,,P24-MAT-FIT,ExperimentalData(14).run(3) fraction 7,SOURCE_DERIVED_ANALYTICAL
FIT_2021_12,FIT-C14,14,FIT-E14-R3,3,10,26.45967364,29.27527963,5.5008,MEASURED_MASS_G,caffeine,1.22460399,mg/g,6.73630162,DERIVED_FROM_CONCENTRATION_AND_MEASURED_LIQUID,VALID,,P24-MAT-FIT,ExperimentalData(14).run(3) fraction 10,SOURCE_DERIVED_ANALYTICAL
FIT_2021_12,FIT-C14,14,FIT-E14-R3,3,10,26.45967364,29.27527963,5.5008,MEASURED_MASS_G,trigonelline,0.38275186,mg/g,2.10544145,DERIVED_FROM_CONCENTRATION_AND_MEASURED_LIQUID,VALID,,P24-MAT-FIT,ExperimentalData(14).run(3) fraction 10,SOURCE_DERIVED_ANALYTICAL
FIT_2021_12,FIT-C14,14,FIT-E14-R3,3,10,26.45967364,29.27527963,5.5008,MEASURED_MASS_G,5CQA,0.70338275,mg/g,3.86916784,DERIVED_FROM_CONCENTRATION_AND_MEASURED_LIQUID,VALID,,P24-MAT-FIT,ExperimentalData(14).run(3) fraction 10,SOURCE_DERIVED_ANALYTICAL
FIT_2021_12,FIT-C14,14,FIT-E14-R3,3,10,26.45967364,29.27527963,5.5008,MEASURED_MASS_G,CQA_sum,1.39607318,mg/g,7.67951934,DERIVED_FROM_CONCENTRATION_AND_MEASURED_LIQUID,VALID,,P24-MAT-FIT,ExperimentalData(14).run(3) fraction 10,SOURCE_DERIVED_ANALYTICAL
FIT_2021_12,FIT-C14,14,FIT-E14-R3,3,10,26.45967364,29.27527963,5.5008,MEASURED_MASS_G,TDS,1.76640834,percent,97.1665902,DERIVED_FROM_CONCENTRATION_AND_MEASURED_LIQUID,VALID,,P24-MAT-FIT,ExperimentalData(14).run(3) fraction 10,SOURCE_DERIVED_ANALYTICAL
FIT_2021_12,FIT-C15,15,FIT-E15-R1,1,1,0,3.08204184,5.903,MEASURED_MASS_G,caffeine,8.24743312,mg/g,48.68459773,DERIVED_FROM_CONCENTRATION_AND_MEASURED_LIQUID,VALID,,P24-MAT-FIT,ExperimentalData(15).run(1) fraction 1,SOURCE_DERIVED_ANALYTICAL
FIT_2021_12,FIT-C15,15,FIT-E15-R1,1,1,0,3.08204184,5.903,MEASURED_MASS_G,trigonelline,5.47473236,mg/g,32.31734513,DERIVED_FROM_CONCENTRATION_AND_MEASURED_LIQUID,VALID,,P24-MAT-FIT,ExperimentalData(15).run(1) fraction 1,SOURCE_DERIVED_ANALYTICAL
FIT_2021_12,FIT-C15,15,FIT-E15-R1,1,1,0,3.08204184,5.903,MEASURED_MASS_G,5CQA,5.45621995,mg/g,32.20806634,DERIVED_FROM_CONCENTRATION_AND_MEASURED_LIQUID,VALID,,P24-MAT-FIT,ExperimentalData(15).run(1) fraction 1,SOURCE_DERIVED_ANALYTICAL
FIT_2021_12,FIT-C15,15,FIT-E15-R1,1,1,0,3.08204184,5.903,MEASURED_MASS_G,CQA_sum,11.19053722,mg/g,66.05774123,DERIVED_FROM_CONCENTRATION_AND_MEASURED_LIQUID,VALID,,P24-MAT-FIT,ExperimentalData(15).run(1) fraction 1,SOURCE_DERIVED_ANALYTICAL
FIT_2021_12,FIT-C15,15,FIT-E15-R1,1,1,0,3.08204184,5.903,MEASURED_MASS_G,TDS,20.64651257,percent,1218.76363699,DERIVED_FROM_CONCENTRATION_AND_MEASURED_LIQUID,VALID,,P24-MAT-FIT,ExperimentalData(15).run(1) fraction 1,SOURCE_DERIVED_ANALYTICAL
FIT_2021_12,FIT-C15,15,FIT-E15-R1,1,2,3.08204184,6.52888508,6.6017,MEASURED_MASS_G,caffeine,6.70192053,mg/g,44.24406877,DERIVED_FROM_CONCENTRATION_AND_MEASURED_LIQUID,VALID,,P24-MAT-FIT,ExperimentalData(15).run(1) fraction 2,SOURCE_DERIVED_ANALYTICAL
FIT_2021_12,FIT-C15,15,FIT-E15-R1,1,2,3.08204184,6.52888508,6.6017,MEASURED_MASS_G,trigonelline,4.00328805,mg/g,26.42850669,DERIVED_FROM_CONCENTRATION_AND_MEASURED_LIQUID,VALID,,P24-MAT-FIT,ExperimentalData(15).run(1) fraction 2,SOURCE_DERIVED_ANALYTICAL
FIT_2021_12,FIT-C15,15,FIT-E15-R1,1,2,3.08204184,6.52888508,6.6017,MEASURED_MASS_G,5CQA,4.336178,mg/g,28.6261463,DERIVED_FROM_CONCENTRATION_AND_MEASURED_LIQUID,VALID,,P24-MAT-FIT,ExperimentalData(15).run(1) fraction 2,SOURCE_DERIVED_ANALYTICAL
FIT_2021_12,FIT-C15,15,FIT-E15-R1,1,2,3.08204184,6.52888508,6.6017,MEASURED_MASS_G,CQA_sum,8.77068047,mg/g,57.90140126,DERIVED_FROM_CONCENTRATION_AND_MEASURED_LIQUID,VALID,,P24-MAT-FIT,ExperimentalData(15).run(1) fraction 2,SOURCE_DERIVED_ANALYTICAL
FIT_2021_12,FIT-C15,15,FIT-E15-R1,1,2,3.08204184,6.52888508,6.6017,MEASURED_MASS_G,TDS,15.20044325,percent,1003.48766236,DERIVED_FROM_CONCENTRATION_AND_MEASURED_LIQUID,VALID,,P24-MAT-FIT,ExperimentalData(15).run(1) fraction 2,SOURCE_DERIVED_ANALYTICAL
FIT_2021_12,FIT-C15,15,FIT-E15-R1,1,3,6.52888508,9.55385982,5.7937,MEASURED_MASS_G,caffeine,4.98571505,mg/g,28.88573727,DERIVED_FROM_CONCENTRATION_AND_MEASURED_LIQUID,VALID,,P24-MAT-FIT,ExperimentalData(15).run(1) fraction 3,SOURCE_DERIVED_ANALYTICAL
FIT_2021_12,FIT-C15,15,FIT-E15-R1,1,3,6.52888508,9.55385982,5.7937,MEASURED_MASS_G,trigonelline,2.69790771,mg/g,15.63086788,DERIVED_FROM_CONCENTRATION_AND_MEASURED_LIQUID,VALID,,P24-MAT-FIT,ExperimentalData(15).run(1) fraction 3,SOURCE_DERIVED_ANALYTICAL
FIT_2021_12,FIT-C15,15,FIT-E15-R1,1,3,6.52888508,9.55385982,5.7937,MEASURED_MASS_G,5CQA,3.18275058,mg/g,18.43990203,DERIVED_FROM_CONCENTRATION_AND_MEASURED_LIQUID,VALID,,P24-MAT-FIT,ExperimentalData(15).run(1) fraction 3,SOURCE_DERIVED_ANALYTICAL
FIT_2021_12,FIT-C15,15,FIT-E15-R1,1,3,6.52888508,9.55385982,5.7937,MEASURED_MASS_G,CQA_sum,6.4944764,mg/g,37.62704792,DERIVED_FROM_CONCENTRATION_AND_MEASURED_LIQUID,VALID,,P24-MAT-FIT,ExperimentalData(15).run(1) fraction 3,SOURCE_DERIVED_ANALYTICAL
FIT_2021_12,FIT-C15,15,FIT-E15-R1,1,3,6.52888508,9.55385982,5.7937,MEASURED_MASS_G,TDS,10.51868093,percent,609.42081695,DERIVED_FROM_CONCENTRATION_AND_MEASURED_LIQUID,VALID,,P24-MAT-FIT,ExperimentalData(15).run(1) fraction 3,SOURCE_DERIVED_ANALYTICAL
FIT_2021_12,FIT-C15,15,FIT-E15-R1,1,5,12.38779285,15.14800333,5.2866,MEASURED_MASS_G,caffeine,2.75349577,mg/g,14.55663076,DERIVED_FROM_CONCENTRATION_AND_MEASURED_LIQUID,VALID,,P24-MAT-FIT,ExperimentalData(15).run(1) fraction 5,SOURCE_DERIVED_ANALYTICAL
FIT_2021_12,FIT-C15,15,FIT-E15-R1,1,5,12.38779285,15.14800333,5.2866,MEASURED_MASS_G,trigonelline,1.13219217,mg/g,5.98544712,DERIVED_FROM_CONCENTRATION_AND_MEASURED_LIQUID,VALID,,P24-MAT-FIT,ExperimentalData(15).run(1) fraction 5,SOURCE_DERIVED_ANALYTICAL
FIT_2021_12,FIT-C15,15,FIT-E15-R1,1,5,12.38779285,15.14800333,5.2866,MEASURED_MASS_G,5CQA,1.60713947,mg/g,8.49630355,DERIVED_FROM_CONCENTRATION_AND_MEASURED_LIQUID,VALID,,P24-MAT-FIT,ExperimentalData(15).run(1) fraction 5,SOURCE_DERIVED_ANALYTICAL
FIT_2021_12,FIT-C15,15,FIT-E15-R1,1,5,12.38779285,15.14800333,5.2866,MEASURED_MASS_G,CQA_sum,3.17082282,mg/g,16.76287194,DERIVED_FROM_CONCENTRATION_AND_MEASURED_LIQUID,VALID,,P24-MAT-FIT,ExperimentalData(15).run(1) fraction 5,SOURCE_DERIVED_ANALYTICAL
FIT_2021_12,FIT-C15,15,FIT-E15-R1,1,5,12.38779285,15.14800333,5.2866,MEASURED_MASS_G,TDS,5.19127048,percent,274.44170517,DERIVED_FROM_CONCENTRATION_AND_MEASURED_LIQUID,VALID,,P24-MAT-FIT,ExperimentalData(15).run(1) fraction 5,SOURCE_DERIVED_ANALYTICAL
FIT_2021_12,FIT-C15,15,FIT-E15-R1,1,7,18.0810337,20.70032547,5.0167,MEASURED_MASS_G,caffeine,1.72412977,mg/g,8.64944182,DERIVED_FROM_CONCENTRATION_AND_MEASURED_LIQUID,VALID,,P24-MAT-FIT,ExperimentalData(15).run(1) fraction 7,SOURCE_DERIVED_ANALYTICAL
FIT_2021_12,FIT-C15,15,FIT-E15-R1,1,7,18.0810337,20.70032547,5.0167,MEASURED_MASS_G,trigonelline,0.62662707,mg/g,3.14360001,DERIVED_FROM_CONCENTRATION_AND_MEASURED_LIQUID,VALID,,P24-MAT-FIT,ExperimentalData(15).run(1) fraction 7,SOURCE_DERIVED_ANALYTICAL
FIT_2021_12,FIT-C15,15,FIT-E15-R1,1,7,18.0810337,20.70032547,5.0167,MEASURED_MASS_G,5CQA,1.01460502,mg/g,5.08996901,DERIVED_FROM_CONCENTRATION_AND_MEASURED_LIQUID,VALID,,P24-MAT-FIT,ExperimentalData(15).run(1) fraction 7,SOURCE_DERIVED_ANALYTICAL
FIT_2021_12,FIT-C15,15,FIT-E15-R1,1,7,18.0810337,20.70032547,5.0167,MEASURED_MASS_G,CQA_sum,2.03761144,mg/g,10.2220853,DERIVED_FROM_CONCENTRATION_AND_MEASURED_LIQUID,VALID,,P24-MAT-FIT,ExperimentalData(15).run(1) fraction 7,SOURCE_DERIVED_ANALYTICAL
FIT_2021_12,FIT-C15,15,FIT-E15-R1,1,7,18.0810337,20.70032547,5.0167,MEASURED_MASS_G,TDS,2.93599661,percent,147.29014181,DERIVED_FROM_CONCENTRATION_AND_MEASURED_LIQUID,VALID,,P24-MAT-FIT,ExperimentalData(15).run(1) fraction 7,SOURCE_DERIVED_ANALYTICAL
FIT_2021_12,FIT-C15,15,FIT-E15-R1,1,10,25.95979359,28.71963858,5.2859,MEASURED_MASS_G,caffeine,1.0692007,mg/g,5.65168798,DERIVED_FROM_CONCENTRATION_AND_MEASURED_LIQUID,VALID,,P24-MAT-FIT,ExperimentalData(15).run(1) fraction 10,SOURCE_DERIVED_ANALYTICAL
FIT_2021_12,FIT-C15,15,FIT-E15-R1,1,10,25.95979359,28.71963858,5.2859,MEASURED_MASS_G,trigonelline,0.3274483,mg/g,1.73085898,DERIVED_FROM_CONCENTRATION_AND_MEASURED_LIQUID,VALID,,P24-MAT-FIT,ExperimentalData(15).run(1) fraction 10,SOURCE_DERIVED_ANALYTICAL
FIT_2021_12,FIT-C15,15,FIT-E15-R1,1,10,25.95979359,28.71963858,5.2859,MEASURED_MASS_G,5CQA,0.62131572,mg/g,3.28421275,DERIVED_FROM_CONCENTRATION_AND_MEASURED_LIQUID,VALID,,P24-MAT-FIT,ExperimentalData(15).run(1) fraction 10,SOURCE_DERIVED_ANALYTICAL
FIT_2021_12,FIT-C15,15,FIT-E15-R1,1,10,25.95979359,28.71963858,5.2859,MEASURED_MASS_G,CQA_sum,1.22813167,mg/g,6.49178121,DERIVED_FROM_CONCENTRATION_AND_MEASURED_LIQUID,VALID,,P24-MAT-FIT,ExperimentalData(15).run(1) fraction 10,SOURCE_DERIVED_ANALYTICAL
FIT_2021_12,FIT-C15,15,FIT-E15-R1,1,10,25.95979359,28.71963858,5.2859,MEASURED_MASS_G,TDS,1.56452093,percent,82.69901202,DERIVED_FROM_CONCENTRATION_AND_MEASURED_LIQUID,VALID,,P24-MAT-FIT,ExperimentalData(15).run(1) fraction 10,SOURCE_DERIVED_ANALYTICAL
FIT_2021_12,FIT-C15,15,FIT-E15-R2,2,1,0,4.13880896,7.8906,MEASURED_MASS_G,caffeine,8.62218718,mg/g,68.03423015,DERIVED_FROM_CONCENTRATION_AND_MEASURED_LIQUID,VALID,,P24-MAT-FIT,ExperimentalData(15).run(2) fraction 1,SOURCE_DERIVED_ANALYTICAL
FIT_2021_12,FIT-C15,15,FIT-E15-R2,2,1,0,4.13880896,7.8906,MEASURED_MASS_G,trigonelline,5.47822819,mg/g,43.22650736,DERIVED_FROM_CONCENTRATION_AND_MEASURED_LIQUID,VALID,,P24-MAT-FIT,ExperimentalData(15).run(2) fraction 1,SOURCE_DERIVED_ANALYTICAL
FIT_2021_12,FIT-C15,15,FIT-E15-R2,2,1,0,4.13880896,7.8906,MEASURED_MASS_G,5CQA,5.71946947,mg/g,45.13004576,DERIVED_FROM_CONCENTRATION_AND_MEASURED_LIQUID,VALID,,P24-MAT-FIT,ExperimentalData(15).run(2) fraction 1,SOURCE_DERIVED_ANALYTICAL
FIT_2021_12,FIT-C15,15,FIT-E15-R2,2,1,0,4.13880896,7.8906,MEASURED_MASS_G,CQA_sum,11.72059532,mg/g,92.48252941,DERIVED_FROM_CONCENTRATION_AND_MEASURED_LIQUID,VALID,,P24-MAT-FIT,ExperimentalData(15).run(2) fraction 1,SOURCE_DERIVED_ANALYTICAL
FIT_2021_12,FIT-C15,15,FIT-E15-R2,2,1,0,4.13880896,7.8906,MEASURED_MASS_G,TDS,20.78215555,percent,1639.83676591,DERIVED_FROM_CONCENTRATION_AND_MEASURED_LIQUID,VALID,,P24-MAT-FIT,ExperimentalData(15).run(2) fraction 1,SOURCE_DERIVED_ANALYTICAL
FIT_2021_12,FIT-C15,15,FIT-E15-R2,2,2,4.13880896,7.30541272,6.0371,MEASURED_MASS_G,caffeine,6.42843185,mg/g,38.80908594,DERIVED_FROM_CONCENTRATION_AND_MEASURED_LIQUID,VALID,,P24-MAT-FIT,ExperimentalData(15).run(2) fraction 2,SOURCE_DERIVED_ANALYTICAL
FIT_2021_12,FIT-C15,15,FIT-E15-R2,2,2,4.13880896,7.30541272,6.0371,MEASURED_MASS_G,trigonelline,3.56679028,mg/g,21.5330696,DERIVED_FROM_CONCENTRATION_AND_MEASURED_LIQUID,VALID,,P24-MAT-FIT,ExperimentalData(15).run(2) fraction 2,SOURCE_DERIVED_ANALYTICAL
FIT_2021_12,FIT-C15,15,FIT-E15-R2,2,2,4.13880896,7.30541272,6.0371,MEASURED_MASS_G,5CQA,4.12092092,mg/g,24.87841168,DERIVED_FROM_CONCENTRATION_AND_MEASURED_LIQUID,VALID,,P24-MAT-FIT,ExperimentalData(15).run(2) fraction 2,SOURCE_DERIVED_ANALYTICAL
FIT_2021_12,FIT-C15,15,FIT-E15-R2,2,2,4.13880896,7.30541272,6.0371,MEASURED_MASS_G,CQA_sum,8.30296432,mg/g,50.12582591,DERIVED_FROM_CONCENTRATION_AND_MEASURED_LIQUID,VALID,,P24-MAT-FIT,ExperimentalData(15).run(2) fraction 2,SOURCE_DERIVED_ANALYTICAL
FIT_2021_12,FIT-C15,15,FIT-E15-R2,2,2,4.13880896,7.30541272,6.0371,MEASURED_MASS_G,TDS,13.95989503,percent,842.77282274,DERIVED_FROM_CONCENTRATION_AND_MEASURED_LIQUID,VALID,,P24-MAT-FIT,ExperimentalData(15).run(2) fraction 2,SOURCE_DERIVED_ANALYTICAL
FIT_2021_12,FIT-C15,15,FIT-E15-R2,2,3,7.30541272,10.38657151,5.8742,MEASURED_MASS_G,caffeine,4.82766539,mg/g,28.35867206,DERIVED_FROM_CONCENTRATION_AND_MEASURED_LIQUID,VALID,,P24-MAT-FIT,ExperimentalData(15).run(2) fraction 3,SOURCE_DERIVED_ANALYTICAL
FIT_2021_12,FIT-C15,15,FIT-E15-R2,2,3,7.30541272,10.38657151,5.8742,MEASURED_MASS_G,trigonelline,2.42117137,mg/g,14.22244484,DERIVED_FROM_CONCENTRATION_AND_MEASURED_LIQUID,VALID,,P24-MAT-FIT,ExperimentalData(15).run(2) fraction 3,SOURCE_DERIVED_ANALYTICAL
FIT_2021_12,FIT-C15,15,FIT-E15-R2,2,3,7.30541272,10.38657151,5.8742,MEASURED_MASS_G,5CQA,3.06013135,mg/g,17.97582355,DERIVED_FROM_CONCENTRATION_AND_MEASURED_LIQUID,VALID,,P24-MAT-FIT,ExperimentalData(15).run(2) fraction 3,SOURCE_DERIVED_ANALYTICAL
FIT_2021_12,FIT-C15,15,FIT-E15-R2,2,3,7.30541272,10.38657151,5.8742,MEASURED_MASS_G,CQA_sum,6.21829007,mg/g,36.5274795,DERIVED_FROM_CONCENTRATION_AND_MEASURED_LIQUID,VALID,,P24-MAT-FIT,ExperimentalData(15).run(2) fraction 3,SOURCE_DERIVED_ANALYTICAL
FIT_2021_12,FIT-C15,15,FIT-E15-R2,2,3,7.30541272,10.38657151,5.8742,MEASURED_MASS_G,TDS,9.50074406,percent,558.09270783,DERIVED_FROM_CONCENTRATION_AND_MEASURED_LIQUID,VALID,,P24-MAT-FIT,ExperimentalData(15).run(2) fraction 3,SOURCE_DERIVED_ANALYTICAL
FIT_2021_12,FIT-C15,15,FIT-E15-R2,2,5,13.35348898,16.24545198,5.5135,MEASURED_MASS_G,caffeine,2.91153057,mg/g,16.0527238,DERIVED_FROM_CONCENTRATION_AND_MEASURED_LIQUID,VALID,,P24-MAT-FIT,ExperimentalData(15).run(2) fraction 5,SOURCE_DERIVED_ANALYTICAL
FIT_2021_12,FIT-C15,15,FIT-E15-R2,2,5,13.35348898,16.24545198,5.5135,MEASURED_MASS_G,trigonelline,1.17704808,mg/g,6.48965458,DERIVED_FROM_CONCENTRATION_AND_MEASURED_LIQUID,VALID,,P24-MAT-FIT,ExperimentalData(15).run(2) fraction 5,SOURCE_DERIVED_ANALYTICAL
FIT_2021_12,FIT-C15,15,FIT-E15-R2,2,5,13.35348898,16.24545198,5.5135,MEASURED_MASS_G,5CQA,1.72654682,mg/g,9.51931588,DERIVED_FROM_CONCENTRATION_AND_MEASURED_LIQUID,VALID,,P24-MAT-FIT,ExperimentalData(15).run(2) fraction 5,SOURCE_DERIVED_ANALYTICAL
FIT_2021_12,FIT-C15,15,FIT-E15-R2,2,5,13.35348898,16.24545198,5.5135,MEASURED_MASS_G,CQA_sum,3.42151733,mg/g,18.86453582,DERIVED_FROM_CONCENTRATION_AND_MEASURED_LIQUID,VALID,,P24-MAT-FIT,ExperimentalData(15).run(2) fraction 5,SOURCE_DERIVED_ANALYTICAL
FIT_2021_12,FIT-C15,15,FIT-E15-R2,2,5,13.35348898,16.24545198,5.5135,MEASURED_MASS_G,TDS,5.30934909,percent,292.73096234,DERIVED_FROM_CONCENTRATION_AND_MEASURED_LIQUID,VALID,,P24-MAT-FIT,ExperimentalData(15).run(2) fraction 5,SOURCE_DERIVED_ANALYTICAL
FIT_2021_12,FIT-C15,15,FIT-E15-R2,2,7,18.97549442,21.59895359,5.0016,MEASURED_MASS_G,caffeine,1.87259979,mg/g,9.36599513,DERIVED_FROM_CONCENTRATION_AND_MEASURED_LIQUID,VALID,,P24-MAT-FIT,ExperimentalData(15).run(2) fraction 7,SOURCE_DERIVED_ANALYTICAL
FIT_2021_12,FIT-C15,15,FIT-E15-R2,2,7,18.97549442,21.59895359,5.0016,MEASURED_MASS_G,trigonelline,0.64022119,mg/g,3.20213029,DERIVED_FROM_CONCENTRATION_AND_MEASURED_LIQUID,VALID,,P24-MAT-FIT,ExperimentalData(15).run(2) fraction 7,SOURCE_DERIVED_ANALYTICAL
FIT_2021_12,FIT-C15,15,FIT-E15-R2,2,7,18.97549442,21.59895359,5.0016,MEASURED_MASS_G,5CQA,1.10108662,mg/g,5.50719483,DERIVED_FROM_CONCENTRATION_AND_MEASURED_LIQUID,VALID,,P24-MAT-FIT,ExperimentalData(15).run(2) fraction 7,SOURCE_DERIVED_ANALYTICAL
FIT_2021_12,FIT-C15,15,FIT-E15-R2,2,7,18.97549442,21.59895359,5.0016,MEASURED_MASS_G,CQA_sum,2.21487849,mg/g,11.07793624,DERIVED_FROM_CONCENTRATION_AND_MEASURED_LIQUID,VALID,,P24-MAT-FIT,ExperimentalData(15).run(2) fraction 7,SOURCE_DERIVED_ANALYTICAL
FIT_2021_12,FIT-C15,15,FIT-E15-R2,2,7,18.97549442,21.59895359,5.0016,MEASURED_MASS_G,TDS,2.94747704,percent,147.42101139,DERIVED_FROM_CONCENTRATION_AND_MEASURED_LIQUID,VALID,,P24-MAT-FIT,ExperimentalData(15).run(2) fraction 7,SOURCE_DERIVED_ANALYTICAL
FIT_2021_12,FIT-C15,15,FIT-E15-R2,2,10,27.07907529,29.85648224,5.2951,MEASURED_MASS_G,caffeine,1.09334675,mg/g,5.7893804,DERIVED_FROM_CONCENTRATION_AND_MEASURED_LIQUID,VALID,,P24-MAT-FIT,ExperimentalData(15).run(2) fraction 10,SOURCE_DERIVED_ANALYTICAL
FIT_2021_12,FIT-C15,15,FIT-E15-R2,2,10,27.07907529,29.85648224,5.2951,MEASURED_MASS_G,trigonelline,0.28274656,mg/g,1.49717131,DERIVED_FROM_CONCENTRATION_AND_MEASURED_LIQUID,VALID,,P24-MAT-FIT,ExperimentalData(15).run(2) fraction 10,SOURCE_DERIVED_ANALYTICAL
FIT_2021_12,FIT-C15,15,FIT-E15-R2,2,10,27.07907529,29.85648224,5.2951,MEASURED_MASS_G,5CQA,0.60834324,mg/g,3.22123829,DERIVED_FROM_CONCENTRATION_AND_MEASURED_LIQUID,VALID,,P24-MAT-FIT,ExperimentalData(15).run(2) fraction 10,SOURCE_DERIVED_ANALYTICAL
FIT_2021_12,FIT-C15,15,FIT-E15-R2,2,10,27.07907529,29.85648224,5.2951,MEASURED_MASS_G,CQA_sum,1.20079045,mg/g,6.3583055,DERIVED_FROM_CONCENTRATION_AND_MEASURED_LIQUID,VALID,,P24-MAT-FIT,ExperimentalData(15).run(2) fraction 10,SOURCE_DERIVED_ANALYTICAL
FIT_2021_12,FIT-C15,15,FIT-E15-R2,2,10,27.07907529,29.85648224,5.2951,MEASURED_MASS_G,TDS,1.55839511,percent,82.51857937,DERIVED_FROM_CONCENTRATION_AND_MEASURED_LIQUID,VALID,,P24-MAT-FIT,ExperimentalData(15).run(2) fraction 10,SOURCE_DERIVED_ANALYTICAL
FIT_2021_12,FIT-C15,15,FIT-E15-R3,3,1,0,3.7104105,6.9484,MEASURED_MASS_G,caffeine,8.92085028,mg/g,61.98563607,DERIVED_FROM_CONCENTRATION_AND_MEASURED_LIQUID,VALID,,P24-MAT-FIT,ExperimentalData(15).run(3) fraction 1,SOURCE_DERIVED_ANALYTICAL
FIT_2021_12,FIT-C15,15,FIT-E15-R3,3,1,0,3.7104105,6.9484,MEASURED_MASS_G,trigonelline,5.78431916,mg/g,40.19176323,DERIVED_FROM_CONCENTRATION_AND_MEASURED_LIQUID,VALID,,P24-MAT-FIT,ExperimentalData(15).run(3) fraction 1,SOURCE_DERIVED_ANALYTICAL
FIT_2021_12,FIT-C15,15,FIT-E15-R3,3,1,0,3.7104105,6.9484,MEASURED_MASS_G,5CQA,6.06451484,mg/g,42.1386749,DERIVED_FROM_CONCENTRATION_AND_MEASURED_LIQUID,VALID,,P24-MAT-FIT,ExperimentalData(15).run(3) fraction 1,SOURCE_DERIVED_ANALYTICAL
FIT_2021_12,FIT-C15,15,FIT-E15-R3,3,1,0,3.7104105,6.9484,MEASURED_MASS_G,CQA_sum,12.43589239,mg/g,86.40955468,DERIVED_FROM_CONCENTRATION_AND_MEASURED_LIQUID,VALID,,P24-MAT-FIT,ExperimentalData(15).run(3) fraction 1,SOURCE_DERIVED_ANALYTICAL
FIT_2021_12,FIT-C15,15,FIT-E15-R3,3,1,0,3.7104105,6.9484,MEASURED_MASS_G,TDS,22.02751774,percent,1530.56004262,DERIVED_FROM_CONCENTRATION_AND_MEASURED_LIQUID,VALID,,P24-MAT-FIT,ExperimentalData(15).run(3) fraction 1,SOURCE_DERIVED_ANALYTICAL
FIT_2021_12,FIT-C15,15,FIT-E15-R3,3,2,3.7104105,6.93493899,6.0385,MEASURED_MASS_G,caffeine,6.44802744,mg/g,38.93641371,DERIVED_FROM_CONCENTRATION_AND_MEASURED_LIQUID,VALID,,P24-MAT-FIT,ExperimentalData(15).run(3) fraction 2,SOURCE_DERIVED_ANALYTICAL
FIT_2021_12,FIT-C15,15,FIT-E15-R3,3,2,3.7104105,6.93493899,6.0385,MEASURED_MASS_G,trigonelline,3.62020233,mg/g,21.86059175,DERIVED_FROM_CONCENTRATION_AND_MEASURED_LIQUID,VALID,,P24-MAT-FIT,ExperimentalData(15).run(3) fraction 2,SOURCE_DERIVED_ANALYTICAL
FIT_2021_12,FIT-C15,15,FIT-E15-R3,3,2,3.7104105,6.93493899,6.0385,MEASURED_MASS_G,5CQA,4.25551148,mg/g,25.69690607,DERIVED_FROM_CONCENTRATION_AND_MEASURED_LIQUID,VALID,,P24-MAT-FIT,ExperimentalData(15).run(3) fraction 2,SOURCE_DERIVED_ANALYTICAL
FIT_2021_12,FIT-C15,15,FIT-E15-R3,3,2,3.7104105,6.93493899,6.0385,MEASURED_MASS_G,CQA_sum,8.56062769,mg/g,51.69335029,DERIVED_FROM_CONCENTRATION_AND_MEASURED_LIQUID,VALID,,P24-MAT-FIT,ExperimentalData(15).run(3) fraction 2,SOURCE_DERIVED_ANALYTICAL
FIT_2021_12,FIT-C15,15,FIT-E15-R3,3,2,3.7104105,6.93493899,6.0385,MEASURED_MASS_G,TDS,14.24221968,percent,860.01643513,DERIVED_FROM_CONCENTRATION_AND_MEASURED_LIQUID,VALID,,P24-MAT-FIT,ExperimentalData(15).run(3) fraction 2,SOURCE_DERIVED_ANALYTICAL
FIT_2021_12,FIT-C15,15,FIT-E15-R3,3,3,6.93493899,10.06089202,5.8539,MEASURED_MASS_G,caffeine,4.74623128,mg/g,27.78396331,DERIVED_FROM_CONCENTRATION_AND_MEASURED_LIQUID,VALID,,P24-MAT-FIT,ExperimentalData(15).run(3) fraction 3,SOURCE_DERIVED_ANALYTICAL
FIT_2021_12,FIT-C15,15,FIT-E15-R3,3,3,6.93493899,10.06089202,5.8539,MEASURED_MASS_G,trigonelline,2.41998788,mg/g,14.16636707,DERIVED_FROM_CONCENTRATION_AND_MEASURED_LIQUID,VALID,,P24-MAT-FIT,ExperimentalData(15).run(3) fraction 3,SOURCE_DERIVED_ANALYTICAL
FIT_2021_12,FIT-C15,15,FIT-E15-R3,3,3,6.93493899,10.06089202,5.8539,MEASURED_MASS_G,5CQA,3.09301072,mg/g,18.10617547,DERIVED_FROM_CONCENTRATION_AND_MEASURED_LIQUID,VALID,,P24-MAT-FIT,ExperimentalData(15).run(3) fraction 3,SOURCE_DERIVED_ANALYTICAL
FIT_2021_12,FIT-C15,15,FIT-E15-R3,3,3,6.93493899,10.06089202,5.8539,MEASURED_MASS_G,CQA_sum,6.28421995,mg/g,36.78719518,DERIVED_FROM_CONCENTRATION_AND_MEASURED_LIQUID,VALID,,P24-MAT-FIT,ExperimentalData(15).run(3) fraction 3,SOURCE_DERIVED_ANALYTICAL
FIT_2021_12,FIT-C15,15,FIT-E15-R3,3,3,6.93493899,10.06089202,5.8539,MEASURED_MASS_G,TDS,9.79123905,percent,573.1693427,DERIVED_FROM_CONCENTRATION_AND_MEASURED_LIQUID,VALID,,P24-MAT-FIT,ExperimentalData(15).run(3) fraction 3,SOURCE_DERIVED_ANALYTICAL
FIT_2021_12,FIT-C15,15,FIT-E15-R3,3,5,12.96705273,15.92132638,5.5324,MEASURED_MASS_G,caffeine,2.94291808,mg/g,16.28140001,DERIVED_FROM_CONCENTRATION_AND_MEASURED_LIQUID,VALID,,P24-MAT-FIT,ExperimentalData(15).run(3) fraction 5,SOURCE_DERIVED_ANALYTICAL
FIT_2021_12,FIT-C15,15,FIT-E15-R3,3,5,12.96705273,15.92132638,5.5324,MEASURED_MASS_G,trigonelline,1.21139066,mg/g,6.70189771,DERIVED_FROM_CONCENTRATION_AND_MEASURED_LIQUID,VALID,,P24-MAT-FIT,ExperimentalData(15).run(3) fraction 5,SOURCE_DERIVED_ANALYTICAL
FIT_2021_12,FIT-C15,15,FIT-E15-R3,3,5,12.96705273,15.92132638,5.5324,MEASURED_MASS_G,5CQA,1.80589709,mg/g,9.99094506,DERIVED_FROM_CONCENTRATION_AND_MEASURED_LIQUID,VALID,,P24-MAT-FIT,ExperimentalData(15).run(3) fraction 5,SOURCE_DERIVED_ANALYTICAL
FIT_2021_12,FIT-C15,15,FIT-E15-R3,3,5,12.96705273,15.92132638,5.5324,MEASURED_MASS_G,CQA_sum,3.58114448,mg/g,19.81232373,DERIVED_FROM_CONCENTRATION_AND_MEASURED_LIQUID,VALID,,P24-MAT-FIT,ExperimentalData(15).run(3) fraction 5,SOURCE_DERIVED_ANALYTICAL
FIT_2021_12,FIT-C15,15,FIT-E15-R3,3,5,12.96705273,15.92132638,5.5324,MEASURED_MASS_G,TDS,5.37481106,percent,297.35604731,DERIVED_FROM_CONCENTRATION_AND_MEASURED_LIQUID,VALID,,P24-MAT-FIT,ExperimentalData(15).run(3) fraction 5,SOURCE_DERIVED_ANALYTICAL
FIT_2021_12,FIT-C15,15,FIT-E15-R3,3,7,18.90587754,21.57964365,5.0071,MEASURED_MASS_G,caffeine,1.87056798,mg/g,9.36612096,DERIVED_FROM_CONCENTRATION_AND_MEASURED_LIQUID,VALID,,P24-MAT-FIT,ExperimentalData(15).run(3) fraction 7,SOURCE_DERIVED_ANALYTICAL
FIT_2021_12,FIT-C15,15,FIT-E15-R3,3,7,18.90587754,21.57964365,5.0071,MEASURED_MASS_G,trigonelline,0.64136156,mg/g,3.21136149,DERIVED_FROM_CONCENTRATION_AND_MEASURED_LIQUID,VALID,,P24-MAT-FIT,ExperimentalData(15).run(3) fraction 7,SOURCE_DERIVED_ANALYTICAL
FIT_2021_12,FIT-C15,15,FIT-E15-R3,3,7,18.90587754,21.57964365,5.0071,MEASURED_MASS_G,5CQA,1.12796052,mg/g,5.64781114,DERIVED_FROM_CONCENTRATION_AND_MEASURED_LIQUID,VALID,,P24-MAT-FIT,ExperimentalData(15).run(3) fraction 7,SOURCE_DERIVED_ANALYTICAL
FIT_2021_12,FIT-C15,15,FIT-E15-R3,3,7,18.90587754,21.57964365,5.0071,MEASURED_MASS_G,CQA_sum,2.26368501,mg/g,11.33449722,DERIVED_FROM_CONCENTRATION_AND_MEASURED_LIQUID,VALID,,P24-MAT-FIT,ExperimentalData(15).run(3) fraction 7,SOURCE_DERIVED_ANALYTICAL
FIT_2021_12,FIT-C15,15,FIT-E15-R3,3,7,18.90587754,21.57964365,5.0071,MEASURED_MASS_G,TDS,2.93790065,percent,147.1036235,DERIVED_FROM_CONCENTRATION_AND_MEASURED_LIQUID,VALID,,P24-MAT-FIT,ExperimentalData(15).run(3) fraction 7,SOURCE_DERIVED_ANALYTICAL
FIT_2021_12,FIT-C15,15,FIT-E15-R3,3,10,27.09778724,29.98632611,5.4093,MEASURED_MASS_G,caffeine,1.05788363,mg/g,5.72240995,DERIVED_FROM_CONCENTRATION_AND_MEASURED_LIQUID,VALID,,P24-MAT-FIT,ExperimentalData(15).run(3) fraction 10,SOURCE_DERIVED_ANALYTICAL
FIT_2021_12,FIT-C15,15,FIT-E15-R3,3,10,27.09778724,29.98632611,5.4093,MEASURED_MASS_G,trigonelline,0.28437526,mg/g,1.53827109,DERIVED_FROM_CONCENTRATION_AND_MEASURED_LIQUID,VALID,,P24-MAT-FIT,ExperimentalData(15).run(3) fraction 10,SOURCE_DERIVED_ANALYTICAL
FIT_2021_12,FIT-C15,15,FIT-E15-R3,3,10,27.09778724,29.98632611,5.4093,MEASURED_MASS_G,5CQA,0.61055836,mg/g,3.30269334,DERIVED_FROM_CONCENTRATION_AND_MEASURED_LIQUID,VALID,,P24-MAT-FIT,ExperimentalData(15).run(3) fraction 10,SOURCE_DERIVED_ANALYTICAL
FIT_2021_12,FIT-C15,15,FIT-E15-R3,3,10,27.09778724,29.98632611,5.4093,MEASURED_MASS_G,CQA_sum,1.20203022,mg/g,6.50214205,DERIVED_FROM_CONCENTRATION_AND_MEASURED_LIQUID,VALID,,P24-MAT-FIT,ExperimentalData(15).run(3) fraction 10,SOURCE_DERIVED_ANALYTICAL
FIT_2021_12,FIT-C15,15,FIT-E15-R3,3,10,27.09778724,29.98632611,5.4093,MEASURED_MASS_G,TDS,1.56761114,percent,84.79678936,DERIVED_FROM_CONCENTRATION_AND_MEASURED_LIQUID,VALID,,P24-MAT-FIT,ExperimentalData(15).run(3) fraction 10,SOURCE_DERIVED_ANALYTICAL
