campaign_id,condition_id,shot_id,physical_replicate_id,fraction_id,fraction_start_s,fraction_end_s,fraction_liquid_g_or_ml,analyte,measured_concentration,concentration_unit,derived_analyte_mass_mg,derivation,temperature_start_C,temperature_end_C,flow_start_mL_s,flow_end_mL_s,input_status,validity,source_role,target_exposure_class,source_id
PREDICTION_2022_03,PRED-C01,PRED-E01-R1,1,1,0,2.48385193,5.1478,caffeine,8.41541565,mg/g,43.32087669,CONCENTRATION_X_MEASURED_FRACTION_MASS,86,86,2,2,PROGRAMMED,VALID,SOURCE_DESIGNATED_PREDICTION,TARGET_EXPOSED;SOURCE_INTERNAL,P24-MAT-PRED
PREDICTION_2022_03,PRED-C01,PRED-E01-R1,1,1,0,2.48385193,5.1478,trigonelline,5.81424129,mg/g,29.9305513,CONCENTRATION_X_MEASURED_FRACTION_MASS,86,86,2,2,PROGRAMMED,VALID,SOURCE_DESIGNATED_PREDICTION,TARGET_EXPOSED;SOURCE_INTERNAL,P24-MAT-PRED
PREDICTION_2022_03,PRED-C01,PRED-E01-R1,1,1,0,2.48385193,5.1478,5CQA,6.92523901,mg/g,35.64974536,CONCENTRATION_X_MEASURED_FRACTION_MASS,86,86,2,2,PROGRAMMED,VALID,SOURCE_DESIGNATED_PREDICTION,TARGET_EXPOSED;SOURCE_INTERNAL,P24-MAT-PRED
PREDICTION_2022_03,PRED-C01,PRED-E01-R1,1,1,0,2.48385193,5.1478,CQA_sum,13.30733786,mg/g,68.50351383,CONCENTRATION_X_MEASURED_FRACTION_MASS,86,86,2,2,PROGRAMMED,VALID,SOURCE_DESIGNATED_PREDICTION,TARGET_EXPOSED;SOURCE_INTERNAL,P24-MAT-PRED
PREDICTION_2022_03,PRED-C01,PRED-E01-R1,1,1,0,2.48385193,5.1478,TDS,19.50543209,percent,1004.10063332,CONCENTRATION_X_MEASURED_FRACTION_MASS,86,86,2,2,PROGRAMMED,VALID,SOURCE_DESIGNATED_PREDICTION,TARGET_EXPOSED;SOURCE_INTERNAL,P24-MAT-PRED
PREDICTION_2022_03,PRED-C01,PRED-E01-R1,1,2,2.48385193,5.44005797,6.031,caffeine,6.05733043,mg/g,36.53175982,CONCENTRATION_X_MEASURED_FRACTION_MASS,86,86,2,2,PROGRAMMED,VALID,SOURCE_DESIGNATED_PREDICTION,TARGET_EXPOSED;SOURCE_INTERNAL,P24-MAT-PRED
PREDICTION_2022_03,PRED-C01,PRED-E01-R1,1,2,2.48385193,5.44005797,6.031,trigonelline,3.50991303,mg/g,21.16828548,CONCENTRATION_X_MEASURED_FRACTION_MASS,86,86,2,2,PROGRAMMED,VALID,SOURCE_DESIGNATED_PREDICTION,TARGET_EXPOSED;SOURCE_INTERNAL,P24-MAT-PRED
PREDICTION_2022_03,PRED-C01,PRED-E01-R1,1,2,2.48385193,5.44005797,6.031,5CQA,4.83880021,mg/g,29.18280406,CONCENTRATION_X_MEASURED_FRACTION_MASS,86,86,2,2,PROGRAMMED,VALID,SOURCE_DESIGNATED_PREDICTION,TARGET_EXPOSED;SOURCE_INTERNAL,P24-MAT-PRED
PREDICTION_2022_03,PRED-C01,PRED-E01-R1,1,2,2.48385193,5.44005797,6.031,CQA_sum,9.34896699,mg/g,56.38361994,CONCENTRATION_X_MEASURED_FRACTION_MASS,86,86,2,2,PROGRAMMED,VALID,SOURCE_DESIGNATED_PREDICTION,TARGET_EXPOSED;SOURCE_INTERNAL,P24-MAT-PRED
PREDICTION_2022_03,PRED-C01,PRED-E01-R1,1,2,2.48385193,5.44005797,6.031,TDS,13.00214883,percent,784.15959617,CONCENTRATION_X_MEASURED_FRACTION_MASS,86,86,2,2,PROGRAMMED,VALID,SOURCE_DESIGNATED_PREDICTION,TARGET_EXPOSED;SOURCE_INTERNAL,P24-MAT-PRED
PREDICTION_2022_03,PRED-C01,PRED-E01-R1,1,3,5.44005797,8.38900387,5.9125,caffeine,4.47424303,mg/g,26.4539619,CONCENTRATION_X_MEASURED_FRACTION_MASS,86,86,2,2,PROGRAMMED,VALID,SOURCE_DESIGNATED_PREDICTION,TARGET_EXPOSED;SOURCE_INTERNAL,P24-MAT-PRED
PREDICTION_2022_03,PRED-C01,PRED-E01-R1,1,3,5.44005797,8.38900387,5.9125,trigonelline,2.21333478,mg/g,13.08634191,CONCENTRATION_X_MEASURED_FRACTION_MASS,86,86,2,2,PROGRAMMED,VALID,SOURCE_DESIGNATED_PREDICTION,TARGET_EXPOSED;SOURCE_INTERNAL,P24-MAT-PRED
PREDICTION_2022_03,PRED-C01,PRED-E01-R1,1,3,5.44005797,8.38900387,5.9125,5CQA,3.35493365,mg/g,19.83604523,CONCENTRATION_X_MEASURED_FRACTION_MASS,86,86,2,2,PROGRAMMED,VALID,SOURCE_DESIGNATED_PREDICTION,TARGET_EXPOSED;SOURCE_INTERNAL,P24-MAT-PRED
PREDICTION_2022_03,PRED-C01,PRED-E01-R1,1,3,5.44005797,8.38900387,5.9125,CQA_sum,6.52127591,mg/g,38.5570438,CONCENTRATION_X_MEASURED_FRACTION_MASS,86,86,2,2,PROGRAMMED,VALID,SOURCE_DESIGNATED_PREDICTION,TARGET_EXPOSED;SOURCE_INTERNAL,P24-MAT-PRED
PREDICTION_2022_03,PRED-C01,PRED-E01-R1,1,3,5.44005797,8.38900387,5.9125,TDS,9.22962575,percent,545.70162229,CONCENTRATION_X_MEASURED_FRACTION_MASS,86,86,2,2,PROGRAMMED,VALID,SOURCE_DESIGNATED_PREDICTION,TARGET_EXPOSED;SOURCE_INTERNAL,P24-MAT-PRED
PREDICTION_2022_03,PRED-C01,PRED-E01-R1,1,5,11.18919666,14.02936766,5.5018,caffeine,2.85130853,mg/g,15.68732927,CONCENTRATION_X_MEASURED_FRACTION_MASS,86,86,2,2,PROGRAMMED,VALID,SOURCE_DESIGNATED_PREDICTION,TARGET_EXPOSED;SOURCE_INTERNAL,P24-MAT-PRED
PREDICTION_2022_03,PRED-C01,PRED-E01-R1,1,5,11.18919666,14.02936766,5.5018,trigonelline,1.32026885,mg/g,7.26385515,CONCENTRATION_X_MEASURED_FRACTION_MASS,86,86,2,2,PROGRAMMED,VALID,SOURCE_DESIGNATED_PREDICTION,TARGET_EXPOSED;SOURCE_INTERNAL,P24-MAT-PRED
PREDICTION_2022_03,PRED-C01,PRED-E01-R1,1,5,11.18919666,14.02936766,5.5018,5CQA,2.11697383,mg/g,11.64716663,CONCENTRATION_X_MEASURED_FRACTION_MASS,86,86,2,2,PROGRAMMED,VALID,SOURCE_DESIGNATED_PREDICTION,TARGET_EXPOSED;SOURCE_INTERNAL,P24-MAT-PRED
PREDICTION_2022_03,PRED-C01,PRED-E01-R1,1,5,11.18919666,14.02936766,5.5018,CQA_sum,4.13858196,mg/g,22.76965021,CONCENTRATION_X_MEASURED_FRACTION_MASS,86,86,2,2,PROGRAMMED,VALID,SOURCE_DESIGNATED_PREDICTION,TARGET_EXPOSED;SOURCE_INTERNAL,P24-MAT-PRED
PREDICTION_2022_03,PRED-C01,PRED-E01-R1,1,5,11.18919666,14.02936766,5.5018,TDS,5.80886518,percent,319.59214459,CONCENTRATION_X_MEASURED_FRACTION_MASS,86,86,2,2,PROGRAMMED,VALID,SOURCE_DESIGNATED_PREDICTION,TARGET_EXPOSED;SOURCE_INTERNAL,P24-MAT-PRED
PREDICTION_2022_03,PRED-C01,PRED-E01-R1,1,7,16.97053656,19.5285469,4.7834,caffeine,2.08810626,mg/g,9.9882475,CONCENTRATION_X_MEASURED_FRACTION_MASS,86,86,2,2,PROGRAMMED,VALID,SOURCE_DESIGNATED_PREDICTION,TARGET_EXPOSED;SOURCE_INTERNAL,P24-MAT-PRED
PREDICTION_2022_03,PRED-C01,PRED-E01-R1,1,7,16.97053656,19.5285469,4.7834,trigonelline,0.92047014,mg/g,4.40297689,CONCENTRATION_X_MEASURED_FRACTION_MASS,86,86,2,2,PROGRAMMED,VALID,SOURCE_DESIGNATED_PREDICTION,TARGET_EXPOSED;SOURCE_INTERNAL,P24-MAT-PRED
PREDICTION_2022_03,PRED-C01,PRED-E01-R1,1,7,16.97053656,19.5285469,4.7834,5CQA,1.50990476,mg/g,7.22247842,CONCENTRATION_X_MEASURED_FRACTION_MASS,86,86,2,2,PROGRAMMED,VALID,SOURCE_DESIGNATED_PREDICTION,TARGET_EXPOSED;SOURCE_INTERNAL,P24-MAT-PRED
PREDICTION_2022_03,PRED-C01,PRED-E01-R1,1,7,16.97053656,19.5285469,4.7834,CQA_sum,2.93122111,mg/g,14.02120308,CONCENTRATION_X_MEASURED_FRACTION_MASS,86,86,2,2,PROGRAMMED,VALID,SOURCE_DESIGNATED_PREDICTION,TARGET_EXPOSED;SOURCE_INTERNAL,P24-MAT-PRED
PREDICTION_2022_03,PRED-C01,PRED-E01-R1,1,7,16.97053656,19.5285469,4.7834,TDS,4.59733594,percent,219.90896713,CONCENTRATION_X_MEASURED_FRACTION_MASS,86,86,2,2,PROGRAMMED,VALID,SOURCE_DESIGNATED_PREDICTION,TARGET_EXPOSED;SOURCE_INTERNAL,P24-MAT-PRED
PREDICTION_2022_03,PRED-C01,PRED-E01-R1,1,10,25.5147131,28.73696283,5.6849,caffeine,1.43599188,mg/g,8.16347021,CONCENTRATION_X_MEASURED_FRACTION_MASS,86,86,2,2,PROGRAMMED,VALID,SOURCE_DESIGNATED_PREDICTION,TARGET_EXPOSED;SOURCE_INTERNAL,P24-MAT-PRED
PREDICTION_2022_03,PRED-C01,PRED-E01-R1,1,10,25.5147131,28.73696283,5.6849,trigonelline,0.54446254,mg/g,3.0952151,CONCENTRATION_X_MEASURED_FRACTION_MASS,86,86,2,2,PROGRAMMED,VALID,SOURCE_DESIGNATED_PREDICTION,TARGET_EXPOSED;SOURCE_INTERNAL,P24-MAT-PRED
PREDICTION_2022_03,PRED-C01,PRED-E01-R1,1,10,25.5147131,28.73696283,5.6849,5CQA,1.02151534,mg/g,5.80721253,CONCENTRATION_X_MEASURED_FRACTION_MASS,86,86,2,2,PROGRAMMED,VALID,SOURCE_DESIGNATED_PREDICTION,TARGET_EXPOSED;SOURCE_INTERNAL,P24-MAT-PRED
PREDICTION_2022_03,PRED-C01,PRED-E01-R1,1,10,25.5147131,28.73696283,5.6849,CQA_sum,1.9756328,mg/g,11.23127489,CONCENTRATION_X_MEASURED_FRACTION_MASS,86,86,2,2,PROGRAMMED,VALID,SOURCE_DESIGNATED_PREDICTION,TARGET_EXPOSED;SOURCE_INTERNAL,P24-MAT-PRED
PREDICTION_2022_03,PRED-C01,PRED-E01-R1,1,10,25.5147131,28.73696283,5.6849,TDS,2.66660054,percent,151.5935742,CONCENTRATION_X_MEASURED_FRACTION_MASS,86,86,2,2,PROGRAMMED,VALID,SOURCE_DESIGNATED_PREDICTION,TARGET_EXPOSED;SOURCE_INTERNAL,P24-MAT-PRED
PREDICTION_2022_03,PRED-C01,PRED-E01-R2,2,1,0,2.24975487,4.4577,caffeine,8.93613675,mg/g,39.83461681,CONCENTRATION_X_MEASURED_FRACTION_MASS,86,86,2,2,PROGRAMMED,VALID,SOURCE_DESIGNATED_PREDICTION,TARGET_EXPOSED;SOURCE_INTERNAL,P24-MAT-PRED
PREDICTION_2022_03,PRED-C01,PRED-E01-R2,2,1,0,2.24975487,4.4577,trigonelline,5.5637957,mg/g,24.80173208,CONCENTRATION_X_MEASURED_FRACTION_MASS,86,86,2,2,PROGRAMMED,VALID,SOURCE_DESIGNATED_PREDICTION,TARGET_EXPOSED;SOURCE_INTERNAL,P24-MAT-PRED
PREDICTION_2022_03,PRED-C01,PRED-E01-R2,2,1,0,2.24975487,4.4577,5CQA,6.86659269,mg/g,30.60921025,CONCENTRATION_X_MEASURED_FRACTION_MASS,86,86,2,2,PROGRAMMED,VALID,SOURCE_DESIGNATED_PREDICTION,TARGET_EXPOSED;SOURCE_INTERNAL,P24-MAT-PRED
PREDICTION_2022_03,PRED-C01,PRED-E01-R2,2,1,0,2.24975487,4.4577,CQA_sum,13.72367021,mg/g,61.17600469,CONCENTRATION_X_MEASURED_FRACTION_MASS,86,86,2,2,PROGRAMMED,VALID,SOURCE_DESIGNATED_PREDICTION,TARGET_EXPOSED;SOURCE_INTERNAL,P24-MAT-PRED
PREDICTION_2022_03,PRED-C01,PRED-E01-R2,2,1,0,2.24975487,4.4577,TDS,20.21877094,percent,901.29215231,CONCENTRATION_X_MEASURED_FRACTION_MASS,86,86,2,2,PROGRAMMED,VALID,SOURCE_DESIGNATED_PREDICTION,TARGET_EXPOSED;SOURCE_INTERNAL,P24-MAT-PRED
PREDICTION_2022_03,PRED-C01,PRED-E01-R2,2,2,2.24975487,5.36195524,6.1002,caffeine,6.63378431,mg/g,40.46741106,CONCENTRATION_X_MEASURED_FRACTION_MASS,86,86,2,2,PROGRAMMED,VALID,SOURCE_DESIGNATED_PREDICTION,TARGET_EXPOSED;SOURCE_INTERNAL,P24-MAT-PRED
PREDICTION_2022_03,PRED-C01,PRED-E01-R2,2,2,2.24975487,5.36195524,6.1002,trigonelline,3.48720128,mg/g,21.27262523,CONCENTRATION_X_MEASURED_FRACTION_MASS,86,86,2,2,PROGRAMMED,VALID,SOURCE_DESIGNATED_PREDICTION,TARGET_EXPOSED;SOURCE_INTERNAL,P24-MAT-PRED
PREDICTION_2022_03,PRED-C01,PRED-E01-R2,2,2,2.24975487,5.36195524,6.1002,5CQA,5.01120765,mg/g,30.56936891,CONCENTRATION_X_MEASURED_FRACTION_MASS,86,86,2,2,PROGRAMMED,VALID,SOURCE_DESIGNATED_PREDICTION,TARGET_EXPOSED;SOURCE_INTERNAL,P24-MAT-PRED
PREDICTION_2022_03,PRED-C01,PRED-E01-R2,2,2,2.24975487,5.36195524,6.1002,CQA_sum,10.0545485,mg/g,61.33475674,CONCENTRATION_X_MEASURED_FRACTION_MASS,86,86,2,2,PROGRAMMED,VALID,SOURCE_DESIGNATED_PREDICTION,TARGET_EXPOSED;SOURCE_INTERNAL,P24-MAT-PRED
PREDICTION_2022_03,PRED-C01,PRED-E01-R2,2,2,2.24975487,5.36195524,6.1002,TDS,14.1969895,percent,866.0447534,CONCENTRATION_X_MEASURED_FRACTION_MASS,86,86,2,2,PROGRAMMED,VALID,SOURCE_DESIGNATED_PREDICTION,TARGET_EXPOSED;SOURCE_INTERNAL,P24-MAT-PRED
PREDICTION_2022_03,PRED-C01,PRED-E01-R2,2,3,5.36195524,8.48545998,6.0449,caffeine,4.84810592,mg/g,29.30631549,CONCENTRATION_X_MEASURED_FRACTION_MASS,86,86,2,2,PROGRAMMED,VALID,SOURCE_DESIGNATED_PREDICTION,TARGET_EXPOSED;SOURCE_INTERNAL,P24-MAT-PRED
PREDICTION_2022_03,PRED-C01,PRED-E01-R2,2,3,5.36195524,8.48545998,6.0449,trigonelline,2.49098138,mg/g,15.05773336,CONCENTRATION_X_MEASURED_FRACTION_MASS,86,86,2,2,PROGRAMMED,VALID,SOURCE_DESIGNATED_PREDICTION,TARGET_EXPOSED;SOURCE_INTERNAL,P24-MAT-PRED
PREDICTION_2022_03,PRED-C01,PRED-E01-R2,2,3,5.36195524,8.48545998,6.0449,5CQA,3.50813692,mg/g,21.20633686,CONCENTRATION_X_MEASURED_FRACTION_MASS,86,86,2,2,PROGRAMMED,VALID,SOURCE_DESIGNATED_PREDICTION,TARGET_EXPOSED;SOURCE_INTERNAL,P24-MAT-PRED
PREDICTION_2022_03,PRED-C01,PRED-E01-R2,2,3,5.36195524,8.48545998,6.0449,CQA_sum,6.95257068,mg/g,42.02759448,CONCENTRATION_X_MEASURED_FRACTION_MASS,86,86,2,2,PROGRAMMED,VALID,SOURCE_DESIGNATED_PREDICTION,TARGET_EXPOSED;SOURCE_INTERNAL,P24-MAT-PRED
PREDICTION_2022_03,PRED-C01,PRED-E01-R2,2,3,5.36195524,8.48545998,6.0449,TDS,9.84143883,percent,594.90513588,CONCENTRATION_X_MEASURED_FRACTION_MASS,86,86,2,2,PROGRAMMED,VALID,SOURCE_DESIGNATED_PREDICTION,TARGET_EXPOSED;SOURCE_INTERNAL,P24-MAT-PRED
PREDICTION_2022_03,PRED-C01,PRED-E01-R2,2,5,11.40225975,14.28648335,5.446,caffeine,2.99815753,mg/g,16.32796593,CONCENTRATION_X_MEASURED_FRACTION_MASS,86,86,2,2,PROGRAMMED,VALID,SOURCE_DESIGNATED_PREDICTION,TARGET_EXPOSED;SOURCE_INTERNAL,P24-MAT-PRED
PREDICTION_2022_03,PRED-C01,PRED-E01-R2,2,5,11.40225975,14.28648335,5.446,trigonelline,1.25200574,mg/g,6.81842324,CONCENTRATION_X_MEASURED_FRACTION_MASS,86,86,2,2,PROGRAMMED,VALID,SOURCE_DESIGNATED_PREDICTION,TARGET_EXPOSED;SOURCE_INTERNAL,P24-MAT-PRED
PREDICTION_2022_03,PRED-C01,PRED-E01-R2,2,5,11.40225975,14.28648335,5.446,5CQA,2.14279857,mg/g,11.66968102,CONCENTRATION_X_MEASURED_FRACTION_MASS,86,86,2,2,PROGRAMMED,VALID,SOURCE_DESIGNATED_PREDICTION,TARGET_EXPOSED;SOURCE_INTERNAL,P24-MAT-PRED
PREDICTION_2022_03,PRED-C01,PRED-E01-R2,2,5,11.40225975,14.28648335,5.446,CQA_sum,4.24828731,mg/g,23.13617267,CONCENTRATION_X_MEASURED_FRACTION_MASS,86,86,2,2,PROGRAMMED,VALID,SOURCE_DESIGNATED_PREDICTION,TARGET_EXPOSED;SOURCE_INTERNAL,P24-MAT-PRED
PREDICTION_2022_03,PRED-C01,PRED-E01-R2,2,5,11.40225975,14.28648335,5.446,TDS,5.77678022,percent,314.60345068,CONCENTRATION_X_MEASURED_FRACTION_MASS,86,86,2,2,PROGRAMMED,VALID,SOURCE_DESIGNATED_PREDICTION,TARGET_EXPOSED;SOURCE_INTERNAL,P24-MAT-PRED
PREDICTION_2022_03,PRED-C01,PRED-E01-R2,2,7,17.20494434,20.1528255,5.4294,caffeine,2.1194315,mg/g,11.50724138,CONCENTRATION_X_MEASURED_FRACTION_MASS,86,86,2,2,PROGRAMMED,VALID,SOURCE_DESIGNATED_PREDICTION,TARGET_EXPOSED;SOURCE_INTERNAL,P24-MAT-PRED
PREDICTION_2022_03,PRED-C01,PRED-E01-R2,2,7,17.20494434,20.1528255,5.4294,trigonelline,0.88154413,mg/g,4.78625571,CONCENTRATION_X_MEASURED_FRACTION_MASS,86,86,2,2,PROGRAMMED,VALID,SOURCE_DESIGNATED_PREDICTION,TARGET_EXPOSED;SOURCE_INTERNAL,P24-MAT-PRED
PREDICTION_2022_03,PRED-C01,PRED-E01-R2,2,7,17.20494434,20.1528255,5.4294,5CQA,1.47809169,mg/g,8.02515102,CONCENTRATION_X_MEASURED_FRACTION_MASS,86,86,2,2,PROGRAMMED,VALID,SOURCE_DESIGNATED_PREDICTION,TARGET_EXPOSED;SOURCE_INTERNAL,P24-MAT-PRED
PREDICTION_2022_03,PRED-C01,PRED-E01-R2,2,7,17.20494434,20.1528255,5.4294,CQA_sum,2.88499199,mg/g,15.66377549,CONCENTRATION_X_MEASURED_FRACTION_MASS,86,86,2,2,PROGRAMMED,VALID,SOURCE_DESIGNATED_PREDICTION,TARGET_EXPOSED;SOURCE_INTERNAL,P24-MAT-PRED
PREDICTION_2022_03,PRED-C01,PRED-E01-R2,2,7,17.20494434,20.1528255,5.4294,TDS,4.58228715,percent,248.79069844,CONCENTRATION_X_MEASURED_FRACTION_MASS,86,86,2,2,PROGRAMMED,VALID,SOURCE_DESIGNATED_PREDICTION,TARGET_EXPOSED;SOURCE_INTERNAL,P24-MAT-PRED
PREDICTION_2022_03,PRED-C01,PRED-E01-R2,2,10,26.23976132,29.23185882,5.2953,caffeine,1.41404481,mg/g,7.48779146,CONCENTRATION_X_MEASURED_FRACTION_MASS,86,86,2,2,PROGRAMMED,VALID,SOURCE_DESIGNATED_PREDICTION,TARGET_EXPOSED;SOURCE_INTERNAL,P24-MAT-PRED
PREDICTION_2022_03,PRED-C01,PRED-E01-R2,2,10,26.23976132,29.23185882,5.2953,trigonelline,0.5001815,mg/g,2.64861111,CONCENTRATION_X_MEASURED_FRACTION_MASS,86,86,2,2,PROGRAMMED,VALID,SOURCE_DESIGNATED_PREDICTION,TARGET_EXPOSED;SOURCE_INTERNAL,P24-MAT-PRED
PREDICTION_2022_03,PRED-C01,PRED-E01-R2,2,10,26.23976132,29.23185882,5.2953,5CQA,0.97269517,mg/g,5.15071274,CONCENTRATION_X_MEASURED_FRACTION_MASS,86,86,2,2,PROGRAMMED,VALID,SOURCE_DESIGNATED_PREDICTION,TARGET_EXPOSED;SOURCE_INTERNAL,P24-MAT-PRED
PREDICTION_2022_03,PRED-C01,PRED-E01-R2,2,10,26.23976132,29.23185882,5.2953,CQA_sum,1.88512287,mg/g,9.98229113,CONCENTRATION_X_MEASURED_FRACTION_MASS,86,86,2,2,PROGRAMMED,VALID,SOURCE_DESIGNATED_PREDICTION,TARGET_EXPOSED;SOURCE_INTERNAL,P24-MAT-PRED
PREDICTION_2022_03,PRED-C01,PRED-E01-R2,2,10,26.23976132,29.23185882,5.2953,TDS,2.4819602,percent,131.42723867,CONCENTRATION_X_MEASURED_FRACTION_MASS,86,86,2,2,PROGRAMMED,VALID,SOURCE_DESIGNATED_PREDICTION,TARGET_EXPOSED;SOURCE_INTERNAL,P24-MAT-PRED
PREDICTION_2022_03,PRED-C01,PRED-E01-R3,3,1,0,2.98746591,6.2379,caffeine,8.76591173,mg/g,54.68088075,CONCENTRATION_X_MEASURED_FRACTION_MASS,86,86,2,2,PROGRAMMED,VALID,SOURCE_DESIGNATED_PREDICTION,TARGET_EXPOSED;SOURCE_INTERNAL,P24-MAT-PRED
PREDICTION_2022_03,PRED-C01,PRED-E01-R3,3,1,0,2.98746591,6.2379,trigonelline,5.5422719,mg/g,34.57213789,CONCENTRATION_X_MEASURED_FRACTION_MASS,86,86,2,2,PROGRAMMED,VALID,SOURCE_DESIGNATED_PREDICTION,TARGET_EXPOSED;SOURCE_INTERNAL,P24-MAT-PRED
PREDICTION_2022_03,PRED-C01,PRED-E01-R3,3,1,0,2.98746591,6.2379,5CQA,7.01470931,mg/g,43.75705522,CONCENTRATION_X_MEASURED_FRACTION_MASS,86,86,2,2,PROGRAMMED,VALID,SOURCE_DESIGNATED_PREDICTION,TARGET_EXPOSED;SOURCE_INTERNAL,P24-MAT-PRED
PREDICTION_2022_03,PRED-C01,PRED-E01-R3,3,1,0,2.98746591,6.2379,CQA_sum,13.87721445,mg/g,86.56467604,CONCENTRATION_X_MEASURED_FRACTION_MASS,86,86,2,2,PROGRAMMED,VALID,SOURCE_DESIGNATED_PREDICTION,TARGET_EXPOSED;SOURCE_INTERNAL,P24-MAT-PRED
PREDICTION_2022_03,PRED-C01,PRED-E01-R3,3,1,0,2.98746591,6.2379,TDS,21.30568844,percent,1329.02753906,CONCENTRATION_X_MEASURED_FRACTION_MASS,86,86,2,2,PROGRAMMED,VALID,SOURCE_DESIGNATED_PREDICTION,TARGET_EXPOSED;SOURCE_INTERNAL,P24-MAT-PRED
PREDICTION_2022_03,PRED-C01,PRED-E01-R3,3,2,2.98746591,6.06645753,6.3119,caffeine,6.20963907,mg/g,39.19462086,CONCENTRATION_X_MEASURED_FRACTION_MASS,86,86,2,2,PROGRAMMED,VALID,SOURCE_DESIGNATED_PREDICTION,TARGET_EXPOSED;SOURCE_INTERNAL,P24-MAT-PRED
PREDICTION_2022_03,PRED-C01,PRED-E01-R3,3,2,2.98746591,6.06645753,6.3119,trigonelline,3.40921139,mg/g,21.51860135,CONCENTRATION_X_MEASURED_FRACTION_MASS,86,86,2,2,PROGRAMMED,VALID,SOURCE_DESIGNATED_PREDICTION,TARGET_EXPOSED;SOURCE_INTERNAL,P24-MAT-PRED
PREDICTION_2022_03,PRED-C01,PRED-E01-R3,3,2,2.98746591,6.06645753,6.3119,5CQA,4.90133663,mg/g,30.93674665,CONCENTRATION_X_MEASURED_FRACTION_MASS,86,86,2,2,PROGRAMMED,VALID,SOURCE_DESIGNATED_PREDICTION,TARGET_EXPOSED;SOURCE_INTERNAL,P24-MAT-PRED
PREDICTION_2022_03,PRED-C01,PRED-E01-R3,3,2,2.98746591,6.06645753,6.3119,CQA_sum,9.71249155,mg/g,61.30427541,CONCENTRATION_X_MEASURED_FRACTION_MASS,86,86,2,2,PROGRAMMED,VALID,SOURCE_DESIGNATED_PREDICTION,TARGET_EXPOSED;SOURCE_INTERNAL,P24-MAT-PRED
PREDICTION_2022_03,PRED-C01,PRED-E01-R3,3,2,2.98746591,6.06645753,6.3119,TDS,13.74279665,percent,867.43158199,CONCENTRATION_X_MEASURED_FRACTION_MASS,86,86,2,2,PROGRAMMED,VALID,SOURCE_DESIGNATED_PREDICTION,TARGET_EXPOSED;SOURCE_INTERNAL,P24-MAT-PRED
PREDICTION_2022_03,PRED-C01,PRED-E01-R3,3,3,6.06645753,9.11135505,6.1251,caffeine,4.61005287,mg/g,28.23703485,CONCENTRATION_X_MEASURED_FRACTION_MASS,86,86,2,2,PROGRAMMED,VALID,SOURCE_DESIGNATED_PREDICTION,TARGET_EXPOSED;SOURCE_INTERNAL,P24-MAT-PRED
PREDICTION_2022_03,PRED-C01,PRED-E01-R3,3,3,6.06645753,9.11135505,6.1251,trigonelline,2.3875887,mg/g,14.62421956,CONCENTRATION_X_MEASURED_FRACTION_MASS,86,86,2,2,PROGRAMMED,VALID,SOURCE_DESIGNATED_PREDICTION,TARGET_EXPOSED;SOURCE_INTERNAL,P24-MAT-PRED
PREDICTION_2022_03,PRED-C01,PRED-E01-R3,3,3,6.06645753,9.11135505,6.1251,5CQA,3.47299264,mg/g,21.27242724,CONCENTRATION_X_MEASURED_FRACTION_MASS,86,86,2,2,PROGRAMMED,VALID,SOURCE_DESIGNATED_PREDICTION,TARGET_EXPOSED;SOURCE_INTERNAL,P24-MAT-PRED
PREDICTION_2022_03,PRED-C01,PRED-E01-R3,3,3,6.06645753,9.11135505,6.1251,CQA_sum,6.7983305,mg/g,41.64045417,CONCENTRATION_X_MEASURED_FRACTION_MASS,86,86,2,2,PROGRAMMED,VALID,SOURCE_DESIGNATED_PREDICTION,TARGET_EXPOSED;SOURCE_INTERNAL,P24-MAT-PRED
PREDICTION_2022_03,PRED-C01,PRED-E01-R3,3,3,6.06645753,9.11135505,6.1251,TDS,9.56140187,percent,585.64542573,CONCENTRATION_X_MEASURED_FRACTION_MASS,86,86,2,2,PROGRAMMED,VALID,SOURCE_DESIGNATED_PREDICTION,TARGET_EXPOSED;SOURCE_INTERNAL,P24-MAT-PRED
PREDICTION_2022_03,PRED-C01,PRED-E01-R3,3,5,11.87960262,14.77363278,5.6134,caffeine,2.91840299,mg/g,16.38216332,CONCENTRATION_X_MEASURED_FRACTION_MASS,86,86,2,2,PROGRAMMED,VALID,SOURCE_DESIGNATED_PREDICTION,TARGET_EXPOSED;SOURCE_INTERNAL,P24-MAT-PRED
PREDICTION_2022_03,PRED-C01,PRED-E01-R3,3,5,11.87960262,14.77363278,5.6134,trigonelline,1.19936222,mg/g,6.73249988,CONCENTRATION_X_MEASURED_FRACTION_MASS,86,86,2,2,PROGRAMMED,VALID,SOURCE_DESIGNATED_PREDICTION,TARGET_EXPOSED;SOURCE_INTERNAL,P24-MAT-PRED
PREDICTION_2022_03,PRED-C01,PRED-E01-R3,3,5,11.87960262,14.77363278,5.6134,5CQA,2.15393003,mg/g,12.09087081,CONCENTRATION_X_MEASURED_FRACTION_MASS,86,86,2,2,PROGRAMMED,VALID,SOURCE_DESIGNATED_PREDICTION,TARGET_EXPOSED;SOURCE_INTERNAL,P24-MAT-PRED
PREDICTION_2022_03,PRED-C01,PRED-E01-R3,3,5,11.87960262,14.77363278,5.6134,CQA_sum,4.21814638,mg/g,23.67814288,CONCENTRATION_X_MEASURED_FRACTION_MASS,86,86,2,2,PROGRAMMED,VALID,SOURCE_DESIGNATED_PREDICTION,TARGET_EXPOSED;SOURCE_INTERNAL,P24-MAT-PRED
PREDICTION_2022_03,PRED-C01,PRED-E01-R3,3,5,11.87960262,14.77363278,5.6134,TDS,5.58226102,percent,313.35464037,CONCENTRATION_X_MEASURED_FRACTION_MASS,86,86,2,2,PROGRAMMED,VALID,SOURCE_DESIGNATED_PREDICTION,TARGET_EXPOSED;SOURCE_INTERNAL,P24-MAT-PRED
PREDICTION_2022_03,PRED-C01,PRED-E01-R3,3,7,17.7283163,20.55183074,5.2708,caffeine,1.97234132,mg/g,10.39581665,CONCENTRATION_X_MEASURED_FRACTION_MASS,86,86,2,2,PROGRAMMED,VALID,SOURCE_DESIGNATED_PREDICTION,TARGET_EXPOSED;SOURCE_INTERNAL,P24-MAT-PRED
PREDICTION_2022_03,PRED-C01,PRED-E01-R3,3,7,17.7283163,20.55183074,5.2708,trigonelline,0.77000681,mg/g,4.05855188,CONCENTRATION_X_MEASURED_FRACTION_MASS,86,86,2,2,PROGRAMMED,VALID,SOURCE_DESIGNATED_PREDICTION,TARGET_EXPOSED;SOURCE_INTERNAL,P24-MAT-PRED
PREDICTION_2022_03,PRED-C01,PRED-E01-R3,3,7,17.7283163,20.55183074,5.2708,5CQA,1.39056689,mg/g,7.32939997,CONCENTRATION_X_MEASURED_FRACTION_MASS,86,86,2,2,PROGRAMMED,VALID,SOURCE_DESIGNATED_PREDICTION,TARGET_EXPOSED;SOURCE_INTERNAL,P24-MAT-PRED
PREDICTION_2022_03,PRED-C01,PRED-E01-R3,3,7,17.7283163,20.55183074,5.2708,CQA_sum,2.68471814,mg/g,14.15061239,CONCENTRATION_X_MEASURED_FRACTION_MASS,86,86,2,2,PROGRAMMED,VALID,SOURCE_DESIGNATED_PREDICTION,TARGET_EXPOSED;SOURCE_INTERNAL,P24-MAT-PRED
PREDICTION_2022_03,PRED-C01,PRED-E01-R3,3,7,17.7283163,20.55183074,5.2708,TDS,4.2223356,percent,222.55086477,CONCENTRATION_X_MEASURED_FRACTION_MASS,86,86,2,2,PROGRAMMED,VALID,SOURCE_DESIGNATED_PREDICTION,TARGET_EXPOSED;SOURCE_INTERNAL,P24-MAT-PRED
PREDICTION_2022_03,PRED-C01,PRED-E01-R3,3,10,26.62610377,29.66914721,5.3369,caffeine,1.23577111,mg/g,6.59518682,CONCENTRATION_X_MEASURED_FRACTION_MASS,86,86,2,2,PROGRAMMED,VALID,SOURCE_DESIGNATED_PREDICTION,TARGET_EXPOSED;SOURCE_INTERNAL,P24-MAT-PRED
PREDICTION_2022_03,PRED-C01,PRED-E01-R3,3,10,26.62610377,29.66914721,5.3369,trigonelline,0.36892233,mg/g,1.96890157,CONCENTRATION_X_MEASURED_FRACTION_MASS,86,86,2,2,PROGRAMMED,VALID,SOURCE_DESIGNATED_PREDICTION,TARGET_EXPOSED;SOURCE_INTERNAL,P24-MAT-PRED
PREDICTION_2022_03,PRED-C01,PRED-E01-R3,3,10,26.62610377,29.66914721,5.3369,5CQA,0.84811621,mg/g,4.52631138,CONCENTRATION_X_MEASURED_FRACTION_MASS,86,86,2,2,PROGRAMMED,VALID,SOURCE_DESIGNATED_PREDICTION,TARGET_EXPOSED;SOURCE_INTERNAL,P24-MAT-PRED
PREDICTION_2022_03,PRED-C01,PRED-E01-R3,3,10,26.62610377,29.66914721,5.3369,CQA_sum,1.56621375,mg/g,8.35872618,CONCENTRATION_X_MEASURED_FRACTION_MASS,86,86,2,2,PROGRAMMED,VALID,SOURCE_DESIGNATED_PREDICTION,TARGET_EXPOSED;SOURCE_INTERNAL,P24-MAT-PRED
PREDICTION_2022_03,PRED-C01,PRED-E01-R3,3,10,26.62610377,29.66914721,5.3369,TDS,1.94636103,percent,103.87534164,CONCENTRATION_X_MEASURED_FRACTION_MASS,86,86,2,2,PROGRAMMED,VALID,SOURCE_DESIGNATED_PREDICTION,TARGET_EXPOSED;SOURCE_INTERNAL,P24-MAT-PRED
PREDICTION_2022_03,PRED-C02,PRED-E02-R1,1,1,0,3.28093846,6.2299,caffeine,9.1423452,mg/g,56.95589634,CONCENTRATION_X_MEASURED_FRACTION_MASS,92,92,2,2,PROGRAMMED,VALID,SOURCE_DESIGNATED_PREDICTION,TARGET_EXPOSED;SOURCE_INTERNAL,P24-MAT-PRED
PREDICTION_2022_03,PRED-C02,PRED-E02-R1,1,1,0,3.28093846,6.2299,trigonelline,5.39286829,mg/g,33.59703016,CONCENTRATION_X_MEASURED_FRACTION_MASS,92,92,2,2,PROGRAMMED,VALID,SOURCE_DESIGNATED_PREDICTION,TARGET_EXPOSED;SOURCE_INTERNAL,P24-MAT-PRED
PREDICTION_2022_03,PRED-C02,PRED-E02-R1,1,1,0,3.28093846,6.2299,5CQA,6.98466338,mg/g,43.5137544,CONCENTRATION_X_MEASURED_FRACTION_MASS,92,92,2,2,PROGRAMMED,VALID,SOURCE_DESIGNATED_PREDICTION,TARGET_EXPOSED;SOURCE_INTERNAL,P24-MAT-PRED
PREDICTION_2022_03,PRED-C02,PRED-E02-R1,1,1,0,3.28093846,6.2299,CQA_sum,13.92909384,mg/g,86.77686171,CONCENTRATION_X_MEASURED_FRACTION_MASS,92,92,2,2,PROGRAMMED,VALID,SOURCE_DESIGNATED_PREDICTION,TARGET_EXPOSED;SOURCE_INTERNAL,P24-MAT-PRED
PREDICTION_2022_03,PRED-C02,PRED-E02-R1,1,1,0,3.28093846,6.2299,TDS,21.14243843,percent,1317.15277172,CONCENTRATION_X_MEASURED_FRACTION_MASS,92,92,2,2,PROGRAMMED,VALID,SOURCE_DESIGNATED_PREDICTION,TARGET_EXPOSED;SOURCE_INTERNAL,P24-MAT-PRED
PREDICTION_2022_03,PRED-C02,PRED-E02-R1,1,2,3.28093846,6.58165449,6.2562,caffeine,6.20284613,mg/g,38.80624599,CONCENTRATION_X_MEASURED_FRACTION_MASS,92,92,2,2,PROGRAMMED,VALID,SOURCE_DESIGNATED_PREDICTION,TARGET_EXPOSED;SOURCE_INTERNAL,P24-MAT-PRED
PREDICTION_2022_03,PRED-C02,PRED-E02-R1,1,2,3.28093846,6.58165449,6.2562,trigonelline,3.09831276,mg/g,19.38366429,CONCENTRATION_X_MEASURED_FRACTION_MASS,92,92,2,2,PROGRAMMED,VALID,SOURCE_DESIGNATED_PREDICTION,TARGET_EXPOSED;SOURCE_INTERNAL,P24-MAT-PRED
PREDICTION_2022_03,PRED-C02,PRED-E02-R1,1,2,3.28093846,6.58165449,6.2562,5CQA,4.67331108,mg/g,29.23716879,CONCENTRATION_X_MEASURED_FRACTION_MASS,92,92,2,2,PROGRAMMED,VALID,SOURCE_DESIGNATED_PREDICTION,TARGET_EXPOSED;SOURCE_INTERNAL,P24-MAT-PRED
PREDICTION_2022_03,PRED-C02,PRED-E02-R1,1,2,3.28093846,6.58165449,6.2562,CQA_sum,9.33907611,mg/g,58.42712794,CONCENTRATION_X_MEASURED_FRACTION_MASS,92,92,2,2,PROGRAMMED,VALID,SOURCE_DESIGNATED_PREDICTION,TARGET_EXPOSED;SOURCE_INTERNAL,P24-MAT-PRED
PREDICTION_2022_03,PRED-C02,PRED-E02-R1,1,2,3.28093846,6.58165449,6.2562,TDS,13.48497509,percent,843.64701143,CONCENTRATION_X_MEASURED_FRACTION_MASS,92,92,2,2,PROGRAMMED,VALID,SOURCE_DESIGNATED_PREDICTION,TARGET_EXPOSED;SOURCE_INTERNAL,P24-MAT-PRED
PREDICTION_2022_03,PRED-C02,PRED-E02-R1,1,3,6.58165449,9.6596061,5.8238,caffeine,4.60578677,mg/g,26.82318099,CONCENTRATION_X_MEASURED_FRACTION_MASS,92,92,2,2,PROGRAMMED,VALID,SOURCE_DESIGNATED_PREDICTION,TARGET_EXPOSED;SOURCE_INTERNAL,P24-MAT-PRED
PREDICTION_2022_03,PRED-C02,PRED-E02-R1,1,3,6.58165449,9.6596061,5.8238,trigonelline,2.29293467,mg/g,13.35359291,CONCENTRATION_X_MEASURED_FRACTION_MASS,92,92,2,2,PROGRAMMED,VALID,SOURCE_DESIGNATED_PREDICTION,TARGET_EXPOSED;SOURCE_INTERNAL,P24-MAT-PRED
PREDICTION_2022_03,PRED-C02,PRED-E02-R1,1,3,6.58165449,9.6596061,5.8238,5CQA,3.30985684,mg/g,19.27594428,CONCENTRATION_X_MEASURED_FRACTION_MASS,92,92,2,2,PROGRAMMED,VALID,SOURCE_DESIGNATED_PREDICTION,TARGET_EXPOSED;SOURCE_INTERNAL,P24-MAT-PRED
PREDICTION_2022_03,PRED-C02,PRED-E02-R1,1,3,6.58165449,9.6596061,5.8238,CQA_sum,6.53640687,mg/g,38.06672636,CONCENTRATION_X_MEASURED_FRACTION_MASS,92,92,2,2,PROGRAMMED,VALID,SOURCE_DESIGNATED_PREDICTION,TARGET_EXPOSED;SOURCE_INTERNAL,P24-MAT-PRED
PREDICTION_2022_03,PRED-C02,PRED-E02-R1,1,3,6.58165449,9.6596061,5.8238,TDS,9.23208096,percent,537.65793124,CONCENTRATION_X_MEASURED_FRACTION_MASS,92,92,2,2,PROGRAMMED,VALID,SOURCE_DESIGNATED_PREDICTION,TARGET_EXPOSED;SOURCE_INTERNAL,P24-MAT-PRED
PREDICTION_2022_03,PRED-C02,PRED-E02-R1,1,5,12.57607421,15.53224243,5.5752,caffeine,3.04614368,mg/g,16.98286025,CONCENTRATION_X_MEASURED_FRACTION_MASS,92,92,2,2,PROGRAMMED,VALID,SOURCE_DESIGNATED_PREDICTION,TARGET_EXPOSED;SOURCE_INTERNAL,P24-MAT-PRED
PREDICTION_2022_03,PRED-C02,PRED-E02-R1,1,5,12.57607421,15.53224243,5.5752,trigonelline,1.34571021,mg/g,7.50260354,CONCENTRATION_X_MEASURED_FRACTION_MASS,92,92,2,2,PROGRAMMED,VALID,SOURCE_DESIGNATED_PREDICTION,TARGET_EXPOSED;SOURCE_INTERNAL,P24-MAT-PRED
PREDICTION_2022_03,PRED-C02,PRED-E02-R1,1,5,12.57607421,15.53224243,5.5752,5CQA,2.16478718,mg/g,12.06912149,CONCENTRATION_X_MEASURED_FRACTION_MASS,92,92,2,2,PROGRAMMED,VALID,SOURCE_DESIGNATED_PREDICTION,TARGET_EXPOSED;SOURCE_INTERNAL,P24-MAT-PRED
PREDICTION_2022_03,PRED-C02,PRED-E02-R1,1,5,12.57607421,15.53224243,5.5752,CQA_sum,4.28450357,mg/g,23.88696433,CONCENTRATION_X_MEASURED_FRACTION_MASS,92,92,2,2,PROGRAMMED,VALID,SOURCE_DESIGNATED_PREDICTION,TARGET_EXPOSED;SOURCE_INTERNAL,P24-MAT-PRED
PREDICTION_2022_03,PRED-C02,PRED-E02-R1,1,5,12.57607421,15.53224243,5.5752,TDS,5.60473903,percent,312.47541026,CONCENTRATION_X_MEASURED_FRACTION_MASS,92,92,2,2,PROGRAMMED,VALID,SOURCE_DESIGNATED_PREDICTION,TARGET_EXPOSED;SOURCE_INTERNAL,P24-MAT-PRED
PREDICTION_2022_03,PRED-C02,PRED-E02-R1,1,7,18.53728777,21.34707976,5.282,caffeine,2.12128199,mg/g,11.20461146,CONCENTRATION_X_MEASURED_FRACTION_MASS,92,92,2,2,PROGRAMMED,VALID,SOURCE_DESIGNATED_PREDICTION,TARGET_EXPOSED;SOURCE_INTERNAL,P24-MAT-PRED
PREDICTION_2022_03,PRED-C02,PRED-E02-R1,1,7,18.53728777,21.34707976,5.282,trigonelline,0.81582358,mg/g,4.30918013,CONCENTRATION_X_MEASURED_FRACTION_MASS,92,92,2,2,PROGRAMMED,VALID,SOURCE_DESIGNATED_PREDICTION,TARGET_EXPOSED;SOURCE_INTERNAL,P24-MAT-PRED
PREDICTION_2022_03,PRED-C02,PRED-E02-R1,1,7,18.53728777,21.34707976,5.282,5CQA,1.44288983,mg/g,7.62134408,CONCENTRATION_X_MEASURED_FRACTION_MASS,92,92,2,2,PROGRAMMED,VALID,SOURCE_DESIGNATED_PREDICTION,TARGET_EXPOSED;SOURCE_INTERNAL,P24-MAT-PRED
PREDICTION_2022_03,PRED-C02,PRED-E02-R1,1,7,18.53728777,21.34707976,5.282,CQA_sum,2.82213913,mg/g,14.90653889,CONCENTRATION_X_MEASURED_FRACTION_MASS,92,92,2,2,PROGRAMMED,VALID,SOURCE_DESIGNATED_PREDICTION,TARGET_EXPOSED;SOURCE_INTERNAL,P24-MAT-PRED
PREDICTION_2022_03,PRED-C02,PRED-E02-R1,1,7,18.53728777,21.34707976,5.282,TDS,4.22405547,percent,223.11460983,CONCENTRATION_X_MEASURED_FRACTION_MASS,92,92,2,2,PROGRAMMED,VALID,SOURCE_DESIGNATED_PREDICTION,TARGET_EXPOSED;SOURCE_INTERNAL,P24-MAT-PRED
PREDICTION_2022_03,PRED-C02,PRED-E02-R1,1,10,27.30923992,30.27323259,5.5447,caffeine,1.26907525,mg/g,7.03664156,CONCENTRATION_X_MEASURED_FRACTION_MASS,92,92,2,2,PROGRAMMED,VALID,SOURCE_DESIGNATED_PREDICTION,TARGET_EXPOSED;SOURCE_INTERNAL,P24-MAT-PRED
PREDICTION_2022_03,PRED-C02,PRED-E02-R1,1,10,27.30923992,30.27323259,5.5447,trigonelline,0.38846332,mg/g,2.15391255,CONCENTRATION_X_MEASURED_FRACTION_MASS,92,92,2,2,PROGRAMMED,VALID,SOURCE_DESIGNATED_PREDICTION,TARGET_EXPOSED;SOURCE_INTERNAL,P24-MAT-PRED
PREDICTION_2022_03,PRED-C02,PRED-E02-R1,1,10,27.30923992,30.27323259,5.5447,5CQA,0.8463871,mg/g,4.69296258,CONCENTRATION_X_MEASURED_FRACTION_MASS,92,92,2,2,PROGRAMMED,VALID,SOURCE_DESIGNATED_PREDICTION,TARGET_EXPOSED;SOURCE_INTERNAL,P24-MAT-PRED
PREDICTION_2022_03,PRED-C02,PRED-E02-R1,1,10,27.30923992,30.27323259,5.5447,CQA_sum,1.646996,mg/g,9.13209871,CONCENTRATION_X_MEASURED_FRACTION_MASS,92,92,2,2,PROGRAMMED,VALID,SOURCE_DESIGNATED_PREDICTION,TARGET_EXPOSED;SOURCE_INTERNAL,P24-MAT-PRED
PREDICTION_2022_03,PRED-C02,PRED-E02-R1,1,10,27.30923992,30.27323259,5.5447,TDS,2.11865552,percent,117.47309255,CONCENTRATION_X_MEASURED_FRACTION_MASS,92,92,2,2,PROGRAMMED,VALID,SOURCE_DESIGNATED_PREDICTION,TARGET_EXPOSED;SOURCE_INTERNAL,P24-MAT-PRED
PREDICTION_2022_03,PRED-C02,PRED-E02-R2,2,1,0,2.89566194,5.7427,caffeine,8.75367786,mg/g,50.26974582,CONCENTRATION_X_MEASURED_FRACTION_MASS,92,92,2,2,PROGRAMMED,VALID,SOURCE_DESIGNATED_PREDICTION,TARGET_EXPOSED;SOURCE_INTERNAL,P24-MAT-PRED
PREDICTION_2022_03,PRED-C02,PRED-E02-R2,2,1,0,2.89566194,5.7427,trigonelline,5.3668752,mg/g,30.82035423,CONCENTRATION_X_MEASURED_FRACTION_MASS,92,92,2,2,PROGRAMMED,VALID,SOURCE_DESIGNATED_PREDICTION,TARGET_EXPOSED;SOURCE_INTERNAL,P24-MAT-PRED
PREDICTION_2022_03,PRED-C02,PRED-E02-R2,2,1,0,2.89566194,5.7427,5CQA,6.83165209,mg/g,39.23212847,CONCENTRATION_X_MEASURED_FRACTION_MASS,92,92,2,2,PROGRAMMED,VALID,SOURCE_DESIGNATED_PREDICTION,TARGET_EXPOSED;SOURCE_INTERNAL,P24-MAT-PRED
PREDICTION_2022_03,PRED-C02,PRED-E02-R2,2,1,0,2.89566194,5.7427,CQA_sum,13.59121411,mg/g,78.05026525,CONCENTRATION_X_MEASURED_FRACTION_MASS,92,92,2,2,PROGRAMMED,VALID,SOURCE_DESIGNATED_PREDICTION,TARGET_EXPOSED;SOURCE_INTERNAL,P24-MAT-PRED
PREDICTION_2022_03,PRED-C02,PRED-E02-R2,2,1,0,2.89566194,5.7427,TDS,20.85818336,percent,1197.82289598,CONCENTRATION_X_MEASURED_FRACTION_MASS,92,92,2,2,PROGRAMMED,VALID,SOURCE_DESIGNATED_PREDICTION,TARGET_EXPOSED;SOURCE_INTERNAL,P24-MAT-PRED
PREDICTION_2022_03,PRED-C02,PRED-E02-R2,2,2,2.89566194,6.04701966,6.1923,caffeine,6.52594665,mg/g,40.41061946,CONCENTRATION_X_MEASURED_FRACTION_MASS,92,92,2,2,PROGRAMMED,VALID,SOURCE_DESIGNATED_PREDICTION,TARGET_EXPOSED;SOURCE_INTERNAL,P24-MAT-PRED
PREDICTION_2022_03,PRED-C02,PRED-E02-R2,2,2,2.89566194,6.04701966,6.1923,trigonelline,3.57535718,mg/g,22.13968428,CONCENTRATION_X_MEASURED_FRACTION_MASS,92,92,2,2,PROGRAMMED,VALID,SOURCE_DESIGNATED_PREDICTION,TARGET_EXPOSED;SOURCE_INTERNAL,P24-MAT-PRED
PREDICTION_2022_03,PRED-C02,PRED-E02-R2,2,2,2.89566194,6.04701966,6.1923,5CQA,5.01970247,mg/g,31.08350359,CONCENTRATION_X_MEASURED_FRACTION_MASS,92,92,2,2,PROGRAMMED,VALID,SOURCE_DESIGNATED_PREDICTION,TARGET_EXPOSED;SOURCE_INTERNAL,P24-MAT-PRED
PREDICTION_2022_03,PRED-C02,PRED-E02-R2,2,2,2.89566194,6.04701966,6.1923,CQA_sum,10.03315315,mg/g,62.12829428,CONCENTRATION_X_MEASURED_FRACTION_MASS,92,92,2,2,PROGRAMMED,VALID,SOURCE_DESIGNATED_PREDICTION,TARGET_EXPOSED;SOURCE_INTERNAL,P24-MAT-PRED
PREDICTION_2022_03,PRED-C02,PRED-E02-R2,2,2,2.89566194,6.04701966,6.1923,TDS,14.65298798,percent,907.35697497,CONCENTRATION_X_MEASURED_FRACTION_MASS,92,92,2,2,PROGRAMMED,VALID,SOURCE_DESIGNATED_PREDICTION,TARGET_EXPOSED;SOURCE_INTERNAL,P24-MAT-PRED
PREDICTION_2022_03,PRED-C02,PRED-E02-R2,2,3,6.04701966,9.07194797,5.8875,caffeine,4.67205744,mg/g,27.50673818,CONCENTRATION_X_MEASURED_FRACTION_MASS,92,92,2,2,PROGRAMMED,VALID,SOURCE_DESIGNATED_PREDICTION,TARGET_EXPOSED;SOURCE_INTERNAL,P24-MAT-PRED
PREDICTION_2022_03,PRED-C02,PRED-E02-R2,2,3,6.04701966,9.07194797,5.8875,trigonelline,2.38694418,mg/g,14.05313384,CONCENTRATION_X_MEASURED_FRACTION_MASS,92,92,2,2,PROGRAMMED,VALID,SOURCE_DESIGNATED_PREDICTION,TARGET_EXPOSED;SOURCE_INTERNAL,P24-MAT-PRED
PREDICTION_2022_03,PRED-C02,PRED-E02-R2,2,3,6.04701966,9.07194797,5.8875,5CQA,3.44060447,mg/g,20.25655882,CONCENTRATION_X_MEASURED_FRACTION_MASS,92,92,2,2,PROGRAMMED,VALID,SOURCE_DESIGNATED_PREDICTION,TARGET_EXPOSED;SOURCE_INTERNAL,P24-MAT-PRED
PREDICTION_2022_03,PRED-C02,PRED-E02-R2,2,3,6.04701966,9.07194797,5.8875,CQA_sum,6.78416996,mg/g,39.94180063,CONCENTRATION_X_MEASURED_FRACTION_MASS,92,92,2,2,PROGRAMMED,VALID,SOURCE_DESIGNATED_PREDICTION,TARGET_EXPOSED;SOURCE_INTERNAL,P24-MAT-PRED
PREDICTION_2022_03,PRED-C02,PRED-E02-R2,2,3,6.04701966,9.07194797,5.8875,TDS,9.56405594,percent,563.08379376,CONCENTRATION_X_MEASURED_FRACTION_MASS,92,92,2,2,PROGRAMMED,VALID,SOURCE_DESIGNATED_PREDICTION,TARGET_EXPOSED;SOURCE_INTERNAL,P24-MAT-PRED
PREDICTION_2022_03,PRED-C02,PRED-E02-R2,2,5,12.06139891,15.02619663,5.6634,caffeine,2.99713897,mg/g,16.97399683,CONCENTRATION_X_MEASURED_FRACTION_MASS,92,92,2,2,PROGRAMMED,VALID,SOURCE_DESIGNATED_PREDICTION,TARGET_EXPOSED;SOURCE_INTERNAL,P24-MAT-PRED
PREDICTION_2022_03,PRED-C02,PRED-E02-R2,2,5,12.06139891,15.02619663,5.6634,trigonelline,1.30087397,mg/g,7.36736967,CONCENTRATION_X_MEASURED_FRACTION_MASS,92,92,2,2,PROGRAMMED,VALID,SOURCE_DESIGNATED_PREDICTION,TARGET_EXPOSED;SOURCE_INTERNAL,P24-MAT-PRED
PREDICTION_2022_03,PRED-C02,PRED-E02-R2,2,5,12.06139891,15.02619663,5.6634,5CQA,2.16848132,mg/g,12.28097709,CONCENTRATION_X_MEASURED_FRACTION_MASS,92,92,2,2,PROGRAMMED,VALID,SOURCE_DESIGNATED_PREDICTION,TARGET_EXPOSED;SOURCE_INTERNAL,P24-MAT-PRED
PREDICTION_2022_03,PRED-C02,PRED-E02-R2,2,5,12.06139891,15.02619663,5.6634,CQA_sum,4.27714685,mg/g,24.22319347,CONCENTRATION_X_MEASURED_FRACTION_MASS,92,92,2,2,PROGRAMMED,VALID,SOURCE_DESIGNATED_PREDICTION,TARGET_EXPOSED;SOURCE_INTERNAL,P24-MAT-PRED
PREDICTION_2022_03,PRED-C02,PRED-E02-R2,2,5,12.06139891,15.02619663,5.6634,TDS,5.63283896,percent,319.01020192,CONCENTRATION_X_MEASURED_FRACTION_MASS,92,92,2,2,PROGRAMMED,VALID,SOURCE_DESIGNATED_PREDICTION,TARGET_EXPOSED;SOURCE_INTERNAL,P24-MAT-PRED
PREDICTION_2022_03,PRED-C02,PRED-E02-R2,2,7,17.89917478,20.8436866,5.5211,caffeine,2.09465323,mg/g,11.56478996,CONCENTRATION_X_MEASURED_FRACTION_MASS,92,92,2,2,PROGRAMMED,VALID,SOURCE_DESIGNATED_PREDICTION,TARGET_EXPOSED;SOURCE_INTERNAL,P24-MAT-PRED
PREDICTION_2022_03,PRED-C02,PRED-E02-R2,2,7,17.89917478,20.8436866,5.5211,trigonelline,0.81436746,mg/g,4.49620418,CONCENTRATION_X_MEASURED_FRACTION_MASS,92,92,2,2,PROGRAMMED,VALID,SOURCE_DESIGNATED_PREDICTION,TARGET_EXPOSED;SOURCE_INTERNAL,P24-MAT-PRED
PREDICTION_2022_03,PRED-C02,PRED-E02-R2,2,7,17.89917478,20.8436866,5.5211,5CQA,1.45518973,mg/g,8.03424804,CONCENTRATION_X_MEASURED_FRACTION_MASS,92,92,2,2,PROGRAMMED,VALID,SOURCE_DESIGNATED_PREDICTION,TARGET_EXPOSED;SOURCE_INTERNAL,P24-MAT-PRED
PREDICTION_2022_03,PRED-C02,PRED-E02-R2,2,7,17.89917478,20.8436866,5.5211,CQA_sum,2.8342245,mg/g,15.64803688,CONCENTRATION_X_MEASURED_FRACTION_MASS,92,92,2,2,PROGRAMMED,VALID,SOURCE_DESIGNATED_PREDICTION,TARGET_EXPOSED;SOURCE_INTERNAL,P24-MAT-PRED
PREDICTION_2022_03,PRED-C02,PRED-E02-R2,2,7,17.89917478,20.8436866,5.5211,TDS,4.24253191,percent,234.23442917,CONCENTRATION_X_MEASURED_FRACTION_MASS,92,92,2,2,PROGRAMMED,VALID,SOURCE_DESIGNATED_PREDICTION,TARGET_EXPOSED;SOURCE_INTERNAL,P24-MAT-PRED
PREDICTION_2022_03,PRED-C02,PRED-E02-R2,2,10,26.88835853,29.97238278,5.6141,caffeine,1.34925711,mg/g,7.57486432,CONCENTRATION_X_MEASURED_FRACTION_MASS,92,92,2,2,PROGRAMMED,VALID,SOURCE_DESIGNATED_PREDICTION,TARGET_EXPOSED;SOURCE_INTERNAL,P24-MAT-PRED
PREDICTION_2022_03,PRED-C02,PRED-E02-R2,2,10,26.88835853,29.97238278,5.6141,trigonelline,0.44330449,mg/g,2.48875573,CONCENTRATION_X_MEASURED_FRACTION_MASS,92,92,2,2,PROGRAMMED,VALID,SOURCE_DESIGNATED_PREDICTION,TARGET_EXPOSED;SOURCE_INTERNAL,P24-MAT-PRED
PREDICTION_2022_03,PRED-C02,PRED-E02-R2,2,10,26.88835853,29.97238278,5.6141,5CQA,0.92903533,mg/g,5.21569725,CONCENTRATION_X_MEASURED_FRACTION_MASS,92,92,2,2,PROGRAMMED,VALID,SOURCE_DESIGNATED_PREDICTION,TARGET_EXPOSED;SOURCE_INTERNAL,P24-MAT-PRED
PREDICTION_2022_03,PRED-C02,PRED-E02-R2,2,10,26.88835853,29.97238278,5.6141,CQA_sum,1.79564929,mg/g,10.08095469,CONCENTRATION_X_MEASURED_FRACTION_MASS,92,92,2,2,PROGRAMMED,VALID,SOURCE_DESIGNATED_PREDICTION,TARGET_EXPOSED;SOURCE_INTERNAL,P24-MAT-PRED
PREDICTION_2022_03,PRED-C02,PRED-E02-R2,2,10,26.88835853,29.97238278,5.6141,TDS,2.1303314,percent,119.59893493,CONCENTRATION_X_MEASURED_FRACTION_MASS,92,92,2,2,PROGRAMMED,VALID,SOURCE_DESIGNATED_PREDICTION,TARGET_EXPOSED;SOURCE_INTERNAL,P24-MAT-PRED
PREDICTION_2022_03,PRED-C02,PRED-E02-R3,3,1,0,3.5145842,7.0668,caffeine,8.4035111,mg/g,59.38593224,CONCENTRATION_X_MEASURED_FRACTION_MASS,92,92,2,2,PROGRAMMED,VALID,SOURCE_DESIGNATED_PREDICTION,TARGET_EXPOSED;SOURCE_INTERNAL,P24-MAT-PRED
PREDICTION_2022_03,PRED-C02,PRED-E02-R3,3,1,0,3.5145842,7.0668,trigonelline,5.06915449,mg/g,35.82270098,CONCENTRATION_X_MEASURED_FRACTION_MASS,92,92,2,2,PROGRAMMED,VALID,SOURCE_DESIGNATED_PREDICTION,TARGET_EXPOSED;SOURCE_INTERNAL,P24-MAT-PRED
PREDICTION_2022_03,PRED-C02,PRED-E02-R3,3,1,0,3.5145842,7.0668,5CQA,6.75356389,mg/g,47.72608527,CONCENTRATION_X_MEASURED_FRACTION_MASS,92,92,2,2,PROGRAMMED,VALID,SOURCE_DESIGNATED_PREDICTION,TARGET_EXPOSED;SOURCE_INTERNAL,P24-MAT-PRED
PREDICTION_2022_03,PRED-C02,PRED-E02-R3,3,1,0,3.5145842,7.0668,CQA_sum,13.10535138,mg/g,92.61289712,CONCENTRATION_X_MEASURED_FRACTION_MASS,92,92,2,2,PROGRAMMED,VALID,SOURCE_DESIGNATED_PREDICTION,TARGET_EXPOSED;SOURCE_INTERNAL,P24-MAT-PRED
PREDICTION_2022_03,PRED-C02,PRED-E02-R3,3,1,0,3.5145842,7.0668,TDS,19.80954528,percent,1399.90094584,CONCENTRATION_X_MEASURED_FRACTION_MASS,92,92,2,2,PROGRAMMED,VALID,SOURCE_DESIGNATED_PREDICTION,TARGET_EXPOSED;SOURCE_INTERNAL,P24-MAT-PRED
PREDICTION_2022_03,PRED-C02,PRED-E02-R3,3,2,3.5145842,6.55065188,6.0162,caffeine,5.90569443,mg/g,35.52983884,CONCENTRATION_X_MEASURED_FRACTION_MASS,92,92,2,2,PROGRAMMED,VALID,SOURCE_DESIGNATED_PREDICTION,TARGET_EXPOSED;SOURCE_INTERNAL,P24-MAT-PRED
PREDICTION_2022_03,PRED-C02,PRED-E02-R3,3,2,3.5145842,6.55065188,6.0162,trigonelline,3.15432847,mg/g,18.97707093,CONCENTRATION_X_MEASURED_FRACTION_MASS,92,92,2,2,PROGRAMMED,VALID,SOURCE_DESIGNATED_PREDICTION,TARGET_EXPOSED;SOURCE_INTERNAL,P24-MAT-PRED
PREDICTION_2022_03,PRED-C02,PRED-E02-R3,3,2,3.5145842,6.55065188,6.0162,5CQA,4.74979275,mg/g,28.57570313,CONCENTRATION_X_MEASURED_FRACTION_MASS,92,92,2,2,PROGRAMMED,VALID,SOURCE_DESIGNATED_PREDICTION,TARGET_EXPOSED;SOURCE_INTERNAL,P24-MAT-PRED
PREDICTION_2022_03,PRED-C02,PRED-E02-R3,3,2,3.5145842,6.55065188,6.0162,CQA_sum,9.22744326,mg/g,55.51414412,CONCENTRATION_X_MEASURED_FRACTION_MASS,92,92,2,2,PROGRAMMED,VALID,SOURCE_DESIGNATED_PREDICTION,TARGET_EXPOSED;SOURCE_INTERNAL,P24-MAT-PRED
PREDICTION_2022_03,PRED-C02,PRED-E02-R3,3,2,3.5145842,6.55065188,6.0162,TDS,12.36915021,percent,744.1528148,CONCENTRATION_X_MEASURED_FRACTION_MASS,92,92,2,2,PROGRAMMED,VALID,SOURCE_DESIGNATED_PREDICTION,TARGET_EXPOSED;SOURCE_INTERNAL,P24-MAT-PRED
PREDICTION_2022_03,PRED-C02,PRED-E02-R3,3,3,6.55065188,9.44739912,5.6637,caffeine,4.31023043,mg/g,24.41185211,CONCENTRATION_X_MEASURED_FRACTION_MASS,92,92,2,2,PROGRAMMED,VALID,SOURCE_DESIGNATED_PREDICTION,TARGET_EXPOSED;SOURCE_INTERNAL,P24-MAT-PRED
PREDICTION_2022_03,PRED-C02,PRED-E02-R3,3,3,6.55065188,9.44739912,5.6637,trigonelline,2.13568986,mg/g,12.09590664,CONCENTRATION_X_MEASURED_FRACTION_MASS,92,92,2,2,PROGRAMMED,VALID,SOURCE_DESIGNATED_PREDICTION,TARGET_EXPOSED;SOURCE_INTERNAL,P24-MAT-PRED
PREDICTION_2022_03,PRED-C02,PRED-E02-R3,3,3,6.55065188,9.44739912,5.6637,5CQA,3.3483379,mg/g,18.96398139,CONCENTRATION_X_MEASURED_FRACTION_MASS,92,92,2,2,PROGRAMMED,VALID,SOURCE_DESIGNATED_PREDICTION,TARGET_EXPOSED;SOURCE_INTERNAL,P24-MAT-PRED
PREDICTION_2022_03,PRED-C02,PRED-E02-R3,3,3,6.55065188,9.44739912,5.6637,CQA_sum,6.29855156,mg/g,35.67310646,CONCENTRATION_X_MEASURED_FRACTION_MASS,92,92,2,2,PROGRAMMED,VALID,SOURCE_DESIGNATED_PREDICTION,TARGET_EXPOSED;SOURCE_INTERNAL,P24-MAT-PRED
PREDICTION_2022_03,PRED-C02,PRED-E02-R3,3,3,6.55065188,9.44739912,5.6637,TDS,8.87661851,percent,502.74504229,CONCENTRATION_X_MEASURED_FRACTION_MASS,92,92,2,2,PROGRAMMED,VALID,SOURCE_DESIGNATED_PREDICTION,TARGET_EXPOSED;SOURCE_INTERNAL,P24-MAT-PRED
PREDICTION_2022_03,PRED-C02,PRED-E02-R3,3,5,12.3650867,15.05073667,5.1146,caffeine,2.83372698,mg/g,14.49337999,CONCENTRATION_X_MEASURED_FRACTION_MASS,92,92,2,2,PROGRAMMED,VALID,SOURCE_DESIGNATED_PREDICTION,TARGET_EXPOSED;SOURCE_INTERNAL,P24-MAT-PRED
PREDICTION_2022_03,PRED-C02,PRED-E02-R3,3,5,12.3650867,15.05073667,5.1146,trigonelline,1.22846487,mg/g,6.28310642,CONCENTRATION_X_MEASURED_FRACTION_MASS,92,92,2,2,PROGRAMMED,VALID,SOURCE_DESIGNATED_PREDICTION,TARGET_EXPOSED;SOURCE_INTERNAL,P24-MAT-PRED
PREDICTION_2022_03,PRED-C02,PRED-E02-R3,3,5,12.3650867,15.05073667,5.1146,5CQA,2.15187017,mg/g,11.00595517,CONCENTRATION_X_MEASURED_FRACTION_MASS,92,92,2,2,PROGRAMMED,VALID,SOURCE_DESIGNATED_PREDICTION,TARGET_EXPOSED;SOURCE_INTERNAL,P24-MAT-PRED
PREDICTION_2022_03,PRED-C02,PRED-E02-R3,3,5,12.3650867,15.05073667,5.1146,CQA_sum,4.11691468,mg/g,21.0563718,CONCENTRATION_X_MEASURED_FRACTION_MASS,92,92,2,2,PROGRAMMED,VALID,SOURCE_DESIGNATED_PREDICTION,TARGET_EXPOSED;SOURCE_INTERNAL,P24-MAT-PRED
PREDICTION_2022_03,PRED-C02,PRED-E02-R3,3,5,12.3650867,15.05073667,5.1146,TDS,5.64127459,percent,288.52862995,CONCENTRATION_X_MEASURED_FRACTION_MASS,92,92,2,2,PROGRAMMED,VALID,SOURCE_DESIGNATED_PREDICTION,TARGET_EXPOSED;SOURCE_INTERNAL,P24-MAT-PRED
PREDICTION_2022_03,PRED-C02,PRED-E02-R3,3,7,18.08975792,20.89645004,5.2007,caffeine,2.06048237,mg/g,10.71595065,CONCENTRATION_X_MEASURED_FRACTION_MASS,92,92,2,2,PROGRAMMED,VALID,SOURCE_DESIGNATED_PREDICTION,TARGET_EXPOSED;SOURCE_INTERNAL,P24-MAT-PRED
PREDICTION_2022_03,PRED-C02,PRED-E02-R3,3,7,18.08975792,20.89645004,5.2007,trigonelline,0.83079744,mg/g,4.32072825,CONCENTRATION_X_MEASURED_FRACTION_MASS,92,92,2,2,PROGRAMMED,VALID,SOURCE_DESIGNATED_PREDICTION,TARGET_EXPOSED;SOURCE_INTERNAL,P24-MAT-PRED
PREDICTION_2022_03,PRED-C02,PRED-E02-R3,3,7,18.08975792,20.89645004,5.2007,5CQA,1.477182,mg/g,7.68238041,CONCENTRATION_X_MEASURED_FRACTION_MASS,92,92,2,2,PROGRAMMED,VALID,SOURCE_DESIGNATED_PREDICTION,TARGET_EXPOSED;SOURCE_INTERNAL,P24-MAT-PRED
PREDICTION_2022_03,PRED-C02,PRED-E02-R3,3,7,18.08975792,20.89645004,5.2007,CQA_sum,2.82538711,mg/g,14.69399074,CONCENTRATION_X_MEASURED_FRACTION_MASS,92,92,2,2,PROGRAMMED,VALID,SOURCE_DESIGNATED_PREDICTION,TARGET_EXPOSED;SOURCE_INTERNAL,P24-MAT-PRED
PREDICTION_2022_03,PRED-C02,PRED-E02-R3,3,7,18.08975792,20.89645004,5.2007,TDS,4.41025114,percent,229.36393081,CONCENTRATION_X_MEASURED_FRACTION_MASS,92,92,2,2,PROGRAMMED,VALID,SOURCE_DESIGNATED_PREDICTION,TARGET_EXPOSED;SOURCE_INTERNAL,P24-MAT-PRED
PREDICTION_2022_03,PRED-C02,PRED-E02-R3,3,10,26.82953564,29.95267351,5.5399,caffeine,1.29844522,mg/g,7.1932567,CONCENTRATION_X_MEASURED_FRACTION_MASS,92,92,2,2,PROGRAMMED,VALID,SOURCE_DESIGNATED_PREDICTION,TARGET_EXPOSED;SOURCE_INTERNAL,P24-MAT-PRED
PREDICTION_2022_03,PRED-C02,PRED-E02-R3,3,10,26.82953564,29.95267351,5.5399,trigonelline,0.44018006,mg/g,2.43855351,CONCENTRATION_X_MEASURED_FRACTION_MASS,92,92,2,2,PROGRAMMED,VALID,SOURCE_DESIGNATED_PREDICTION,TARGET_EXPOSED;SOURCE_INTERNAL,P24-MAT-PRED
PREDICTION_2022_03,PRED-C02,PRED-E02-R3,3,10,26.82953564,29.95267351,5.5399,5CQA,0.92278128,mg/g,5.11211599,CONCENTRATION_X_MEASURED_FRACTION_MASS,92,92,2,2,PROGRAMMED,VALID,SOURCE_DESIGNATED_PREDICTION,TARGET_EXPOSED;SOURCE_INTERNAL,P24-MAT-PRED
PREDICTION_2022_03,PRED-C02,PRED-E02-R3,3,10,26.82953564,29.95267351,5.5399,CQA_sum,1.75346114,mg/g,9.71399938,CONCENTRATION_X_MEASURED_FRACTION_MASS,92,92,2,2,PROGRAMMED,VALID,SOURCE_DESIGNATED_PREDICTION,TARGET_EXPOSED;SOURCE_INTERNAL,P24-MAT-PRED
PREDICTION_2022_03,PRED-C02,PRED-E02-R3,3,10,26.82953564,29.95267351,5.5399,TDS,2.30531262,percent,127.71201402,CONCENTRATION_X_MEASURED_FRACTION_MASS,92,92,2,2,PROGRAMMED,VALID,SOURCE_DESIGNATED_PREDICTION,TARGET_EXPOSED;SOURCE_INTERNAL,P24-MAT-PRED
PREDICTION_2022_03,PRED-C03,PRED-E03-R1,1,1,0,3.35755566,6.9161,caffeine,8.2267661,mg/g,56.89713701,CONCENTRATION_X_MEASURED_FRACTION_MASS,88,93,2,2,PROGRAMMED,VALID,SOURCE_DESIGNATED_PREDICTION,TARGET_EXPOSED;SOURCE_INTERNAL,P24-MAT-PRED
PREDICTION_2022_03,PRED-C03,PRED-E03-R1,1,1,0,3.35755566,6.9161,trigonelline,5.23019647,mg/g,36.17256183,CONCENTRATION_X_MEASURED_FRACTION_MASS,88,93,2,2,PROGRAMMED,VALID,SOURCE_DESIGNATED_PREDICTION,TARGET_EXPOSED;SOURCE_INTERNAL,P24-MAT-PRED
PREDICTION_2022_03,PRED-C03,PRED-E03-R1,1,1,0,3.35755566,6.9161,5CQA,6.71639928,mg/g,46.45128905,CONCENTRATION_X_MEASURED_FRACTION_MASS,88,93,2,2,PROGRAMMED,VALID,SOURCE_DESIGNATED_PREDICTION,TARGET_EXPOSED;SOURCE_INTERNAL,P24-MAT-PRED
PREDICTION_2022_03,PRED-C03,PRED-E03-R1,1,1,0,3.35755566,6.9161,CQA_sum,13.00244811,mg/g,89.92623135,CONCENTRATION_X_MEASURED_FRACTION_MASS,88,93,2,2,PROGRAMMED,VALID,SOURCE_DESIGNATED_PREDICTION,TARGET_EXPOSED;SOURCE_INTERNAL,P24-MAT-PRED
PREDICTION_2022_03,PRED-C03,PRED-E03-R1,1,1,0,3.35755566,6.9161,TDS,19.62414242,percent,1357.22531378,CONCENTRATION_X_MEASURED_FRACTION_MASS,88,93,2,2,PROGRAMMED,VALID,SOURCE_DESIGNATED_PREDICTION,TARGET_EXPOSED;SOURCE_INTERNAL,P24-MAT-PRED
PREDICTION_2022_03,PRED-C03,PRED-E03-R1,1,2,3.35755566,6.33916722,6.023,caffeine,5.67566347,mg/g,34.18452107,CONCENTRATION_X_MEASURED_FRACTION_MASS,88,93,2,2,PROGRAMMED,VALID,SOURCE_DESIGNATED_PREDICTION,TARGET_EXPOSED;SOURCE_INTERNAL,P24-MAT-PRED
PREDICTION_2022_03,PRED-C03,PRED-E03-R1,1,2,3.35755566,6.33916722,6.023,trigonelline,3.12307492,mg/g,18.81028025,CONCENTRATION_X_MEASURED_FRACTION_MASS,88,93,2,2,PROGRAMMED,VALID,SOURCE_DESIGNATED_PREDICTION,TARGET_EXPOSED;SOURCE_INTERNAL,P24-MAT-PRED
PREDICTION_2022_03,PRED-C03,PRED-E03-R1,1,2,3.35755566,6.33916722,6.023,5CQA,4.61779211,mg/g,27.81296186,CONCENTRATION_X_MEASURED_FRACTION_MASS,88,93,2,2,PROGRAMMED,VALID,SOURCE_DESIGNATED_PREDICTION,TARGET_EXPOSED;SOURCE_INTERNAL,P24-MAT-PRED
PREDICTION_2022_03,PRED-C03,PRED-E03-R1,1,2,3.35755566,6.33916722,6.023,CQA_sum,8.87579665,mg/g,53.45892321,CONCENTRATION_X_MEASURED_FRACTION_MASS,88,93,2,2,PROGRAMMED,VALID,SOURCE_DESIGNATED_PREDICTION,TARGET_EXPOSED;SOURCE_INTERNAL,P24-MAT-PRED
PREDICTION_2022_03,PRED-C03,PRED-E03-R1,1,2,3.35755566,6.33916722,6.023,TDS,11.93683933,percent,718.95583272,CONCENTRATION_X_MEASURED_FRACTION_MASS,88,93,2,2,PROGRAMMED,VALID,SOURCE_DESIGNATED_PREDICTION,TARGET_EXPOSED;SOURCE_INTERNAL,P24-MAT-PRED
PREDICTION_2022_03,PRED-C03,PRED-E03-R1,1,3,6.33916722,9.2246041,5.7224,caffeine,4.50304132,mg/g,25.76820365,CONCENTRATION_X_MEASURED_FRACTION_MASS,88,93,2,2,PROGRAMMED,VALID,SOURCE_DESIGNATED_PREDICTION,TARGET_EXPOSED;SOURCE_INTERNAL,P24-MAT-PRED
PREDICTION_2022_03,PRED-C03,PRED-E03-R1,1,3,6.33916722,9.2246041,5.7224,trigonelline,2.37274989,mg/g,13.57782397,CONCENTRATION_X_MEASURED_FRACTION_MASS,88,93,2,2,PROGRAMMED,VALID,SOURCE_DESIGNATED_PREDICTION,TARGET_EXPOSED;SOURCE_INTERNAL,P24-MAT-PRED
PREDICTION_2022_03,PRED-C03,PRED-E03-R1,1,3,6.33916722,9.2246041,5.7224,5CQA,3.61859812,mg/g,20.70706587,CONCENTRATION_X_MEASURED_FRACTION_MASS,88,93,2,2,PROGRAMMED,VALID,SOURCE_DESIGNATED_PREDICTION,TARGET_EXPOSED;SOURCE_INTERNAL,P24-MAT-PRED
PREDICTION_2022_03,PRED-C03,PRED-E03-R1,1,3,6.33916722,9.2246041,5.7224,CQA_sum,6.68605125,mg/g,38.26025966,CONCENTRATION_X_MEASURED_FRACTION_MASS,88,93,2,2,PROGRAMMED,VALID,SOURCE_DESIGNATED_PREDICTION,TARGET_EXPOSED;SOURCE_INTERNAL,P24-MAT-PRED
PREDICTION_2022_03,PRED-C03,PRED-E03-R1,1,3,6.33916722,9.2246041,5.7224,TDS,9.40502015,percent,538.1928731,CONCENTRATION_X_MEASURED_FRACTION_MASS,88,93,2,2,PROGRAMMED,VALID,SOURCE_DESIGNATED_PREDICTION,TARGET_EXPOSED;SOURCE_INTERNAL,P24-MAT-PRED
PREDICTION_2022_03,PRED-C03,PRED-E03-R1,1,5,12.22812635,15.03825004,5.3665,caffeine,2.88289044,mg/g,15.47103154,CONCENTRATION_X_MEASURED_FRACTION_MASS,88,93,2,2,PROGRAMMED,VALID,SOURCE_DESIGNATED_PREDICTION,TARGET_EXPOSED;SOURCE_INTERNAL,P24-MAT-PRED
PREDICTION_2022_03,PRED-C03,PRED-E03-R1,1,5,12.22812635,15.03825004,5.3665,trigonelline,1.24097757,mg/g,6.65970613,CONCENTRATION_X_MEASURED_FRACTION_MASS,88,93,2,2,PROGRAMMED,VALID,SOURCE_DESIGNATED_PREDICTION,TARGET_EXPOSED;SOURCE_INTERNAL,P24-MAT-PRED
PREDICTION_2022_03,PRED-C03,PRED-E03-R1,1,5,12.22812635,15.03825004,5.3665,5CQA,2.12649298,mg/g,11.41182457,CONCENTRATION_X_MEASURED_FRACTION_MASS,88,93,2,2,PROGRAMMED,VALID,SOURCE_DESIGNATED_PREDICTION,TARGET_EXPOSED;SOURCE_INTERNAL,P24-MAT-PRED
PREDICTION_2022_03,PRED-C03,PRED-E03-R1,1,5,12.22812635,15.03825004,5.3665,CQA_sum,4.29299468,mg/g,23.03835597,CONCENTRATION_X_MEASURED_FRACTION_MASS,88,93,2,2,PROGRAMMED,VALID,SOURCE_DESIGNATED_PREDICTION,TARGET_EXPOSED;SOURCE_INTERNAL,P24-MAT-PRED
PREDICTION_2022_03,PRED-C03,PRED-E03-R1,1,5,12.22812635,15.03825004,5.3665,TDS,5.61153552,percent,301.14305343,CONCENTRATION_X_MEASURED_FRACTION_MASS,88,93,2,2,PROGRAMMED,VALID,SOURCE_DESIGNATED_PREDICTION,TARGET_EXPOSED;SOURCE_INTERNAL,P24-MAT-PRED
PREDICTION_2022_03,PRED-C03,PRED-E03-R1,1,7,18.03720608,20.97439904,5.3925,caffeine,2.02833608,mg/g,10.93780233,CONCENTRATION_X_MEASURED_FRACTION_MASS,88,93,2,2,PROGRAMMED,VALID,SOURCE_DESIGNATED_PREDICTION,TARGET_EXPOSED;SOURCE_INTERNAL,P24-MAT-PRED
PREDICTION_2022_03,PRED-C03,PRED-E03-R1,1,7,18.03720608,20.97439904,5.3925,trigonelline,0.83839413,mg/g,4.52104032,CONCENTRATION_X_MEASURED_FRACTION_MASS,88,93,2,2,PROGRAMMED,VALID,SOURCE_DESIGNATED_PREDICTION,TARGET_EXPOSED;SOURCE_INTERNAL,P24-MAT-PRED
PREDICTION_2022_03,PRED-C03,PRED-E03-R1,1,7,18.03720608,20.97439904,5.3925,5CQA,1.50541184,mg/g,8.11793334,CONCENTRATION_X_MEASURED_FRACTION_MASS,88,93,2,2,PROGRAMMED,VALID,SOURCE_DESIGNATED_PREDICTION,TARGET_EXPOSED;SOURCE_INTERNAL,P24-MAT-PRED
PREDICTION_2022_03,PRED-C03,PRED-E03-R1,1,7,18.03720608,20.97439904,5.3925,CQA_sum,2.77974788,mg/g,14.98979045,CONCENTRATION_X_MEASURED_FRACTION_MASS,88,93,2,2,PROGRAMMED,VALID,SOURCE_DESIGNATED_PREDICTION,TARGET_EXPOSED;SOURCE_INTERNAL,P24-MAT-PRED
PREDICTION_2022_03,PRED-C03,PRED-E03-R1,1,7,18.03720608,20.97439904,5.3925,TDS,4.23268632,percent,228.24761007,CONCENTRATION_X_MEASURED_FRACTION_MASS,88,93,2,2,PROGRAMMED,VALID,SOURCE_DESIGNATED_PREDICTION,TARGET_EXPOSED;SOURCE_INTERNAL,P24-MAT-PRED
PREDICTION_2022_03,PRED-C03,PRED-E03-R1,1,10,26.96335573,30.26666527,5.6867,caffeine,1.23029334,mg/g,6.99630915,CONCENTRATION_X_MEASURED_FRACTION_MASS,88,93,2,2,PROGRAMMED,VALID,SOURCE_DESIGNATED_PREDICTION,TARGET_EXPOSED;SOURCE_INTERNAL,P24-MAT-PRED
PREDICTION_2022_03,PRED-C03,PRED-E03-R1,1,10,26.96335573,30.26666527,5.6867,trigonelline,0.40372401,mg/g,2.29585733,CONCENTRATION_X_MEASURED_FRACTION_MASS,88,93,2,2,PROGRAMMED,VALID,SOURCE_DESIGNATED_PREDICTION,TARGET_EXPOSED;SOURCE_INTERNAL,P24-MAT-PRED
PREDICTION_2022_03,PRED-C03,PRED-E03-R1,1,10,26.96335573,30.26666527,5.6867,5CQA,0.89585249,mg/g,5.09444436,CONCENTRATION_X_MEASURED_FRACTION_MASS,88,93,2,2,PROGRAMMED,VALID,SOURCE_DESIGNATED_PREDICTION,TARGET_EXPOSED;SOURCE_INTERNAL,P24-MAT-PRED
PREDICTION_2022_03,PRED-C03,PRED-E03-R1,1,10,26.96335573,30.26666527,5.6867,CQA_sum,1.68330565,mg/g,9.57245424,CONCENTRATION_X_MEASURED_FRACTION_MASS,88,93,2,2,PROGRAMMED,VALID,SOURCE_DESIGNATED_PREDICTION,TARGET_EXPOSED;SOURCE_INTERNAL,P24-MAT-PRED
PREDICTION_2022_03,PRED-C03,PRED-E03-R1,1,10,26.96335573,30.26666527,5.6867,TDS,1.94689551,percent,110.71410671,CONCENTRATION_X_MEASURED_FRACTION_MASS,88,93,2,2,PROGRAMMED,VALID,SOURCE_DESIGNATED_PREDICTION,TARGET_EXPOSED;SOURCE_INTERNAL,P24-MAT-PRED
PREDICTION_2022_03,PRED-C03,PRED-E03-R2,2,1,0,2.60863593,5.1719,caffeine,8.8780951,mg/g,45.91662005,CONCENTRATION_X_MEASURED_FRACTION_MASS,88,93,2,2,PROGRAMMED,VALID,SOURCE_DESIGNATED_PREDICTION,TARGET_EXPOSED;SOURCE_INTERNAL,P24-MAT-PRED
PREDICTION_2022_03,PRED-C03,PRED-E03-R2,2,1,0,2.60863593,5.1719,trigonelline,5.88650634,mg/g,30.44442214,CONCENTRATION_X_MEASURED_FRACTION_MASS,88,93,2,2,PROGRAMMED,VALID,SOURCE_DESIGNATED_PREDICTION,TARGET_EXPOSED;SOURCE_INTERNAL,P24-MAT-PRED
PREDICTION_2022_03,PRED-C03,PRED-E03-R2,2,1,0,2.60863593,5.1719,5CQA,6.69944616,mg/g,34.64886559,CONCENTRATION_X_MEASURED_FRACTION_MASS,88,93,2,2,PROGRAMMED,VALID,SOURCE_DESIGNATED_PREDICTION,TARGET_EXPOSED;SOURCE_INTERNAL,P24-MAT-PRED
PREDICTION_2022_03,PRED-C03,PRED-E03-R2,2,1,0,2.60863593,5.1719,CQA_sum,14.07194801,mg/g,72.7787079,CONCENTRATION_X_MEASURED_FRACTION_MASS,88,93,2,2,PROGRAMMED,VALID,SOURCE_DESIGNATED_PREDICTION,TARGET_EXPOSED;SOURCE_INTERNAL,P24-MAT-PRED
PREDICTION_2022_03,PRED-C03,PRED-E03-R2,2,1,0,2.60863593,5.1719,TDS,21.51451521,percent,1112.70921195,CONCENTRATION_X_MEASURED_FRACTION_MASS,88,93,2,2,PROGRAMMED,VALID,SOURCE_DESIGNATED_PREDICTION,TARGET_EXPOSED;SOURCE_INTERNAL,P24-MAT-PRED
PREDICTION_2022_03,PRED-C03,PRED-E03-R2,2,2,2.60863593,5.81156705,6.2692,caffeine,6.75926798,mg/g,42.37520285,CONCENTRATION_X_MEASURED_FRACTION_MASS,88,93,2,2,PROGRAMMED,VALID,SOURCE_DESIGNATED_PREDICTION,TARGET_EXPOSED;SOURCE_INTERNAL,P24-MAT-PRED
PREDICTION_2022_03,PRED-C03,PRED-E03-R2,2,2,2.60863593,5.81156705,6.2692,trigonelline,3.7538077,mg/g,23.53337124,CONCENTRATION_X_MEASURED_FRACTION_MASS,88,93,2,2,PROGRAMMED,VALID,SOURCE_DESIGNATED_PREDICTION,TARGET_EXPOSED;SOURCE_INTERNAL,P24-MAT-PRED
PREDICTION_2022_03,PRED-C03,PRED-E03-R2,2,2,2.60863593,5.81156705,6.2692,5CQA,5.20813868,mg/g,32.65086301,CONCENTRATION_X_MEASURED_FRACTION_MASS,88,93,2,2,PROGRAMMED,VALID,SOURCE_DESIGNATED_PREDICTION,TARGET_EXPOSED;SOURCE_INTERNAL,P24-MAT-PRED
PREDICTION_2022_03,PRED-C03,PRED-E03-R2,2,2,2.60863593,5.81156705,6.2692,CQA_sum,10.54879864,mg/g,66.13252844,CONCENTRATION_X_MEASURED_FRACTION_MASS,88,93,2,2,PROGRAMMED,VALID,SOURCE_DESIGNATED_PREDICTION,TARGET_EXPOSED;SOURCE_INTERNAL,P24-MAT-PRED
PREDICTION_2022_03,PRED-C03,PRED-E03-R2,2,2,2.60863593,5.81156705,6.2692,TDS,14.31983606,percent,897.73916211,CONCENTRATION_X_MEASURED_FRACTION_MASS,88,93,2,2,PROGRAMMED,VALID,SOURCE_DESIGNATED_PREDICTION,TARGET_EXPOSED;SOURCE_INTERNAL,P24-MAT-PRED
PREDICTION_2022_03,PRED-C03,PRED-E03-R2,2,3,5.81156705,8.88273802,5.9275,caffeine,4.89529739,mg/g,29.0168753,CONCENTRATION_X_MEASURED_FRACTION_MASS,88,93,2,2,PROGRAMMED,VALID,SOURCE_DESIGNATED_PREDICTION,TARGET_EXPOSED;SOURCE_INTERNAL,P24-MAT-PRED
PREDICTION_2022_03,PRED-C03,PRED-E03-R2,2,3,5.81156705,8.88273802,5.9275,trigonelline,2.70010024,mg/g,16.00484415,CONCENTRATION_X_MEASURED_FRACTION_MASS,88,93,2,2,PROGRAMMED,VALID,SOURCE_DESIGNATED_PREDICTION,TARGET_EXPOSED;SOURCE_INTERNAL,P24-MAT-PRED
PREDICTION_2022_03,PRED-C03,PRED-E03-R2,2,3,5.81156705,8.88273802,5.9275,5CQA,4.14131596,mg/g,24.54765037,CONCENTRATION_X_MEASURED_FRACTION_MASS,88,93,2,2,PROGRAMMED,VALID,SOURCE_DESIGNATED_PREDICTION,TARGET_EXPOSED;SOURCE_INTERNAL,P24-MAT-PRED
PREDICTION_2022_03,PRED-C03,PRED-E03-R2,2,3,5.81156705,8.88273802,5.9275,CQA_sum,7.25862444,mg/g,43.02549636,CONCENTRATION_X_MEASURED_FRACTION_MASS,88,93,2,2,PROGRAMMED,VALID,SOURCE_DESIGNATED_PREDICTION,TARGET_EXPOSED;SOURCE_INTERNAL,P24-MAT-PRED
PREDICTION_2022_03,PRED-C03,PRED-E03-R2,2,3,5.81156705,8.88273802,5.9275,TDS,9.75854676,percent,578.43785949,CONCENTRATION_X_MEASURED_FRACTION_MASS,88,93,2,2,PROGRAMMED,VALID,SOURCE_DESIGNATED_PREDICTION,TARGET_EXPOSED;SOURCE_INTERNAL,P24-MAT-PRED
PREDICTION_2022_03,PRED-C03,PRED-E03-R2,2,5,11.83856333,14.77615873,5.5174,caffeine,2.9929362,mg/g,16.51322621,CONCENTRATION_X_MEASURED_FRACTION_MASS,88,93,2,2,PROGRAMMED,VALID,SOURCE_DESIGNATED_PREDICTION,TARGET_EXPOSED;SOURCE_INTERNAL,P24-MAT-PRED
PREDICTION_2022_03,PRED-C03,PRED-E03-R2,2,5,11.83856333,14.77615873,5.5174,trigonelline,1.27945565,mg/g,7.05926862,CONCENTRATION_X_MEASURED_FRACTION_MASS,88,93,2,2,PROGRAMMED,VALID,SOURCE_DESIGNATED_PREDICTION,TARGET_EXPOSED;SOURCE_INTERNAL,P24-MAT-PRED
PREDICTION_2022_03,PRED-C03,PRED-E03-R2,2,5,11.83856333,14.77615873,5.5174,5CQA,2.22095748,mg/g,12.25391078,CONCENTRATION_X_MEASURED_FRACTION_MASS,88,93,2,2,PROGRAMMED,VALID,SOURCE_DESIGNATED_PREDICTION,TARGET_EXPOSED;SOURCE_INTERNAL,P24-MAT-PRED
PREDICTION_2022_03,PRED-C03,PRED-E03-R2,2,5,11.83856333,14.77615873,5.5174,CQA_sum,4.37448301,mg/g,24.13577256,CONCENTRATION_X_MEASURED_FRACTION_MASS,88,93,2,2,PROGRAMMED,VALID,SOURCE_DESIGNATED_PREDICTION,TARGET_EXPOSED;SOURCE_INTERNAL,P24-MAT-PRED
PREDICTION_2022_03,PRED-C03,PRED-E03-R2,2,5,11.83856333,14.77615873,5.5174,TDS,5.97596849,percent,329.71808559,CONCENTRATION_X_MEASURED_FRACTION_MASS,88,93,2,2,PROGRAMMED,VALID,SOURCE_DESIGNATED_PREDICTION,TARGET_EXPOSED;SOURCE_INTERNAL,P24-MAT-PRED
PREDICTION_2022_03,PRED-C03,PRED-E03-R2,2,7,17.99192345,21.15610461,5.7705,caffeine,2.08087083,mg/g,12.00766511,CONCENTRATION_X_MEASURED_FRACTION_MASS,88,93,2,2,PROGRAMMED,VALID,SOURCE_DESIGNATED_PREDICTION,TARGET_EXPOSED;SOURCE_INTERNAL,P24-MAT-PRED
PREDICTION_2022_03,PRED-C03,PRED-E03-R2,2,7,17.99192345,21.15610461,5.7705,trigonelline,0.81396414,mg/g,4.69698005,CONCENTRATION_X_MEASURED_FRACTION_MASS,88,93,2,2,PROGRAMMED,VALID,SOURCE_DESIGNATED_PREDICTION,TARGET_EXPOSED;SOURCE_INTERNAL,P24-MAT-PRED
PREDICTION_2022_03,PRED-C03,PRED-E03-R2,2,7,17.99192345,21.15610461,5.7705,5CQA,1.54202194,mg/g,8.89823758,CONCENTRATION_X_MEASURED_FRACTION_MASS,88,93,2,2,PROGRAMMED,VALID,SOURCE_DESIGNATED_PREDICTION,TARGET_EXPOSED;SOURCE_INTERNAL,P24-MAT-PRED
PREDICTION_2022_03,PRED-C03,PRED-E03-R2,2,7,17.99192345,21.15610461,5.7705,CQA_sum,2.80527695,mg/g,16.18785062,CONCENTRATION_X_MEASURED_FRACTION_MASS,88,93,2,2,PROGRAMMED,VALID,SOURCE_DESIGNATED_PREDICTION,TARGET_EXPOSED;SOURCE_INTERNAL,P24-MAT-PRED
PREDICTION_2022_03,PRED-C03,PRED-E03-R2,2,7,17.99192345,21.15610461,5.7705,TDS,4.23789019,percent,244.54745328,CONCENTRATION_X_MEASURED_FRACTION_MASS,88,93,2,2,PROGRAMMED,VALID,SOURCE_DESIGNATED_PREDICTION,TARGET_EXPOSED;SOURCE_INTERNAL,P24-MAT-PRED
PREDICTION_2022_03,PRED-C03,PRED-E03-R2,2,10,27.2700707,30.17179842,5.061,caffeine,1.27779188,mg/g,6.46690471,CONCENTRATION_X_MEASURED_FRACTION_MASS,88,93,2,2,PROGRAMMED,VALID,SOURCE_DESIGNATED_PREDICTION,TARGET_EXPOSED;SOURCE_INTERNAL,P24-MAT-PRED
PREDICTION_2022_03,PRED-C03,PRED-E03-R2,2,10,27.2700707,30.17179842,5.061,trigonelline,0.40652981,mg/g,2.05744739,CONCENTRATION_X_MEASURED_FRACTION_MASS,88,93,2,2,PROGRAMMED,VALID,SOURCE_DESIGNATED_PREDICTION,TARGET_EXPOSED;SOURCE_INTERNAL,P24-MAT-PRED
PREDICTION_2022_03,PRED-C03,PRED-E03-R2,2,10,27.2700707,30.17179842,5.061,5CQA,0.93417282,mg/g,4.72784862,CONCENTRATION_X_MEASURED_FRACTION_MASS,88,93,2,2,PROGRAMMED,VALID,SOURCE_DESIGNATED_PREDICTION,TARGET_EXPOSED;SOURCE_INTERNAL,P24-MAT-PRED
PREDICTION_2022_03,PRED-C03,PRED-E03-R2,2,10,27.2700707,30.17179842,5.061,CQA_sum,1.7342027,mg/g,8.77679985,CONCENTRATION_X_MEASURED_FRACTION_MASS,88,93,2,2,PROGRAMMED,VALID,SOURCE_DESIGNATED_PREDICTION,TARGET_EXPOSED;SOURCE_INTERNAL,P24-MAT-PRED
PREDICTION_2022_03,PRED-C03,PRED-E03-R2,2,10,27.2700707,30.17179842,5.061,TDS,2.12710143,percent,107.65260335,CONCENTRATION_X_MEASURED_FRACTION_MASS,88,93,2,2,PROGRAMMED,VALID,SOURCE_DESIGNATED_PREDICTION,TARGET_EXPOSED;SOURCE_INTERNAL,P24-MAT-PRED
PREDICTION_2022_03,PRED-C03,PRED-E03-R3,3,1,0,2.4489479,4.8037,caffeine,9.03898525,mg/g,43.42057343,CONCENTRATION_X_MEASURED_FRACTION_MASS,88,93,2,2,PROGRAMMED,VALID,SOURCE_DESIGNATED_PREDICTION,TARGET_EXPOSED;SOURCE_INTERNAL,P24-MAT-PRED
PREDICTION_2022_03,PRED-C03,PRED-E03-R3,3,1,0,2.4489479,4.8037,trigonelline,5.90168376,mg/g,28.34991828,CONCENTRATION_X_MEASURED_FRACTION_MASS,88,93,2,2,PROGRAMMED,VALID,SOURCE_DESIGNATED_PREDICTION,TARGET_EXPOSED;SOURCE_INTERNAL,P24-MAT-PRED
PREDICTION_2022_03,PRED-C03,PRED-E03-R3,3,1,0,2.4489479,4.8037,5CQA,7.23372984,mg/g,34.74866804,CONCENTRATION_X_MEASURED_FRACTION_MASS,88,93,2,2,PROGRAMMED,VALID,SOURCE_DESIGNATED_PREDICTION,TARGET_EXPOSED;SOURCE_INTERNAL,P24-MAT-PRED
PREDICTION_2022_03,PRED-C03,PRED-E03-R3,3,1,0,2.4489479,4.8037,CQA_sum,13.94215933,mg/g,66.97395079,CONCENTRATION_X_MEASURED_FRACTION_MASS,88,93,2,2,PROGRAMMED,VALID,SOURCE_DESIGNATED_PREDICTION,TARGET_EXPOSED;SOURCE_INTERNAL,P24-MAT-PRED
PREDICTION_2022_03,PRED-C03,PRED-E03-R3,3,1,0,2.4489479,4.8037,TDS,21.62754668,percent,1038.92245974,CONCENTRATION_X_MEASURED_FRACTION_MASS,88,93,2,2,PROGRAMMED,VALID,SOURCE_DESIGNATED_PREDICTION,TARGET_EXPOSED;SOURCE_INTERNAL,P24-MAT-PRED
PREDICTION_2022_03,PRED-C03,PRED-E03-R3,3,2,2.4489479,5.67157125,6.2603,caffeine,6.70477228,mg/g,41.97388592,CONCENTRATION_X_MEASURED_FRACTION_MASS,88,93,2,2,PROGRAMMED,VALID,SOURCE_DESIGNATED_PREDICTION,TARGET_EXPOSED;SOURCE_INTERNAL,P24-MAT-PRED
PREDICTION_2022_03,PRED-C03,PRED-E03-R3,3,2,2.4489479,5.67157125,6.2603,trigonelline,4.14684398,mg/g,25.96048737,CONCENTRATION_X_MEASURED_FRACTION_MASS,88,93,2,2,PROGRAMMED,VALID,SOURCE_DESIGNATED_PREDICTION,TARGET_EXPOSED;SOURCE_INTERNAL,P24-MAT-PRED
PREDICTION_2022_03,PRED-C03,PRED-E03-R3,3,2,2.4489479,5.67157125,6.2603,5CQA,5.30383844,mg/g,33.20361978,CONCENTRATION_X_MEASURED_FRACTION_MASS,88,93,2,2,PROGRAMMED,VALID,SOURCE_DESIGNATED_PREDICTION,TARGET_EXPOSED;SOURCE_INTERNAL,P24-MAT-PRED
PREDICTION_2022_03,PRED-C03,PRED-E03-R3,3,2,2.4489479,5.67157125,6.2603,CQA_sum,10.25351492,mg/g,64.19007943,CONCENTRATION_X_MEASURED_FRACTION_MASS,88,93,2,2,PROGRAMMED,VALID,SOURCE_DESIGNATED_PREDICTION,TARGET_EXPOSED;SOURCE_INTERNAL,P24-MAT-PRED
PREDICTION_2022_03,PRED-C03,PRED-E03-R3,3,2,2.4489479,5.67157125,6.2603,TDS,14.65343519,percent,917.34900321,CONCENTRATION_X_MEASURED_FRACTION_MASS,88,93,2,2,PROGRAMMED,VALID,SOURCE_DESIGNATED_PREDICTION,TARGET_EXPOSED;SOURCE_INTERNAL,P24-MAT-PRED
PREDICTION_2022_03,PRED-C03,PRED-E03-R3,3,3,5.67157125,8.91241836,6.2258,caffeine,4.99235881,mg/g,31.08142748,CONCENTRATION_X_MEASURED_FRACTION_MASS,88,93,2,2,PROGRAMMED,VALID,SOURCE_DESIGNATED_PREDICTION,TARGET_EXPOSED;SOURCE_INTERNAL,P24-MAT-PRED
PREDICTION_2022_03,PRED-C03,PRED-E03-R3,3,3,5.67157125,8.91241836,6.2258,trigonelline,2.79436033,mg/g,17.39712855,CONCENTRATION_X_MEASURED_FRACTION_MASS,88,93,2,2,PROGRAMMED,VALID,SOURCE_DESIGNATED_PREDICTION,TARGET_EXPOSED;SOURCE_INTERNAL,P24-MAT-PRED
PREDICTION_2022_03,PRED-C03,PRED-E03-R3,3,3,5.67157125,8.91241836,6.2258,5CQA,3.7407279,mg/g,23.28902378,CONCENTRATION_X_MEASURED_FRACTION_MASS,88,93,2,2,PROGRAMMED,VALID,SOURCE_DESIGNATED_PREDICTION,TARGET_EXPOSED;SOURCE_INTERNAL,P24-MAT-PRED
PREDICTION_2022_03,PRED-C03,PRED-E03-R3,3,3,5.67157125,8.91241836,6.2258,CQA_sum,7.15751571,mg/g,44.56126128,CONCENTRATION_X_MEASURED_FRACTION_MASS,88,93,2,2,PROGRAMMED,VALID,SOURCE_DESIGNATED_PREDICTION,TARGET_EXPOSED;SOURCE_INTERNAL,P24-MAT-PRED
PREDICTION_2022_03,PRED-C03,PRED-E03-R3,3,3,5.67157125,8.91241836,6.2258,TDS,10.05400103,percent,625.9419959,CONCENTRATION_X_MEASURED_FRACTION_MASS,88,93,2,2,PROGRAMMED,VALID,SOURCE_DESIGNATED_PREDICTION,TARGET_EXPOSED;SOURCE_INTERNAL,P24-MAT-PRED
PREDICTION_2022_03,PRED-C03,PRED-E03-R3,3,5,11.93228742,14.98652656,5.7416,caffeine,3.02849508,mg/g,17.38840732,CONCENTRATION_X_MEASURED_FRACTION_MASS,88,93,2,2,PROGRAMMED,VALID,SOURCE_DESIGNATED_PREDICTION,TARGET_EXPOSED;SOURCE_INTERNAL,P24-MAT-PRED
PREDICTION_2022_03,PRED-C03,PRED-E03-R3,3,5,11.93228742,14.98652656,5.7416,trigonelline,1.32126568,mg/g,7.58617902,CONCENTRATION_X_MEASURED_FRACTION_MASS,88,93,2,2,PROGRAMMED,VALID,SOURCE_DESIGNATED_PREDICTION,TARGET_EXPOSED;SOURCE_INTERNAL,P24-MAT-PRED
PREDICTION_2022_03,PRED-C03,PRED-E03-R3,3,5,11.93228742,14.98652656,5.7416,5CQA,2.26152067,mg/g,12.9847471,CONCENTRATION_X_MEASURED_FRACTION_MASS,88,93,2,2,PROGRAMMED,VALID,SOURCE_DESIGNATED_PREDICTION,TARGET_EXPOSED;SOURCE_INTERNAL,P24-MAT-PRED
PREDICTION_2022_03,PRED-C03,PRED-E03-R3,3,5,11.93228742,14.98652656,5.7416,CQA_sum,4.2630442,mg/g,24.47669457,CONCENTRATION_X_MEASURED_FRACTION_MASS,88,93,2,2,PROGRAMMED,VALID,SOURCE_DESIGNATED_PREDICTION,TARGET_EXPOSED;SOURCE_INTERNAL,P24-MAT-PRED
PREDICTION_2022_03,PRED-C03,PRED-E03-R3,3,5,11.93228742,14.98652656,5.7416,TDS,5.786896,percent,332.26042074,CONCENTRATION_X_MEASURED_FRACTION_MASS,88,93,2,2,PROGRAMMED,VALID,SOURCE_DESIGNATED_PREDICTION,TARGET_EXPOSED;SOURCE_INTERNAL,P24-MAT-PRED
PREDICTION_2022_03,PRED-C03,PRED-E03-R3,3,7,17.95148078,21.18741148,5.9512,caffeine,1.95631471,mg/g,11.64242012,CONCENTRATION_X_MEASURED_FRACTION_MASS,88,93,2,2,PROGRAMMED,VALID,SOURCE_DESIGNATED_PREDICTION,TARGET_EXPOSED;SOURCE_INTERNAL,P24-MAT-PRED
PREDICTION_2022_03,PRED-C03,PRED-E03-R3,3,7,17.95148078,21.18741148,5.9512,trigonelline,0.77426324,mg/g,4.60779539,CONCENTRATION_X_MEASURED_FRACTION_MASS,88,93,2,2,PROGRAMMED,VALID,SOURCE_DESIGNATED_PREDICTION,TARGET_EXPOSED;SOURCE_INTERNAL,P24-MAT-PRED
PREDICTION_2022_03,PRED-C03,PRED-E03-R3,3,7,17.95148078,21.18741148,5.9512,5CQA,1.36879452,mg/g,8.14596998,CONCENTRATION_X_MEASURED_FRACTION_MASS,88,93,2,2,PROGRAMMED,VALID,SOURCE_DESIGNATED_PREDICTION,TARGET_EXPOSED;SOURCE_INTERNAL,P24-MAT-PRED
PREDICTION_2022_03,PRED-C03,PRED-E03-R3,3,7,17.95148078,21.18741148,5.9512,CQA_sum,2.57761142,mg/g,15.33988106,CONCENTRATION_X_MEASURED_FRACTION_MASS,88,93,2,2,PROGRAMMED,VALID,SOURCE_DESIGNATED_PREDICTION,TARGET_EXPOSED;SOURCE_INTERNAL,P24-MAT-PRED
PREDICTION_2022_03,PRED-C03,PRED-E03-R3,3,7,17.95148078,21.18741148,5.9512,TDS,4.05798471,percent,241.49878594,CONCENTRATION_X_MEASURED_FRACTION_MASS,88,93,2,2,PROGRAMMED,VALID,SOURCE_DESIGNATED_PREDICTION,TARGET_EXPOSED;SOURCE_INTERNAL,P24-MAT-PRED
PREDICTION_2022_03,PRED-C03,PRED-E03-R3,3,10,27.13095183,30.02305436,5.145,caffeine,1.30792325,mg/g,6.72926515,CONCENTRATION_X_MEASURED_FRACTION_MASS,88,93,2,2,PROGRAMMED,VALID,SOURCE_DESIGNATED_PREDICTION,TARGET_EXPOSED;SOURCE_INTERNAL,P24-MAT-PRED
PREDICTION_2022_03,PRED-C03,PRED-E03-R3,3,10,27.13095183,30.02305436,5.145,trigonelline,0.43010582,mg/g,2.21289443,CONCENTRATION_X_MEASURED_FRACTION_MASS,88,93,2,2,PROGRAMMED,VALID,SOURCE_DESIGNATED_PREDICTION,TARGET_EXPOSED;SOURCE_INTERNAL,P24-MAT-PRED
PREDICTION_2022_03,PRED-C03,PRED-E03-R3,3,10,27.13095183,30.02305436,5.145,5CQA,0.9056852,mg/g,4.65975034,CONCENTRATION_X_MEASURED_FRACTION_MASS,88,93,2,2,PROGRAMMED,VALID,SOURCE_DESIGNATED_PREDICTION,TARGET_EXPOSED;SOURCE_INTERNAL,P24-MAT-PRED
PREDICTION_2022_03,PRED-C03,PRED-E03-R3,3,10,27.13095183,30.02305436,5.145,CQA_sum,1.70504308,mg/g,8.77244665,CONCENTRATION_X_MEASURED_FRACTION_MASS,88,93,2,2,PROGRAMMED,VALID,SOURCE_DESIGNATED_PREDICTION,TARGET_EXPOSED;SOURCE_INTERNAL,P24-MAT-PRED
PREDICTION_2022_03,PRED-C03,PRED-E03-R3,3,10,27.13095183,30.02305436,5.145,TDS,2.12126595,percent,109.13913333,CONCENTRATION_X_MEASURED_FRACTION_MASS,88,93,2,2,PROGRAMMED,VALID,SOURCE_DESIGNATED_PREDICTION,TARGET_EXPOSED;SOURCE_INTERNAL,P24-MAT-PRED
PREDICTION_2022_03,PRED-C04,PRED-E04-R1,1,1,0,3.80139726,8.0555,caffeine,8.47261814,mg/g,68.25117542,CONCENTRATION_X_MEASURED_FRACTION_MASS,93,88,2,2,PROGRAMMED,VALID,SOURCE_DESIGNATED_PREDICTION,TARGET_EXPOSED;SOURCE_INTERNAL,P24-MAT-PRED
PREDICTION_2022_03,PRED-C04,PRED-E04-R1,1,1,0,3.80139726,8.0555,trigonelline,5.83530919,mg/g,47.00633321,CONCENTRATION_X_MEASURED_FRACTION_MASS,93,88,2,2,PROGRAMMED,VALID,SOURCE_DESIGNATED_PREDICTION,TARGET_EXPOSED;SOURCE_INTERNAL,P24-MAT-PRED
PREDICTION_2022_03,PRED-C04,PRED-E04-R1,1,1,0,3.80139726,8.0555,5CQA,6.96258662,mg/g,56.08711649,CONCENTRATION_X_MEASURED_FRACTION_MASS,93,88,2,2,PROGRAMMED,VALID,SOURCE_DESIGNATED_PREDICTION,TARGET_EXPOSED;SOURCE_INTERNAL,P24-MAT-PRED
PREDICTION_2022_03,PRED-C04,PRED-E04-R1,1,1,0,3.80139726,8.0555,CQA_sum,13.58715832,mg/g,109.45135383,CONCENTRATION_X_MEASURED_FRACTION_MASS,93,88,2,2,PROGRAMMED,VALID,SOURCE_DESIGNATED_PREDICTION,TARGET_EXPOSED;SOURCE_INTERNAL,P24-MAT-PRED
PREDICTION_2022_03,PRED-C04,PRED-E04-R1,1,1,0,3.80139726,8.0555,TDS,20.09104535,percent,1618.43415786,CONCENTRATION_X_MEASURED_FRACTION_MASS,93,88,2,2,PROGRAMMED,VALID,SOURCE_DESIGNATED_PREDICTION,TARGET_EXPOSED;SOURCE_INTERNAL,P24-MAT-PRED
PREDICTION_2022_03,PRED-C04,PRED-E04-R1,1,2,3.80139726,7.03367158,6.7154,caffeine,5.5152283,mg/g,37.03696413,CONCENTRATION_X_MEASURED_FRACTION_MASS,93,88,2,2,PROGRAMMED,VALID,SOURCE_DESIGNATED_PREDICTION,TARGET_EXPOSED;SOURCE_INTERNAL,P24-MAT-PRED
PREDICTION_2022_03,PRED-C04,PRED-E04-R1,1,2,3.80139726,7.03367158,6.7154,trigonelline,3.24335615,mg/g,21.78043387,CONCENTRATION_X_MEASURED_FRACTION_MASS,93,88,2,2,PROGRAMMED,VALID,SOURCE_DESIGNATED_PREDICTION,TARGET_EXPOSED;SOURCE_INTERNAL,P24-MAT-PRED
PREDICTION_2022_03,PRED-C04,PRED-E04-R1,1,2,3.80139726,7.03367158,6.7154,5CQA,4.42677792,mg/g,29.72758446,CONCENTRATION_X_MEASURED_FRACTION_MASS,93,88,2,2,PROGRAMMED,VALID,SOURCE_DESIGNATED_PREDICTION,TARGET_EXPOSED;SOURCE_INTERNAL,P24-MAT-PRED
PREDICTION_2022_03,PRED-C04,PRED-E04-R1,1,2,3.80139726,7.03367158,6.7154,CQA_sum,7.32322753,mg/g,49.17840218,CONCENTRATION_X_MEASURED_FRACTION_MASS,93,88,2,2,PROGRAMMED,VALID,SOURCE_DESIGNATED_PREDICTION,TARGET_EXPOSED;SOURCE_INTERNAL,P24-MAT-PRED
PREDICTION_2022_03,PRED-C04,PRED-E04-R1,1,2,3.80139726,7.03367158,6.7154,TDS,11.6676401,percent,783.52870296,CONCENTRATION_X_MEASURED_FRACTION_MASS,93,88,2,2,PROGRAMMED,VALID,SOURCE_DESIGNATED_PREDICTION,TARGET_EXPOSED;SOURCE_INTERNAL,P24-MAT-PRED
PREDICTION_2022_03,PRED-C04,PRED-E04-R1,1,3,7.03367158,10.11823296,6.2936,caffeine,4.13554942,mg/g,26.02749381,CONCENTRATION_X_MEASURED_FRACTION_MASS,93,88,2,2,PROGRAMMED,VALID,SOURCE_DESIGNATED_PREDICTION,TARGET_EXPOSED;SOURCE_INTERNAL,P24-MAT-PRED
PREDICTION_2022_03,PRED-C04,PRED-E04-R1,1,3,7.03367158,10.11823296,6.2936,trigonelline,2.09724632,mg/g,13.19922945,CONCENTRATION_X_MEASURED_FRACTION_MASS,93,88,2,2,PROGRAMMED,VALID,SOURCE_DESIGNATED_PREDICTION,TARGET_EXPOSED;SOURCE_INTERNAL,P24-MAT-PRED
PREDICTION_2022_03,PRED-C04,PRED-E04-R1,1,3,7.03367158,10.11823296,6.2936,5CQA,3.14921141,mg/g,19.81987693,CONCENTRATION_X_MEASURED_FRACTION_MASS,93,88,2,2,PROGRAMMED,VALID,SOURCE_DESIGNATED_PREDICTION,TARGET_EXPOSED;SOURCE_INTERNAL,P24-MAT-PRED
PREDICTION_2022_03,PRED-C04,PRED-E04-R1,1,3,7.03367158,10.11823296,6.2936,CQA_sum,6.10509328,mg/g,38.42301508,CONCENTRATION_X_MEASURED_FRACTION_MASS,93,88,2,2,PROGRAMMED,VALID,SOURCE_DESIGNATED_PREDICTION,TARGET_EXPOSED;SOURCE_INTERNAL,P24-MAT-PRED
PREDICTION_2022_03,PRED-C04,PRED-E04-R1,1,3,7.03367158,10.11823296,6.2936,TDS,8.38010249,percent,527.41013002,CONCENTRATION_X_MEASURED_FRACTION_MASS,93,88,2,2,PROGRAMMED,VALID,SOURCE_DESIGNATED_PREDICTION,TARGET_EXPOSED;SOURCE_INTERNAL,P24-MAT-PRED
PREDICTION_2022_03,PRED-C04,PRED-E04-R1,1,5,13.13282298,16.21312895,6.0634,caffeine,2.56954952,mg/g,15.58020654,CONCENTRATION_X_MEASURED_FRACTION_MASS,93,88,2,2,PROGRAMMED,VALID,SOURCE_DESIGNATED_PREDICTION,TARGET_EXPOSED;SOURCE_INTERNAL,P24-MAT-PRED
PREDICTION_2022_03,PRED-C04,PRED-E04-R1,1,5,13.13282298,16.21312895,6.0634,trigonelline,1.13146908,mg/g,6.86054962,CONCENTRATION_X_MEASURED_FRACTION_MASS,93,88,2,2,PROGRAMMED,VALID,SOURCE_DESIGNATED_PREDICTION,TARGET_EXPOSED;SOURCE_INTERNAL,P24-MAT-PRED
PREDICTION_2022_03,PRED-C04,PRED-E04-R1,1,5,13.13282298,16.21312895,6.0634,5CQA,1.93142883,mg/g,11.71102555,CONCENTRATION_X_MEASURED_FRACTION_MASS,93,88,2,2,PROGRAMMED,VALID,SOURCE_DESIGNATED_PREDICTION,TARGET_EXPOSED;SOURCE_INTERNAL,P24-MAT-PRED
PREDICTION_2022_03,PRED-C04,PRED-E04-R1,1,5,13.13282298,16.21312895,6.0634,CQA_sum,3.75873407,mg/g,22.79070819,CONCENTRATION_X_MEASURED_FRACTION_MASS,93,88,2,2,PROGRAMMED,VALID,SOURCE_DESIGNATED_PREDICTION,TARGET_EXPOSED;SOURCE_INTERNAL,P24-MAT-PRED
PREDICTION_2022_03,PRED-C04,PRED-E04-R1,1,5,13.13282298,16.21312895,6.0634,TDS,5.25727185,percent,318.76942153,CONCENTRATION_X_MEASURED_FRACTION_MASS,93,88,2,2,PROGRAMMED,VALID,SOURCE_DESIGNATED_PREDICTION,TARGET_EXPOSED;SOURCE_INTERNAL,P24-MAT-PRED
PREDICTION_2022_03,PRED-C04,PRED-E04-R1,1,7,19.19994488,22.22220631,5.7339,caffeine,1.78008672,mg/g,10.20683925,CONCENTRATION_X_MEASURED_FRACTION_MASS,93,88,2,2,PROGRAMMED,VALID,SOURCE_DESIGNATED_PREDICTION,TARGET_EXPOSED;SOURCE_INTERNAL,P24-MAT-PRED
PREDICTION_2022_03,PRED-C04,PRED-E04-R1,1,7,19.19994488,22.22220631,5.7339,trigonelline,0.68155615,mg/g,3.90797479,CONCENTRATION_X_MEASURED_FRACTION_MASS,93,88,2,2,PROGRAMMED,VALID,SOURCE_DESIGNATED_PREDICTION,TARGET_EXPOSED;SOURCE_INTERNAL,P24-MAT-PRED
PREDICTION_2022_03,PRED-C04,PRED-E04-R1,1,7,19.19994488,22.22220631,5.7339,5CQA,1.27774255,mg/g,7.32644799,CONCENTRATION_X_MEASURED_FRACTION_MASS,93,88,2,2,PROGRAMMED,VALID,SOURCE_DESIGNATED_PREDICTION,TARGET_EXPOSED;SOURCE_INTERNAL,P24-MAT-PRED
PREDICTION_2022_03,PRED-C04,PRED-E04-R1,1,7,19.19994488,22.22220631,5.7339,CQA_sum,2.45472173,mg/g,14.07512896,CONCENTRATION_X_MEASURED_FRACTION_MASS,93,88,2,2,PROGRAMMED,VALID,SOURCE_DESIGNATED_PREDICTION,TARGET_EXPOSED;SOURCE_INTERNAL,P24-MAT-PRED
PREDICTION_2022_03,PRED-C04,PRED-E04-R1,1,7,19.19994488,22.22220631,5.7339,TDS,3.34631687,percent,191.87446313,CONCENTRATION_X_MEASURED_FRACTION_MASS,93,88,2,2,PROGRAMMED,VALID,SOURCE_DESIGNATED_PREDICTION,TARGET_EXPOSED;SOURCE_INTERNAL,P24-MAT-PRED
PREDICTION_2022_03,PRED-C04,PRED-E04-R1,1,10,28.1105718,31.43626821,5.9541,caffeine,1.05057873,mg/g,6.25525084,CONCENTRATION_X_MEASURED_FRACTION_MASS,93,88,2,2,PROGRAMMED,VALID,SOURCE_DESIGNATED_PREDICTION,TARGET_EXPOSED;SOURCE_INTERNAL,P24-MAT-PRED
PREDICTION_2022_03,PRED-C04,PRED-E04-R1,1,10,28.1105718,31.43626821,5.9541,trigonelline,0.32016422,mg/g,1.90628976,CONCENTRATION_X_MEASURED_FRACTION_MASS,93,88,2,2,PROGRAMMED,VALID,SOURCE_DESIGNATED_PREDICTION,TARGET_EXPOSED;SOURCE_INTERNAL,P24-MAT-PRED
PREDICTION_2022_03,PRED-C04,PRED-E04-R1,1,10,28.1105718,31.43626821,5.9541,5CQA,0.74257594,mg/g,4.42137138,CONCENTRATION_X_MEASURED_FRACTION_MASS,93,88,2,2,PROGRAMMED,VALID,SOURCE_DESIGNATED_PREDICTION,TARGET_EXPOSED;SOURCE_INTERNAL,P24-MAT-PRED
PREDICTION_2022_03,PRED-C04,PRED-E04-R1,1,10,28.1105718,31.43626821,5.9541,CQA_sum,1.41968902,mg/g,8.45297037,CONCENTRATION_X_MEASURED_FRACTION_MASS,93,88,2,2,PROGRAMMED,VALID,SOURCE_DESIGNATED_PREDICTION,TARGET_EXPOSED;SOURCE_INTERNAL,P24-MAT-PRED
PREDICTION_2022_03,PRED-C04,PRED-E04-R1,1,10,28.1105718,31.43626821,5.9541,TDS,1.76966201,percent,105.36744577,CONCENTRATION_X_MEASURED_FRACTION_MASS,93,88,2,2,PROGRAMMED,VALID,SOURCE_DESIGNATED_PREDICTION,TARGET_EXPOSED;SOURCE_INTERNAL,P24-MAT-PRED
PREDICTION_2022_03,PRED-C04,PRED-E04-R2,2,1,0,2.68027838,5.95,caffeine,9.21298487,mg/g,54.81726001,CONCENTRATION_X_MEASURED_FRACTION_MASS,93,88,2,2,PROGRAMMED,VALID,SOURCE_DESIGNATED_PREDICTION,TARGET_EXPOSED;SOURCE_INTERNAL,P24-MAT-PRED
PREDICTION_2022_03,PRED-C04,PRED-E04-R2,2,1,0,2.68027838,5.95,trigonelline,6.00988485,mg/g,35.75881485,CONCENTRATION_X_MEASURED_FRACTION_MASS,93,88,2,2,PROGRAMMED,VALID,SOURCE_DESIGNATED_PREDICTION,TARGET_EXPOSED;SOURCE_INTERNAL,P24-MAT-PRED
PREDICTION_2022_03,PRED-C04,PRED-E04-R2,2,1,0,2.68027838,5.95,5CQA,7.44969984,mg/g,44.32571407,CONCENTRATION_X_MEASURED_FRACTION_MASS,93,88,2,2,PROGRAMMED,VALID,SOURCE_DESIGNATED_PREDICTION,TARGET_EXPOSED;SOURCE_INTERNAL,P24-MAT-PRED
PREDICTION_2022_03,PRED-C04,PRED-E04-R2,2,1,0,2.68027838,5.95,CQA_sum,14.62131158,mg/g,86.99680393,CONCENTRATION_X_MEASURED_FRACTION_MASS,93,88,2,2,PROGRAMMED,VALID,SOURCE_DESIGNATED_PREDICTION,TARGET_EXPOSED;SOURCE_INTERNAL,P24-MAT-PRED
PREDICTION_2022_03,PRED-C04,PRED-E04-R2,2,1,0,2.68027838,5.95,TDS,22.40838739,percent,1333.29904955,CONCENTRATION_X_MEASURED_FRACTION_MASS,93,88,2,2,PROGRAMMED,VALID,SOURCE_DESIGNATED_PREDICTION,TARGET_EXPOSED;SOURCE_INTERNAL,P24-MAT-PRED
PREDICTION_2022_03,PRED-C04,PRED-E04-R2,2,2,2.68027838,5.8701994,6.9153,caffeine,7.33437109,mg/g,50.71937641,CONCENTRATION_X_MEASURED_FRACTION_MASS,93,88,2,2,PROGRAMMED,VALID,SOURCE_DESIGNATED_PREDICTION,TARGET_EXPOSED;SOURCE_INTERNAL,P24-MAT-PRED
PREDICTION_2022_03,PRED-C04,PRED-E04-R2,2,2,2.68027838,5.8701994,6.9153,trigonelline,4.28275545,mg/g,29.61653877,CONCENTRATION_X_MEASURED_FRACTION_MASS,93,88,2,2,PROGRAMMED,VALID,SOURCE_DESIGNATED_PREDICTION,TARGET_EXPOSED;SOURCE_INTERNAL,P24-MAT-PRED
PREDICTION_2022_03,PRED-C04,PRED-E04-R2,2,2,2.68027838,5.8701994,6.9153,5CQA,5.81478796,mg/g,40.21100317,CONCENTRATION_X_MEASURED_FRACTION_MASS,93,88,2,2,PROGRAMMED,VALID,SOURCE_DESIGNATED_PREDICTION,TARGET_EXPOSED;SOURCE_INTERNAL,P24-MAT-PRED
PREDICTION_2022_03,PRED-C04,PRED-E04-R2,2,2,2.68027838,5.8701994,6.9153,CQA_sum,11.44625774,mg/g,79.15430612,CONCENTRATION_X_MEASURED_FRACTION_MASS,93,88,2,2,PROGRAMMED,VALID,SOURCE_DESIGNATED_PREDICTION,TARGET_EXPOSED;SOURCE_INTERNAL,P24-MAT-PRED
PREDICTION_2022_03,PRED-C04,PRED-E04-R2,2,2,2.68027838,5.8701994,6.9153,TDS,13.70643671,percent,947.841218,CONCENTRATION_X_MEASURED_FRACTION_MASS,93,88,2,2,PROGRAMMED,VALID,SOURCE_DESIGNATED_PREDICTION,TARGET_EXPOSED;SOURCE_INTERNAL,P24-MAT-PRED
PREDICTION_2022_03,PRED-C04,PRED-E04-R2,2,3,5.8701994,8.88309645,6.3658,caffeine,4.42763502,mg/g,28.18543904,CONCENTRATION_X_MEASURED_FRACTION_MASS,93,88,2,2,PROGRAMMED,VALID,SOURCE_DESIGNATED_PREDICTION,TARGET_EXPOSED;SOURCE_INTERNAL,P24-MAT-PRED
PREDICTION_2022_03,PRED-C04,PRED-E04-R2,2,3,5.8701994,8.88309645,6.3658,trigonelline,2.40804166,mg/g,15.32911159,CONCENTRATION_X_MEASURED_FRACTION_MASS,93,88,2,2,PROGRAMMED,VALID,SOURCE_DESIGNATED_PREDICTION,TARGET_EXPOSED;SOURCE_INTERNAL,P24-MAT-PRED
PREDICTION_2022_03,PRED-C04,PRED-E04-R2,2,3,5.8701994,8.88309645,6.3658,5CQA,3.33479097,mg/g,21.22861238,CONCENTRATION_X_MEASURED_FRACTION_MASS,93,88,2,2,PROGRAMMED,VALID,SOURCE_DESIGNATED_PREDICTION,TARGET_EXPOSED;SOURCE_INTERNAL,P24-MAT-PRED
PREDICTION_2022_03,PRED-C04,PRED-E04-R2,2,3,5.8701994,8.88309645,6.3658,CQA_sum,6.47832417,mg/g,41.23971598,CONCENTRATION_X_MEASURED_FRACTION_MASS,93,88,2,2,PROGRAMMED,VALID,SOURCE_DESIGNATED_PREDICTION,TARGET_EXPOSED;SOURCE_INTERNAL,P24-MAT-PRED
PREDICTION_2022_03,PRED-C04,PRED-E04-R2,2,3,5.8701994,8.88309645,6.3658,TDS,8.92295739,percent,568.01762184,CONCENTRATION_X_MEASURED_FRACTION_MASS,93,88,2,2,PROGRAMMED,VALID,SOURCE_DESIGNATED_PREDICTION,TARGET_EXPOSED;SOURCE_INTERNAL,P24-MAT-PRED
PREDICTION_2022_03,PRED-C04,PRED-E04-R2,2,5,11.90121177,14.95610054,6.1266,caffeine,2.71685041,mg/g,16.64505569,CONCENTRATION_X_MEASURED_FRACTION_MASS,93,88,2,2,PROGRAMMED,VALID,SOURCE_DESIGNATED_PREDICTION,TARGET_EXPOSED;SOURCE_INTERNAL,P24-MAT-PRED
PREDICTION_2022_03,PRED-C04,PRED-E04-R2,2,5,11.90121177,14.95610054,6.1266,trigonelline,1.24172612,mg/g,7.60755924,CONCENTRATION_X_MEASURED_FRACTION_MASS,93,88,2,2,PROGRAMMED,VALID,SOURCE_DESIGNATED_PREDICTION,TARGET_EXPOSED;SOURCE_INTERNAL,P24-MAT-PRED
PREDICTION_2022_03,PRED-C04,PRED-E04-R2,2,5,11.90121177,14.95610054,6.1266,5CQA,2.01152909,mg/g,12.32383413,CONCENTRATION_X_MEASURED_FRACTION_MASS,93,88,2,2,PROGRAMMED,VALID,SOURCE_DESIGNATED_PREDICTION,TARGET_EXPOSED;SOURCE_INTERNAL,P24-MAT-PRED
PREDICTION_2022_03,PRED-C04,PRED-E04-R2,2,5,11.90121177,14.95610054,6.1266,CQA_sum,3.91257876,mg/g,23.97080504,CONCENTRATION_X_MEASURED_FRACTION_MASS,93,88,2,2,PROGRAMMED,VALID,SOURCE_DESIGNATED_PREDICTION,TARGET_EXPOSED;SOURCE_INTERNAL,P24-MAT-PRED
PREDICTION_2022_03,PRED-C04,PRED-E04-R2,2,5,11.90121177,14.95610054,6.1266,TDS,5.1433295,percent,315.11122502,CONCENTRATION_X_MEASURED_FRACTION_MASS,93,88,2,2,PROGRAMMED,VALID,SOURCE_DESIGNATED_PREDICTION,TARGET_EXPOSED;SOURCE_INTERNAL,P24-MAT-PRED
PREDICTION_2022_03,PRED-C04,PRED-E04-R2,2,7,18.07197949,21.15499297,5.8448,caffeine,1.80656106,mg/g,10.55898807,CONCENTRATION_X_MEASURED_FRACTION_MASS,93,88,2,2,PROGRAMMED,VALID,SOURCE_DESIGNATED_PREDICTION,TARGET_EXPOSED;SOURCE_INTERNAL,P24-MAT-PRED
PREDICTION_2022_03,PRED-C04,PRED-E04-R2,2,7,18.07197949,21.15499297,5.8448,trigonelline,0.68608426,mg/g,4.01002529,CONCENTRATION_X_MEASURED_FRACTION_MASS,93,88,2,2,PROGRAMMED,VALID,SOURCE_DESIGNATED_PREDICTION,TARGET_EXPOSED;SOURCE_INTERNAL,P24-MAT-PRED
PREDICTION_2022_03,PRED-C04,PRED-E04-R2,2,7,18.07197949,21.15499297,5.8448,5CQA,1.27780347,mg/g,7.46850575,CONCENTRATION_X_MEASURED_FRACTION_MASS,93,88,2,2,PROGRAMMED,VALID,SOURCE_DESIGNATED_PREDICTION,TARGET_EXPOSED;SOURCE_INTERNAL,P24-MAT-PRED
PREDICTION_2022_03,PRED-C04,PRED-E04-R2,2,7,18.07197949,21.15499297,5.8448,CQA_sum,2.44918943,mg/g,14.3150224,CONCENTRATION_X_MEASURED_FRACTION_MASS,93,88,2,2,PROGRAMMED,VALID,SOURCE_DESIGNATED_PREDICTION,TARGET_EXPOSED;SOURCE_INTERNAL,P24-MAT-PRED
PREDICTION_2022_03,PRED-C04,PRED-E04-R2,2,7,18.07197949,21.15499297,5.8448,TDS,3.52483627,percent,206.0196302,CONCENTRATION_X_MEASURED_FRACTION_MASS,93,88,2,2,PROGRAMMED,VALID,SOURCE_DESIGNATED_PREDICTION,TARGET_EXPOSED;SOURCE_INTERNAL,P24-MAT-PRED
PREDICTION_2022_03,PRED-C04,PRED-E04-R2,2,10,27.28019162,30.47835631,5.5375,caffeine,1.08645956,mg/g,6.01626982,CONCENTRATION_X_MEASURED_FRACTION_MASS,93,88,2,2,PROGRAMMED,VALID,SOURCE_DESIGNATED_PREDICTION,TARGET_EXPOSED;SOURCE_INTERNAL,P24-MAT-PRED
PREDICTION_2022_03,PRED-C04,PRED-E04-R2,2,10,27.28019162,30.47835631,5.5375,trigonelline,0.32557202,mg/g,1.80285504,CONCENTRATION_X_MEASURED_FRACTION_MASS,93,88,2,2,PROGRAMMED,VALID,SOURCE_DESIGNATED_PREDICTION,TARGET_EXPOSED;SOURCE_INTERNAL,P24-MAT-PRED
PREDICTION_2022_03,PRED-C04,PRED-E04-R2,2,10,27.28019162,30.47835631,5.5375,5CQA,0.75471078,mg/g,4.17921093,CONCENTRATION_X_MEASURED_FRACTION_MASS,93,88,2,2,PROGRAMMED,VALID,SOURCE_DESIGNATED_PREDICTION,TARGET_EXPOSED;SOURCE_INTERNAL,P24-MAT-PRED
PREDICTION_2022_03,PRED-C04,PRED-E04-R2,2,10,27.28019162,30.47835631,5.5375,CQA_sum,1.44255312,mg/g,7.9881379,CONCENTRATION_X_MEASURED_FRACTION_MASS,93,88,2,2,PROGRAMMED,VALID,SOURCE_DESIGNATED_PREDICTION,TARGET_EXPOSED;SOURCE_INTERNAL,P24-MAT-PRED
PREDICTION_2022_03,PRED-C04,PRED-E04-R2,2,10,27.28019162,30.47835631,5.5375,TDS,1.77112147,percent,98.07585147,CONCENTRATION_X_MEASURED_FRACTION_MASS,93,88,2,2,PROGRAMMED,VALID,SOURCE_DESIGNATED_PREDICTION,TARGET_EXPOSED;SOURCE_INTERNAL,P24-MAT-PRED
PREDICTION_2022_03,PRED-C04,PRED-E04-R3,3,1,0,3.54206968,7.6904,caffeine,8.05900052,mg/g,61.97693763,CONCENTRATION_X_MEASURED_FRACTION_MASS,93,88,2,2,PROGRAMMED,VALID,SOURCE_DESIGNATED_PREDICTION,TARGET_EXPOSED;SOURCE_INTERNAL,P24-MAT-PRED
PREDICTION_2022_03,PRED-C04,PRED-E04-R3,3,1,0,3.54206968,7.6904,trigonelline,5.09244978,mg/g,39.16297578,CONCENTRATION_X_MEASURED_FRACTION_MASS,93,88,2,2,PROGRAMMED,VALID,SOURCE_DESIGNATED_PREDICTION,TARGET_EXPOSED;SOURCE_INTERNAL,P24-MAT-PRED
PREDICTION_2022_03,PRED-C04,PRED-E04-R3,3,1,0,3.54206968,7.6904,5CQA,6.40809054,mg/g,49.2807795,CONCENTRATION_X_MEASURED_FRACTION_MASS,93,88,2,2,PROGRAMMED,VALID,SOURCE_DESIGNATED_PREDICTION,TARGET_EXPOSED;SOURCE_INTERNAL,P24-MAT-PRED
PREDICTION_2022_03,PRED-C04,PRED-E04-R3,3,1,0,3.54206968,7.6904,CQA_sum,12.69710403,mg/g,97.64580887,CONCENTRATION_X_MEASURED_FRACTION_MASS,93,88,2,2,PROGRAMMED,VALID,SOURCE_DESIGNATED_PREDICTION,TARGET_EXPOSED;SOURCE_INTERNAL,P24-MAT-PRED
PREDICTION_2022_03,PRED-C04,PRED-E04-R3,3,1,0,3.54206968,7.6904,TDS,19.50018776,percent,1499.64243964,CONCENTRATION_X_MEASURED_FRACTION_MASS,93,88,2,2,PROGRAMMED,VALID,SOURCE_DESIGNATED_PREDICTION,TARGET_EXPOSED;SOURCE_INTERNAL,P24-MAT-PRED
PREDICTION_2022_03,PRED-C04,PRED-E04-R3,3,2,3.54206968,6.70220508,6.6968,caffeine,5.6439983,mg/g,37.79672784,CONCENTRATION_X_MEASURED_FRACTION_MASS,93,88,2,2,PROGRAMMED,VALID,SOURCE_DESIGNATED_PREDICTION,TARGET_EXPOSED;SOURCE_INTERNAL,P24-MAT-PRED
PREDICTION_2022_03,PRED-C04,PRED-E04-R3,3,2,3.54206968,6.70220508,6.6968,trigonelline,2.9479843,mg/g,19.74206127,CONCENTRATION_X_MEASURED_FRACTION_MASS,93,88,2,2,PROGRAMMED,VALID,SOURCE_DESIGNATED_PREDICTION,TARGET_EXPOSED;SOURCE_INTERNAL,P24-MAT-PRED
PREDICTION_2022_03,PRED-C04,PRED-E04-R3,3,2,3.54206968,6.70220508,6.6968,5CQA,4.37719718,mg/g,29.31321406,CONCENTRATION_X_MEASURED_FRACTION_MASS,93,88,2,2,PROGRAMMED,VALID,SOURCE_DESIGNATED_PREDICTION,TARGET_EXPOSED;SOURCE_INTERNAL,P24-MAT-PRED
PREDICTION_2022_03,PRED-C04,PRED-E04-R3,3,2,3.54206968,6.70220508,6.6968,CQA_sum,8.69195303,mg/g,58.20827107,CONCENTRATION_X_MEASURED_FRACTION_MASS,93,88,2,2,PROGRAMMED,VALID,SOURCE_DESIGNATED_PREDICTION,TARGET_EXPOSED;SOURCE_INTERNAL,P24-MAT-PRED
PREDICTION_2022_03,PRED-C04,PRED-E04-R3,3,2,3.54206968,6.70220508,6.6968,TDS,11.81198318,percent,791.02488939,CONCENTRATION_X_MEASURED_FRACTION_MASS,93,88,2,2,PROGRAMMED,VALID,SOURCE_DESIGNATED_PREDICTION,TARGET_EXPOSED;SOURCE_INTERNAL,P24-MAT-PRED
PREDICTION_2022_03,PRED-C04,PRED-E04-R3,3,3,6.70220508,9.63282227,6.0719,caffeine,4.24289017,mg/g,25.76240485,CONCENTRATION_X_MEASURED_FRACTION_MASS,93,88,2,2,PROGRAMMED,VALID,SOURCE_DESIGNATED_PREDICTION,TARGET_EXPOSED;SOURCE_INTERNAL,P24-MAT-PRED
PREDICTION_2022_03,PRED-C04,PRED-E04-R3,3,3,6.70220508,9.63282227,6.0719,trigonelline,2.13743944,mg/g,12.97831854,CONCENTRATION_X_MEASURED_FRACTION_MASS,93,88,2,2,PROGRAMMED,VALID,SOURCE_DESIGNATED_PREDICTION,TARGET_EXPOSED;SOURCE_INTERNAL,P24-MAT-PRED
PREDICTION_2022_03,PRED-C04,PRED-E04-R3,3,3,6.70220508,9.63282227,6.0719,5CQA,3.15076531,mg/g,19.13113187,CONCENTRATION_X_MEASURED_FRACTION_MASS,93,88,2,2,PROGRAMMED,VALID,SOURCE_DESIGNATED_PREDICTION,TARGET_EXPOSED;SOURCE_INTERNAL,P24-MAT-PRED
PREDICTION_2022_03,PRED-C04,PRED-E04-R3,3,3,6.70220508,9.63282227,6.0719,CQA_sum,6.15838827,mg/g,37.39311776,CONCENTRATION_X_MEASURED_FRACTION_MASS,93,88,2,2,PROGRAMMED,VALID,SOURCE_DESIGNATED_PREDICTION,TARGET_EXPOSED;SOURCE_INTERNAL,P24-MAT-PRED
PREDICTION_2022_03,PRED-C04,PRED-E04-R3,3,3,6.70220508,9.63282227,6.0719,TDS,8.58341112,percent,521.1761397,CONCENTRATION_X_MEASURED_FRACTION_MASS,93,88,2,2,PROGRAMMED,VALID,SOURCE_DESIGNATED_PREDICTION,TARGET_EXPOSED;SOURCE_INTERNAL,P24-MAT-PRED
PREDICTION_2022_03,PRED-C04,PRED-E04-R3,3,5,12.5618907,15.62623388,6.0671,caffeine,2.63441797,mg/g,15.98327728,CONCENTRATION_X_MEASURED_FRACTION_MASS,93,88,2,2,PROGRAMMED,VALID,SOURCE_DESIGNATED_PREDICTION,TARGET_EXPOSED;SOURCE_INTERNAL,P24-MAT-PRED
PREDICTION_2022_03,PRED-C04,PRED-E04-R3,3,5,12.5618907,15.62623388,6.0671,trigonelline,1.05929761,mg/g,6.42686454,CONCENTRATION_X_MEASURED_FRACTION_MASS,93,88,2,2,PROGRAMMED,VALID,SOURCE_DESIGNATED_PREDICTION,TARGET_EXPOSED;SOURCE_INTERNAL,P24-MAT-PRED
PREDICTION_2022_03,PRED-C04,PRED-E04-R3,3,5,12.5618907,15.62623388,6.0671,5CQA,1.92064218,mg/g,11.65272817,CONCENTRATION_X_MEASURED_FRACTION_MASS,93,88,2,2,PROGRAMMED,VALID,SOURCE_DESIGNATED_PREDICTION,TARGET_EXPOSED;SOURCE_INTERNAL,P24-MAT-PRED
PREDICTION_2022_03,PRED-C04,PRED-E04-R3,3,5,12.5618907,15.62623388,6.0671,CQA_sum,3.76006909,mg/g,22.8127152,CONCENTRATION_X_MEASURED_FRACTION_MASS,93,88,2,2,PROGRAMMED,VALID,SOURCE_DESIGNATED_PREDICTION,TARGET_EXPOSED;SOURCE_INTERNAL,P24-MAT-PRED
PREDICTION_2022_03,PRED-C04,PRED-E04-R3,3,5,12.5618907,15.62623388,6.0671,TDS,5.10406702,percent,309.66885042,CONCENTRATION_X_MEASURED_FRACTION_MASS,93,88,2,2,PROGRAMMED,VALID,SOURCE_DESIGNATED_PREDICTION,TARGET_EXPOSED;SOURCE_INTERNAL,P24-MAT-PRED
PREDICTION_2022_03,PRED-C04,PRED-E04-R3,3,7,18.65921672,21.78803469,5.8971,caffeine,1.72109473,mg/g,10.14946775,CONCENTRATION_X_MEASURED_FRACTION_MASS,93,88,2,2,PROGRAMMED,VALID,SOURCE_DESIGNATED_PREDICTION,TARGET_EXPOSED;SOURCE_INTERNAL,P24-MAT-PRED
PREDICTION_2022_03,PRED-C04,PRED-E04-R3,3,7,18.65921672,21.78803469,5.8971,trigonelline,0.6249868,mg/g,3.68560964,CONCENTRATION_X_MEASURED_FRACTION_MASS,93,88,2,2,PROGRAMMED,VALID,SOURCE_DESIGNATED_PREDICTION,TARGET_EXPOSED;SOURCE_INTERNAL,P24-MAT-PRED
PREDICTION_2022_03,PRED-C04,PRED-E04-R3,3,7,18.65921672,21.78803469,5.8971,5CQA,1.19556461,mg/g,7.05036408,CONCENTRATION_X_MEASURED_FRACTION_MASS,93,88,2,2,PROGRAMMED,VALID,SOURCE_DESIGNATED_PREDICTION,TARGET_EXPOSED;SOURCE_INTERNAL,P24-MAT-PRED
PREDICTION_2022_03,PRED-C04,PRED-E04-R3,3,7,18.65921672,21.78803469,5.8971,CQA_sum,2.30457603,mg/g,13.59031531,CONCENTRATION_X_MEASURED_FRACTION_MASS,93,88,2,2,PROGRAMMED,VALID,SOURCE_DESIGNATED_PREDICTION,TARGET_EXPOSED;SOURCE_INTERNAL,P24-MAT-PRED
PREDICTION_2022_03,PRED-C04,PRED-E04-R3,3,7,18.65921672,21.78803469,5.8971,TDS,3.19065214,percent,188.1559476,CONCENTRATION_X_MEASURED_FRACTION_MASS,93,88,2,2,PROGRAMMED,VALID,SOURCE_DESIGNATED_PREDICTION,TARGET_EXPOSED;SOURCE_INTERNAL,P24-MAT-PRED
PREDICTION_2022_03,PRED-C04,PRED-E04-R3,3,10,28.05355898,31.24601781,5.55,caffeine,1.02543325,mg/g,5.69115451,CONCENTRATION_X_MEASURED_FRACTION_MASS,93,88,2,2,PROGRAMMED,VALID,SOURCE_DESIGNATED_PREDICTION,TARGET_EXPOSED;SOURCE_INTERNAL,P24-MAT-PRED
PREDICTION_2022_03,PRED-C04,PRED-E04-R3,3,10,28.05355898,31.24601781,5.55,trigonelline,0.30556181,mg/g,1.69586807,CONCENTRATION_X_MEASURED_FRACTION_MASS,93,88,2,2,PROGRAMMED,VALID,SOURCE_DESIGNATED_PREDICTION,TARGET_EXPOSED;SOURCE_INTERNAL,P24-MAT-PRED
PREDICTION_2022_03,PRED-C04,PRED-E04-R3,3,10,28.05355898,31.24601781,5.55,5CQA,0.70341043,mg/g,3.90392789,CONCENTRATION_X_MEASURED_FRACTION_MASS,93,88,2,2,PROGRAMMED,VALID,SOURCE_DESIGNATED_PREDICTION,TARGET_EXPOSED;SOURCE_INTERNAL,P24-MAT-PRED
PREDICTION_2022_03,PRED-C04,PRED-E04-R3,3,10,28.05355898,31.24601781,5.55,CQA_sum,1.35692788,mg/g,7.53094973,CONCENTRATION_X_MEASURED_FRACTION_MASS,93,88,2,2,PROGRAMMED,VALID,SOURCE_DESIGNATED_PREDICTION,TARGET_EXPOSED;SOURCE_INTERNAL,P24-MAT-PRED
PREDICTION_2022_03,PRED-C04,PRED-E04-R3,3,10,28.05355898,31.24601781,5.55,TDS,1.77503097,percent,98.51421863,CONCENTRATION_X_MEASURED_FRACTION_MASS,93,88,2,2,PROGRAMMED,VALID,SOURCE_DESIGNATED_PREDICTION,TARGET_EXPOSED;SOURCE_INTERNAL,P24-MAT-PRED
PREDICTION_2022_03,PRED-C05,PRED-E05-R1,1,1,0,2.63515101,4.481,caffeine,9.23585941,mg/g,41.385886,CONCENTRATION_X_MEASURED_FRACTION_MASS,90,90,1.7,1.7,PROGRAMMED,VALID,SOURCE_DESIGNATED_PREDICTION,TARGET_EXPOSED;SOURCE_INTERNAL,P24-MAT-PRED
PREDICTION_2022_03,PRED-C05,PRED-E05-R1,1,1,0,2.63515101,4.481,trigonelline,5.98970377,mg/g,26.83986261,CONCENTRATION_X_MEASURED_FRACTION_MASS,90,90,1.7,1.7,PROGRAMMED,VALID,SOURCE_DESIGNATED_PREDICTION,TARGET_EXPOSED;SOURCE_INTERNAL,P24-MAT-PRED
PREDICTION_2022_03,PRED-C05,PRED-E05-R1,1,1,0,2.63515101,4.481,5CQA,7.21087294,mg/g,32.31192166,CONCENTRATION_X_MEASURED_FRACTION_MASS,90,90,1.7,1.7,PROGRAMMED,VALID,SOURCE_DESIGNATED_PREDICTION,TARGET_EXPOSED;SOURCE_INTERNAL,P24-MAT-PRED
PREDICTION_2022_03,PRED-C05,PRED-E05-R1,1,1,0,2.63515101,4.481,CQA_sum,14.36078147,mg/g,64.35066179,CONCENTRATION_X_MEASURED_FRACTION_MASS,90,90,1.7,1.7,PROGRAMMED,VALID,SOURCE_DESIGNATED_PREDICTION,TARGET_EXPOSED;SOURCE_INTERNAL,P24-MAT-PRED
PREDICTION_2022_03,PRED-C05,PRED-E05-R1,1,1,0,2.63515101,4.481,TDS,21.73531403,percent,973.95942156,CONCENTRATION_X_MEASURED_FRACTION_MASS,90,90,1.7,1.7,PROGRAMMED,VALID,SOURCE_DESIGNATED_PREDICTION,TARGET_EXPOSED;SOURCE_INTERNAL,P24-MAT-PRED
PREDICTION_2022_03,PRED-C05,PRED-E05-R1,1,2,2.63515101,6.36417004,6.2648,caffeine,6.85970937,mg/g,42.97470723,CONCENTRATION_X_MEASURED_FRACTION_MASS,90,90,1.7,1.7,PROGRAMMED,VALID,SOURCE_DESIGNATED_PREDICTION,TARGET_EXPOSED;SOURCE_INTERNAL,P24-MAT-PRED
PREDICTION_2022_03,PRED-C05,PRED-E05-R1,1,2,2.63515101,6.36417004,6.2648,trigonelline,4.02786513,mg/g,25.23376947,CONCENTRATION_X_MEASURED_FRACTION_MASS,90,90,1.7,1.7,PROGRAMMED,VALID,SOURCE_DESIGNATED_PREDICTION,TARGET_EXPOSED;SOURCE_INTERNAL,P24-MAT-PRED
PREDICTION_2022_03,PRED-C05,PRED-E05-R1,1,2,2.63515101,6.36417004,6.2648,5CQA,5.29125131,mg/g,33.14863118,CONCENTRATION_X_MEASURED_FRACTION_MASS,90,90,1.7,1.7,PROGRAMMED,VALID,SOURCE_DESIGNATED_PREDICTION,TARGET_EXPOSED;SOURCE_INTERNAL,P24-MAT-PRED
PREDICTION_2022_03,PRED-C05,PRED-E05-R1,1,2,2.63515101,6.36417004,6.2648,CQA_sum,10.54370591,mg/g,66.0542088,CONCENTRATION_X_MEASURED_FRACTION_MASS,90,90,1.7,1.7,PROGRAMMED,VALID,SOURCE_DESIGNATED_PREDICTION,TARGET_EXPOSED;SOURCE_INTERNAL,P24-MAT-PRED
PREDICTION_2022_03,PRED-C05,PRED-E05-R1,1,2,2.63515101,6.36417004,6.2648,TDS,14.76014806,percent,924.69375583,CONCENTRATION_X_MEASURED_FRACTION_MASS,90,90,1.7,1.7,PROGRAMMED,VALID,SOURCE_DESIGNATED_PREDICTION,TARGET_EXPOSED;SOURCE_INTERNAL,P24-MAT-PRED
PREDICTION_2022_03,PRED-C05,PRED-E05-R1,1,3,6.36417004,9.8171935,5.7214,caffeine,5.14841381,mg/g,29.45613478,CONCENTRATION_X_MEASURED_FRACTION_MASS,90,90,1.7,1.7,PROGRAMMED,VALID,SOURCE_DESIGNATED_PREDICTION,TARGET_EXPOSED;SOURCE_INTERNAL,P24-MAT-PRED
PREDICTION_2022_03,PRED-C05,PRED-E05-R1,1,3,6.36417004,9.8171935,5.7214,trigonelline,2.94590966,mg/g,16.85472754,CONCENTRATION_X_MEASURED_FRACTION_MASS,90,90,1.7,1.7,PROGRAMMED,VALID,SOURCE_DESIGNATED_PREDICTION,TARGET_EXPOSED;SOURCE_INTERNAL,P24-MAT-PRED
PREDICTION_2022_03,PRED-C05,PRED-E05-R1,1,3,6.36417004,9.8171935,5.7214,5CQA,3.80810126,mg/g,21.78767055,CONCENTRATION_X_MEASURED_FRACTION_MASS,90,90,1.7,1.7,PROGRAMMED,VALID,SOURCE_DESIGNATED_PREDICTION,TARGET_EXPOSED;SOURCE_INTERNAL,P24-MAT-PRED
PREDICTION_2022_03,PRED-C05,PRED-E05-R1,1,3,6.36417004,9.8171935,5.7214,CQA_sum,7.51834903,mg/g,43.01548214,CONCENTRATION_X_MEASURED_FRACTION_MASS,90,90,1.7,1.7,PROGRAMMED,VALID,SOURCE_DESIGNATED_PREDICTION,TARGET_EXPOSED;SOURCE_INTERNAL,P24-MAT-PRED
PREDICTION_2022_03,PRED-C05,PRED-E05-R1,1,3,6.36417004,9.8171935,5.7214,TDS,10.59464233,percent,606.16186612,CONCENTRATION_X_MEASURED_FRACTION_MASS,90,90,1.7,1.7,PROGRAMMED,VALID,SOURCE_DESIGNATED_PREDICTION,TARGET_EXPOSED;SOURCE_INTERNAL,P24-MAT-PRED
PREDICTION_2022_03,PRED-C05,PRED-E05-R1,1,5,13.2510385,16.5319719,5.2928,caffeine,3.23076719,mg/g,17.0998046,CONCENTRATION_X_MEASURED_FRACTION_MASS,90,90,1.7,1.7,PROGRAMMED,VALID,SOURCE_DESIGNATED_PREDICTION,TARGET_EXPOSED;SOURCE_INTERNAL,P24-MAT-PRED
PREDICTION_2022_03,PRED-C05,PRED-E05-R1,1,5,13.2510385,16.5319719,5.2928,trigonelline,1.42284838,mg/g,7.53085191,CONCENTRATION_X_MEASURED_FRACTION_MASS,90,90,1.7,1.7,PROGRAMMED,VALID,SOURCE_DESIGNATED_PREDICTION,TARGET_EXPOSED;SOURCE_INTERNAL,P24-MAT-PRED
PREDICTION_2022_03,PRED-C05,PRED-E05-R1,1,5,13.2510385,16.5319719,5.2928,5CQA,2.34814615,mg/g,12.42826795,CONCENTRATION_X_MEASURED_FRACTION_MASS,90,90,1.7,1.7,PROGRAMMED,VALID,SOURCE_DESIGNATED_PREDICTION,TARGET_EXPOSED;SOURCE_INTERNAL,P24-MAT-PRED
PREDICTION_2022_03,PRED-C05,PRED-E05-R1,1,5,13.2510385,16.5319719,5.2928,CQA_sum,4.64288048,mg/g,24.57383781,CONCENTRATION_X_MEASURED_FRACTION_MASS,90,90,1.7,1.7,PROGRAMMED,VALID,SOURCE_DESIGNATED_PREDICTION,TARGET_EXPOSED;SOURCE_INTERNAL,P24-MAT-PRED
PREDICTION_2022_03,PRED-C05,PRED-E05-R1,1,5,13.2510385,16.5319719,5.2928,TDS,5.98245393,percent,316.6393216,CONCENTRATION_X_MEASURED_FRACTION_MASS,90,90,1.7,1.7,PROGRAMMED,VALID,SOURCE_DESIGNATED_PREDICTION,TARGET_EXPOSED;SOURCE_INTERNAL,P24-MAT-PRED
PREDICTION_2022_03,PRED-C05,PRED-E05-R1,1,7,19.92965939,23.2334711,5.1876,caffeine,2.2006084,mg/g,11.41587616,CONCENTRATION_X_MEASURED_FRACTION_MASS,90,90,1.7,1.7,PROGRAMMED,VALID,SOURCE_DESIGNATED_PREDICTION,TARGET_EXPOSED;SOURCE_INTERNAL,P24-MAT-PRED
PREDICTION_2022_03,PRED-C05,PRED-E05-R1,1,7,19.92965939,23.2334711,5.1876,trigonelline,0.86089314,mg/g,4.46596927,CONCENTRATION_X_MEASURED_FRACTION_MASS,90,90,1.7,1.7,PROGRAMMED,VALID,SOURCE_DESIGNATED_PREDICTION,TARGET_EXPOSED;SOURCE_INTERNAL,P24-MAT-PRED
PREDICTION_2022_03,PRED-C05,PRED-E05-R1,1,7,19.92965939,23.2334711,5.1876,5CQA,1.52623431,mg/g,7.91749309,CONCENTRATION_X_MEASURED_FRACTION_MASS,90,90,1.7,1.7,PROGRAMMED,VALID,SOURCE_DESIGNATED_PREDICTION,TARGET_EXPOSED;SOURCE_INTERNAL,P24-MAT-PRED
PREDICTION_2022_03,PRED-C05,PRED-E05-R1,1,7,19.92965939,23.2334711,5.1876,CQA_sum,2.87469447,mg/g,14.91276503,CONCENTRATION_X_MEASURED_FRACTION_MASS,90,90,1.7,1.7,PROGRAMMED,VALID,SOURCE_DESIGNATED_PREDICTION,TARGET_EXPOSED;SOURCE_INTERNAL,P24-MAT-PRED
PREDICTION_2022_03,PRED-C05,PRED-E05-R1,1,7,19.92965939,23.2334711,5.1876,TDS,4.58103971,percent,237.64601607,CONCENTRATION_X_MEASURED_FRACTION_MASS,90,90,1.7,1.7,PROGRAMMED,VALID,SOURCE_DESIGNATED_PREDICTION,TARGET_EXPOSED;SOURCE_INTERNAL,P24-MAT-PRED
PREDICTION_2022_03,PRED-C05,PRED-E05-R1,1,10,30.08137144,33.55987159,5.2329,caffeine,1.33809747,mg/g,7.00213024,CONCENTRATION_X_MEASURED_FRACTION_MASS,90,90,1.7,1.7,PROGRAMMED,VALID,SOURCE_DESIGNATED_PREDICTION,TARGET_EXPOSED;SOURCE_INTERNAL,P24-MAT-PRED
PREDICTION_2022_03,PRED-C05,PRED-E05-R1,1,10,30.08137144,33.55987159,5.2329,trigonelline,0.43497516,mg/g,2.27618149,CONCENTRATION_X_MEASURED_FRACTION_MASS,90,90,1.7,1.7,PROGRAMMED,VALID,SOURCE_DESIGNATED_PREDICTION,TARGET_EXPOSED;SOURCE_INTERNAL,P24-MAT-PRED
PREDICTION_2022_03,PRED-C05,PRED-E05-R1,1,10,30.08137144,33.55987159,5.2329,5CQA,0.91390168,mg/g,4.78235611,CONCENTRATION_X_MEASURED_FRACTION_MASS,90,90,1.7,1.7,PROGRAMMED,VALID,SOURCE_DESIGNATED_PREDICTION,TARGET_EXPOSED;SOURCE_INTERNAL,P24-MAT-PRED
PREDICTION_2022_03,PRED-C05,PRED-E05-R1,1,10,30.08137144,33.55987159,5.2329,CQA_sum,1.78320944,mg/g,9.33135669,CONCENTRATION_X_MEASURED_FRACTION_MASS,90,90,1.7,1.7,PROGRAMMED,VALID,SOURCE_DESIGNATED_PREDICTION,TARGET_EXPOSED;SOURCE_INTERNAL,P24-MAT-PRED
PREDICTION_2022_03,PRED-C05,PRED-E05-R1,1,10,30.08137144,33.55987159,5.2329,TDS,2.12184735,percent,111.03415023,CONCENTRATION_X_MEASURED_FRACTION_MASS,90,90,1.7,1.7,PROGRAMMED,VALID,SOURCE_DESIGNATED_PREDICTION,TARGET_EXPOSED;SOURCE_INTERNAL,P24-MAT-PRED
PREDICTION_2022_03,PRED-C05,PRED-E05-R2,2,1,0,5.59714741,9.4374,caffeine,7.69623981,mg/g,72.63249357,CONCENTRATION_X_MEASURED_FRACTION_MASS,90,90,1.7,1.7,PROGRAMMED,VALID,SOURCE_DESIGNATED_PREDICTION,TARGET_EXPOSED;SOURCE_INTERNAL,P24-MAT-PRED
PREDICTION_2022_03,PRED-C05,PRED-E05-R2,2,1,0,5.59714741,9.4374,trigonelline,4.54042686,mg/g,42.84982449,CONCENTRATION_X_MEASURED_FRACTION_MASS,90,90,1.7,1.7,PROGRAMMED,VALID,SOURCE_DESIGNATED_PREDICTION,TARGET_EXPOSED;SOURCE_INTERNAL,P24-MAT-PRED
PREDICTION_2022_03,PRED-C05,PRED-E05-R2,2,1,0,5.59714741,9.4374,5CQA,6.2417476,mg/g,58.90586884,CONCENTRATION_X_MEASURED_FRACTION_MASS,90,90,1.7,1.7,PROGRAMMED,VALID,SOURCE_DESIGNATED_PREDICTION,TARGET_EXPOSED;SOURCE_INTERNAL,P24-MAT-PRED
PREDICTION_2022_03,PRED-C05,PRED-E05-R2,2,1,0,5.59714741,9.4374,CQA_sum,12.38181852,mg/g,116.85217409,CONCENTRATION_X_MEASURED_FRACTION_MASS,90,90,1.7,1.7,PROGRAMMED,VALID,SOURCE_DESIGNATED_PREDICTION,TARGET_EXPOSED;SOURCE_INTERNAL,P24-MAT-PRED
PREDICTION_2022_03,PRED-C05,PRED-E05-R2,2,1,0,5.59714741,9.4374,TDS,18.74661938,percent,1769.19345712,CONCENTRATION_X_MEASURED_FRACTION_MASS,90,90,1.7,1.7,PROGRAMMED,VALID,SOURCE_DESIGNATED_PREDICTION,TARGET_EXPOSED;SOURCE_INTERNAL,P24-MAT-PRED
PREDICTION_2022_03,PRED-C05,PRED-E05-R2,2,2,5.59714741,9.16701574,5.9078,caffeine,5.25965071,mg/g,31.07296447,CONCENTRATION_X_MEASURED_FRACTION_MASS,90,90,1.7,1.7,PROGRAMMED,VALID,SOURCE_DESIGNATED_PREDICTION,TARGET_EXPOSED;SOURCE_INTERNAL,P24-MAT-PRED
PREDICTION_2022_03,PRED-C05,PRED-E05-R2,2,2,5.59714741,9.16701574,5.9078,trigonelline,2.66509772,mg/g,15.74486429,CONCENTRATION_X_MEASURED_FRACTION_MASS,90,90,1.7,1.7,PROGRAMMED,VALID,SOURCE_DESIGNATED_PREDICTION,TARGET_EXPOSED;SOURCE_INTERNAL,P24-MAT-PRED
PREDICTION_2022_03,PRED-C05,PRED-E05-R2,2,2,5.59714741,9.16701574,5.9078,5CQA,4.18101769,mg/g,24.70061629,CONCENTRATION_X_MEASURED_FRACTION_MASS,90,90,1.7,1.7,PROGRAMMED,VALID,SOURCE_DESIGNATED_PREDICTION,TARGET_EXPOSED;SOURCE_INTERNAL,P24-MAT-PRED
PREDICTION_2022_03,PRED-C05,PRED-E05-R2,2,2,5.59714741,9.16701574,5.9078,CQA_sum,8.34350425,mg/g,49.29175441,CONCENTRATION_X_MEASURED_FRACTION_MASS,90,90,1.7,1.7,PROGRAMMED,VALID,SOURCE_DESIGNATED_PREDICTION,TARGET_EXPOSED;SOURCE_INTERNAL,P24-MAT-PRED
PREDICTION_2022_03,PRED-C05,PRED-E05-R2,2,2,5.59714741,9.16701574,5.9078,TDS,11.23895196,percent,663.9748036,CONCENTRATION_X_MEASURED_FRACTION_MASS,90,90,1.7,1.7,PROGRAMMED,VALID,SOURCE_DESIGNATED_PREDICTION,TARGET_EXPOSED;SOURCE_INTERNAL,P24-MAT-PRED
PREDICTION_2022_03,PRED-C05,PRED-E05-R2,2,3,9.16701574,12.81682167,5.9504,caffeine,3.8702792,mg/g,23.02970934,CONCENTRATION_X_MEASURED_FRACTION_MASS,90,90,1.7,1.7,PROGRAMMED,VALID,SOURCE_DESIGNATED_PREDICTION,TARGET_EXPOSED;SOURCE_INTERNAL,P24-MAT-PRED
PREDICTION_2022_03,PRED-C05,PRED-E05-R2,2,3,9.16701574,12.81682167,5.9504,trigonelline,1.88379912,mg/g,11.20935828,CONCENTRATION_X_MEASURED_FRACTION_MASS,90,90,1.7,1.7,PROGRAMMED,VALID,SOURCE_DESIGNATED_PREDICTION,TARGET_EXPOSED;SOURCE_INTERNAL,P24-MAT-PRED
PREDICTION_2022_03,PRED-C05,PRED-E05-R2,2,3,9.16701574,12.81682167,5.9504,5CQA,2.96475421,mg/g,17.64147345,CONCENTRATION_X_MEASURED_FRACTION_MASS,90,90,1.7,1.7,PROGRAMMED,VALID,SOURCE_DESIGNATED_PREDICTION,TARGET_EXPOSED;SOURCE_INTERNAL,P24-MAT-PRED
PREDICTION_2022_03,PRED-C05,PRED-E05-R2,2,3,9.16701574,12.81682167,5.9504,CQA_sum,5.81778038,mg/g,34.61812038,CONCENTRATION_X_MEASURED_FRACTION_MASS,90,90,1.7,1.7,PROGRAMMED,VALID,SOURCE_DESIGNATED_PREDICTION,TARGET_EXPOSED;SOURCE_INTERNAL,P24-MAT-PRED
PREDICTION_2022_03,PRED-C05,PRED-E05-R2,2,3,9.16701574,12.81682167,5.9504,TDS,8.00848933,percent,476.53714916,CONCENTRATION_X_MEASURED_FRACTION_MASS,90,90,1.7,1.7,PROGRAMMED,VALID,SOURCE_DESIGNATED_PREDICTION,TARGET_EXPOSED;SOURCE_INTERNAL,P24-MAT-PRED
PREDICTION_2022_03,PRED-C05,PRED-E05-R2,2,5,16.45286983,20.02153459,5.6421,caffeine,2.51948397,mg/g,14.21518052,CONCENTRATION_X_MEASURED_FRACTION_MASS,90,90,1.7,1.7,PROGRAMMED,VALID,SOURCE_DESIGNATED_PREDICTION,TARGET_EXPOSED;SOURCE_INTERNAL,P24-MAT-PRED
PREDICTION_2022_03,PRED-C05,PRED-E05-R2,2,5,16.45286983,20.02153459,5.6421,trigonelline,1.07134758,mg/g,6.0446502,CONCENTRATION_X_MEASURED_FRACTION_MASS,90,90,1.7,1.7,PROGRAMMED,VALID,SOURCE_DESIGNATED_PREDICTION,TARGET_EXPOSED;SOURCE_INTERNAL,P24-MAT-PRED
PREDICTION_2022_03,PRED-C05,PRED-E05-R2,2,5,16.45286983,20.02153459,5.6421,5CQA,1.91021695,mg/g,10.77763507,CONCENTRATION_X_MEASURED_FRACTION_MASS,90,90,1.7,1.7,PROGRAMMED,VALID,SOURCE_DESIGNATED_PREDICTION,TARGET_EXPOSED;SOURCE_INTERNAL,P24-MAT-PRED
PREDICTION_2022_03,PRED-C05,PRED-E05-R2,2,5,16.45286983,20.02153459,5.6421,CQA_sum,3.76022159,mg/g,21.21554624,CONCENTRATION_X_MEASURED_FRACTION_MASS,90,90,1.7,1.7,PROGRAMMED,VALID,SOURCE_DESIGNATED_PREDICTION,TARGET_EXPOSED;SOURCE_INTERNAL,P24-MAT-PRED
PREDICTION_2022_03,PRED-C05,PRED-E05-R2,2,5,16.45286983,20.02153459,5.6421,TDS,5.25727185,percent,296.62053521,CONCENTRATION_X_MEASURED_FRACTION_MASS,90,90,1.7,1.7,PROGRAMMED,VALID,SOURCE_DESIGNATED_PREDICTION,TARGET_EXPOSED;SOURCE_INTERNAL,P24-MAT-PRED
PREDICTION_2022_03,PRED-C05,PRED-E05-R2,2,7,23.45828855,26.9220497,5.3123,caffeine,1.72110361,mg/g,9.14301873,CONCENTRATION_X_MEASURED_FRACTION_MASS,90,90,1.7,1.7,PROGRAMMED,VALID,SOURCE_DESIGNATED_PREDICTION,TARGET_EXPOSED;SOURCE_INTERNAL,P24-MAT-PRED
PREDICTION_2022_03,PRED-C05,PRED-E05-R2,2,7,23.45828855,26.9220497,5.3123,trigonelline,0.66839651,mg/g,3.55072276,CONCENTRATION_X_MEASURED_FRACTION_MASS,90,90,1.7,1.7,PROGRAMMED,VALID,SOURCE_DESIGNATED_PREDICTION,TARGET_EXPOSED;SOURCE_INTERNAL,P24-MAT-PRED
PREDICTION_2022_03,PRED-C05,PRED-E05-R2,2,7,23.45828855,26.9220497,5.3123,5CQA,1.25086517,mg/g,6.64497107,CONCENTRATION_X_MEASURED_FRACTION_MASS,90,90,1.7,1.7,PROGRAMMED,VALID,SOURCE_DESIGNATED_PREDICTION,TARGET_EXPOSED;SOURCE_INTERNAL,P24-MAT-PRED
PREDICTION_2022_03,PRED-C05,PRED-E05-R2,2,7,23.45828855,26.9220497,5.3123,CQA_sum,2.42119241,mg/g,12.86210045,CONCENTRATION_X_MEASURED_FRACTION_MASS,90,90,1.7,1.7,PROGRAMMED,VALID,SOURCE_DESIGNATED_PREDICTION,TARGET_EXPOSED;SOURCE_INTERNAL,P24-MAT-PRED
PREDICTION_2022_03,PRED-C05,PRED-E05-R2,2,7,23.45828855,26.9220497,5.3123,TDS,3.34404391,percent,177.64564476,CONCENTRATION_X_MEASURED_FRACTION_MASS,90,90,1.7,1.7,PROGRAMMED,VALID,SOURCE_DESIGNATED_PREDICTION,TARGET_EXPOSED;SOURCE_INTERNAL,P24-MAT-PRED
PREDICTION_2022_03,PRED-C05,PRED-E05-R2,2,10,34.46963611,38.22638441,5.4763,caffeine,1.09810577,mg/g,6.01355663,CONCENTRATION_X_MEASURED_FRACTION_MASS,90,90,1.7,1.7,PROGRAMMED,VALID,SOURCE_DESIGNATED_PREDICTION,TARGET_EXPOSED;SOURCE_INTERNAL,P24-MAT-PRED
PREDICTION_2022_03,PRED-C05,PRED-E05-R2,2,10,34.46963611,38.22638441,5.4763,trigonelline,0.36052829,mg/g,1.97436105,CONCENTRATION_X_MEASURED_FRACTION_MASS,90,90,1.7,1.7,PROGRAMMED,VALID,SOURCE_DESIGNATED_PREDICTION,TARGET_EXPOSED;SOURCE_INTERNAL,P24-MAT-PRED
PREDICTION_2022_03,PRED-C05,PRED-E05-R2,2,10,34.46963611,38.22638441,5.4763,5CQA,0.80357062,mg/g,4.40059379,CONCENTRATION_X_MEASURED_FRACTION_MASS,90,90,1.7,1.7,PROGRAMMED,VALID,SOURCE_DESIGNATED_PREDICTION,TARGET_EXPOSED;SOURCE_INTERNAL,P24-MAT-PRED
PREDICTION_2022_03,PRED-C05,PRED-E05-R2,2,10,34.46963611,38.22638441,5.4763,CQA_sum,1.53182192,mg/g,8.3887164,CONCENTRATION_X_MEASURED_FRACTION_MASS,90,90,1.7,1.7,PROGRAMMED,VALID,SOURCE_DESIGNATED_PREDICTION,TARGET_EXPOSED;SOURCE_INTERNAL,P24-MAT-PRED
PREDICTION_2022_03,PRED-C05,PRED-E05-R2,2,10,34.46963611,38.22638441,5.4763,TDS,1.94556013,percent,106.54470932,CONCENTRATION_X_MEASURED_FRACTION_MASS,90,90,1.7,1.7,PROGRAMMED,VALID,SOURCE_DESIGNATED_PREDICTION,TARGET_EXPOSED;SOURCE_INTERNAL,P24-MAT-PRED
PREDICTION_2022_03,PRED-C05,PRED-E05-R3,3,1,0,3.27882565,5.5428,caffeine,8.70739289,mg/g,48.26333734,CONCENTRATION_X_MEASURED_FRACTION_MASS,90,90,1.7,1.7,PROGRAMMED,VALID,SOURCE_DESIGNATED_PREDICTION,TARGET_EXPOSED;SOURCE_INTERNAL,P24-MAT-PRED
PREDICTION_2022_03,PRED-C05,PRED-E05-R3,3,1,0,3.27882565,5.5428,trigonelline,5.57485014,mg/g,30.90027933,CONCENTRATION_X_MEASURED_FRACTION_MASS,90,90,1.7,1.7,PROGRAMMED,VALID,SOURCE_DESIGNATED_PREDICTION,TARGET_EXPOSED;SOURCE_INTERNAL,P24-MAT-PRED
PREDICTION_2022_03,PRED-C05,PRED-E05-R3,3,1,0,3.27882565,5.5428,5CQA,6.76762899,mg/g,37.51161394,CONCENTRATION_X_MEASURED_FRACTION_MASS,90,90,1.7,1.7,PROGRAMMED,VALID,SOURCE_DESIGNATED_PREDICTION,TARGET_EXPOSED;SOURCE_INTERNAL,P24-MAT-PRED
PREDICTION_2022_03,PRED-C05,PRED-E05-R3,3,1,0,3.27882565,5.5428,CQA_sum,14.09072589,mg/g,78.10207546,CONCENTRATION_X_MEASURED_FRACTION_MASS,90,90,1.7,1.7,PROGRAMMED,VALID,SOURCE_DESIGNATED_PREDICTION,TARGET_EXPOSED;SOURCE_INTERNAL,P24-MAT-PRED
PREDICTION_2022_03,PRED-C05,PRED-E05-R3,3,1,0,3.27882565,5.5428,TDS,21.33558841,percent,1182.5889944,CONCENTRATION_X_MEASURED_FRACTION_MASS,90,90,1.7,1.7,PROGRAMMED,VALID,SOURCE_DESIGNATED_PREDICTION,TARGET_EXPOSED;SOURCE_INTERNAL,P24-MAT-PRED
PREDICTION_2022_03,PRED-C05,PRED-E05-R3,3,2,3.27882565,7.06400362,6.3092,caffeine,6.58831603,mg/g,41.56700348,CONCENTRATION_X_MEASURED_FRACTION_MASS,90,90,1.7,1.7,PROGRAMMED,VALID,SOURCE_DESIGNATED_PREDICTION,TARGET_EXPOSED;SOURCE_INTERNAL,P24-MAT-PRED
PREDICTION_2022_03,PRED-C05,PRED-E05-R3,3,2,3.27882565,7.06400362,6.3092,trigonelline,3.82082904,mg/g,24.10637455,CONCENTRATION_X_MEASURED_FRACTION_MASS,90,90,1.7,1.7,PROGRAMMED,VALID,SOURCE_DESIGNATED_PREDICTION,TARGET_EXPOSED;SOURCE_INTERNAL,P24-MAT-PRED
PREDICTION_2022_03,PRED-C05,PRED-E05-R3,3,2,3.27882565,7.06400362,6.3092,5CQA,5.23267084,mg/g,33.01396687,CONCENTRATION_X_MEASURED_FRACTION_MASS,90,90,1.7,1.7,PROGRAMMED,VALID,SOURCE_DESIGNATED_PREDICTION,TARGET_EXPOSED;SOURCE_INTERNAL,P24-MAT-PRED
PREDICTION_2022_03,PRED-C05,PRED-E05-R3,3,2,3.27882565,7.06400362,6.3092,CQA_sum,10.60756309,mg/g,66.92523704,CONCENTRATION_X_MEASURED_FRACTION_MASS,90,90,1.7,1.7,PROGRAMMED,VALID,SOURCE_DESIGNATED_PREDICTION,TARGET_EXPOSED;SOURCE_INTERNAL,P24-MAT-PRED
PREDICTION_2022_03,PRED-C05,PRED-E05-R3,3,2,3.27882565,7.06400362,6.3092,TDS,14.47117721,percent,913.01551263,CONCENTRATION_X_MEASURED_FRACTION_MASS,90,90,1.7,1.7,PROGRAMMED,VALID,SOURCE_DESIGNATED_PREDICTION,TARGET_EXPOSED;SOURCE_INTERNAL,P24-MAT-PRED
PREDICTION_2022_03,PRED-C05,PRED-E05-R3,3,3,7.06400362,10.5748362,5.7661,caffeine,4.94461982,mg/g,28.51117233,CONCENTRATION_X_MEASURED_FRACTION_MASS,90,90,1.7,1.7,PROGRAMMED,VALID,SOURCE_DESIGNATED_PREDICTION,TARGET_EXPOSED;SOURCE_INTERNAL,P24-MAT-PRED
PREDICTION_2022_03,PRED-C05,PRED-E05-R3,3,3,7.06400362,10.5748362,5.7661,trigonelline,2.48186847,mg/g,14.31070177,CONCENTRATION_X_MEASURED_FRACTION_MASS,90,90,1.7,1.7,PROGRAMMED,VALID,SOURCE_DESIGNATED_PREDICTION,TARGET_EXPOSED;SOURCE_INTERNAL,P24-MAT-PRED
PREDICTION_2022_03,PRED-C05,PRED-E05-R3,3,3,7.06400362,10.5748362,5.7661,5CQA,4.2203774,mg/g,24.33511813,CONCENTRATION_X_MEASURED_FRACTION_MASS,90,90,1.7,1.7,PROGRAMMED,VALID,SOURCE_DESIGNATED_PREDICTION,TARGET_EXPOSED;SOURCE_INTERNAL,P24-MAT-PRED
PREDICTION_2022_03,PRED-C05,PRED-E05-R3,3,3,7.06400362,10.5748362,5.7661,CQA_sum,7.55171031,mg/g,43.5439168,CONCENTRATION_X_MEASURED_FRACTION_MASS,90,90,1.7,1.7,PROGRAMMED,VALID,SOURCE_DESIGNATED_PREDICTION,TARGET_EXPOSED;SOURCE_INTERNAL,P24-MAT-PRED
PREDICTION_2022_03,PRED-C05,PRED-E05-R3,3,3,7.06400362,10.5748362,5.7661,TDS,10.27858961,percent,592.67375546,CONCENTRATION_X_MEASURED_FRACTION_MASS,90,90,1.7,1.7,PROGRAMMED,VALID,SOURCE_DESIGNATED_PREDICTION,TARGET_EXPOSED;SOURCE_INTERNAL,P24-MAT-PRED
PREDICTION_2022_03,PRED-C05,PRED-E05-R3,3,5,14.19065771,17.74176814,5.6622,caffeine,3.01680325,mg/g,17.08174336,CONCENTRATION_X_MEASURED_FRACTION_MASS,90,90,1.7,1.7,PROGRAMMED,VALID,SOURCE_DESIGNATED_PREDICTION,TARGET_EXPOSED;SOURCE_INTERNAL,P24-MAT-PRED
PREDICTION_2022_03,PRED-C05,PRED-E05-R3,3,5,14.19065771,17.74176814,5.6622,trigonelline,1.33739756,mg/g,7.57261246,CONCENTRATION_X_MEASURED_FRACTION_MASS,90,90,1.7,1.7,PROGRAMMED,VALID,SOURCE_DESIGNATED_PREDICTION,TARGET_EXPOSED;SOURCE_INTERNAL,P24-MAT-PRED
PREDICTION_2022_03,PRED-C05,PRED-E05-R3,3,5,14.19065771,17.74176814,5.6622,5CQA,2.38436488,mg/g,13.5007508,CONCENTRATION_X_MEASURED_FRACTION_MASS,90,90,1.7,1.7,PROGRAMMED,VALID,SOURCE_DESIGNATED_PREDICTION,TARGET_EXPOSED;SOURCE_INTERNAL,P24-MAT-PRED
PREDICTION_2022_03,PRED-C05,PRED-E05-R3,3,5,14.19065771,17.74176814,5.6622,CQA_sum,4.47972435,mg/g,25.36509521,CONCENTRATION_X_MEASURED_FRACTION_MASS,90,90,1.7,1.7,PROGRAMMED,VALID,SOURCE_DESIGNATED_PREDICTION,TARGET_EXPOSED;SOURCE_INTERNAL,P24-MAT-PRED
PREDICTION_2022_03,PRED-C05,PRED-E05-R3,3,5,14.19065771,17.74176814,5.6622,TDS,5.79784946,percent,328.28583216,CONCENTRATION_X_MEASURED_FRACTION_MASS,90,90,1.7,1.7,PROGRAMMED,VALID,SOURCE_DESIGNATED_PREDICTION,TARGET_EXPOSED;SOURCE_INTERNAL,P24-MAT-PRED
PREDICTION_2022_03,PRED-C05,PRED-E05-R3,3,7,21.34824543,24.71932348,5.2155,caffeine,2.01552531,mg/g,10.51197223,CONCENTRATION_X_MEASURED_FRACTION_MASS,90,90,1.7,1.7,PROGRAMMED,VALID,SOURCE_DESIGNATED_PREDICTION,TARGET_EXPOSED;SOURCE_INTERNAL,P24-MAT-PRED
PREDICTION_2022_03,PRED-C05,PRED-E05-R3,3,7,21.34824543,24.71932348,5.2155,trigonelline,0.7743373,mg/g,4.03855619,CONCENTRATION_X_MEASURED_FRACTION_MASS,90,90,1.7,1.7,PROGRAMMED,VALID,SOURCE_DESIGNATED_PREDICTION,TARGET_EXPOSED;SOURCE_INTERNAL,P24-MAT-PRED
PREDICTION_2022_03,PRED-C05,PRED-E05-R3,3,7,21.34824543,24.71932348,5.2155,5CQA,1.48994146,mg/g,7.77078966,CONCENTRATION_X_MEASURED_FRACTION_MASS,90,90,1.7,1.7,PROGRAMMED,VALID,SOURCE_DESIGNATED_PREDICTION,TARGET_EXPOSED;SOURCE_INTERNAL,P24-MAT-PRED
PREDICTION_2022_03,PRED-C05,PRED-E05-R3,3,7,21.34824543,24.71932348,5.2155,CQA_sum,2.79719388,mg/g,14.58876468,CONCENTRATION_X_MEASURED_FRACTION_MASS,90,90,1.7,1.7,PROGRAMMED,VALID,SOURCE_DESIGNATED_PREDICTION,TARGET_EXPOSED;SOURCE_INTERNAL,P24-MAT-PRED
PREDICTION_2022_03,PRED-C05,PRED-E05-R3,3,7,21.34824543,24.71932348,5.2155,TDS,4.22348195,percent,220.27570089,CONCENTRATION_X_MEASURED_FRACTION_MASS,90,90,1.7,1.7,PROGRAMMED,VALID,SOURCE_DESIGNATED_PREDICTION,TARGET_EXPOSED;SOURCE_INTERNAL,P24-MAT-PRED
PREDICTION_2022_03,PRED-C05,PRED-E05-R3,3,10,32.13504308,35.85284569,5.4789,caffeine,1.24066711,mg/g,6.79749105,CONCENTRATION_X_MEASURED_FRACTION_MASS,90,90,1.7,1.7,PROGRAMMED,VALID,SOURCE_DESIGNATED_PREDICTION,TARGET_EXPOSED;SOURCE_INTERNAL,P24-MAT-PRED
PREDICTION_2022_03,PRED-C05,PRED-E05-R3,3,10,32.13504308,35.85284569,5.4789,trigonelline,0.38421739,mg/g,2.10508866,CONCENTRATION_X_MEASURED_FRACTION_MASS,90,90,1.7,1.7,PROGRAMMED,VALID,SOURCE_DESIGNATED_PREDICTION,TARGET_EXPOSED;SOURCE_INTERNAL,P24-MAT-PRED
PREDICTION_2022_03,PRED-C05,PRED-E05-R3,3,10,32.13504308,35.85284569,5.4789,5CQA,0.88758818,mg/g,4.8630069,CONCENTRATION_X_MEASURED_FRACTION_MASS,90,90,1.7,1.7,PROGRAMMED,VALID,SOURCE_DESIGNATED_PREDICTION,TARGET_EXPOSED;SOURCE_INTERNAL,P24-MAT-PRED
PREDICTION_2022_03,PRED-C05,PRED-E05-R3,3,10,32.13504308,35.85284569,5.4789,CQA_sum,1.71859124,mg/g,9.41598955,CONCENTRATION_X_MEASURED_FRACTION_MASS,90,90,1.7,1.7,PROGRAMMED,VALID,SOURCE_DESIGNATED_PREDICTION,TARGET_EXPOSED;SOURCE_INTERNAL,P24-MAT-PRED
PREDICTION_2022_03,PRED-C05,PRED-E05-R3,3,10,32.13504308,35.85284569,5.4789,TDS,1.93497461,percent,106.01532364,CONCENTRATION_X_MEASURED_FRACTION_MASS,90,90,1.7,1.7,PROGRAMMED,VALID,SOURCE_DESIGNATED_PREDICTION,TARGET_EXPOSED;SOURCE_INTERNAL,P24-MAT-PRED
PREDICTION_2022_03,PRED-C06,PRED-E06-R1,1,1,0,2.3452817,5.8676,caffeine,8.88357056,mg/g,52.12523863,CONCENTRATION_X_MEASURED_FRACTION_MASS,90,90,2.3,2.3,PROGRAMMED,VALID,SOURCE_DESIGNATED_PREDICTION,TARGET_EXPOSED;SOURCE_INTERNAL,P24-MAT-PRED
PREDICTION_2022_03,PRED-C06,PRED-E06-R1,1,1,0,2.3452817,5.8676,trigonelline,5.48748259,mg/g,32.19835283,CONCENTRATION_X_MEASURED_FRACTION_MASS,90,90,2.3,2.3,PROGRAMMED,VALID,SOURCE_DESIGNATED_PREDICTION,TARGET_EXPOSED;SOURCE_INTERNAL,P24-MAT-PRED
PREDICTION_2022_03,PRED-C06,PRED-E06-R1,1,1,0,2.3452817,5.8676,5CQA,7.55879857,mg/g,44.35200651,CONCENTRATION_X_MEASURED_FRACTION_MASS,90,90,2.3,2.3,PROGRAMMED,VALID,SOURCE_DESIGNATED_PREDICTION,TARGET_EXPOSED;SOURCE_INTERNAL,P24-MAT-PRED
PREDICTION_2022_03,PRED-C06,PRED-E06-R1,1,1,0,2.3452817,5.8676,CQA_sum,14.19684424,mg/g,83.30140328,CONCENTRATION_X_MEASURED_FRACTION_MASS,90,90,2.3,2.3,PROGRAMMED,VALID,SOURCE_DESIGNATED_PREDICTION,TARGET_EXPOSED;SOURCE_INTERNAL,P24-MAT-PRED
PREDICTION_2022_03,PRED-C06,PRED-E06-R1,1,1,0,2.3452817,5.8676,TDS,21.10838789,percent,1238.55576757,CONCENTRATION_X_MEASURED_FRACTION_MASS,90,90,2.3,2.3,PROGRAMMED,VALID,SOURCE_DESIGNATED_PREDICTION,TARGET_EXPOSED;SOURCE_INTERNAL,P24-MAT-PRED
PREDICTION_2022_03,PRED-C06,PRED-E06-R1,1,2,2.3452817,5.02559245,6.5835,caffeine,6.18399837,mg/g,40.71235328,CONCENTRATION_X_MEASURED_FRACTION_MASS,90,90,2.3,2.3,PROGRAMMED,VALID,SOURCE_DESIGNATED_PREDICTION,TARGET_EXPOSED;SOURCE_INTERNAL,P24-MAT-PRED
PREDICTION_2022_03,PRED-C06,PRED-E06-R1,1,2,2.3452817,5.02559245,6.5835,trigonelline,3.43022689,mg/g,22.58289872,CONCENTRATION_X_MEASURED_FRACTION_MASS,90,90,2.3,2.3,PROGRAMMED,VALID,SOURCE_DESIGNATED_PREDICTION,TARGET_EXPOSED;SOURCE_INTERNAL,P24-MAT-PRED
PREDICTION_2022_03,PRED-C06,PRED-E06-R1,1,2,2.3452817,5.02559245,6.5835,5CQA,5.46582213,mg/g,35.98424001,CONCENTRATION_X_MEASURED_FRACTION_MASS,90,90,2.3,2.3,PROGRAMMED,VALID,SOURCE_DESIGNATED_PREDICTION,TARGET_EXPOSED;SOURCE_INTERNAL,P24-MAT-PRED
PREDICTION_2022_03,PRED-C06,PRED-E06-R1,1,2,2.3452817,5.02559245,6.5835,CQA_sum,9.79766893,mg/g,64.5029534,CONCENTRATION_X_MEASURED_FRACTION_MASS,90,90,2.3,2.3,PROGRAMMED,VALID,SOURCE_DESIGNATED_PREDICTION,TARGET_EXPOSED;SOURCE_INTERNAL,P24-MAT-PRED
PREDICTION_2022_03,PRED-C06,PRED-E06-R1,1,2,2.3452817,5.02559245,6.5835,TDS,12.98846544,percent,855.09562252,CONCENTRATION_X_MEASURED_FRACTION_MASS,90,90,2.3,2.3,PROGRAMMED,VALID,SOURCE_DESIGNATED_PREDICTION,TARGET_EXPOSED;SOURCE_INTERNAL,P24-MAT-PRED
PREDICTION_2022_03,PRED-C06,PRED-E06-R1,1,3,5.02559245,7.59528262,6.1893,caffeine,4.62289831,mg/g,28.61250449,CONCENTRATION_X_MEASURED_FRACTION_MASS,90,90,2.3,2.3,PROGRAMMED,VALID,SOURCE_DESIGNATED_PREDICTION,TARGET_EXPOSED;SOURCE_INTERNAL,P24-MAT-PRED
PREDICTION_2022_03,PRED-C06,PRED-E06-R1,1,3,5.02559245,7.59528262,6.1893,trigonelline,2.44485969,mg/g,15.13197006,CONCENTRATION_X_MEASURED_FRACTION_MASS,90,90,2.3,2.3,PROGRAMMED,VALID,SOURCE_DESIGNATED_PREDICTION,TARGET_EXPOSED;SOURCE_INTERNAL,P24-MAT-PRED
PREDICTION_2022_03,PRED-C06,PRED-E06-R1,1,3,5.02559245,7.59528262,6.1893,5CQA,3.4249308,mg/g,21.19792417,CONCENTRATION_X_MEASURED_FRACTION_MASS,90,90,2.3,2.3,PROGRAMMED,VALID,SOURCE_DESIGNATED_PREDICTION,TARGET_EXPOSED;SOURCE_INTERNAL,P24-MAT-PRED
PREDICTION_2022_03,PRED-C06,PRED-E06-R1,1,3,5.02559245,7.59528262,6.1893,CQA_sum,6.90660254,mg/g,42.74703509,CONCENTRATION_X_MEASURED_FRACTION_MASS,90,90,2.3,2.3,PROGRAMMED,VALID,SOURCE_DESIGNATED_PREDICTION,TARGET_EXPOSED;SOURCE_INTERNAL,P24-MAT-PRED
PREDICTION_2022_03,PRED-C06,PRED-E06-R1,1,3,5.02559245,7.59528262,6.1893,TDS,9.60220076,percent,594.30901192,CONCENTRATION_X_MEASURED_FRACTION_MASS,90,90,2.3,2.3,PROGRAMMED,VALID,SOURCE_DESIGNATED_PREDICTION,TARGET_EXPOSED;SOURCE_INTERNAL,P24-MAT-PRED
PREDICTION_2022_03,PRED-C06,PRED-E06-R1,1,5,10.12384672,12.71377547,5.9978,caffeine,2.84963656,mg/g,17.09155015,CONCENTRATION_X_MEASURED_FRACTION_MASS,90,90,2.3,2.3,PROGRAMMED,VALID,SOURCE_DESIGNATED_PREDICTION,TARGET_EXPOSED;SOURCE_INTERNAL,P24-MAT-PRED
PREDICTION_2022_03,PRED-C06,PRED-E06-R1,1,5,10.12384672,12.71377547,5.9978,trigonelline,1.18249823,mg/g,7.09238789,CONCENTRATION_X_MEASURED_FRACTION_MASS,90,90,2.3,2.3,PROGRAMMED,VALID,SOURCE_DESIGNATED_PREDICTION,TARGET_EXPOSED;SOURCE_INTERNAL,P24-MAT-PRED
PREDICTION_2022_03,PRED-C06,PRED-E06-R1,1,5,10.12384672,12.71377547,5.9978,5CQA,2.01296883,mg/g,12.07338447,CONCENTRATION_X_MEASURED_FRACTION_MASS,90,90,2.3,2.3,PROGRAMMED,VALID,SOURCE_DESIGNATED_PREDICTION,TARGET_EXPOSED;SOURCE_INTERNAL,P24-MAT-PRED
PREDICTION_2022_03,PRED-C06,PRED-E06-R1,1,5,10.12384672,12.71377547,5.9978,CQA_sum,4.11304313,mg/g,24.66921008,CONCENTRATION_X_MEASURED_FRACTION_MASS,90,90,2.3,2.3,PROGRAMMED,VALID,SOURCE_DESIGNATED_PREDICTION,TARGET_EXPOSED;SOURCE_INTERNAL,P24-MAT-PRED
PREDICTION_2022_03,PRED-C06,PRED-E06-R1,1,5,10.12384672,12.71377547,5.9978,TDS,5.63513585,percent,337.984178,CONCENTRATION_X_MEASURED_FRACTION_MASS,90,90,2.3,2.3,PROGRAMMED,VALID,SOURCE_DESIGNATED_PREDICTION,TARGET_EXPOSED;SOURCE_INTERNAL,P24-MAT-PRED
PREDICTION_2022_03,PRED-C06,PRED-E06-R1,1,7,15.1613998,17.88003746,6.044,caffeine,1.94210093,mg/g,11.738058,CONCENTRATION_X_MEASURED_FRACTION_MASS,90,90,2.3,2.3,PROGRAMMED,VALID,SOURCE_DESIGNATED_PREDICTION,TARGET_EXPOSED;SOURCE_INTERNAL,P24-MAT-PRED
PREDICTION_2022_03,PRED-C06,PRED-E06-R1,1,7,15.1613998,17.88003746,6.044,trigonelline,0.77674131,mg/g,4.69462447,CONCENTRATION_X_MEASURED_FRACTION_MASS,90,90,2.3,2.3,PROGRAMMED,VALID,SOURCE_DESIGNATED_PREDICTION,TARGET_EXPOSED;SOURCE_INTERNAL,P24-MAT-PRED
PREDICTION_2022_03,PRED-C06,PRED-E06-R1,1,7,15.1613998,17.88003746,6.044,5CQA,1.41888533,mg/g,8.57574291,CONCENTRATION_X_MEASURED_FRACTION_MASS,90,90,2.3,2.3,PROGRAMMED,VALID,SOURCE_DESIGNATED_PREDICTION,TARGET_EXPOSED;SOURCE_INTERNAL,P24-MAT-PRED
PREDICTION_2022_03,PRED-C06,PRED-E06-R1,1,7,15.1613998,17.88003746,6.044,CQA_sum,2.62888451,mg/g,15.88897795,CONCENTRATION_X_MEASURED_FRACTION_MASS,90,90,2.3,2.3,PROGRAMMED,VALID,SOURCE_DESIGNATED_PREDICTION,TARGET_EXPOSED;SOURCE_INTERNAL,P24-MAT-PRED
PREDICTION_2022_03,PRED-C06,PRED-E06-R1,1,7,15.1613998,17.88003746,6.044,TDS,4.06575975,percent,245.73451899,CONCENTRATION_X_MEASURED_FRACTION_MASS,90,90,2.3,2.3,PROGRAMMED,VALID,SOURCE_DESIGNATED_PREDICTION,TARGET_EXPOSED;SOURCE_INTERNAL,P24-MAT-PRED
PREDICTION_2022_03,PRED-C06,PRED-E06-R1,1,10,23.18852829,25.87865909,5.5892,caffeine,1.23776016,mg/g,6.91808909,CONCENTRATION_X_MEASURED_FRACTION_MASS,90,90,2.3,2.3,PROGRAMMED,VALID,SOURCE_DESIGNATED_PREDICTION,TARGET_EXPOSED;SOURCE_INTERNAL,P24-MAT-PRED
PREDICTION_2022_03,PRED-C06,PRED-E06-R1,1,10,23.18852829,25.87865909,5.5892,trigonelline,0.42961455,mg/g,2.40120162,CONCENTRATION_X_MEASURED_FRACTION_MASS,90,90,2.3,2.3,PROGRAMMED,VALID,SOURCE_DESIGNATED_PREDICTION,TARGET_EXPOSED;SOURCE_INTERNAL,P24-MAT-PRED
PREDICTION_2022_03,PRED-C06,PRED-E06-R1,1,10,23.18852829,25.87865909,5.5892,5CQA,0.9699517,mg/g,5.42125406,CONCENTRATION_X_MEASURED_FRACTION_MASS,90,90,2.3,2.3,PROGRAMMED,VALID,SOURCE_DESIGNATED_PREDICTION,TARGET_EXPOSED;SOURCE_INTERNAL,P24-MAT-PRED
PREDICTION_2022_03,PRED-C06,PRED-E06-R1,1,10,23.18852829,25.87865909,5.5892,CQA_sum,1.70672149,mg/g,9.53920774,CONCENTRATION_X_MEASURED_FRACTION_MASS,90,90,2.3,2.3,PROGRAMMED,VALID,SOURCE_DESIGNATED_PREDICTION,TARGET_EXPOSED;SOURCE_INTERNAL,P24-MAT-PRED
PREDICTION_2022_03,PRED-C06,PRED-E06-R1,1,10,23.18852829,25.87865909,5.5892,TDS,2.04847804,percent,114.49353459,CONCENTRATION_X_MEASURED_FRACTION_MASS,90,90,2.3,2.3,PROGRAMMED,VALID,SOURCE_DESIGNATED_PREDICTION,TARGET_EXPOSED;SOURCE_INTERNAL,P24-MAT-PRED
PREDICTION_2022_03,PRED-C06,PRED-E06-R2,2,1,0,3.21004011,7.8011,caffeine,7.78682874,mg/g,60.74582972,CONCENTRATION_X_MEASURED_FRACTION_MASS,90,90,2.3,2.3,PROGRAMMED,VALID,SOURCE_DESIGNATED_PREDICTION,TARGET_EXPOSED;SOURCE_INTERNAL,P24-MAT-PRED
PREDICTION_2022_03,PRED-C06,PRED-E06-R2,2,1,0,3.21004011,7.8011,trigonelline,4.65310216,mg/g,36.2993153,CONCENTRATION_X_MEASURED_FRACTION_MASS,90,90,2.3,2.3,PROGRAMMED,VALID,SOURCE_DESIGNATED_PREDICTION,TARGET_EXPOSED;SOURCE_INTERNAL,P24-MAT-PRED
PREDICTION_2022_03,PRED-C06,PRED-E06-R2,2,1,0,3.21004011,7.8011,5CQA,6.48456509,mg/g,50.58674076,CONCENTRATION_X_MEASURED_FRACTION_MASS,90,90,2.3,2.3,PROGRAMMED,VALID,SOURCE_DESIGNATED_PREDICTION,TARGET_EXPOSED;SOURCE_INTERNAL,P24-MAT-PRED
PREDICTION_2022_03,PRED-C06,PRED-E06-R2,2,1,0,3.21004011,7.8011,CQA_sum,12.67493615,mg/g,98.87844438,CONCENTRATION_X_MEASURED_FRACTION_MASS,90,90,2.3,2.3,PROGRAMMED,VALID,SOURCE_DESIGNATED_PREDICTION,TARGET_EXPOSED;SOURCE_INTERNAL,P24-MAT-PRED
PREDICTION_2022_03,PRED-C06,PRED-E06-R2,2,1,0,3.21004011,7.8011,TDS,19.14006585,percent,1493.13567684,CONCENTRATION_X_MEASURED_FRACTION_MASS,90,90,2.3,2.3,PROGRAMMED,VALID,SOURCE_DESIGNATED_PREDICTION,TARGET_EXPOSED;SOURCE_INTERNAL,P24-MAT-PRED
PREDICTION_2022_03,PRED-C06,PRED-E06-R2,2,2,3.21004011,5.87296666,6.3601,caffeine,5.32967448,mg/g,33.89726269,CONCENTRATION_X_MEASURED_FRACTION_MASS,90,90,2.3,2.3,PROGRAMMED,VALID,SOURCE_DESIGNATED_PREDICTION,TARGET_EXPOSED;SOURCE_INTERNAL,P24-MAT-PRED
PREDICTION_2022_03,PRED-C06,PRED-E06-R2,2,2,3.21004011,5.87296666,6.3601,trigonelline,2.67923535,mg/g,17.04020476,CONCENTRATION_X_MEASURED_FRACTION_MASS,90,90,2.3,2.3,PROGRAMMED,VALID,SOURCE_DESIGNATED_PREDICTION,TARGET_EXPOSED;SOURCE_INTERNAL,P24-MAT-PRED
PREDICTION_2022_03,PRED-C06,PRED-E06-R2,2,2,3.21004011,5.87296666,6.3601,5CQA,4.15680104,mg/g,26.43767028,CONCENTRATION_X_MEASURED_FRACTION_MASS,90,90,2.3,2.3,PROGRAMMED,VALID,SOURCE_DESIGNATED_PREDICTION,TARGET_EXPOSED;SOURCE_INTERNAL,P24-MAT-PRED
PREDICTION_2022_03,PRED-C06,PRED-E06-R2,2,2,3.21004011,5.87296666,6.3601,CQA_sum,8.37276395,mg/g,53.251616,CONCENTRATION_X_MEASURED_FRACTION_MASS,90,90,2.3,2.3,PROGRAMMED,VALID,SOURCE_DESIGNATED_PREDICTION,TARGET_EXPOSED;SOURCE_INTERNAL,P24-MAT-PRED
PREDICTION_2022_03,PRED-C06,PRED-E06-R2,2,2,3.21004011,5.87296666,6.3601,TDS,10.93593094,percent,695.53614377,CONCENTRATION_X_MEASURED_FRACTION_MASS,90,90,2.3,2.3,PROGRAMMED,VALID,SOURCE_DESIGNATED_PREDICTION,TARGET_EXPOSED;SOURCE_INTERNAL,P24-MAT-PRED
PREDICTION_2022_03,PRED-C06,PRED-E06-R2,2,3,5.87296666,8.43243698,6.0178,caffeine,4.01637319,mg/g,24.16973059,CONCENTRATION_X_MEASURED_FRACTION_MASS,90,90,2.3,2.3,PROGRAMMED,VALID,SOURCE_DESIGNATED_PREDICTION,TARGET_EXPOSED;SOURCE_INTERNAL,P24-MAT-PRED
PREDICTION_2022_03,PRED-C06,PRED-E06-R2,2,3,5.87296666,8.43243698,6.0178,trigonelline,1.9909411,mg/g,11.98108536,CONCENTRATION_X_MEASURED_FRACTION_MASS,90,90,2.3,2.3,PROGRAMMED,VALID,SOURCE_DESIGNATED_PREDICTION,TARGET_EXPOSED;SOURCE_INTERNAL,P24-MAT-PRED
PREDICTION_2022_03,PRED-C06,PRED-E06-R2,2,3,5.87296666,8.43243698,6.0178,5CQA,3.12857954,mg/g,18.82716595,CONCENTRATION_X_MEASURED_FRACTION_MASS,90,90,2.3,2.3,PROGRAMMED,VALID,SOURCE_DESIGNATED_PREDICTION,TARGET_EXPOSED;SOURCE_INTERNAL,P24-MAT-PRED
PREDICTION_2022_03,PRED-C06,PRED-E06-R2,2,3,5.87296666,8.43243698,6.0178,CQA_sum,5.91473445,mg/g,35.59368897,CONCENTRATION_X_MEASURED_FRACTION_MASS,90,90,2.3,2.3,PROGRAMMED,VALID,SOURCE_DESIGNATED_PREDICTION,TARGET_EXPOSED;SOURCE_INTERNAL,P24-MAT-PRED
PREDICTION_2022_03,PRED-C06,PRED-E06-R2,2,3,5.87296666,8.43243698,6.0178,TDS,8.57418827,percent,515.97750149,CONCENTRATION_X_MEASURED_FRACTION_MASS,90,90,2.3,2.3,PROGRAMMED,VALID,SOURCE_DESIGNATED_PREDICTION,TARGET_EXPOSED;SOURCE_INTERNAL,P24-MAT-PRED
PREDICTION_2022_03,PRED-C06,PRED-E06-R2,2,5,11.03977875,13.6653818,5.9788,caffeine,2.76154565,mg/g,16.51072914,CONCENTRATION_X_MEASURED_FRACTION_MASS,90,90,2.3,2.3,PROGRAMMED,VALID,SOURCE_DESIGNATED_PREDICTION,TARGET_EXPOSED;SOURCE_INTERNAL,P24-MAT-PRED
PREDICTION_2022_03,PRED-C06,PRED-E06-R2,2,5,11.03977875,13.6653818,5.9788,trigonelline,1.23691024,mg/g,7.39523895,CONCENTRATION_X_MEASURED_FRACTION_MASS,90,90,2.3,2.3,PROGRAMMED,VALID,SOURCE_DESIGNATED_PREDICTION,TARGET_EXPOSED;SOURCE_INTERNAL,P24-MAT-PRED
PREDICTION_2022_03,PRED-C06,PRED-E06-R2,2,5,11.03977875,13.6653818,5.9788,5CQA,2.04342777,mg/g,12.21724593,CONCENTRATION_X_MEASURED_FRACTION_MASS,90,90,2.3,2.3,PROGRAMMED,VALID,SOURCE_DESIGNATED_PREDICTION,TARGET_EXPOSED;SOURCE_INTERNAL,P24-MAT-PRED
PREDICTION_2022_03,PRED-C06,PRED-E06-R2,2,5,11.03977875,13.6653818,5.9788,CQA_sum,4.15078095,mg/g,24.81668916,CONCENTRATION_X_MEASURED_FRACTION_MASS,90,90,2.3,2.3,PROGRAMMED,VALID,SOURCE_DESIGNATED_PREDICTION,TARGET_EXPOSED;SOURCE_INTERNAL,P24-MAT-PRED
PREDICTION_2022_03,PRED-C06,PRED-E06-R2,2,5,11.03977875,13.6653818,5.9788,TDS,5.62063601,percent,336.04658552,CONCENTRATION_X_MEASURED_FRACTION_MASS,90,90,2.3,2.3,PROGRAMMED,VALID,SOURCE_DESIGNATED_PREDICTION,TARGET_EXPOSED;SOURCE_INTERNAL,P24-MAT-PRED
PREDICTION_2022_03,PRED-C06,PRED-E06-R2,2,7,16.27131271,18.97316327,5.9496,caffeine,1.91182102,mg/g,11.37457031,CONCENTRATION_X_MEASURED_FRACTION_MASS,90,90,2.3,2.3,PROGRAMMED,VALID,SOURCE_DESIGNATED_PREDICTION,TARGET_EXPOSED;SOURCE_INTERNAL,P24-MAT-PRED
PREDICTION_2022_03,PRED-C06,PRED-E06-R2,2,7,16.27131271,18.97316327,5.9496,trigonelline,0.79284841,mg/g,4.71713089,CONCENTRATION_X_MEASURED_FRACTION_MASS,90,90,2.3,2.3,PROGRAMMED,VALID,SOURCE_DESIGNATED_PREDICTION,TARGET_EXPOSED;SOURCE_INTERNAL,P24-MAT-PRED
PREDICTION_2022_03,PRED-C06,PRED-E06-R2,2,7,16.27131271,18.97316327,5.9496,5CQA,1.40020863,mg/g,8.33068127,CONCENTRATION_X_MEASURED_FRACTION_MASS,90,90,2.3,2.3,PROGRAMMED,VALID,SOURCE_DESIGNATED_PREDICTION,TARGET_EXPOSED;SOURCE_INTERNAL,P24-MAT-PRED
PREDICTION_2022_03,PRED-C06,PRED-E06-R2,2,7,16.27131271,18.97316327,5.9496,CQA_sum,2.65068052,mg/g,15.77048881,CONCENTRATION_X_MEASURED_FRACTION_MASS,90,90,2.3,2.3,PROGRAMMED,VALID,SOURCE_DESIGNATED_PREDICTION,TARGET_EXPOSED;SOURCE_INTERNAL,P24-MAT-PRED
PREDICTION_2022_03,PRED-C06,PRED-E06-R2,2,7,16.27131271,18.97316327,5.9496,TDS,4.06575975,percent,241.89644179,CONCENTRATION_X_MEASURED_FRACTION_MASS,90,90,2.3,2.3,PROGRAMMED,VALID,SOURCE_DESIGNATED_PREDICTION,TARGET_EXPOSED;SOURCE_INTERNAL,P24-MAT-PRED
PREDICTION_2022_03,PRED-C06,PRED-E06-R2,2,10,24.33810806,27.14052297,5.847,caffeine,1.16404036,mg/g,6.80614397,CONCENTRATION_X_MEASURED_FRACTION_MASS,90,90,2.3,2.3,PROGRAMMED,VALID,SOURCE_DESIGNATED_PREDICTION,TARGET_EXPOSED;SOURCE_INTERNAL,P24-MAT-PRED
PREDICTION_2022_03,PRED-C06,PRED-E06-R2,2,10,24.33810806,27.14052297,5.847,trigonelline,0.39554919,mg/g,2.31277614,CONCENTRATION_X_MEASURED_FRACTION_MASS,90,90,2.3,2.3,PROGRAMMED,VALID,SOURCE_DESIGNATED_PREDICTION,TARGET_EXPOSED;SOURCE_INTERNAL,P24-MAT-PRED
PREDICTION_2022_03,PRED-C06,PRED-E06-R2,2,10,24.33810806,27.14052297,5.847,5CQA,0.815404,mg/g,4.76766717,CONCENTRATION_X_MEASURED_FRACTION_MASS,90,90,2.3,2.3,PROGRAMMED,VALID,SOURCE_DESIGNATED_PREDICTION,TARGET_EXPOSED;SOURCE_INTERNAL,P24-MAT-PRED
PREDICTION_2022_03,PRED-C06,PRED-E06-R2,2,10,24.33810806,27.14052297,5.847,CQA_sum,1.61224667,mg/g,9.42680629,CONCENTRATION_X_MEASURED_FRACTION_MASS,90,90,2.3,2.3,PROGRAMMED,VALID,SOURCE_DESIGNATED_PREDICTION,TARGET_EXPOSED;SOURCE_INTERNAL,P24-MAT-PRED
PREDICTION_2022_03,PRED-C06,PRED-E06-R2,2,10,24.33810806,27.14052297,5.847,TDS,1.94662821,percent,113.81935153,CONCENTRATION_X_MEASURED_FRACTION_MASS,90,90,2.3,2.3,PROGRAMMED,VALID,SOURCE_DESIGNATED_PREDICTION,TARGET_EXPOSED;SOURCE_INTERNAL,P24-MAT-PRED
PREDICTION_2022_03,PRED-C06,PRED-E06-R3,3,1,0,3.05380748,7.0689,caffeine,8.40430594,mg/g,59.40919828,CONCENTRATION_X_MEASURED_FRACTION_MASS,90,90,2.3,2.3,PROGRAMMED,VALID,SOURCE_DESIGNATED_PREDICTION,TARGET_EXPOSED;SOURCE_INTERNAL,P24-MAT-PRED
PREDICTION_2022_03,PRED-C06,PRED-E06-R3,3,1,0,3.05380748,7.0689,trigonelline,5.14056657,mg/g,36.33815103,CONCENTRATION_X_MEASURED_FRACTION_MASS,90,90,2.3,2.3,PROGRAMMED,VALID,SOURCE_DESIGNATED_PREDICTION,TARGET_EXPOSED;SOURCE_INTERNAL,P24-MAT-PRED
PREDICTION_2022_03,PRED-C06,PRED-E06-R3,3,1,0,3.05380748,7.0689,5CQA,6.37665408,mg/g,45.07593002,CONCENTRATION_X_MEASURED_FRACTION_MASS,90,90,2.3,2.3,PROGRAMMED,VALID,SOURCE_DESIGNATED_PREDICTION,TARGET_EXPOSED;SOURCE_INTERNAL,P24-MAT-PRED
PREDICTION_2022_03,PRED-C06,PRED-E06-R3,3,1,0,3.05380748,7.0689,CQA_sum,13.68544314,mg/g,96.74102899,CONCENTRATION_X_MEASURED_FRACTION_MASS,90,90,2.3,2.3,PROGRAMMED,VALID,SOURCE_DESIGNATED_PREDICTION,TARGET_EXPOSED;SOURCE_INTERNAL,P24-MAT-PRED
PREDICTION_2022_03,PRED-C06,PRED-E06-R3,3,1,0,3.05380748,7.0689,TDS,20.49184417,percent,1448.54797286,CONCENTRATION_X_MEASURED_FRACTION_MASS,90,90,2.3,2.3,PROGRAMMED,VALID,SOURCE_DESIGNATED_PREDICTION,TARGET_EXPOSED;SOURCE_INTERNAL,P24-MAT-PRED
PREDICTION_2022_03,PRED-C06,PRED-E06-R3,3,2,3.05380748,5.75327537,6.1729,caffeine,5.79838859,mg/g,35.79287291,CONCENTRATION_X_MEASURED_FRACTION_MASS,90,90,2.3,2.3,PROGRAMMED,VALID,SOURCE_DESIGNATED_PREDICTION,TARGET_EXPOSED;SOURCE_INTERNAL,P24-MAT-PRED
PREDICTION_2022_03,PRED-C06,PRED-E06-R3,3,2,3.05380748,5.75327537,6.1729,trigonelline,3.16675118,mg/g,19.54803836,CONCENTRATION_X_MEASURED_FRACTION_MASS,90,90,2.3,2.3,PROGRAMMED,VALID,SOURCE_DESIGNATED_PREDICTION,TARGET_EXPOSED;SOURCE_INTERNAL,P24-MAT-PRED
PREDICTION_2022_03,PRED-C06,PRED-E06-R3,3,2,3.05380748,5.75327537,6.1729,5CQA,4.94248833,mg/g,30.50948624,CONCENTRATION_X_MEASURED_FRACTION_MASS,90,90,2.3,2.3,PROGRAMMED,VALID,SOURCE_DESIGNATED_PREDICTION,TARGET_EXPOSED;SOURCE_INTERNAL,P24-MAT-PRED
PREDICTION_2022_03,PRED-C06,PRED-E06-R3,3,2,3.05380748,5.75327537,6.1729,CQA_sum,9.28171558,mg/g,57.29510212,CONCENTRATION_X_MEASURED_FRACTION_MASS,90,90,2.3,2.3,PROGRAMMED,VALID,SOURCE_DESIGNATED_PREDICTION,TARGET_EXPOSED;SOURCE_INTERNAL,P24-MAT-PRED
PREDICTION_2022_03,PRED-C06,PRED-E06-R3,3,2,3.05380748,5.75327537,6.1729,TDS,12.25279134,percent,756.35255673,CONCENTRATION_X_MEASURED_FRACTION_MASS,90,90,2.3,2.3,PROGRAMMED,VALID,SOURCE_DESIGNATED_PREDICTION,TARGET_EXPOSED;SOURCE_INTERNAL,P24-MAT-PRED
PREDICTION_2022_03,PRED-C06,PRED-E06-R3,3,3,5.75327537,8.52173458,6.2568,caffeine,4.2736005,mg/g,26.73906359,CONCENTRATION_X_MEASURED_FRACTION_MASS,90,90,2.3,2.3,PROGRAMMED,VALID,SOURCE_DESIGNATED_PREDICTION,TARGET_EXPOSED;SOURCE_INTERNAL,P24-MAT-PRED
PREDICTION_2022_03,PRED-C06,PRED-E06-R3,3,3,5.75327537,8.52173458,6.2568,trigonelline,2.23481327,mg/g,13.9827797,CONCENTRATION_X_MEASURED_FRACTION_MASS,90,90,2.3,2.3,PROGRAMMED,VALID,SOURCE_DESIGNATED_PREDICTION,TARGET_EXPOSED;SOURCE_INTERNAL,P24-MAT-PRED
PREDICTION_2022_03,PRED-C06,PRED-E06-R3,3,3,5.75327537,8.52173458,6.2568,5CQA,3.35608411,mg/g,20.99834703,CONCENTRATION_X_MEASURED_FRACTION_MASS,90,90,2.3,2.3,PROGRAMMED,VALID,SOURCE_DESIGNATED_PREDICTION,TARGET_EXPOSED;SOURCE_INTERNAL,P24-MAT-PRED
PREDICTION_2022_03,PRED-C06,PRED-E06-R3,3,3,5.75327537,8.52173458,6.2568,CQA_sum,6.34450093,mg/g,39.6962734,CONCENTRATION_X_MEASURED_FRACTION_MASS,90,90,2.3,2.3,PROGRAMMED,VALID,SOURCE_DESIGNATED_PREDICTION,TARGET_EXPOSED;SOURCE_INTERNAL,P24-MAT-PRED
PREDICTION_2022_03,PRED-C06,PRED-E06-R3,3,3,5.75327537,8.52173458,6.2568,TDS,8.94941947,percent,559.94727766,CONCENTRATION_X_MEASURED_FRACTION_MASS,90,90,2.3,2.3,PROGRAMMED,VALID,SOURCE_DESIGNATED_PREDICTION,TARGET_EXPOSED;SOURCE_INTERNAL,P24-MAT-PRED
PREDICTION_2022_03,PRED-C06,PRED-E06-R3,3,5,11.13003201,13.69169186,5.6576,caffeine,2.79169209,mg/g,15.79427719,CONCENTRATION_X_MEASURED_FRACTION_MASS,90,90,2.3,2.3,PROGRAMMED,VALID,SOURCE_DESIGNATED_PREDICTION,TARGET_EXPOSED;SOURCE_INTERNAL,P24-MAT-PRED
PREDICTION_2022_03,PRED-C06,PRED-E06-R3,3,5,11.13003201,13.69169186,5.6576,trigonelline,1.15818268,mg/g,6.55253431,CONCENTRATION_X_MEASURED_FRACTION_MASS,90,90,2.3,2.3,PROGRAMMED,VALID,SOURCE_DESIGNATED_PREDICTION,TARGET_EXPOSED;SOURCE_INTERNAL,P24-MAT-PRED
PREDICTION_2022_03,PRED-C06,PRED-E06-R3,3,5,11.13003201,13.69169186,5.6576,5CQA,2.20304602,mg/g,12.46395315,CONCENTRATION_X_MEASURED_FRACTION_MASS,90,90,2.3,2.3,PROGRAMMED,VALID,SOURCE_DESIGNATED_PREDICTION,TARGET_EXPOSED;SOURCE_INTERNAL,P24-MAT-PRED
PREDICTION_2022_03,PRED-C06,PRED-E06-R3,3,5,11.13003201,13.69169186,5.6576,CQA_sum,4.11022929,mg/g,23.25403324,CONCENTRATION_X_MEASURED_FRACTION_MASS,90,90,2.3,2.3,PROGRAMMED,VALID,SOURCE_DESIGNATED_PREDICTION,TARGET_EXPOSED;SOURCE_INTERNAL,P24-MAT-PRED
PREDICTION_2022_03,PRED-C06,PRED-E06-R3,3,5,11.13003201,13.69169186,5.6576,TDS,5.63360428,percent,318.72679586,CONCENTRATION_X_MEASURED_FRACTION_MASS,90,90,2.3,2.3,PROGRAMMED,VALID,SOURCE_DESIGNATED_PREDICTION,TARGET_EXPOSED;SOURCE_INTERNAL,P24-MAT-PRED
PREDICTION_2022_03,PRED-C06,PRED-E06-R3,3,7,16.23476177,18.83188714,5.6061,caffeine,1.97267697,mg/g,11.05902434,CONCENTRATION_X_MEASURED_FRACTION_MASS,90,90,2.3,2.3,PROGRAMMED,VALID,SOURCE_DESIGNATED_PREDICTION,TARGET_EXPOSED;SOURCE_INTERNAL,P24-MAT-PRED
PREDICTION_2022_03,PRED-C06,PRED-E06-R3,3,7,16.23476177,18.83188714,5.6061,trigonelline,0.82852507,mg/g,4.6447944,CONCENTRATION_X_MEASURED_FRACTION_MASS,90,90,2.3,2.3,PROGRAMMED,VALID,SOURCE_DESIGNATED_PREDICTION,TARGET_EXPOSED;SOURCE_INTERNAL,P24-MAT-PRED
PREDICTION_2022_03,PRED-C06,PRED-E06-R3,3,7,16.23476177,18.83188714,5.6061,5CQA,1.44504805,mg/g,8.10108388,CONCENTRATION_X_MEASURED_FRACTION_MASS,90,90,2.3,2.3,PROGRAMMED,VALID,SOURCE_DESIGNATED_PREDICTION,TARGET_EXPOSED;SOURCE_INTERNAL,P24-MAT-PRED
PREDICTION_2022_03,PRED-C06,PRED-E06-R3,3,7,16.23476177,18.83188714,5.6061,CQA_sum,2.73698287,mg/g,15.34379965,CONCENTRATION_X_MEASURED_FRACTION_MASS,90,90,2.3,2.3,PROGRAMMED,VALID,SOURCE_DESIGNATED_PREDICTION,TARGET_EXPOSED;SOURCE_INTERNAL,P24-MAT-PRED
PREDICTION_2022_03,PRED-C06,PRED-E06-R3,3,7,16.23476177,18.83188714,5.6061,TDS,4.24777201,percent,238.13434677,CONCENTRATION_X_MEASURED_FRACTION_MASS,90,90,2.3,2.3,PROGRAMMED,VALID,SOURCE_DESIGNATED_PREDICTION,TARGET_EXPOSED;SOURCE_INTERNAL,P24-MAT-PRED
PREDICTION_2022_03,PRED-C06,PRED-E06-R3,3,10,24.12871561,26.74463034,5.4449,caffeine,1.1868179,mg/g,6.46210481,CONCENTRATION_X_MEASURED_FRACTION_MASS,90,90,2.3,2.3,PROGRAMMED,VALID,SOURCE_DESIGNATED_PREDICTION,TARGET_EXPOSED;SOURCE_INTERNAL,P24-MAT-PRED
PREDICTION_2022_03,PRED-C06,PRED-E06-R3,3,10,24.12871561,26.74463034,5.4449,trigonelline,0.37296698,mg/g,2.03076791,CONCENTRATION_X_MEASURED_FRACTION_MASS,90,90,2.3,2.3,PROGRAMMED,VALID,SOURCE_DESIGNATED_PREDICTION,TARGET_EXPOSED;SOURCE_INTERNAL,P24-MAT-PRED
PREDICTION_2022_03,PRED-C06,PRED-E06-R3,3,10,24.12871561,26.74463034,5.4449,5CQA,0.84174681,mg/g,4.58322719,CONCENTRATION_X_MEASURED_FRACTION_MASS,90,90,2.3,2.3,PROGRAMMED,VALID,SOURCE_DESIGNATED_PREDICTION,TARGET_EXPOSED;SOURCE_INTERNAL,P24-MAT-PRED
PREDICTION_2022_03,PRED-C06,PRED-E06-R3,3,10,24.12871561,26.74463034,5.4449,CQA_sum,1.57459323,mg/g,8.5735027,CONCENTRATION_X_MEASURED_FRACTION_MASS,90,90,2.3,2.3,PROGRAMMED,VALID,SOURCE_DESIGNATED_PREDICTION,TARGET_EXPOSED;SOURCE_INTERNAL,P24-MAT-PRED
PREDICTION_2022_03,PRED-C06,PRED-E06-R3,3,10,24.12871561,26.74463034,5.4449,TDS,1.95415403,percent,106.40173284,CONCENTRATION_X_MEASURED_FRACTION_MASS,90,90,2.3,2.3,PROGRAMMED,VALID,SOURCE_DESIGNATED_PREDICTION,TARGET_EXPOSED;SOURCE_INTERNAL,P24-MAT-PRED
PREDICTION_2022_03,PRED-C07,PRED-E07-R1,1,1,0,4.78123014,8.9607,caffeine,8.58195034,mg/g,76.90028241,CONCENTRATION_X_MEASURED_FRACTION_MASS,90,90,1.7,2.3,PROGRAMMED,VALID,SOURCE_DESIGNATED_PREDICTION,TARGET_EXPOSED;SOURCE_INTERNAL,P24-MAT-PRED
PREDICTION_2022_03,PRED-C07,PRED-E07-R1,1,1,0,4.78123014,8.9607,trigonelline,5.33465568,mg/g,47.80224915,CONCENTRATION_X_MEASURED_FRACTION_MASS,90,90,1.7,2.3,PROGRAMMED,VALID,SOURCE_DESIGNATED_PREDICTION,TARGET_EXPOSED;SOURCE_INTERNAL,P24-MAT-PRED
PREDICTION_2022_03,PRED-C07,PRED-E07-R1,1,1,0,4.78123014,8.9607,5CQA,7.23869461,mg/g,64.86377083,CONCENTRATION_X_MEASURED_FRACTION_MASS,90,90,1.7,2.3,PROGRAMMED,VALID,SOURCE_DESIGNATED_PREDICTION,TARGET_EXPOSED;SOURCE_INTERNAL,P24-MAT-PRED
PREDICTION_2022_03,PRED-C07,PRED-E07-R1,1,1,0,4.78123014,8.9607,CQA_sum,13.93108166,mg/g,124.83224347,CONCENTRATION_X_MEASURED_FRACTION_MASS,90,90,1.7,2.3,PROGRAMMED,VALID,SOURCE_DESIGNATED_PREDICTION,TARGET_EXPOSED;SOURCE_INTERNAL,P24-MAT-PRED
PREDICTION_2022_03,PRED-C07,PRED-E07-R1,1,1,0,4.78123014,8.9607,TDS,21.07256544,percent,1888.24937138,CONCENTRATION_X_MEASURED_FRACTION_MASS,90,90,1.7,2.3,PROGRAMMED,VALID,SOURCE_DESIGNATED_PREDICTION,TARGET_EXPOSED;SOURCE_INTERNAL,P24-MAT-PRED
PREDICTION_2022_03,PRED-C07,PRED-E07-R1,1,2,4.78123014,8.22116088,6.4832,caffeine,6.12396961,mg/g,39.70291976,CONCENTRATION_X_MEASURED_FRACTION_MASS,90,90,1.7,2.3,PROGRAMMED,VALID,SOURCE_DESIGNATED_PREDICTION,TARGET_EXPOSED;SOURCE_INTERNAL,P24-MAT-PRED
PREDICTION_2022_03,PRED-C07,PRED-E07-R1,1,2,4.78123014,8.22116088,6.4832,trigonelline,3.38778443,mg/g,21.96368405,CONCENTRATION_X_MEASURED_FRACTION_MASS,90,90,1.7,2.3,PROGRAMMED,VALID,SOURCE_DESIGNATED_PREDICTION,TARGET_EXPOSED;SOURCE_INTERNAL,P24-MAT-PRED
PREDICTION_2022_03,PRED-C07,PRED-E07-R1,1,2,4.78123014,8.22116088,6.4832,5CQA,5.07080564,mg/g,32.87504715,CONCENTRATION_X_MEASURED_FRACTION_MASS,90,90,1.7,2.3,PROGRAMMED,VALID,SOURCE_DESIGNATED_PREDICTION,TARGET_EXPOSED;SOURCE_INTERNAL,P24-MAT-PRED
PREDICTION_2022_03,PRED-C07,PRED-E07-R1,1,2,4.78123014,8.22116088,6.4832,CQA_sum,9.78494906,mg/g,63.43778174,CONCENTRATION_X_MEASURED_FRACTION_MASS,90,90,1.7,2.3,PROGRAMMED,VALID,SOURCE_DESIGNATED_PREDICTION,TARGET_EXPOSED;SOURCE_INTERNAL,P24-MAT-PRED
PREDICTION_2022_03,PRED-C07,PRED-E07-R1,1,2,4.78123014,8.22116088,6.4832,TDS,13.13434074,percent,851.52557902,CONCENTRATION_X_MEASURED_FRACTION_MASS,90,90,1.7,2.3,PROGRAMMED,VALID,SOURCE_DESIGNATED_PREDICTION,TARGET_EXPOSED;SOURCE_INTERNAL,P24-MAT-PRED
PREDICTION_2022_03,PRED-C07,PRED-E07-R1,1,3,8.22116088,11.50940316,6.2257,caffeine,4.8862547,mg/g,30.42035589,CONCENTRATION_X_MEASURED_FRACTION_MASS,90,90,1.7,2.3,PROGRAMMED,VALID,SOURCE_DESIGNATED_PREDICTION,TARGET_EXPOSED;SOURCE_INTERNAL,P24-MAT-PRED
PREDICTION_2022_03,PRED-C07,PRED-E07-R1,1,3,8.22116088,11.50940316,6.2257,trigonelline,2.49887898,mg/g,15.55727086,CONCENTRATION_X_MEASURED_FRACTION_MASS,90,90,1.7,2.3,PROGRAMMED,VALID,SOURCE_DESIGNATED_PREDICTION,TARGET_EXPOSED;SOURCE_INTERNAL,P24-MAT-PRED
PREDICTION_2022_03,PRED-C07,PRED-E07-R1,1,3,8.22116088,11.50940316,6.2257,5CQA,3.85140756,mg/g,23.97770803,CONCENTRATION_X_MEASURED_FRACTION_MASS,90,90,1.7,2.3,PROGRAMMED,VALID,SOURCE_DESIGNATED_PREDICTION,TARGET_EXPOSED;SOURCE_INTERNAL,P24-MAT-PRED
PREDICTION_2022_03,PRED-C07,PRED-E07-R1,1,3,8.22116088,11.50940316,6.2257,CQA_sum,7.37361849,mg/g,45.90593662,CONCENTRATION_X_MEASURED_FRACTION_MASS,90,90,1.7,2.3,PROGRAMMED,VALID,SOURCE_DESIGNATED_PREDICTION,TARGET_EXPOSED;SOURCE_INTERNAL,P24-MAT-PRED
PREDICTION_2022_03,PRED-C07,PRED-E07-R1,1,3,8.22116088,11.50940316,6.2257,TDS,10.23737083,percent,637.34799553,CONCENTRATION_X_MEASURED_FRACTION_MASS,90,90,1.7,2.3,PROGRAMMED,VALID,SOURCE_DESIGNATED_PREDICTION,TARGET_EXPOSED;SOURCE_INTERNAL,P24-MAT-PRED
PREDICTION_2022_03,PRED-C07,PRED-E07-R1,1,5,14.46202246,17.65417597,6.0945,caffeine,2.91825273,mg/g,17.78529126,CONCENTRATION_X_MEASURED_FRACTION_MASS,90,90,1.7,2.3,PROGRAMMED,VALID,SOURCE_DESIGNATED_PREDICTION,TARGET_EXPOSED;SOURCE_INTERNAL,P24-MAT-PRED
PREDICTION_2022_03,PRED-C07,PRED-E07-R1,1,5,14.46202246,17.65417597,6.0945,trigonelline,1.2212542,mg/g,7.44293371,CONCENTRATION_X_MEASURED_FRACTION_MASS,90,90,1.7,2.3,PROGRAMMED,VALID,SOURCE_DESIGNATED_PREDICTION,TARGET_EXPOSED;SOURCE_INTERNAL,P24-MAT-PRED
PREDICTION_2022_03,PRED-C07,PRED-E07-R1,1,5,14.46202246,17.65417597,6.0945,5CQA,2.19657723,mg/g,13.38703992,CONCENTRATION_X_MEASURED_FRACTION_MASS,90,90,1.7,2.3,PROGRAMMED,VALID,SOURCE_DESIGNATED_PREDICTION,TARGET_EXPOSED;SOURCE_INTERNAL,P24-MAT-PRED
PREDICTION_2022_03,PRED-C07,PRED-E07-R1,1,5,14.46202246,17.65417597,6.0945,CQA_sum,4.2886573,mg/g,26.1372219,CONCENTRATION_X_MEASURED_FRACTION_MASS,90,90,1.7,2.3,PROGRAMMED,VALID,SOURCE_DESIGNATED_PREDICTION,TARGET_EXPOSED;SOURCE_INTERNAL,P24-MAT-PRED
PREDICTION_2022_03,PRED-C07,PRED-E07-R1,1,5,14.46202246,17.65417597,6.0945,TDS,5.63207396,percent,343.24674735,CONCENTRATION_X_MEASURED_FRACTION_MASS,90,90,1.7,2.3,PROGRAMMED,VALID,SOURCE_DESIGNATED_PREDICTION,TARGET_EXPOSED;SOURCE_INTERNAL,P24-MAT-PRED
PREDICTION_2022_03,PRED-C07,PRED-E07-R1,1,7,21.19397317,24.73084351,6.8153,caffeine,1.62854052,mg/g,11.09899217,CONCENTRATION_X_MEASURED_FRACTION_MASS,90,90,1.7,2.3,PROGRAMMED,VALID,SOURCE_DESIGNATED_PREDICTION,TARGET_EXPOSED;SOURCE_INTERNAL,P24-MAT-PRED
PREDICTION_2022_03,PRED-C07,PRED-E07-R1,1,7,21.19397317,24.73084351,6.8153,trigonelline,0.57384129,mg/g,3.91090055,CONCENTRATION_X_MEASURED_FRACTION_MASS,90,90,1.7,2.3,PROGRAMMED,VALID,SOURCE_DESIGNATED_PREDICTION,TARGET_EXPOSED;SOURCE_INTERNAL,P24-MAT-PRED
PREDICTION_2022_03,PRED-C07,PRED-E07-R1,1,7,21.19397317,24.73084351,6.8153,5CQA,1.16736258,mg/g,7.95592617,CONCENTRATION_X_MEASURED_FRACTION_MASS,90,90,1.7,2.3,PROGRAMMED,VALID,SOURCE_DESIGNATED_PREDICTION,TARGET_EXPOSED;SOURCE_INTERNAL,P24-MAT-PRED
PREDICTION_2022_03,PRED-C07,PRED-E07-R1,1,7,21.19397317,24.73084351,6.8153,CQA_sum,2.23633845,mg/g,15.24131743,CONCENTRATION_X_MEASURED_FRACTION_MASS,90,90,1.7,2.3,PROGRAMMED,VALID,SOURCE_DESIGNATED_PREDICTION,TARGET_EXPOSED;SOURCE_INTERNAL,P24-MAT-PRED
PREDICTION_2022_03,PRED-C07,PRED-E07-R1,1,7,21.19397317,24.73084351,6.8153,TDS,3.01547103,percent,205.51339726,CONCENTRATION_X_MEASURED_FRACTION_MASS,90,90,1.7,2.3,PROGRAMMED,VALID,SOURCE_DESIGNATED_PREDICTION,TARGET_EXPOSED;SOURCE_INTERNAL,P24-MAT-PRED
PREDICTION_2022_03,PRED-C07,PRED-E07-R1,1,10,33.13019975,37.43095722,8.4232,caffeine,0.78784122,mg/g,6.63614419,CONCENTRATION_X_MEASURED_FRACTION_MASS,90,90,1.7,2.3,PROGRAMMED,VALID,SOURCE_DESIGNATED_PREDICTION,TARGET_EXPOSED;SOURCE_INTERNAL,P24-MAT-PRED
PREDICTION_2022_03,PRED-C07,PRED-E07-R1,1,10,33.13019975,37.43095722,8.4232,trigonelline,0.2384359,mg/g,2.0083933,CONCENTRATION_X_MEASURED_FRACTION_MASS,90,90,1.7,2.3,PROGRAMMED,VALID,SOURCE_DESIGNATED_PREDICTION,TARGET_EXPOSED;SOURCE_INTERNAL,P24-MAT-PRED
PREDICTION_2022_03,PRED-C07,PRED-E07-R1,1,10,33.13019975,37.43095722,8.4232,5CQA,0.54969397,mg/g,4.63018225,CONCENTRATION_X_MEASURED_FRACTION_MASS,90,90,1.7,2.3,PROGRAMMED,VALID,SOURCE_DESIGNATED_PREDICTION,TARGET_EXPOSED;SOURCE_INTERNAL,P24-MAT-PRED
PREDICTION_2022_03,PRED-C07,PRED-E07-R1,1,10,33.13019975,37.43095722,8.4232,CQA_sum,1.06454292,mg/g,8.96685788,CONCENTRATION_X_MEASURED_FRACTION_MASS,90,90,1.7,2.3,PROGRAMMED,VALID,SOURCE_DESIGNATED_PREDICTION,TARGET_EXPOSED;SOURCE_INTERNAL,P24-MAT-PRED
PREDICTION_2022_03,PRED-C07,PRED-E07-R1,1,10,33.13019975,37.43095722,8.4232,TDS,1.24475849,percent,104.84849725,CONCENTRATION_X_MEASURED_FRACTION_MASS,90,90,1.7,2.3,PROGRAMMED,VALID,SOURCE_DESIGNATED_PREDICTION,TARGET_EXPOSED;SOURCE_INTERNAL,P24-MAT-PRED
PREDICTION_2022_03,PRED-C07,PRED-E07-R2,2,1,0,2.67642569,4.6972,caffeine,9.19182487,mg/g,43.17583978,CONCENTRATION_X_MEASURED_FRACTION_MASS,90,90,1.7,2.3,PROGRAMMED,VALID,SOURCE_DESIGNATED_PREDICTION,TARGET_EXPOSED;SOURCE_INTERNAL,P24-MAT-PRED
PREDICTION_2022_03,PRED-C07,PRED-E07-R2,2,1,0,2.67642569,4.6972,trigonelline,5.71141009,mg/g,26.82763547,CONCENTRATION_X_MEASURED_FRACTION_MASS,90,90,1.7,2.3,PROGRAMMED,VALID,SOURCE_DESIGNATED_PREDICTION,TARGET_EXPOSED;SOURCE_INTERNAL,P24-MAT-PRED
PREDICTION_2022_03,PRED-C07,PRED-E07-R2,2,1,0,2.67642569,4.6972,5CQA,7.21758097,mg/g,33.90242131,CONCENTRATION_X_MEASURED_FRACTION_MASS,90,90,1.7,2.3,PROGRAMMED,VALID,SOURCE_DESIGNATED_PREDICTION,TARGET_EXPOSED;SOURCE_INTERNAL,P24-MAT-PRED
PREDICTION_2022_03,PRED-C07,PRED-E07-R2,2,1,0,2.67642569,4.6972,CQA_sum,14.33872481,mg/g,67.35185817,CONCENTRATION_X_MEASURED_FRACTION_MASS,90,90,1.7,2.3,PROGRAMMED,VALID,SOURCE_DESIGNATED_PREDICTION,TARGET_EXPOSED;SOURCE_INTERNAL,P24-MAT-PRED
PREDICTION_2022_03,PRED-C07,PRED-E07-R2,2,1,0,2.67642569,4.6972,TDS,21.59774241,percent,1014.48915662,CONCENTRATION_X_MEASURED_FRACTION_MASS,90,90,1.7,2.3,PROGRAMMED,VALID,SOURCE_DESIGNATED_PREDICTION,TARGET_EXPOSED;SOURCE_INTERNAL,P24-MAT-PRED
PREDICTION_2022_03,PRED-C07,PRED-E07-R2,2,2,2.67642569,6.25370965,6.3725,caffeine,6.45525995,mg/g,41.13614405,CONCENTRATION_X_MEASURED_FRACTION_MASS,90,90,1.7,2.3,PROGRAMMED,VALID,SOURCE_DESIGNATED_PREDICTION,TARGET_EXPOSED;SOURCE_INTERNAL,P24-MAT-PRED
PREDICTION_2022_03,PRED-C07,PRED-E07-R2,2,2,2.67642569,6.25370965,6.3725,trigonelline,3.59972512,mg/g,22.9392483,CONCENTRATION_X_MEASURED_FRACTION_MASS,90,90,1.7,2.3,PROGRAMMED,VALID,SOURCE_DESIGNATED_PREDICTION,TARGET_EXPOSED;SOURCE_INTERNAL,P24-MAT-PRED
PREDICTION_2022_03,PRED-C07,PRED-E07-R2,2,2,2.67642569,6.25370965,6.3725,5CQA,4.99546751,mg/g,31.8336167,CONCENTRATION_X_MEASURED_FRACTION_MASS,90,90,1.7,2.3,PROGRAMMED,VALID,SOURCE_DESIGNATED_PREDICTION,TARGET_EXPOSED;SOURCE_INTERNAL,P24-MAT-PRED
PREDICTION_2022_03,PRED-C07,PRED-E07-R2,2,2,2.67642569,6.25370965,6.3725,CQA_sum,9.99546464,mg/g,63.69609839,CONCENTRATION_X_MEASURED_FRACTION_MASS,90,90,1.7,2.3,PROGRAMMED,VALID,SOURCE_DESIGNATED_PREDICTION,TARGET_EXPOSED;SOURCE_INTERNAL,P24-MAT-PRED
PREDICTION_2022_03,PRED-C07,PRED-E07-R2,2,2,2.67642569,6.25370965,6.3725,TDS,13.63407377,percent,868.8313507,CONCENTRATION_X_MEASURED_FRACTION_MASS,90,90,1.7,2.3,PROGRAMMED,VALID,SOURCE_DESIGNATED_PREDICTION,TARGET_EXPOSED;SOURCE_INTERNAL,P24-MAT-PRED
PREDICTION_2022_03,PRED-C07,PRED-E07-R2,2,3,6.25370965,9.58994836,6.0403,caffeine,4.8200569,mg/g,29.11458967,CONCENTRATION_X_MEASURED_FRACTION_MASS,90,90,1.7,2.3,PROGRAMMED,VALID,SOURCE_DESIGNATED_PREDICTION,TARGET_EXPOSED;SOURCE_INTERNAL,P24-MAT-PRED
PREDICTION_2022_03,PRED-C07,PRED-E07-R2,2,3,6.25370965,9.58994836,6.0403,trigonelline,2.49677936,mg/g,15.08129637,CONCENTRATION_X_MEASURED_FRACTION_MASS,90,90,1.7,2.3,PROGRAMMED,VALID,SOURCE_DESIGNATED_PREDICTION,TARGET_EXPOSED;SOURCE_INTERNAL,P24-MAT-PRED
PREDICTION_2022_03,PRED-C07,PRED-E07-R2,2,3,6.25370965,9.58994836,6.0403,5CQA,3.57788793,mg/g,21.61151649,CONCENTRATION_X_MEASURED_FRACTION_MASS,90,90,1.7,2.3,PROGRAMMED,VALID,SOURCE_DESIGNATED_PREDICTION,TARGET_EXPOSED;SOURCE_INTERNAL,P24-MAT-PRED
PREDICTION_2022_03,PRED-C07,PRED-E07-R2,2,3,6.25370965,9.58994836,6.0403,CQA_sum,7.07456397,mg/g,42.73248872,CONCENTRATION_X_MEASURED_FRACTION_MASS,90,90,1.7,2.3,PROGRAMMED,VALID,SOURCE_DESIGNATED_PREDICTION,TARGET_EXPOSED;SOURCE_INTERNAL,P24-MAT-PRED
PREDICTION_2022_03,PRED-C07,PRED-E07-R2,2,3,6.25370965,9.58994836,6.0403,TDS,10.01175789,percent,604.74021156,CONCENTRATION_X_MEASURED_FRACTION_MASS,90,90,1.7,2.3,PROGRAMMED,VALID,SOURCE_DESIGNATED_PREDICTION,TARGET_EXPOSED;SOURCE_INTERNAL,P24-MAT-PRED
PREDICTION_2022_03,PRED-C07,PRED-E07-R2,2,5,12.71455228,15.94269882,6.0189,caffeine,3.02429957,mg/g,18.20295666,CONCENTRATION_X_MEASURED_FRACTION_MASS,90,90,1.7,2.3,PROGRAMMED,VALID,SOURCE_DESIGNATED_PREDICTION,TARGET_EXPOSED;SOURCE_INTERNAL,P24-MAT-PRED
PREDICTION_2022_03,PRED-C07,PRED-E07-R2,2,5,12.71455228,15.94269882,6.0189,trigonelline,1.27273023,mg/g,7.66043598,CONCENTRATION_X_MEASURED_FRACTION_MASS,90,90,1.7,2.3,PROGRAMMED,VALID,SOURCE_DESIGNATED_PREDICTION,TARGET_EXPOSED;SOURCE_INTERNAL,P24-MAT-PRED
PREDICTION_2022_03,PRED-C07,PRED-E07-R2,2,5,12.71455228,15.94269882,6.0189,5CQA,2.20356834,mg/g,13.26305748,CONCENTRATION_X_MEASURED_FRACTION_MASS,90,90,1.7,2.3,PROGRAMMED,VALID,SOURCE_DESIGNATED_PREDICTION,TARGET_EXPOSED;SOURCE_INTERNAL,P24-MAT-PRED
PREDICTION_2022_03,PRED-C07,PRED-E07-R2,2,5,12.71455228,15.94269882,6.0189,CQA_sum,4.35561921,mg/g,26.21603644,CONCENTRATION_X_MEASURED_FRACTION_MASS,90,90,1.7,2.3,PROGRAMMED,VALID,SOURCE_DESIGNATED_PREDICTION,TARGET_EXPOSED;SOURCE_INTERNAL,P24-MAT-PRED
PREDICTION_2022_03,PRED-C07,PRED-E07-R2,2,5,12.71455228,15.94269882,6.0189,TDS,5.82869265,percent,350.82318167,CONCENTRATION_X_MEASURED_FRACTION_MASS,90,90,1.7,2.3,PROGRAMMED,VALID,SOURCE_DESIGNATED_PREDICTION,TARGET_EXPOSED;SOURCE_INTERNAL,P24-MAT-PRED
PREDICTION_2022_03,PRED-C07,PRED-E07-R2,2,7,18.93752239,22.66921878,7.1614,caffeine,1.87711527,mg/g,13.44277329,CONCENTRATION_X_MEASURED_FRACTION_MASS,90,90,1.7,2.3,PROGRAMMED,VALID,SOURCE_DESIGNATED_PREDICTION,TARGET_EXPOSED;SOURCE_INTERNAL,P24-MAT-PRED
PREDICTION_2022_03,PRED-C07,PRED-E07-R2,2,7,18.93752239,22.66921878,7.1614,trigonelline,0.7280287,mg/g,5.2137047,CONCENTRATION_X_MEASURED_FRACTION_MASS,90,90,1.7,2.3,PROGRAMMED,VALID,SOURCE_DESIGNATED_PREDICTION,TARGET_EXPOSED;SOURCE_INTERNAL,P24-MAT-PRED
PREDICTION_2022_03,PRED-C07,PRED-E07-R2,2,7,18.93752239,22.66921878,7.1614,5CQA,1.29925177,mg/g,9.30446162,CONCENTRATION_X_MEASURED_FRACTION_MASS,90,90,1.7,2.3,PROGRAMMED,VALID,SOURCE_DESIGNATED_PREDICTION,TARGET_EXPOSED;SOURCE_INTERNAL,P24-MAT-PRED
PREDICTION_2022_03,PRED-C07,PRED-E07-R2,2,7,18.93752239,22.66921878,7.1614,CQA_sum,2.54566584,mg/g,18.23053136,CONCENTRATION_X_MEASURED_FRACTION_MASS,90,90,1.7,2.3,PROGRAMMED,VALID,SOURCE_DESIGNATED_PREDICTION,TARGET_EXPOSED;SOURCE_INTERNAL,P24-MAT-PRED
PREDICTION_2022_03,PRED-C07,PRED-E07-R2,2,7,18.93752239,22.66921878,7.1614,TDS,3.5813557,percent,256.4752072,CONCENTRATION_X_MEASURED_FRACTION_MASS,90,90,1.7,2.3,PROGRAMMED,VALID,SOURCE_DESIGNATED_PREDICTION,TARGET_EXPOSED;SOURCE_INTERNAL,P24-MAT-PRED
PREDICTION_2022_03,PRED-C07,PRED-E07-R2,2,10,29.34510787,32.45889732,6.2406,caffeine,1.20292056,mg/g,7.50694607,CONCENTRATION_X_MEASURED_FRACTION_MASS,90,90,1.7,2.3,PROGRAMMED,VALID,SOURCE_DESIGNATED_PREDICTION,TARGET_EXPOSED;SOURCE_INTERNAL,P24-MAT-PRED
PREDICTION_2022_03,PRED-C07,PRED-E07-R2,2,10,29.34510787,32.45889732,6.2406,trigonelline,0.37964978,mg/g,2.36924239,CONCENTRATION_X_MEASURED_FRACTION_MASS,90,90,1.7,2.3,PROGRAMMED,VALID,SOURCE_DESIGNATED_PREDICTION,TARGET_EXPOSED;SOURCE_INTERNAL,P24-MAT-PRED
PREDICTION_2022_03,PRED-C07,PRED-E07-R2,2,10,29.34510787,32.45889732,6.2406,5CQA,0.81322225,mg/g,5.07499476,CONCENTRATION_X_MEASURED_FRACTION_MASS,90,90,1.7,2.3,PROGRAMMED,VALID,SOURCE_DESIGNATED_PREDICTION,TARGET_EXPOSED;SOURCE_INTERNAL,P24-MAT-PRED
PREDICTION_2022_03,PRED-C07,PRED-E07-R2,2,10,29.34510787,32.45889732,6.2406,CQA_sum,1.57883567,mg/g,9.85288187,CONCENTRATION_X_MEASURED_FRACTION_MASS,90,90,1.7,2.3,PROGRAMMED,VALID,SOURCE_DESIGNATED_PREDICTION,TARGET_EXPOSED;SOURCE_INTERNAL,P24-MAT-PRED
PREDICTION_2022_03,PRED-C07,PRED-E07-R2,2,10,29.34510787,32.45889732,6.2406,TDS,1.95334355,percent,121.90035741,CONCENTRATION_X_MEASURED_FRACTION_MASS,90,90,1.7,2.3,PROGRAMMED,VALID,SOURCE_DESIGNATED_PREDICTION,TARGET_EXPOSED;SOURCE_INTERNAL,P24-MAT-PRED
PREDICTION_2022_03,PRED-C07,PRED-E07-R3,3,1,0,3.68237653,6.2127,caffeine,8.57707851,mg/g,53.28681568,CONCENTRATION_X_MEASURED_FRACTION_MASS,90,90,1.7,2.3,PROGRAMMED,VALID,SOURCE_DESIGNATED_PREDICTION,TARGET_EXPOSED;SOURCE_INTERNAL,P24-MAT-PRED
PREDICTION_2022_03,PRED-C07,PRED-E07-R3,3,1,0,3.68237653,6.2127,trigonelline,5.23676786,mg/g,32.53446771,CONCENTRATION_X_MEASURED_FRACTION_MASS,90,90,1.7,2.3,PROGRAMMED,VALID,SOURCE_DESIGNATED_PREDICTION,TARGET_EXPOSED;SOURCE_INTERNAL,P24-MAT-PRED
PREDICTION_2022_03,PRED-C07,PRED-E07-R3,3,1,0,3.68237653,6.2127,5CQA,6.85761151,mg/g,42.60428301,CONCENTRATION_X_MEASURED_FRACTION_MASS,90,90,1.7,2.3,PROGRAMMED,VALID,SOURCE_DESIGNATED_PREDICTION,TARGET_EXPOSED;SOURCE_INTERNAL,P24-MAT-PRED
PREDICTION_2022_03,PRED-C07,PRED-E07-R3,3,1,0,3.68237653,6.2127,CQA_sum,13.71683229,mg/g,85.21856396,CONCENTRATION_X_MEASURED_FRACTION_MASS,90,90,1.7,2.3,PROGRAMMED,VALID,SOURCE_DESIGNATED_PREDICTION,TARGET_EXPOSED;SOURCE_INTERNAL,P24-MAT-PRED
PREDICTION_2022_03,PRED-C07,PRED-E07-R3,3,1,0,3.68237653,6.2127,TDS,19.97776412,percent,1241.15855149,CONCENTRATION_X_MEASURED_FRACTION_MASS,90,90,1.7,2.3,PROGRAMMED,VALID,SOURCE_DESIGNATED_PREDICTION,TARGET_EXPOSED;SOURCE_INTERNAL,P24-MAT-PRED
PREDICTION_2022_03,PRED-C07,PRED-E07-R3,3,2,3.68237653,6.94445201,5.5958,caffeine,6.1678398,mg/g,34.51399795,CONCENTRATION_X_MEASURED_FRACTION_MASS,90,90,1.7,2.3,PROGRAMMED,VALID,SOURCE_DESIGNATED_PREDICTION,TARGET_EXPOSED;SOURCE_INTERNAL,P24-MAT-PRED
PREDICTION_2022_03,PRED-C07,PRED-E07-R3,3,2,3.68237653,6.94445201,5.5958,trigonelline,3.27035243,mg/g,18.30023815,CONCENTRATION_X_MEASURED_FRACTION_MASS,90,90,1.7,2.3,PROGRAMMED,VALID,SOURCE_DESIGNATED_PREDICTION,TARGET_EXPOSED;SOURCE_INTERNAL,P24-MAT-PRED
PREDICTION_2022_03,PRED-C07,PRED-E07-R3,3,2,3.68237653,6.94445201,5.5958,5CQA,4.82028639,mg/g,26.9733586,CONCENTRATION_X_MEASURED_FRACTION_MASS,90,90,1.7,2.3,PROGRAMMED,VALID,SOURCE_DESIGNATED_PREDICTION,TARGET_EXPOSED;SOURCE_INTERNAL,P24-MAT-PRED
PREDICTION_2022_03,PRED-C07,PRED-E07-R3,3,2,3.68237653,6.94445201,5.5958,CQA_sum,9.70161827,mg/g,54.28831554,CONCENTRATION_X_MEASURED_FRACTION_MASS,90,90,1.7,2.3,PROGRAMMED,VALID,SOURCE_DESIGNATED_PREDICTION,TARGET_EXPOSED;SOURCE_INTERNAL,P24-MAT-PRED
PREDICTION_2022_03,PRED-C07,PRED-E07-R3,3,2,3.68237653,6.94445201,5.5958,TDS,13.31558068,percent,745.11326391,CONCENTRATION_X_MEASURED_FRACTION_MASS,90,90,1.7,2.3,PROGRAMMED,VALID,SOURCE_DESIGNATED_PREDICTION,TARGET_EXPOSED;SOURCE_INTERNAL,P24-MAT-PRED
PREDICTION_2022_03,PRED-C07,PRED-E07-R3,3,3,6.94445201,10.10758541,5.5088,caffeine,4.77608518,mg/g,26.31049802,CONCENTRATION_X_MEASURED_FRACTION_MASS,90,90,1.7,2.3,PROGRAMMED,VALID,SOURCE_DESIGNATED_PREDICTION,TARGET_EXPOSED;SOURCE_INTERNAL,P24-MAT-PRED
PREDICTION_2022_03,PRED-C07,PRED-E07-R3,3,3,6.94445201,10.10758541,5.5088,trigonelline,2.5164239,mg/g,13.86247596,CONCENTRATION_X_MEASURED_FRACTION_MASS,90,90,1.7,2.3,PROGRAMMED,VALID,SOURCE_DESIGNATED_PREDICTION,TARGET_EXPOSED;SOURCE_INTERNAL,P24-MAT-PRED
PREDICTION_2022_03,PRED-C07,PRED-E07-R3,3,3,6.94445201,10.10758541,5.5088,5CQA,3.60178278,mg/g,19.84150095,CONCENTRATION_X_MEASURED_FRACTION_MASS,90,90,1.7,2.3,PROGRAMMED,VALID,SOURCE_DESIGNATED_PREDICTION,TARGET_EXPOSED;SOURCE_INTERNAL,P24-MAT-PRED
PREDICTION_2022_03,PRED-C07,PRED-E07-R3,3,3,6.94445201,10.10758541,5.5088,CQA_sum,7.17012562,mg/g,39.49878804,CONCENTRATION_X_MEASURED_FRACTION_MASS,90,90,1.7,2.3,PROGRAMMED,VALID,SOURCE_DESIGNATED_PREDICTION,TARGET_EXPOSED;SOURCE_INTERNAL,P24-MAT-PRED
PREDICTION_2022_03,PRED-C07,PRED-E07-R3,3,3,6.94445201,10.10758541,5.5088,TDS,9.74558097,percent,536.86456456,CONCENTRATION_X_MEASURED_FRACTION_MASS,90,90,1.7,2.3,PROGRAMMED,VALID,SOURCE_DESIGNATED_PREDICTION,TARGET_EXPOSED;SOURCE_INTERNAL,P24-MAT-PRED
PREDICTION_2022_03,PRED-C07,PRED-E07-R3,3,5,12.97585913,15.98878583,5.3933,caffeine,3.14647816,mg/g,16.96990068,CONCENTRATION_X_MEASURED_FRACTION_MASS,90,90,1.7,2.3,PROGRAMMED,VALID,SOURCE_DESIGNATED_PREDICTION,TARGET_EXPOSED;SOURCE_INTERNAL,P24-MAT-PRED
PREDICTION_2022_03,PRED-C07,PRED-E07-R3,3,5,12.97585913,15.98878583,5.3933,trigonelline,1.33455093,mg/g,7.19763355,CONCENTRATION_X_MEASURED_FRACTION_MASS,90,90,1.7,2.3,PROGRAMMED,VALID,SOURCE_DESIGNATED_PREDICTION,TARGET_EXPOSED;SOURCE_INTERNAL,P24-MAT-PRED
PREDICTION_2022_03,PRED-C07,PRED-E07-R3,3,5,12.97585913,15.98878583,5.3933,5CQA,2.34259649,mg/g,12.63432563,CONCENTRATION_X_MEASURED_FRACTION_MASS,90,90,1.7,2.3,PROGRAMMED,VALID,SOURCE_DESIGNATED_PREDICTION,TARGET_EXPOSED;SOURCE_INTERNAL,P24-MAT-PRED
PREDICTION_2022_03,PRED-C07,PRED-E07-R3,3,5,12.97585913,15.98878583,5.3933,CQA_sum,4.64271316,mg/g,25.03954488,CONCENTRATION_X_MEASURED_FRACTION_MASS,90,90,1.7,2.3,PROGRAMMED,VALID,SOURCE_DESIGNATED_PREDICTION,TARGET_EXPOSED;SOURCE_INTERNAL,P24-MAT-PRED
PREDICTION_2022_03,PRED-C07,PRED-E07-R3,3,5,12.97585913,15.98878583,5.3933,TDS,5.65283874,percent,304.87455188,CONCENTRATION_X_MEASURED_FRACTION_MASS,90,90,1.7,2.3,PROGRAMMED,VALID,SOURCE_DESIGNATED_PREDICTION,TARGET_EXPOSED;SOURCE_INTERNAL,P24-MAT-PRED
PREDICTION_2022_03,PRED-C07,PRED-E07-R3,3,7,19.05135533,22.57892488,6.4964,caffeine,1.93838348,mg/g,12.59251442,CONCENTRATION_X_MEASURED_FRACTION_MASS,90,90,1.7,2.3,PROGRAMMED,VALID,SOURCE_DESIGNATED_PREDICTION,TARGET_EXPOSED;SOURCE_INTERNAL,P24-MAT-PRED
PREDICTION_2022_03,PRED-C07,PRED-E07-R3,3,7,19.05135533,22.57892488,6.4964,trigonelline,0.71161146,mg/g,4.62291268,CONCENTRATION_X_MEASURED_FRACTION_MASS,90,90,1.7,2.3,PROGRAMMED,VALID,SOURCE_DESIGNATED_PREDICTION,TARGET_EXPOSED;SOURCE_INTERNAL,P24-MAT-PRED
PREDICTION_2022_03,PRED-C07,PRED-E07-R3,3,7,19.05135533,22.57892488,6.4964,5CQA,1.3550716,mg/g,8.80308714,CONCENTRATION_X_MEASURED_FRACTION_MASS,90,90,1.7,2.3,PROGRAMMED,VALID,SOURCE_DESIGNATED_PREDICTION,TARGET_EXPOSED;SOURCE_INTERNAL,P24-MAT-PRED
PREDICTION_2022_03,PRED-C07,PRED-E07-R3,3,7,19.05135533,22.57892488,6.4964,CQA_sum,2.66268461,mg/g,17.29786431,CONCENTRATION_X_MEASURED_FRACTION_MASS,90,90,1.7,2.3,PROGRAMMED,VALID,SOURCE_DESIGNATED_PREDICTION,TARGET_EXPOSED;SOURCE_INTERNAL,P24-MAT-PRED
PREDICTION_2022_03,PRED-C07,PRED-E07-R3,3,7,19.05135533,22.57892488,6.4964,TDS,3.18758036,percent,207.07797061,CONCENTRATION_X_MEASURED_FRACTION_MASS,90,90,1.7,2.3,PROGRAMMED,VALID,SOURCE_DESIGNATED_PREDICTION,TARGET_EXPOSED;SOURCE_INTERNAL,P24-MAT-PRED
PREDICTION_2022_03,PRED-C07,PRED-E07-R3,3,10,28.76278969,32.25263752,6.7023,caffeine,1.15586272,mg/g,7.74693869,CONCENTRATION_X_MEASURED_FRACTION_MASS,90,90,1.7,2.3,PROGRAMMED,VALID,SOURCE_DESIGNATED_PREDICTION,TARGET_EXPOSED;SOURCE_INTERNAL,P24-MAT-PRED
PREDICTION_2022_03,PRED-C07,PRED-E07-R3,3,10,28.76278969,32.25263752,6.7023,trigonelline,0.3318378,mg/g,2.22407651,CONCENTRATION_X_MEASURED_FRACTION_MASS,90,90,1.7,2.3,PROGRAMMED,VALID,SOURCE_DESIGNATED_PREDICTION,TARGET_EXPOSED;SOURCE_INTERNAL,P24-MAT-PRED
PREDICTION_2022_03,PRED-C07,PRED-E07-R3,3,10,28.76278969,32.25263752,6.7023,5CQA,0.77809692,mg/g,5.21503901,CONCENTRATION_X_MEASURED_FRACTION_MASS,90,90,1.7,2.3,PROGRAMMED,VALID,SOURCE_DESIGNATED_PREDICTION,TARGET_EXPOSED;SOURCE_INTERNAL,P24-MAT-PRED
PREDICTION_2022_03,PRED-C07,PRED-E07-R3,3,10,28.76278969,32.25263752,6.7023,CQA_sum,1.51613245,mg/g,10.16157452,CONCENTRATION_X_MEASURED_FRACTION_MASS,90,90,1.7,2.3,PROGRAMMED,VALID,SOURCE_DESIGNATED_PREDICTION,TARGET_EXPOSED;SOURCE_INTERNAL,P24-MAT-PRED
PREDICTION_2022_03,PRED-C07,PRED-E07-R3,3,10,28.76278969,32.25263752,6.7023,TDS,1.2430368,percent,83.31205563,CONCENTRATION_X_MEASURED_FRACTION_MASS,90,90,1.7,2.3,PROGRAMMED,VALID,SOURCE_DESIGNATED_PREDICTION,TARGET_EXPOSED;SOURCE_INTERNAL,P24-MAT-PRED
PREDICTION_2022_03,PRED-C08,PRED-E08-R1,1,1,0,2.72124804,6.2676,caffeine,8.63814737,mg/g,54.14045244,CONCENTRATION_X_MEASURED_FRACTION_MASS,90,90,2.3,1.7,PROGRAMMED,VALID,SOURCE_DESIGNATED_PREDICTION,TARGET_EXPOSED;SOURCE_INTERNAL,P24-MAT-PRED
PREDICTION_2022_03,PRED-C08,PRED-E08-R1,1,1,0,2.72124804,6.2676,trigonelline,5.10109298,mg/g,31.97161035,CONCENTRATION_X_MEASURED_FRACTION_MASS,90,90,2.3,1.7,PROGRAMMED,VALID,SOURCE_DESIGNATED_PREDICTION,TARGET_EXPOSED;SOURCE_INTERNAL,P24-MAT-PRED
PREDICTION_2022_03,PRED-C08,PRED-E08-R1,1,1,0,2.72124804,6.2676,5CQA,6.70862883,mg/g,42.04700207,CONCENTRATION_X_MEASURED_FRACTION_MASS,90,90,2.3,1.7,PROGRAMMED,VALID,SOURCE_DESIGNATED_PREDICTION,TARGET_EXPOSED;SOURCE_INTERNAL,P24-MAT-PRED
PREDICTION_2022_03,PRED-C08,PRED-E08-R1,1,1,0,2.72124804,6.2676,CQA_sum,13.39980201,mg/g,83.98459908,CONCENTRATION_X_MEASURED_FRACTION_MASS,90,90,2.3,1.7,PROGRAMMED,VALID,SOURCE_DESIGNATED_PREDICTION,TARGET_EXPOSED;SOURCE_INTERNAL,P24-MAT-PRED
PREDICTION_2022_03,PRED-C08,PRED-E08-R1,1,1,0,2.72124804,6.2676,TDS,19.47049107,percent,1220.33249855,CONCENTRATION_X_MEASURED_FRACTION_MASS,90,90,2.3,1.7,PROGRAMMED,VALID,SOURCE_DESIGNATED_PREDICTION,TARGET_EXPOSED;SOURCE_INTERNAL,P24-MAT-PRED
PREDICTION_2022_03,PRED-C08,PRED-E08-R1,1,2,2.72124804,6.16719158,7.6722,caffeine,6.07985955,mg/g,46.64589841,CONCENTRATION_X_MEASURED_FRACTION_MASS,90,90,2.3,1.7,PROGRAMMED,VALID,SOURCE_DESIGNATED_PREDICTION,TARGET_EXPOSED;SOURCE_INTERNAL,P24-MAT-PRED
PREDICTION_2022_03,PRED-C08,PRED-E08-R1,1,2,2.72124804,6.16719158,7.6722,trigonelline,2.99975167,mg/g,23.01469478,CONCENTRATION_X_MEASURED_FRACTION_MASS,90,90,2.3,1.7,PROGRAMMED,VALID,SOURCE_DESIGNATED_PREDICTION,TARGET_EXPOSED;SOURCE_INTERNAL,P24-MAT-PRED
PREDICTION_2022_03,PRED-C08,PRED-E08-R1,1,2,2.72124804,6.16719158,7.6722,5CQA,4.59693191,mg/g,35.26858101,CONCENTRATION_X_MEASURED_FRACTION_MASS,90,90,2.3,1.7,PROGRAMMED,VALID,SOURCE_DESIGNATED_PREDICTION,TARGET_EXPOSED;SOURCE_INTERNAL,P24-MAT-PRED
PREDICTION_2022_03,PRED-C08,PRED-E08-R1,1,2,2.72124804,6.16719158,7.6722,CQA_sum,9.22789642,mg/g,70.79826693,CONCENTRATION_X_MEASURED_FRACTION_MASS,90,90,2.3,1.7,PROGRAMMED,VALID,SOURCE_DESIGNATED_PREDICTION,TARGET_EXPOSED;SOURCE_INTERNAL,P24-MAT-PRED
PREDICTION_2022_03,PRED-C08,PRED-E08-R1,1,2,2.72124804,6.16719158,7.6722,TDS,17.12540274,percent,1313.89514912,CONCENTRATION_X_MEASURED_FRACTION_MASS,90,90,2.3,1.7,PROGRAMMED,VALID,SOURCE_DESIGNATED_PREDICTION,TARGET_EXPOSED;SOURCE_INTERNAL,P24-MAT-PRED
PREDICTION_2022_03,PRED-C08,PRED-E08-R1,1,3,6.16719158,9.34437665,6.8119,caffeine,4.28398708,mg/g,29.18209162,CONCENTRATION_X_MEASURED_FRACTION_MASS,90,90,2.3,1.7,PROGRAMMED,VALID,SOURCE_DESIGNATED_PREDICTION,TARGET_EXPOSED;SOURCE_INTERNAL,P24-MAT-PRED
PREDICTION_2022_03,PRED-C08,PRED-E08-R1,1,3,6.16719158,9.34437665,6.8119,trigonelline,1.91060644,mg/g,13.01486,CONCENTRATION_X_MEASURED_FRACTION_MASS,90,90,2.3,1.7,PROGRAMMED,VALID,SOURCE_DESIGNATED_PREDICTION,TARGET_EXPOSED;SOURCE_INTERNAL,P24-MAT-PRED
PREDICTION_2022_03,PRED-C08,PRED-E08-R1,1,3,6.16719158,9.34437665,6.8119,5CQA,3.08095511,mg/g,20.98715812,CONCENTRATION_X_MEASURED_FRACTION_MASS,90,90,2.3,1.7,PROGRAMMED,VALID,SOURCE_DESIGNATED_PREDICTION,TARGET_EXPOSED;SOURCE_INTERNAL,P24-MAT-PRED
PREDICTION_2022_03,PRED-C08,PRED-E08-R1,1,3,6.16719158,9.34437665,6.8119,CQA_sum,6.10102538,mg/g,41.55957477,CONCENTRATION_X_MEASURED_FRACTION_MASS,90,90,2.3,1.7,PROGRAMMED,VALID,SOURCE_DESIGNATED_PREDICTION,TARGET_EXPOSED;SOURCE_INTERNAL,P24-MAT-PRED
PREDICTION_2022_03,PRED-C08,PRED-E08-R1,1,3,6.16719158,9.34437665,6.8119,TDS,8.06984685,percent,549.70989736,CONCENTRATION_X_MEASURED_FRACTION_MASS,90,90,2.3,1.7,PROGRAMMED,VALID,SOURCE_DESIGNATED_PREDICTION,TARGET_EXPOSED;SOURCE_INTERNAL,P24-MAT-PRED
PREDICTION_2022_03,PRED-C08,PRED-E08-R1,1,5,12.39535923,15.64506625,6.4606,caffeine,2.60873624,mg/g,16.85400137,CONCENTRATION_X_MEASURED_FRACTION_MASS,90,90,2.3,1.7,PROGRAMMED,VALID,SOURCE_DESIGNATED_PREDICTION,TARGET_EXPOSED;SOURCE_INTERNAL,P24-MAT-PRED
PREDICTION_2022_03,PRED-C08,PRED-E08-R1,1,5,12.39535923,15.64506625,6.4606,trigonelline,1.00600382,mg/g,6.49938829,CONCENTRATION_X_MEASURED_FRACTION_MASS,90,90,2.3,1.7,PROGRAMMED,VALID,SOURCE_DESIGNATED_PREDICTION,TARGET_EXPOSED;SOURCE_INTERNAL,P24-MAT-PRED
PREDICTION_2022_03,PRED-C08,PRED-E08-R1,1,5,12.39535923,15.64506625,6.4606,5CQA,1.85399829,mg/g,11.97794138,CONCENTRATION_X_MEASURED_FRACTION_MASS,90,90,2.3,1.7,PROGRAMMED,VALID,SOURCE_DESIGNATED_PREDICTION,TARGET_EXPOSED;SOURCE_INTERNAL,P24-MAT-PRED
PREDICTION_2022_03,PRED-C08,PRED-E08-R1,1,5,12.39535923,15.64506625,6.4606,CQA_sum,3.68852562,mg/g,23.83008863,CONCENTRATION_X_MEASURED_FRACTION_MASS,90,90,2.3,1.7,PROGRAMMED,VALID,SOURCE_DESIGNATED_PREDICTION,TARGET_EXPOSED;SOURCE_INTERNAL,P24-MAT-PRED
PREDICTION_2022_03,PRED-C08,PRED-E08-R1,1,5,12.39535923,15.64506625,6.4606,TDS,4.39349948,percent,283.84642728,CONCENTRATION_X_MEASURED_FRACTION_MASS,90,90,2.3,1.7,PROGRAMMED,VALID,SOURCE_DESIGNATED_PREDICTION,TARGET_EXPOSED;SOURCE_INTERNAL,P24-MAT-PRED
PREDICTION_2022_03,PRED-C08,PRED-E08-R1,1,7,18.88047073,22.24635323,6.1433,caffeine,1.7093092,mg/g,10.50079918,CONCENTRATION_X_MEASURED_FRACTION_MASS,90,90,2.3,1.7,PROGRAMMED,VALID,SOURCE_DESIGNATED_PREDICTION,TARGET_EXPOSED;SOURCE_INTERNAL,P24-MAT-PRED
PREDICTION_2022_03,PRED-C08,PRED-E08-R1,1,7,18.88047073,22.24635323,6.1433,trigonelline,0.59081851,mg/g,3.62957534,CONCENTRATION_X_MEASURED_FRACTION_MASS,90,90,2.3,1.7,PROGRAMMED,VALID,SOURCE_DESIGNATED_PREDICTION,TARGET_EXPOSED;SOURCE_INTERNAL,P24-MAT-PRED
PREDICTION_2022_03,PRED-C08,PRED-E08-R1,1,7,18.88047073,22.24635323,6.1433,5CQA,1.16537935,mg/g,7.15927495,CONCENTRATION_X_MEASURED_FRACTION_MASS,90,90,2.3,1.7,PROGRAMMED,VALID,SOURCE_DESIGNATED_PREDICTION,TARGET_EXPOSED;SOURCE_INTERNAL,P24-MAT-PRED
PREDICTION_2022_03,PRED-C08,PRED-E08-R1,1,7,18.88047073,22.24635323,6.1433,CQA_sum,2.2838461,mg/g,14.03035172,CONCENTRATION_X_MEASURED_FRACTION_MASS,90,90,2.3,1.7,PROGRAMMED,VALID,SOURCE_DESIGNATED_PREDICTION,TARGET_EXPOSED;SOURCE_INTERNAL,P24-MAT-PRED
PREDICTION_2022_03,PRED-C08,PRED-E08-R1,1,7,18.88047073,22.24635323,6.1433,TDS,2.46873042,percent,151.66151602,CONCENTRATION_X_MEASURED_FRACTION_MASS,90,90,2.3,1.7,PROGRAMMED,VALID,SOURCE_DESIGNATED_PREDICTION,TARGET_EXPOSED;SOURCE_INTERNAL,P24-MAT-PRED
PREDICTION_2022_03,PRED-C08,PRED-E08-R1,1,10,28.42498201,31.77556384,5.3199,caffeine,1.06522009,mg/g,5.66686437,CONCENTRATION_X_MEASURED_FRACTION_MASS,90,90,2.3,1.7,PROGRAMMED,VALID,SOURCE_DESIGNATED_PREDICTION,TARGET_EXPOSED;SOURCE_INTERNAL,P24-MAT-PRED
PREDICTION_2022_03,PRED-C08,PRED-E08-R1,1,10,28.42498201,31.77556384,5.3199,trigonelline,0.29455702,mg/g,1.56701389,CONCENTRATION_X_MEASURED_FRACTION_MASS,90,90,2.3,1.7,PROGRAMMED,VALID,SOURCE_DESIGNATED_PREDICTION,TARGET_EXPOSED;SOURCE_INTERNAL,P24-MAT-PRED
PREDICTION_2022_03,PRED-C08,PRED-E08-R1,1,10,28.42498201,31.77556384,5.3199,5CQA,0.72437897,mg/g,3.85362367,CONCENTRATION_X_MEASURED_FRACTION_MASS,90,90,2.3,1.7,PROGRAMMED,VALID,SOURCE_DESIGNATED_PREDICTION,TARGET_EXPOSED;SOURCE_INTERNAL,P24-MAT-PRED
PREDICTION_2022_03,PRED-C08,PRED-E08-R1,1,10,28.42498201,31.77556384,5.3199,CQA_sum,1.4099755,mg/g,7.50092866,CONCENTRATION_X_MEASURED_FRACTION_MASS,90,90,2.3,1.7,PROGRAMMED,VALID,SOURCE_DESIGNATED_PREDICTION,TARGET_EXPOSED;SOURCE_INTERNAL,P24-MAT-PRED
PREDICTION_2022_03,PRED-C08,PRED-E08-R1,1,10,28.42498201,31.77556384,5.3199,TDS,1.23723567,percent,65.81970033,CONCENTRATION_X_MEASURED_FRACTION_MASS,90,90,2.3,1.7,PROGRAMMED,VALID,SOURCE_DESIGNATED_PREDICTION,TARGET_EXPOSED;SOURCE_INTERNAL,P24-MAT-PRED
PREDICTION_2022_03,PRED-C08,PRED-E08-R2,2,1,0,3.39854417,8.0322,caffeine,8.40684025,mg/g,67.52542227,CONCENTRATION_X_MEASURED_FRACTION_MASS,90,90,2.3,1.7,PROGRAMMED,VALID,SOURCE_DESIGNATED_PREDICTION,TARGET_EXPOSED;SOURCE_INTERNAL,P24-MAT-PRED
PREDICTION_2022_03,PRED-C08,PRED-E08-R2,2,1,0,3.39854417,8.0322,trigonelline,5.0404609,mg/g,40.48599005,CONCENTRATION_X_MEASURED_FRACTION_MASS,90,90,2.3,1.7,PROGRAMMED,VALID,SOURCE_DESIGNATED_PREDICTION,TARGET_EXPOSED;SOURCE_INTERNAL,P24-MAT-PRED
PREDICTION_2022_03,PRED-C08,PRED-E08-R2,2,1,0,3.39854417,8.0322,5CQA,6.64336005,mg/g,53.36079659,CONCENTRATION_X_MEASURED_FRACTION_MASS,90,90,2.3,1.7,PROGRAMMED,VALID,SOURCE_DESIGNATED_PREDICTION,TARGET_EXPOSED;SOURCE_INTERNAL,P24-MAT-PRED
PREDICTION_2022_03,PRED-C08,PRED-E08-R2,2,1,0,3.39854417,8.0322,CQA_sum,13.32688733,mg/g,107.04422442,CONCENTRATION_X_MEASURED_FRACTION_MASS,90,90,2.3,1.7,PROGRAMMED,VALID,SOURCE_DESIGNATED_PREDICTION,TARGET_EXPOSED;SOURCE_INTERNAL,P24-MAT-PRED
PREDICTION_2022_03,PRED-C08,PRED-E08-R2,2,1,0,3.39854417,8.0322,TDS,18.91980558,percent,1519.67662383,CONCENTRATION_X_MEASURED_FRACTION_MASS,90,90,2.3,1.7,PROGRAMMED,VALID,SOURCE_DESIGNATED_PREDICTION,TARGET_EXPOSED;SOURCE_INTERNAL,P24-MAT-PRED
PREDICTION_2022_03,PRED-C08,PRED-E08-R2,2,2,3.39854417,6.59704,7.2626,caffeine,5.37414136,mg/g,39.03023906,CONCENTRATION_X_MEASURED_FRACTION_MASS,90,90,2.3,1.7,PROGRAMMED,VALID,SOURCE_DESIGNATED_PREDICTION,TARGET_EXPOSED;SOURCE_INTERNAL,P24-MAT-PRED
PREDICTION_2022_03,PRED-C08,PRED-E08-R2,2,2,3.39854417,6.59704,7.2626,trigonelline,2.60695412,mg/g,18.93326498,CONCENTRATION_X_MEASURED_FRACTION_MASS,90,90,2.3,1.7,PROGRAMMED,VALID,SOURCE_DESIGNATED_PREDICTION,TARGET_EXPOSED;SOURCE_INTERNAL,P24-MAT-PRED
PREDICTION_2022_03,PRED-C08,PRED-E08-R2,2,2,3.39854417,6.59704,7.2626,5CQA,4.11305175,mg/g,29.87144964,CONCENTRATION_X_MEASURED_FRACTION_MASS,90,90,2.3,1.7,PROGRAMMED,VALID,SOURCE_DESIGNATED_PREDICTION,TARGET_EXPOSED;SOURCE_INTERNAL,P24-MAT-PRED
PREDICTION_2022_03,PRED-C08,PRED-E08-R2,2,2,3.39854417,6.59704,7.2626,CQA_sum,8.33715472,mg/g,60.54941988,CONCENTRATION_X_MEASURED_FRACTION_MASS,90,90,2.3,1.7,PROGRAMMED,VALID,SOURCE_DESIGNATED_PREDICTION,TARGET_EXPOSED;SOURCE_INTERNAL,P24-MAT-PRED
PREDICTION_2022_03,PRED-C08,PRED-E08-R2,2,2,3.39854417,6.59704,7.2626,TDS,10.80842304,percent,784.97253199,CONCENTRATION_X_MEASURED_FRACTION_MASS,90,90,2.3,1.7,PROGRAMMED,VALID,SOURCE_DESIGNATED_PREDICTION,TARGET_EXPOSED;SOURCE_INTERNAL,P24-MAT-PRED
PREDICTION_2022_03,PRED-C08,PRED-E08-R2,2,3,6.59704,9.83834536,7.0662,caffeine,3.93589415,mg/g,27.81181527,CONCENTRATION_X_MEASURED_FRACTION_MASS,90,90,2.3,1.7,PROGRAMMED,VALID,SOURCE_DESIGNATED_PREDICTION,TARGET_EXPOSED;SOURCE_INTERNAL,P24-MAT-PRED
PREDICTION_2022_03,PRED-C08,PRED-E08-R2,2,3,6.59704,9.83834536,7.0662,trigonelline,1.69453905,mg/g,11.97395181,CONCENTRATION_X_MEASURED_FRACTION_MASS,90,90,2.3,1.7,PROGRAMMED,VALID,SOURCE_DESIGNATED_PREDICTION,TARGET_EXPOSED;SOURCE_INTERNAL,P24-MAT-PRED
PREDICTION_2022_03,PRED-C08,PRED-E08-R2,2,3,6.59704,9.83834536,7.0662,5CQA,2.87939615,mg/g,20.3463891,CONCENTRATION_X_MEASURED_FRACTION_MASS,90,90,2.3,1.7,PROGRAMMED,VALID,SOURCE_DESIGNATED_PREDICTION,TARGET_EXPOSED;SOURCE_INTERNAL,P24-MAT-PRED
PREDICTION_2022_03,PRED-C08,PRED-E08-R2,2,3,6.59704,9.83834536,7.0662,CQA_sum,5.75175811,mg/g,40.64307315,CONCENTRATION_X_MEASURED_FRACTION_MASS,90,90,2.3,1.7,PROGRAMMED,VALID,SOURCE_DESIGNATED_PREDICTION,TARGET_EXPOSED;SOURCE_INTERNAL,P24-MAT-PRED
PREDICTION_2022_03,PRED-C08,PRED-E08-R2,2,3,6.59704,9.83834536,7.0662,TDS,7.57427352,percent,535.21331514,CONCENTRATION_X_MEASURED_FRACTION_MASS,90,90,2.3,1.7,PROGRAMMED,VALID,SOURCE_DESIGNATED_PREDICTION,TARGET_EXPOSED;SOURCE_INTERNAL,P24-MAT-PRED
PREDICTION_2022_03,PRED-C08,PRED-E08-R2,2,5,12.87031616,15.89435055,6.0681,caffeine,2.50681842,mg/g,15.21162484,CONCENTRATION_X_MEASURED_FRACTION_MASS,90,90,2.3,1.7,PROGRAMMED,VALID,SOURCE_DESIGNATED_PREDICTION,TARGET_EXPOSED;SOURCE_INTERNAL,P24-MAT-PRED
PREDICTION_2022_03,PRED-C08,PRED-E08-R2,2,5,12.87031616,15.89435055,6.0681,trigonelline,0.92080956,mg/g,5.58756446,CONCENTRATION_X_MEASURED_FRACTION_MASS,90,90,2.3,1.7,PROGRAMMED,VALID,SOURCE_DESIGNATED_PREDICTION,TARGET_EXPOSED;SOURCE_INTERNAL,P24-MAT-PRED
PREDICTION_2022_03,PRED-C08,PRED-E08-R2,2,5,12.87031616,15.89435055,6.0681,5CQA,1.81143228,mg/g,10.99195221,CONCENTRATION_X_MEASURED_FRACTION_MASS,90,90,2.3,1.7,PROGRAMMED,VALID,SOURCE_DESIGNATED_PREDICTION,TARGET_EXPOSED;SOURCE_INTERNAL,P24-MAT-PRED
PREDICTION_2022_03,PRED-C08,PRED-E08-R2,2,5,12.87031616,15.89435055,6.0681,CQA_sum,3.62959829,mg/g,22.02476535,CONCENTRATION_X_MEASURED_FRACTION_MASS,90,90,2.3,1.7,PROGRAMMED,VALID,SOURCE_DESIGNATED_PREDICTION,TARGET_EXPOSED;SOURCE_INTERNAL,P24-MAT-PRED
PREDICTION_2022_03,PRED-C08,PRED-E08-R2,2,5,12.87031616,15.89435055,6.0681,TDS,4.43085108,percent,268.86847443,CONCENTRATION_X_MEASURED_FRACTION_MASS,90,90,2.3,1.7,PROGRAMMED,VALID,SOURCE_DESIGNATED_PREDICTION,TARGET_EXPOSED;SOURCE_INTERNAL,P24-MAT-PRED
PREDICTION_2022_03,PRED-C08,PRED-E08-R2,2,7,19.1534218,22.39660552,5.9246,caffeine,1.71225803,mg/g,10.14444395,CONCENTRATION_X_MEASURED_FRACTION_MASS,90,90,2.3,1.7,PROGRAMMED,VALID,SOURCE_DESIGNATED_PREDICTION,TARGET_EXPOSED;SOURCE_INTERNAL,P24-MAT-PRED
PREDICTION_2022_03,PRED-C08,PRED-E08-R2,2,7,19.1534218,22.39660552,5.9246,trigonelline,0.62342272,mg/g,3.69353027,CONCENTRATION_X_MEASURED_FRACTION_MASS,90,90,2.3,1.7,PROGRAMMED,VALID,SOURCE_DESIGNATED_PREDICTION,TARGET_EXPOSED;SOURCE_INTERNAL,P24-MAT-PRED
PREDICTION_2022_03,PRED-C08,PRED-E08-R2,2,7,19.1534218,22.39660552,5.9246,5CQA,1.18972655,mg/g,7.04865389,CONCENTRATION_X_MEASURED_FRACTION_MASS,90,90,2.3,1.7,PROGRAMMED,VALID,SOURCE_DESIGNATED_PREDICTION,TARGET_EXPOSED;SOURCE_INTERNAL,P24-MAT-PRED
PREDICTION_2022_03,PRED-C08,PRED-E08-R2,2,7,19.1534218,22.39660552,5.9246,CQA_sum,2.34097404,mg/g,13.8693348,CONCENTRATION_X_MEASURED_FRACTION_MASS,90,90,2.3,1.7,PROGRAMMED,VALID,SOURCE_DESIGNATED_PREDICTION,TARGET_EXPOSED;SOURCE_INTERNAL,P24-MAT-PRED
PREDICTION_2022_03,PRED-C08,PRED-E08-R2,2,7,19.1534218,22.39660552,5.9246,TDS,2.66660054,percent,157.9854157,CONCENTRATION_X_MEASURED_FRACTION_MASS,90,90,2.3,1.7,PROGRAMMED,VALID,SOURCE_DESIGNATED_PREDICTION,TARGET_EXPOSED;SOURCE_INTERNAL,P24-MAT-PRED
PREDICTION_2022_03,PRED-C08,PRED-E08-R2,2,10,28.7286793,31.92129779,4.9745,caffeine,1.04175182,mg/g,5.18219442,CONCENTRATION_X_MEASURED_FRACTION_MASS,90,90,2.3,1.7,PROGRAMMED,VALID,SOURCE_DESIGNATED_PREDICTION,TARGET_EXPOSED;SOURCE_INTERNAL,P24-MAT-PRED
PREDICTION_2022_03,PRED-C08,PRED-E08-R2,2,10,28.7286793,31.92129779,4.9745,trigonelline,0.29899086,mg/g,1.48733001,CONCENTRATION_X_MEASURED_FRACTION_MASS,90,90,2.3,1.7,PROGRAMMED,VALID,SOURCE_DESIGNATED_PREDICTION,TARGET_EXPOSED;SOURCE_INTERNAL,P24-MAT-PRED
PREDICTION_2022_03,PRED-C08,PRED-E08-R2,2,10,28.7286793,31.92129779,4.9745,5CQA,0.72827211,mg/g,3.62278963,CONCENTRATION_X_MEASURED_FRACTION_MASS,90,90,2.3,1.7,PROGRAMMED,VALID,SOURCE_DESIGNATED_PREDICTION,TARGET_EXPOSED;SOURCE_INTERNAL,P24-MAT-PRED
PREDICTION_2022_03,PRED-C08,PRED-E08-R2,2,10,28.7286793,31.92129779,4.9745,CQA_sum,1.41864608,mg/g,7.05705495,CONCENTRATION_X_MEASURED_FRACTION_MASS,90,90,2.3,1.7,PROGRAMMED,VALID,SOURCE_DESIGNATED_PREDICTION,TARGET_EXPOSED;SOURCE_INTERNAL,P24-MAT-PRED
PREDICTION_2022_03,PRED-C08,PRED-E08-R2,2,10,28.7286793,31.92129779,4.9745,TDS,1.24441359,percent,61.90335385,CONCENTRATION_X_MEASURED_FRACTION_MASS,90,90,2.3,1.7,PROGRAMMED,VALID,SOURCE_DESIGNATED_PREDICTION,TARGET_EXPOSED;SOURCE_INTERNAL,P24-MAT-PRED
PREDICTION_2022_03,PRED-C08,PRED-E08-R3,3,1,0,2.60362184,6.2291,caffeine,8.1925479,mg/g,51.0322001,CONCENTRATION_X_MEASURED_FRACTION_MASS,90,90,2.3,1.7,PROGRAMMED,VALID,SOURCE_DESIGNATED_PREDICTION,TARGET_EXPOSED;SOURCE_INTERNAL,P24-MAT-PRED
PREDICTION_2022_03,PRED-C08,PRED-E08-R3,3,1,0,2.60362184,6.2291,trigonelline,4.97684466,mg/g,31.00126309,CONCENTRATION_X_MEASURED_FRACTION_MASS,90,90,2.3,1.7,PROGRAMMED,VALID,SOURCE_DESIGNATED_PREDICTION,TARGET_EXPOSED;SOURCE_INTERNAL,P24-MAT-PRED
PREDICTION_2022_03,PRED-C08,PRED-E08-R3,3,1,0,2.60362184,6.2291,5CQA,6.65339632,mg/g,41.44467105,CONCENTRATION_X_MEASURED_FRACTION_MASS,90,90,2.3,1.7,PROGRAMMED,VALID,SOURCE_DESIGNATED_PREDICTION,TARGET_EXPOSED;SOURCE_INTERNAL,P24-MAT-PRED
PREDICTION_2022_03,PRED-C08,PRED-E08-R3,3,1,0,2.60362184,6.2291,CQA_sum,13.34375945,mg/g,83.11961196,CONCENTRATION_X_MEASURED_FRACTION_MASS,90,90,2.3,1.7,PROGRAMMED,VALID,SOURCE_DESIGNATED_PREDICTION,TARGET_EXPOSED;SOURCE_INTERNAL,P24-MAT-PRED
PREDICTION_2022_03,PRED-C08,PRED-E08-R3,3,1,0,2.60362184,6.2291,TDS,18.72280556,percent,1166.26228091,CONCENTRATION_X_MEASURED_FRACTION_MASS,90,90,2.3,1.7,PROGRAMMED,VALID,SOURCE_DESIGNATED_PREDICTION,TARGET_EXPOSED;SOURCE_INTERNAL,P24-MAT-PRED
PREDICTION_2022_03,PRED-C08,PRED-E08-R3,3,2,2.60362184,5.70925437,7.169,caffeine,5.61529666,mg/g,40.25606178,CONCENTRATION_X_MEASURED_FRACTION_MASS,90,90,2.3,1.7,PROGRAMMED,VALID,SOURCE_DESIGNATED_PREDICTION,TARGET_EXPOSED;SOURCE_INTERNAL,P24-MAT-PRED
PREDICTION_2022_03,PRED-C08,PRED-E08-R3,3,2,2.60362184,5.70925437,7.169,trigonelline,2.85768911,mg/g,20.48677326,CONCENTRATION_X_MEASURED_FRACTION_MASS,90,90,2.3,1.7,PROGRAMMED,VALID,SOURCE_DESIGNATED_PREDICTION,TARGET_EXPOSED;SOURCE_INTERNAL,P24-MAT-PRED
PREDICTION_2022_03,PRED-C08,PRED-E08-R3,3,2,2.60362184,5.70925437,7.169,5CQA,4.48315512,mg/g,32.13973908,CONCENTRATION_X_MEASURED_FRACTION_MASS,90,90,2.3,1.7,PROGRAMMED,VALID,SOURCE_DESIGNATED_PREDICTION,TARGET_EXPOSED;SOURCE_INTERNAL,P24-MAT-PRED
PREDICTION_2022_03,PRED-C08,PRED-E08-R3,3,2,2.60362184,5.70925437,7.169,CQA_sum,8.98371032,mg/g,64.40421928,CONCENTRATION_X_MEASURED_FRACTION_MASS,90,90,2.3,1.7,PROGRAMMED,VALID,SOURCE_DESIGNATED_PREDICTION,TARGET_EXPOSED;SOURCE_INTERNAL,P24-MAT-PRED
PREDICTION_2022_03,PRED-C08,PRED-E08-R3,3,2,2.60362184,5.70925437,7.169,TDS,12.18197621,percent,873.32587481,CONCENTRATION_X_MEASURED_FRACTION_MASS,90,90,2.3,1.7,PROGRAMMED,VALID,SOURCE_DESIGNATED_PREDICTION,TARGET_EXPOSED;SOURCE_INTERNAL,P24-MAT-PRED
PREDICTION_2022_03,PRED-C08,PRED-E08-R3,3,3,5.70925437,8.87705058,7.0198,caffeine,4.156831,mg/g,29.18012225,CONCENTRATION_X_MEASURED_FRACTION_MASS,90,90,2.3,1.7,PROGRAMMED,VALID,SOURCE_DESIGNATED_PREDICTION,TARGET_EXPOSED;SOURCE_INTERNAL,P24-MAT-PRED
PREDICTION_2022_03,PRED-C08,PRED-E08-R3,3,3,5.70925437,8.87705058,7.0198,trigonelline,2.04675678,mg/g,14.36782325,CONCENTRATION_X_MEASURED_FRACTION_MASS,90,90,2.3,1.7,PROGRAMMED,VALID,SOURCE_DESIGNATED_PREDICTION,TARGET_EXPOSED;SOURCE_INTERNAL,P24-MAT-PRED
PREDICTION_2022_03,PRED-C08,PRED-E08-R3,3,3,5.70925437,8.87705058,7.0198,5CQA,3.17755175,mg/g,22.3057778,CONCENTRATION_X_MEASURED_FRACTION_MASS,90,90,2.3,1.7,PROGRAMMED,VALID,SOURCE_DESIGNATED_PREDICTION,TARGET_EXPOSED;SOURCE_INTERNAL,P24-MAT-PRED
PREDICTION_2022_03,PRED-C08,PRED-E08-R3,3,3,5.70925437,8.87705058,7.0198,CQA_sum,6.29275073,mg/g,44.17385159,CONCENTRATION_X_MEASURED_FRACTION_MASS,90,90,2.3,1.7,PROGRAMMED,VALID,SOURCE_DESIGNATED_PREDICTION,TARGET_EXPOSED;SOURCE_INTERNAL,P24-MAT-PRED
PREDICTION_2022_03,PRED-C08,PRED-E08-R3,3,3,5.70925437,8.87705058,7.0198,TDS,8.17390216,percent,573.79158349,CONCENTRATION_X_MEASURED_FRACTION_MASS,90,90,2.3,1.7,PROGRAMMED,VALID,SOURCE_DESIGNATED_PREDICTION,TARGET_EXPOSED;SOURCE_INTERNAL,P24-MAT-PRED
PREDICTION_2022_03,PRED-C08,PRED-E08-R3,3,5,11.92063084,15.25158819,6.7639,caffeine,2.69639035,mg/g,18.23811468,CONCENTRATION_X_MEASURED_FRACTION_MASS,90,90,2.3,1.7,PROGRAMMED,VALID,SOURCE_DESIGNATED_PREDICTION,TARGET_EXPOSED;SOURCE_INTERNAL,P24-MAT-PRED
PREDICTION_2022_03,PRED-C08,PRED-E08-R3,3,5,11.92063084,15.25158819,6.7639,trigonelline,1.18327761,mg/g,8.0035714,CONCENTRATION_X_MEASURED_FRACTION_MASS,90,90,2.3,1.7,PROGRAMMED,VALID,SOURCE_DESIGNATED_PREDICTION,TARGET_EXPOSED;SOURCE_INTERNAL,P24-MAT-PRED
PREDICTION_2022_03,PRED-C08,PRED-E08-R3,3,5,11.92063084,15.25158819,6.7639,5CQA,2.05805146,mg/g,13.92045425,CONCENTRATION_X_MEASURED_FRACTION_MASS,90,90,2.3,1.7,PROGRAMMED,VALID,SOURCE_DESIGNATED_PREDICTION,TARGET_EXPOSED;SOURCE_INTERNAL,P24-MAT-PRED
PREDICTION_2022_03,PRED-C08,PRED-E08-R3,3,5,11.92063084,15.25158819,6.7639,CQA_sum,4.06042695,mg/g,27.46432188,CONCENTRATION_X_MEASURED_FRACTION_MASS,90,90,2.3,1.7,PROGRAMMED,VALID,SOURCE_DESIGNATED_PREDICTION,TARGET_EXPOSED;SOURCE_INTERNAL,P24-MAT-PRED
PREDICTION_2022_03,PRED-C08,PRED-E08-R3,3,5,11.92063084,15.25158819,6.7639,TDS,4.86375778,percent,328.9797124,CONCENTRATION_X_MEASURED_FRACTION_MASS,90,90,2.3,1.7,PROGRAMMED,VALID,SOURCE_DESIGNATED_PREDICTION,TARGET_EXPOSED;SOURCE_INTERNAL,P24-MAT-PRED
PREDICTION_2022_03,PRED-C08,PRED-E08-R3,3,7,18.43332934,21.55345901,5.7469,caffeine,1.84799854,mg/g,10.62026282,CONCENTRATION_X_MEASURED_FRACTION_MASS,90,90,2.3,1.7,PROGRAMMED,VALID,SOURCE_DESIGNATED_PREDICTION,TARGET_EXPOSED;SOURCE_INTERNAL,P24-MAT-PRED
PREDICTION_2022_03,PRED-C08,PRED-E08-R3,3,7,18.43332934,21.55345901,5.7469,trigonelline,0.72381028,mg/g,4.15966531,CONCENTRATION_X_MEASURED_FRACTION_MASS,90,90,2.3,1.7,PROGRAMMED,VALID,SOURCE_DESIGNATED_PREDICTION,TARGET_EXPOSED;SOURCE_INTERNAL,P24-MAT-PRED
PREDICTION_2022_03,PRED-C08,PRED-E08-R3,3,7,18.43332934,21.55345901,5.7469,5CQA,1.33099379,mg/g,7.64908819,CONCENTRATION_X_MEASURED_FRACTION_MASS,90,90,2.3,1.7,PROGRAMMED,VALID,SOURCE_DESIGNATED_PREDICTION,TARGET_EXPOSED;SOURCE_INTERNAL,P24-MAT-PRED
PREDICTION_2022_03,PRED-C08,PRED-E08-R3,3,7,18.43332934,21.55345901,5.7469,CQA_sum,2.59637323,mg/g,14.92109729,CONCENTRATION_X_MEASURED_FRACTION_MASS,90,90,2.3,1.7,PROGRAMMED,VALID,SOURCE_DESIGNATED_PREDICTION,TARGET_EXPOSED;SOURCE_INTERNAL,P24-MAT-PRED
PREDICTION_2022_03,PRED-C08,PRED-E08-R3,3,7,18.43332934,21.55345901,5.7469,TDS,2.81680214,percent,161.87880224,CONCENTRATION_X_MEASURED_FRACTION_MASS,90,90,2.3,1.7,PROGRAMMED,VALID,SOURCE_DESIGNATED_PREDICTION,TARGET_EXPOSED;SOURCE_INTERNAL,P24-MAT-PRED
PREDICTION_2022_03,PRED-C08,PRED-E08-R3,3,10,27.91643335,31.01723787,4.846,caffeine,1.07696367,mg/g,5.21896595,CONCENTRATION_X_MEASURED_FRACTION_MASS,90,90,2.3,1.7,PROGRAMMED,VALID,SOURCE_DESIGNATED_PREDICTION,TARGET_EXPOSED;SOURCE_INTERNAL,P24-MAT-PRED
PREDICTION_2022_03,PRED-C08,PRED-E08-R3,3,10,27.91643335,31.01723787,4.846,trigonelline,0.30036318,mg/g,1.45555997,CONCENTRATION_X_MEASURED_FRACTION_MASS,90,90,2.3,1.7,PROGRAMMED,VALID,SOURCE_DESIGNATED_PREDICTION,TARGET_EXPOSED;SOURCE_INTERNAL,P24-MAT-PRED
PREDICTION_2022_03,PRED-C08,PRED-E08-R3,3,10,27.91643335,31.01723787,4.846,5CQA,0.75138204,mg/g,3.64119735,CONCENTRATION_X_MEASURED_FRACTION_MASS,90,90,2.3,1.7,PROGRAMMED,VALID,SOURCE_DESIGNATED_PREDICTION,TARGET_EXPOSED;SOURCE_INTERNAL,P24-MAT-PRED
PREDICTION_2022_03,PRED-C08,PRED-E08-R3,3,10,27.91643335,31.01723787,4.846,CQA_sum,1.45277615,mg/g,7.04015322,CONCENTRATION_X_MEASURED_FRACTION_MASS,90,90,2.3,1.7,PROGRAMMED,VALID,SOURCE_DESIGNATED_PREDICTION,TARGET_EXPOSED;SOURCE_INTERNAL,P24-MAT-PRED
PREDICTION_2022_03,PRED-C08,PRED-E08-R3,3,10,27.91643335,31.01723787,4.846,TDS,1.23571354,percent,59.88267795,CONCENTRATION_X_MEASURED_FRACTION_MASS,90,90,2.3,1.7,PROGRAMMED,VALID,SOURCE_DESIGNATED_PREDICTION,TARGET_EXPOSED;SOURCE_INTERNAL,P24-MAT-PRED
